timestamp_utc,unix_time,slug,seconds_left,up_bid,up_ask,up_mid,down_bid,down_ask,down_mid,up_bid_depth,up_ask_depth,down_bid_depth,down_ask_depth,up_imbalance,down_imbalance,up_change_5s,up_change_15s,up_change_30s,pair_ask_cost,signal,score,reasons
2026-09-21 11:23:24,1789989803,btc-updown-5m-1789989600,97,0.85,0.86,0.855,0.14,0.15,0.14500000000000002,2412.07,1262.5,897.18,2402.02,0.3128447682313849,-0.4561226964112513,,,,1.01,WAIT,2,"UP_BOOK,DOWN_BOOK_WEAK"
2026-09-21 11:23:26,1789989805,btc-updown-5m-1789989600,95,0.84,0.85,0.845,0.15,0.16,0.155,1644.52,1371.16,1354.66,1683.79,0.09064622241086583,-0.10832167717092593,,,,1.01,WAIT,0,
2026-09-21 11:23:27,1789989807,btc-updown-5m-1789989600,93,0.85,0.86,0.855,0.14,0.15,0.14500000000000002,2007.29,1259.8899999999999,935.13,2007.0499999999997,0.2287599703720028,-0.36432849111883014,,,,1.01,WAIT,2,"UP_BOOK,DOWN_BOOK_WEAK"
2026-09-21 11:23:29,1789989808,btc-updown-5m-1789989600,92,0.82,0.83,0.825,0.17,0.18,0.175,1963.2199999999998,521.3199999999999,337.84000000000003,2479.47,0.5803488774582015,-0.7601683875753821,-0.030000000000000027,,,1.01,WAIT,0,"UP5-,UP_BOOK,DOWN_BOOK_WEAK"
2026-09-21 11:26:36,1789989984,btc-updown-5m-1789989900,216,0.84,0.85,0.845,0.15,0.16,0.155,1904.28,2566.2400000000002,2497.45,1873.47,-0.148072260050285,0.14275713122180222,,,,1.01,WAIT,0,
2026-09-21 11:26:39,1789989997,btc-updown-5m-1789989900,203,0.84,0.85,0.845,0.15,0.16,0.155,2409.48,2197.25,2490.2799999999997,2357.18,0.04606955476010099,0.02745767886687047,0.0,,,1.01,WAIT,0,
2026-09-21 11:26:41,1789990000,btc-updown-5m-1789989900,200,0.81,0.82,0.815,0.17,0.18,0.175,2772.2300000000005,1360.88,1197.15,2377.71,0.3414740957777558,-0.3302395058827478,-0.030000000000000027,-0.030000000000000027,,1.0,WAIT,0,"UP5-,UP_BOOK,DOWN_BOOK_WEAK"
2026-09-21 11:26:42,1789990002,btc-updown-5m-1789989900,198,0.83,0.84,0.835,0.16,0.17,0.165,3333.8599999999997,1092.5700000000002,1090.18,3333.8599999999997,0.506342583074848,-0.5071563548250014,-0.010000000000000009,-0.010000000000000009,,1.01,WAIT,2,"UP_BOOK,DOWN_BOOK_WEAK"
2026-09-21 11:26:44,1789990003,btc-updown-5m-1789989900,197,0.83,0.84,0.835,0.16,0.17,0.165,1068.1,2084.39,2090.6,1146.5,-0.32237691475627206,0.29164993358252755,-0.010000000000000009,-0.010000000000000009,,1.01,WAIT,-2,"UP_BOOK_WEAK,DOWN_BOOK"
2026-09-21 11:26:45,1789990005,btc-updown-5m-1789989900,195,0.83,0.84,0.835,0.16,0.17,0.165,1536.5,2125.12,2109.91,1621.5,-0.16075398320961756,0.13089153965927086,0.020000000000000018,-0.010000000000000009,,1.01,WAIT,0,
2026-09-21 11:26:47,1789990006,btc-updown-5m-1789989900,194,0.78,0.79,0.785,0.21,0.22,0.215,1517.6599999999999,918.03,476.14,2300.6400000000003,0.24618485932117798,-0.6570560145204158,-0.029999999999999916,-0.05999999999999994,,1.01,WAIT,0,"UP15-,UP_BOOK,DOWN_BOOK_WEAK"
2026-09-21 11:26:49,1789990008,btc-updown-5m-1789989900,192,0.84,0.85,0.845,0.15,0.16,0.155,1600.4899999999998,1048.8400000000001,774.87,2199.29,0.20822245624365393,-0.47893186647658503,0.010000000000000009,0.0,,1.01,WAIT,2,"UP_BOOK,DOWN_BOOK_WEAK"
2026-09-21 11:26:50,1789990010,btc-updown-5m-1789989900,190,0.84,0.85,0.845,0.15,0.16,0.155,2574.2799999999997,1394.51,1055.6799999999998,2587.6800000000003,0.29726188586445734,-0.4204909753634009,0.010000000000000009,0.0,,1.01,WAIT,2,"UP_BOOK,DOWN_BOOK_WEAK"
2026-09-21 11:26:52,1789990011,btc-updown-5m-1789989900,189,0.85,0.86,0.855,0.14,0.15,0.14500000000000002,2368.76,2140.66,1422.06,2426.34,0.05058300180511027,-0.26096039912690994,0.06999999999999995,0.010000000000000009,,1.01,WAIT,3,"UP5+,DOWN_BOOK_WEAK"
2026-09-21 11:26:53,1789990013,btc-updown-5m-1789989900,187,0.85,0.86,0.855,0.14,0.15,0.14500000000000002,1802.28,3392.2299999999996,2117.01,1335.93,-0.30608276815330027,0.22620723209786445,0.010000000000000009,0.010000000000000009,,1.01,WAIT,-2,"UP_BOOK_WEAK,DOWN_BOOK"
2026-09-21 11:26:55,1789990014,btc-updown-5m-1789989900,186,0.85,0.86,0.855,0.14,0.15,0.14500000000000002,1490.93,3751.5599999999995,2431.34,1500.93,-0.4312130304492711,0.23660887985819895,0.010000000000000009,0.010000000000000009,0.010000000000000009,1.01,WAIT,-2,"UP_BOOK_WEAK,DOWN_BOOK"
2026-09-21 11:26:56,1789990016,btc-updown-5m-1789989900,184,0.84,0.85,0.845,0.15,0.16,0.155,1294.2,3849.24,3428.24,1269.2,-0.4967570342027904,0.4596205592833544,-0.010000000000000009,0.030000000000000027,0.0,1.01,WAIT,-2,"UP_BOOK_WEAK,DOWN_BOOK"
2026-09-21 11:26:58,1789990017,btc-updown-5m-1789989900,183,0.84,0.85,0.845,0.15,0.16,0.155,1288.8600000000001,3298.46,3705.6199999999994,1313.8600000000001,-0.4380771343616752,0.47649557324663105,-0.010000000000000009,0.010000000000000009,0.0,1.01,WAIT,-2,"UP_BOOK_WEAK,DOWN_BOOK"
2026-09-21 11:26:59,1789990019,btc-updown-5m-1789989900,181,0.84,0.85,0.845,0.15,0.16,0.155,1794.49,2785.56,2780.57,1789.49,-0.2163884673748103,0.2168636735622727,-0.010000000000000009,0.010000000000000009,0.0,1.01,WAIT,-2,"UP_BOOK_WEAK,DOWN_BOOK"
2026-09-21 11:27:01,1789990020,btc-updown-5m-1789989900,180,0.84,0.85,0.845,0.15,0.16,0.155,1862.74,2731.8599999999997,2766.8,1876.49,-0.18916118922213027,0.19174120074343842,-0.010000000000000009,0.010000000000000009,0.0,1.01,WAIT,0,
2026-09-21 11:27:02,1789990022,btc-updown-5m-1789989900,178,0.84,0.85,0.845,0.15,0.16,0.155,1383.68,3324.6899999999996,3294.6899999999996,1438.68,-0.41224670108763745,0.3921117512469973,0.0,0.05999999999999994,0.0,1.01,WAIT,0,"UP15+,UP_BOOK_WEAK,DOWN_BOOK"
2026-09-21 11:27:04,1789990023,btc-updown-5m-1789989900,177,0.84,0.85,0.845,0.15,0.16,0.155,1588.68,2889.0099999999998,2730.44,1599.16,-0.29040197065897816,0.2612897265336289,0.0,0.0,0.0,1.01,WAIT,-2,"UP_BOOK_WEAK,DOWN_BOOK"
2026-09-21 11:27:05,1789990025,btc-updown-5m-1789989900,175,0.84,0.85,0.845,0.15,0.16,0.155,2321.6800000000003,1321.49,1284.49,2756.05,0.2745383827820278,-0.3641988447088756,0.0,0.0,0.0,1.01,WAIT,2,"UP_BOOK,DOWN_BOOK_WEAK"
2026-09-21 11:27:07,1789990026,btc-updown-5m-1789989900,174,0.85,0.86,0.855,0.14,0.15,0.14500000000000002,2386.4500000000003,2203.59,1171.55,2707.42,0.039838432780542235,-0.39594789338406844,0.010000000000000009,0.0,0.010000000000000009,1.01,WAIT,1,DOWN_BOOK_WEAK
2026-09-21 11:27:08,1789990028,btc-updown-5m-1789989900,172,0.86,0.87,0.865,0.13,0.14,0.135,1614.75,3524.0699999999997,3514.0699999999997,1615.56,-0.3715483321073709,0.3701066158767786,0.020000000000000018,0.010000000000000009,0.020000000000000018,1.01,WAIT,-2,"UP_BOOK_WEAK,DOWN_BOOK"
2026-09-21 11:27:10,1789990029,btc-updown-5m-1789989900,171,0.86,0.87,0.865,0.13,0.14,0.135,1559.75,3010.9599999999996,2970.9599999999996,1554.75,-0.3175020948605359,0.31292548572489176,0.020000000000000018,0.010000000000000009,0.020000000000000018,1.01,WAIT,-2,"UP_BOOK_WEAK,DOWN_BOOK"
2026-09-21 11:27:20,1789990031,btc-updown-5m-1789989900,169,0.86,0.87,0.865,0.09,0.1,0.095,1958.93,2665.39,2697.7799999999997,2475.04,-0.15277056951076046,0.04305968504606768,0.010000000000000009,0.020000000000000018,0.050000000000000044,0.97,WAIT,0,
2026-09-21 11:27:23,1789990041,btc-updown-5m-1789989900,159,0.92,0.93,0.925,0.07,0.08,0.07500000000000001,1539.4099999999999,3730.08,3266.76,1544.06,-0.41572713867945477,0.3580886418531561,0.06000000000000005,0.07000000000000006,0.07000000000000006,1.01,WAIT,3,"UP5+,UP15+,UP30+,UP_BOOK_WEAK,DOWN_BOOK"
2026-09-21 11:27:24,1789990044,btc-updown-5m-1789989900,156,0.91,0.92,0.915,0.08,0.09,0.08499999999999999,1255.0,3348.8900000000003,3548.8900000000003,1280.0,-0.45480886815280125,0.46985746206685186,0.050000000000000044,0.050000000000000044,0.06000000000000005,1.01,WAIT,2,"UP5+,UP15+,UP_BOOK_WEAK,DOWN_BOOK"
2026-09-21 11:27:26,1789990045,btc-updown-5m-1789989900,155,0.9,0.91,0.905,0.09,0.1,0.095,1915.4899999999998,1754.3500000000001,1744.2900000000002,1927.1599999999999,0.043909271248882685,-0.04980865870432654,0.040000000000000036,0.040000000000000036,0.050000000000000044,1.01,WAIT,2,UP5+
2026-09-21 11:27:27,1789990047,btc-updown-5m-1789989900,153,0.9,0.91,0.905,0.09,0.1,0.095,1998.2599999999998,1747.92,1811.15,2173.2599999999998,0.06682540614706173,-0.09088171147045603,-0.020000000000000018,0.040000000000000036,0.06000000000000005,1.01,WAIT,0,
2026-09-21 11:27:28,1789990048,btc-updown-5m-1789989900,152,0.91,0.92,0.915,0.08,0.09,0.08499999999999999,2094.26,2530.32,2505.32,2094.26,-0.09429180595859515,0.08936902934615769,-0.010000000000000009,0.050000000000000044,0.07000000000000006,1.01,WAIT,3,"UP15+,UP30+"
2026-09-21 11:27:30,1789990049,btc-updown-5m-1789989900,151,0.91,0.92,0.915,0.08,0.09,0.08499999999999999,1744.16,2860.61,2880.2400000000002,1754.16,-0.242455106335387,0.24298291040911446,0.0,0.050000000000000044,0.07000000000000006,1.01,WAIT,1,"UP15+,UP30+,UP_BOOK_WEAK,DOWN_BOOK"
2026-09-21 11:27:31,1789990051,btc-updown-5m-1789989900,149,0.91,0.92,0.915,0.08,0.09,0.08499999999999999,1993.3899999999999,2676.4700000000003,1394.4900000000002,2051.46,-0.14627419237407552,-0.19064989335306656,0.010000000000000009,0.050000000000000044,0.07000000000000006,1.01,WAIT,3,"UP15+,UP30+"
2026-09-21 11:28:30,1789990095,btc-updown-5m-1789989900,105,0.97,0.98,0.975,0.02,0.03,0.025,1899.8799999999999,4798.99,4793.99,1899.8799999999999,-0.43277597564962444,0.43235228649495727,0.05999999999999994,0.05999999999999994,0.05999999999999994,1.01,WAIT,2,"UP5+,UP15+,UP_BOOK_WEAK,DOWN_BOOK"
2026-09-21 11:28:31,1789990111,btc-updown-5m-1789989900,89,0.97,0.98,0.975,0.02,0.03,0.025,2412.2799999999997,5132.77,4712.2,2412.2799999999997,-0.36056619903115295,0.32281934962270936,0.0,0.0,0.05999999999999994,1.01,WAIT,-2,"UP_BOOK_WEAK,DOWN_BOOK"
2026-09-21 11:28:33,1789990112,btc-updown-5m-1789989900,88,0.97,0.98,0.975,0.02,0.03,0.025,2329.88,4722.0,4732.0,2302.2799999999997,-0.3392173434601837,0.3454113285226065,0.0,0.0,0.05999999999999994,1.01,WAIT,-2,"UP_BOOK_WEAK,DOWN_BOOK"
2026-09-21 11:28:35,1789990114,btc-updown-5m-1789989900,86,0.97,0.98,0.975,0.02,0.03,0.025,2411.26,4531.12,4707.58,2401.26,-0.3053506146307174,0.3244298647880666,0.0,0.0,0.05999999999999994,1.01,WAIT,-2,"UP_BOOK_WEAK,DOWN_BOOK"
2026-09-21 11:28:36,1789990116,btc-updown-5m-1789989900,84,0.97,0.98,0.975,0.02,0.03,0.025,2593.92,4384.75,4359.75,2486.52,-0.2566147990949565,0.2736132229666665,0.0,0.0,0.05999999999999994,1.01,WAIT,-2,"UP_BOOK_WEAK,DOWN_BOOK"
2026-09-21 11:28:38,1789990117,btc-updown-5m-1789989900,83,0.97,0.98,0.975,0.02,0.03,0.025,2593.92,4386.96,4451.96,2606.16,-0.25685013923746003,0.26151439760162765,0.0,0.0,0.05999999999999994,1.01,WAIT,-2,"UP_BOOK_WEAK,DOWN_BOOK"
2026-09-21 11:28:39,1789990119,btc-updown-5m-1789989900,81,0.97,0.98,0.975,0.02,0.03,0.025,2228.91,4667.81,4673.950000000001,2307.87,-0.3536318713823383,0.33889157841365153,0.0,0.0,0.05999999999999994,1.01,WAIT,-2,"UP_BOOK_WEAK,DOWN_BOOK"
2026-09-21 11:28:41,1789990120,btc-updown-5m-1789989900,80,0.97,0.98,0.975,0.02,0.03,0.025,2447.02,4537.990000000001,4366.63,2477.02,-0.2993510388675178,0.276111431765213,0.0,0.0,0.05999999999999994,1.01,WAIT,-2,"UP_BOOK_WEAK,DOWN_BOOK"
2026-09-21 11:28:43,1789990122,btc-updown-5m-1789989900,78,0.97,0.98,0.975,0.02,0.03,0.025,2627.02,4274.9800000000005,4274.9800000000005,2647.76,-0.23876557519559555,0.23505432819952796,0.0,0.0,0.05999999999999994,1.01,WAIT,-2,"UP_BOOK_WEAK,DOWN_BOOK"
2026-09-21 11:30:29,1789990228,btc-updown-5m-1789990200,272,0.17,0.18,0.175,0.82,0.83,0.825,1923.57,3703.1599999999994,3662.3799999999997,2103.57,-0.31627428364254184,0.2703474709284679,,,,1.01,WAIT,-2,"UP_BOOK_WEAK,DOWN_BOOK"
2026-09-21 11:30:31,1789990230,btc-updown-5m-1789990200,270,0.17,0.18,0.175,0.82,0.83,0.825,2349.83,2133.67,2278.67,2510.83,0.048212334113973423,-0.048472700699446675,,,,1.01,WAIT,0,
2026-09-21 11:30:33,1789990232,btc-updown-5m-1789990200,268,0.17,0.18,0.175,0.82,0.83,0.825,2782.42,2428.95,2419.24,2707.42,0.0678266943241413,-0.05621203668665375,,,,1.01,WAIT,0,
2026-09-21 11:30:34,1789990234,btc-updown-5m-1789990200,266,0.17,0.18,0.175,0.82,0.83,0.825,2343.3199999999997,2406.7200000000003,2408.94,2208.3199999999997,-0.013347256023107289,0.04345001147866924,0.0,,,1.01,WAIT,0,
2026-09-21 11:30:36,1789990235,btc-updown-5m-1789990200,265,0.17,0.18,0.175,0.82,0.83,0.825,2328.3199999999997,2411.7200000000003,2456.7200000000003,2163.3199999999997,-0.017594788229635307,0.06350594367148349,0.0,,,1.01,WAIT,0,
2026-09-21 11:30:38,1789990237,btc-updown-5m-1789990200,263,0.17,0.18,0.175,0.82,0.83,0.825,2825.64,1953.54,356.09,5050.9,0.18247900267409886,-0.86828531216074,0.0,,,1.01,WAIT,1,DOWN_BOOK_WEAK
2026-09-21 11:30:39,1789990239,btc-updown-5m-1789990200,261,0.22,0.23,0.225,0.77,0.78,0.775,1249.63,2296.87,2261.66,1369.8200000000002,-0.2952883124206964,0.24558582175862173,0.05000000000000002,,,1.01,WAIT,0,"UP5+,UP_BOOK_WEAK,DOWN_BOOK"
2026-09-21 11:30:41,1789990240,btc-updown-5m-1789990200,260,0.21,0.22,0.215,0.73,0.75,0.74,1911.3100000000002,500.14,49.0,344.74,0.5851956291857595,-0.7511047899629197,0.04000000000000001,,,0.97,UP WATCH,4,"UP5+,UP_BOOK,DOWN_BOOK_WEAK"
2026-09-21 11:30:42,1789990242,btc-updown-5m-1789990200,258,0.45,0.46,0.455,0.55,0.56,0.555,119.54,1433.6,2245.57,928.91,-0.8460666778268541,0.4147639928429224,0.28,,,1.02,WAIT,0,"UP5+,UP_BOOK_WEAK,DOWN_BOOK"
2026-09-21 11:30:44,1789990243,btc-updown-5m-1789990200,257,0.48,0.49,0.485,0.51,0.52,0.515,1883.1200000000001,400.1,601.71,2313.14,0.6495300496666987,-0.5871417054050808,0.31,0.31,,1.01,UP WATCH,6,"UP5+,UP15+,UP_BOOK,DOWN_BOOK_WEAK"
2026-09-21 11:30:45,1789990245,btc-updown-5m-1789990200,255,0.54,0.55,0.545,0.45,0.46,0.455,1367.26,782.8,175.7,1376.27,0.2718342743923426,-0.7735780975147715,0.33000000000000007,0.37000000000000005,,1.01,UP WATCH,6,"UP5+,UP15+,UP_BOOK,DOWN_BOOK_WEAK"
2026-09-21 11:30:47,1789990246,btc-updown-5m-1789990200,254,0.54,0.55,0.545,0.39,0.4,0.395,2302.21,252.3,725.74,965.19,0.802467009328599,-0.1416084639813594,0.33000000000000007,0.37000000000000005,,0.9500000000000001,UP WATCH,5,"UP5+,UP15+,UP_BOOK"
2026-09-21 11:30:49,1789990248,btc-updown-5m-1789990200,252,0.62,0.63,0.625,0.37,0.38,0.375,1404.19,8212.48,8217.48,1404.19,-0.7079675189020731,0.7081192765912777,0.14,0.45,,1.01,WAIT,2,"UP5+,UP15+,UP_BOOK_WEAK,DOWN_BOOK"
2026-09-21 11:30:50,1789990250,btc-updown-5m-1789990200,250,0.63,0.64,0.635,0.36,0.37,0.365,2507.33,5246.3099999999995,7010.2,2489.04,-0.35325086024112545,0.475949654919762,0.08999999999999997,0.46,,1.01,WAIT,2,"UP5+,UP15+,UP_BOOK_WEAK,DOWN_BOOK"
2026-09-21 11:30:52,1789990251,btc-updown-5m-1789990200,249,0.58,0.59,0.585,0.42,0.43,0.425,1876.3200000000002,2563.25,1392.47,1534.96,-0.15472894897478806,-0.04867409297575006,0.039999999999999925,0.41,,1.02,UP WATCH,4,"UP5+,UP15+"
2026-09-21 11:30:53,1789990253,btc-updown-5m-1789990200,247,0.61,0.62,0.615,0.38,0.39,0.385,1312.1399999999999,3484.6,3263.89,1524.8799999999999,-0.4529034302463757,0.3631433541389543,-0.010000000000000009,0.44,,1.01,WAIT,0,"UP15+,UP_BOOK_WEAK,DOWN_BOOK"
2026-09-21 11:30:55,1789990254,btc-updown-5m-1789990200,246,0.61,0.62,0.615,0.38,0.39,0.385,1577.27,3157.38,3071.5200000000004,1567.6,-0.33373322209667033,0.32418217248098785,-0.010000000000000009,0.39,,1.01,WAIT,0,"UP15+,UP_BOOK_WEAK,DOWN_BOOK"
2026-09-21 11:30:56,1789990256,btc-updown-5m-1789990200,244,0.61,0.62,0.615,0.38,0.39,0.385,1803.1,3329.6800000000003,4023.7100000000005,1303.48,-0.29741777360416777,0.5106313084384075,0.030000000000000027,0.4,,1.01,WAIT,2,"UP5+,UP15+,UP_BOOK_WEAK,DOWN_BOOK"
2026-09-21 11:30:58,1789990257,btc-updown-5m-1789990200,243,0.78,0.79,0.785,0.2,0.21,0.20500000000000002,478.85,1097.8200000000002,1191.99,729.46,-0.39258056536878366,0.24071924848421763,0.20000000000000007,0.33,,1.0,WAIT,2,"UP5+,UP15+,UP_BOOK_WEAK,DOWN_BOOK"
2026-09-21 11:31:00,1789990259,btc-updown-5m-1789990200,241,0.8,0.81,0.805,0.19,0.2,0.195,1381.46,4086.04,363.91,2757.13,-0.49466483767718333,-0.766802091610489,0.19000000000000006,0.32000000000000006,0.6300000000000001,1.01,UP WATCH,5,"UP5+,UP15+,UP30+,UP_BOOK_WEAK,DOWN_BOOK_WEAK"
2026-09-21 11:31:01,1789990261,btc-updown-5m-1789990200,239,0.84,0.85,0.845,0.15,0.16,0.155,1355.12,4453.01,2526.1400000000003,2567.8599999999997,-0.5333713260550298,-0.008190027483313574,0.22999999999999998,0.29999999999999993,0.6699999999999999,1.01,UP WATCH,4,"UP5+,UP15+,UP30+,UP_BOOK_WEAK"
2026-09-21 11:31:03,1789990262,btc-updown-5m-1789990200,238,0.83,0.84,0.835,0.17,0.18,0.175,2215.53,4301.370000000001,6300.51,1852.09,-0.3200662891865765,0.5456443343227927,0.04999999999999993,0.2899999999999999,0.6599999999999999,1.02,WAIT,3,"UP5+,UP15+,UP30+,UP_BOOK_WEAK,DOWN_BOOK"
2026-09-21 11:31:04,1789990264,btc-updown-5m-1789990200,236,0.8,0.81,0.805,0.19,0.2,0.195,2284.7,4141.8099999999995,3539.5699999999997,3004.73,-0.28897644289046465,0.0817260822395061,0.0,0.18000000000000005,0.6300000000000001,1.01,WAIT,2,"UP15+,UP30+,UP_BOOK_WEAK"
2026-09-21 11:31:06,1789990265,btc-updown-5m-1789990200,235,0.81,0.82,0.815,0.18,0.19,0.185,3271.38,1914.17,2162.04,3734.1499999999996,0.2617292283364349,-0.26663150271616076,0.009999999999999898,0.17999999999999994,0.6399999999999999,1.01,UP WATCH,5,"UP15+,UP30+,UP_BOOK,DOWN_BOOK_WEAK"
2026-09-21 11:31:08,1789990267,btc-updown-5m-1789990200,233,0.82,0.83,0.825,0.16,0.17,0.165,2794.46,3081.9599999999996,4341.879999999999,1009.3199999999999,-0.048924345094462196,0.6227687247720138,-0.010000000000000009,0.24,0.6499999999999999,1.0,WAIT,2,"UP15+,UP30+,DOWN_BOOK"
2026-09-21 11:31:09,1789990269,btc-updown-5m-1789990200,231,0.81,0.82,0.815,0.18,0.19,0.185,1720.16,3569.04,3594.04,1658.88,-0.34955758904938367,0.36839700585579066,0.009999999999999898,0.19999999999999996,0.59,1.01,WAIT,1,"UP15+,UP30+,UP_BOOK_WEAK,DOWN_BOOK"
2026-09-21 11:31:11,1789990270,btc-updown-5m-1789990200,230,0.82,0.83,0.825,0.17,0.18,0.175,1383.03,3829.29,4160.39,1771.12,-0.46932268164656055,0.40280973984702045,0.010000000000000009,0.20999999999999996,0.61,1.01,WAIT,1,"UP15+,UP30+,UP_BOOK_WEAK,DOWN_BOOK"
2026-09-21 11:31:12,1789990272,btc-updown-5m-1789990200,228,0.81,0.82,0.815,0.18,0.19,0.185,1733.88,3212.06,3222.06,1296.88,-0.2988673538296056,0.4260246872054065,-0.010000000000000009,0.029999999999999916,0.35999999999999993,1.01,WAIT,-1,"UP30+,UP_BOOK_WEAK,DOWN_BOOK"
2026-09-21 11:31:14,1789990273,btc-updown-5m-1789990200,227,0.8,0.81,0.805,0.19,0.2,0.195,2549.1799999999994,2311.91,2197.31,2524.1799999999994,0.048810040546461715,-0.06923026417508021,-0.019999999999999907,0.020000000000000018,0.32000000000000006,1.01,WAIT,1,UP30+
2026-09-21 11:31:15,1789990275,btc-updown-5m-1789990200,225,0.8,0.81,0.805,0.18,0.19,0.185,1830.81,1803.8,1718.0,3289.5,0.007431333760706099,-0.31382925611582624,-0.019999999999999907,0.0,0.26,1.0,WAIT,2,"UP30+,DOWN_BOOK_WEAK"
2026-09-21 11:31:17,1789990276,btc-updown-5m-1789990200,224,0.83,0.84,0.835,0.16,0.17,0.165,1929.98,3289.34,3278.34,1560.86,-0.2604477211590782,0.35490990246321713,0.010000000000000009,-0.010000000000000009,0.2899999999999999,1.01,WAIT,-1,"UP30+,UP_BOOK_WEAK,DOWN_BOOK"
2026-09-21 11:31:19,1789990278,btc-updown-5m-1789990200,222,0.83,0.84,0.835,0.16,0.17,0.165,2410.73,2070.68,2509.37,1885.76,0.07588013593935841,0.14188658811002175,0.029999999999999916,0.0,0.20999999999999996,1.01,WAIT,1,UP30+
2026-09-21 11:31:21,1789990280,btc-updown-5m-1789990200,220,0.84,0.85,0.845,0.16,0.17,0.165,2548.02,3716.95,3086.02,1486.04,-0.18658189903543032,0.3499472885307717,0.039999999999999925,0.030000000000000027,0.20999999999999996,1.02,WAIT,2,"UP5+,UP30+,DOWN_BOOK"
2026-09-21 11:31:23,1789990282,btc-updown-5m-1789990200,218,0.76,0.77,0.765,0.23,0.24,0.235,1767.0599999999997,3224.13,3119.83,1906.8599999999997,-0.2919283778016867,0.2413059090574514,-0.06999999999999995,-0.05999999999999994,0.18000000000000005,1.01,DOWN WATCH,-5,"UP5-,UP15-,UP30+,UP_BOOK_WEAK,DOWN_BOOK"
2026-09-21 11:31:24,1789990284,btc-updown-5m-1789990200,216,0.68,0.7,0.69,0.3,0.31,0.305,524.49,815.87,423.65,932.21,-0.21738935808290308,-0.37508297316832123,-0.14500000000000002,-0.125,0.07499999999999996,1.01,WAIT,-3,"UP5-,UP15-,UP30+,UP_BOOK_WEAK,DOWN_BOOK_WEAK"
2026-09-21 11:31:26,1789990285,btc-updown-5m-1789990200,215,0.8,0.81,0.805,0.19,0.2,0.195,1092.92,1897.2200000000003,3265.5600000000004,1942.92,-0.2689840609469791,0.2539397290572298,-0.039999999999999925,-0.019999999999999907,0.19000000000000006,1.01,WAIT,-3,"UP5-,UP30+,UP_BOOK_WEAK,DOWN_BOOK"
2026-09-21 11:31:27,1789990287,btc-updown-5m-1789990200,213,0.79,0.8,0.795,0.2,0.21,0.20500000000000002,1120.4,4727.860000000001,4654.91,1103.22,-0.6168433004004611,0.6168130973076328,0.030000000000000027,-0.019999999999999907,0.010000000000000009,1.01,WAIT,0,"UP5+,UP_BOOK_WEAK,DOWN_BOOK"
2026-09-21 11:31:29,1789990288,btc-updown-5m-1789990200,212,0.77,0.78,0.775,0.22,0.23,0.225,1741.36,4223.82,4228.39,1711.36,-0.4161584394770988,0.4237602592701714,0.010000000000000009,-0.030000000000000027,-0.010000000000000009,1.01,WAIT,-2,"UP_BOOK_WEAK,DOWN_BOOK"
2026-09-21 11:31:31,1789990290,btc-updown-5m-1789990200,210,0.75,0.76,0.755,0.24,0.25,0.245,1704.46,2696.89,2644.4700000000003,1738.1499999999999,-0.22548309041544065,0.206798672939931,-0.050000000000000044,-0.050000000000000044,-0.050000000000000044,1.01,DOWN WATCH,-6,"UP5-,UP15-,UP_BOOK_WEAK,DOWN_BOOK"
2026-09-21 11:31:32,1789990292,btc-updown-5m-1789990200,208,0.73,0.74,0.735,0.26,0.27,0.265,2096.95,1050.38,1020.38,2127.63,0.33252630007021816,-0.35173014062852404,-0.06000000000000005,-0.09999999999999998,-0.09999999999999998,1.01,WAIT,-3,"UP5-,UP15-,UP30-,UP_BOOK,DOWN_BOOK_WEAK"
2026-09-21 11:31:34,1789990293,btc-updown-5m-1789990200,207,0.69,0.7,0.695,0.3,0.31,0.305,2486.63,1330.53,472.0,2210.33,0.302869148791248,-0.6480671654867224,-0.08000000000000007,-0.14,-0.14,1.01,WAIT,-3,"UP5-,UP15-,UP30-,UP_BOOK,DOWN_BOOK_WEAK"
2026-09-21 11:31:36,1789990295,btc-updown-5m-1789990200,205,0.73,0.74,0.735,0.26,0.27,0.265,1943.6100000000001,2884.0699999999997,3045.0699999999997,1903.49,-0.19480578663043108,0.23068933184603194,-0.020000000000000018,-0.10999999999999999,-0.07999999999999996,1.01,DOWN WATCH,-4,"UP15-,UP30-,DOWN_BOOK"
2026-09-21 11:31:37,1789990297,btc-updown-5m-1789990200,203,0.74,0.75,0.745,0.25,0.26,0.255,2709.4,3304.9999999999995,4182.5199999999995,1238.6100000000001,-0.09902899707368973,0.5430436089892697,0.010000000000000009,-0.020000000000000018,-0.07999999999999996,1.01,WAIT,-2,"UP30-,DOWN_BOOK"
2026-09-21 11:31:39,1789990298,btc-updown-5m-1789990200,202,0.74,0.75,0.745,0.25,0.26,0.255,2607.0499999999997,2737.3999999999996,3152.3999999999996,2635.5099999999998,-0.02438978753660338,0.08930512050118261,0.050000000000000044,-0.020000000000000018,-0.07999999999999996,1.01,WAIT,1,"UP5+,UP30-"
2026-09-21 11:31:41,1789990300,btc-updown-5m-1789990200,200,0.78,0.79,0.785,0.22,0.23,0.225,935.31,4322.6900000000005,4289.0,1532.8899999999999,-0.6442335488779004,0.4734046847329648,0.050000000000000044,-0.020000000000000018,-0.039999999999999925,1.02,WAIT,0,"UP5+,UP_BOOK_WEAK,DOWN_BOOK"
2026-09-21 11:31:43,1789990302,btc-updown-5m-1789990200,198,0.76,0.77,0.765,0.24,0.25,0.245,1026.68,2231.28,2408.3199999999997,1026.68,-0.36974057385603265,0.4022241630276564,0.020000000000000018,-0.030000000000000027,-0.04999999999999993,1.02,WAIT,-2,"UP_BOOK_WEAK,DOWN_BOOK"
2026-09-21 11:31:44,1789990304,btc-updown-5m-1789990200,196,0.7,0.71,0.705,0.29,0.3,0.295,1700.8899999999999,1060.0,1060.0,1136.6399999999999,0.23213166768686905,-0.034889649646733134,-0.040000000000000036,-0.07000000000000006,-0.10000000000000009,1.01,DOWN WATCH,-4,"UP5-,UP15-,UP30-,UP_BOOK"
2026-09-21 11:31:46,1789990305,btc-updown-5m-1789990200,195,0.72,0.73,0.725,0.27,0.28,0.275,1837.6799999999998,1792.79,1628.79,1861.44,0.01236479023377135,-0.06665749821644995,-0.06000000000000005,-0.030000000000000027,-0.08000000000000007,1.01,WAIT,-3,"UP5-,UP30-"
2026-09-21 11:31:47,1789990307,btc-updown-5m-1789990200,193,0.69,0.7,0.695,0.3,0.31,0.305,1861.31,1032.31,1197.0,1491.5800000000002,0.2864923521402257,-0.10956713209203377,-0.07000000000000006,-0.040000000000000036,-0.14,1.01,WAIT,-2,"UP5-,UP30-,UP_BOOK"
2026-09-21 11:31:49,1789990308,btc-updown-5m-1789990200,192,0.69,0.7,0.695,0.29,0.3,0.295,2277.33,612.0,2484.1400000000003,1561.78,0.5763723769870523,0.22797287143591577,-0.07000000000000006,0.0,-0.14,1.0,WAIT,-3,"UP5-,UP30-,UP_BOOK,DOWN_BOOK"
2026-09-21 11:31:51,1789990310,btc-updown-5m-1789990200,190,0.69,0.7,0.695,0.3,0.31,0.305,1954.88,2654.0699999999997,1636.79,1710.42,-0.15170266546610392,-0.02199742472088698,-0.030000000000000027,-0.040000000000000036,-0.15000000000000002,1.01,WAIT,-3,"UP5-,UP30-"
2026-09-21 11:31:52,1789990312,btc-updown-5m-1789990200,188,0.73,0.74,0.735,0.26,0.27,0.265,1579.15,3734.46,3820.79,1614.06,-0.40562066090661525,0.40603328518726367,0.040000000000000036,-0.010000000000000009,-0.030000000000000027,1.01,WAIT,0,"UP5+,UP_BOOK_WEAK,DOWN_BOOK"
2026-09-21 11:31:54,1789990313,btc-updown-5m-1789990200,187,0.73,0.74,0.735,0.26,0.27,0.265,2472.99,1309.5700000000002,1294.56,2393.99,0.3075747641808721,-0.298065635547844,0.040000000000000036,-0.010000000000000009,-0.030000000000000027,1.01,UP WATCH,4,"UP5+,UP_BOOK,DOWN_BOOK_WEAK"
2026-09-21 11:31:56,1789990315,btc-updown-5m-1789990200,185,0.75,0.76,0.755,0.22,0.23,0.225,3348.9700000000003,518.19,821.96,2653.55,0.7320048821357275,-0.5269989152671118,0.06000000000000005,-0.030000000000000027,-0.050000000000000044,0.99,UP WATCH,4,"UP5+,UP_BOOK,DOWN_BOOK_WEAK"
2026-09-21 11:31:57,1789990317,btc-updown-5m-1789990200,183,0.78,0.79,0.785,0.22,0.23,0.225,653.72,3559.11,1801.15,1649.98,-0.6896527987125045,0.043803044220298876,0.050000000000000044,0.020000000000000018,-0.010000000000000009,1.02,WAIT,1,"UP5+,UP_BOOK_WEAK"
2026-09-21 11:31:59,1789990318,btc-updown-5m-1789990200,182,0.76,0.77,0.765,0.22,0.23,0.225,2479.79,1905.4,2590.1600000000003,2082.25,0.1309840622641208,0.10870407348670179,0.030000000000000027,0.0,-0.010000000000000009,1.0,WAIT,2,UP5+
2026-09-21 11:32:01,1789990320,btc-updown-5m-1789990200,180,0.78,0.79,0.785,0.21,0.22,0.215,2282.49,3119.33,4415.42,867.1099999999999,-0.15491815721367988,0.6717065497025101,0.030000000000000027,0.06000000000000005,0.030000000000000027,1.01,WAIT,3,"UP5+,UP15+,DOWN_BOOK"
2026-09-21 11:32:02,1789990322,btc-updown-5m-1789990200,178,0.83,0.84,0.835,0.15,0.16,0.155,2959.0199999999995,642.7,1129.81,2332.2999999999997,0.6431149561875993,-0.3473286521803178,0.04999999999999993,0.14,0.09999999999999998,1.0,UP WATCH,7,"UP5+,UP15+,UP30+,UP_BOOK,DOWN_BOOK_WEAK"
2026-09-21 11:32:04,1789990323,btc-updown-5m-1789990200,177,0.84,0.85,0.845,0.16,0.17,0.165,161.18,4844.07,4441.66,647.8399999999999,-0.935595624594176,0.7454209647313095,0.07999999999999996,0.15000000000000002,0.15000000000000002,1.02,WAIT,3,"UP5+,UP15+,UP30+,UP_BOOK_WEAK,DOWN_BOOK"
2026-09-21 11:32:06,1789990325,btc-updown-5m-1789990200,175,0.81,0.82,0.815,0.18,0.19,0.185,862.1299999999999,3963.74,4302.24,1207.7099999999998,-0.6427048387130195,0.5616257860779136,0.029999999999999916,0.12,0.07999999999999996,1.01,WAIT,1,"UP15+,UP30+,UP_BOOK_WEAK,DOWN_BOOK"
2026-09-21 11:32:08,1789990327,btc-updown-5m-1789990200,173,0.82,0.83,0.825,0.17,0.18,0.175,1443.73,4231.45,4176.45,1443.73,-0.49121261352062834,0.48623353700415284,-0.010000000000000009,0.08999999999999997,0.07999999999999996,1.01,WAIT,1,"UP15+,UP30+,UP_BOOK_WEAK,DOWN_BOOK"
2026-09-21 11:32:09,1789990329,btc-updown-5m-1789990200,171,0.87,0.88,0.875,0.13,0.14,0.135,1700.19,2817.17,2093.26,2146.9700000000003,-0.24726388864292415,-0.012666765717897386,0.030000000000000027,0.14,0.13,1.02,UP WATCH,4,"UP5+,UP15+,UP30+,UP_BOOK_WEAK"
2026-09-21 11:32:11,1789990330,btc-updown-5m-1789990200,170,0.88,0.89,0.885,0.11,0.12,0.11499999999999999,3429.5800000000004,1376.4599999999998,1321.26,3419.5800000000004,0.42719577864520497,-0.4426051079555523,0.07000000000000006,0.13,0.09999999999999998,1.01,UP WATCH,7,"UP5+,UP15+,UP30+,UP_BOOK,DOWN_BOOK_WEAK"
2026-09-21 11:32:13,1789990332,btc-updown-5m-1789990200,168,0.89,0.9,0.895,0.1,0.11,0.10500000000000001,4062.45,1842.23,1844.23,4047.45,0.3760102156255715,-0.37395445781169373,0.07000000000000006,0.10999999999999999,0.13,1.01,UP WATCH,7,"UP5+,UP15+,UP30+,UP_BOOK,DOWN_BOOK_WEAK"
2026-09-21 11:32:14,1789990334,btc-updown-5m-1789990200,166,0.89,0.9,0.895,0.1,0.11,0.10500000000000001,3882.45,1697.7600000000002,663.75,4759.54,0.3915067712505443,-0.7552223834609619,0.020000000000000018,0.13,0.19000000000000006,1.01,UP WATCH,5,"UP15+,UP30+,UP_BOOK,DOWN_BOOK_WEAK"
2026-09-21 11:32:16,1789990335,btc-updown-5m-1789990200,165,0.91,0.92,0.915,0.08,0.09,0.08499999999999999,2605.85,2090.75,2019.5,2859.09,0.10967508410339391,-0.17209685585384304,0.030000000000000027,0.13,0.19000000000000006,1.01,UP WATCH,5,"UP5+,UP15+,UP30+"
2026-09-21 11:32:18,1789990337,btc-updown-5m-1789990200,163,0.91,0.92,0.915,0.08,0.09,0.08499999999999999,2910.5099999999998,1596.27,1700.43,2983.5099999999998,0.2916139682877797,-0.27393177538567953,0.020000000000000018,0.08000000000000007,0.22000000000000008,1.01,UP WATCH,5,"UP15+,UP30+,UP_BOOK,DOWN_BOOK_WEAK"
2026-09-21 11:32:19,1789990339,btc-updown-5m-1789990200,161,0.91,0.92,0.915,0.08,0.09,0.08499999999999999,2886.14,1523.8000000000002,1523.8000000000002,2886.14,0.3089248379796549,-0.3089248379796549,0.020000000000000018,0.07000000000000006,0.22000000000000008,1.01,UP WATCH,5,"UP15+,UP30+,UP_BOOK,DOWN_BOOK_WEAK"
2026-09-21 11:32:21,1789990340,btc-updown-5m-1789990200,160,0.91,0.92,0.915,0.08,0.09,0.08499999999999999,2899.14,1754.59,1754.59,2893.19,0.24594250203600124,-0.24497717189712082,0.0,0.10000000000000009,0.22000000000000008,1.01,UP WATCH,5,"UP15+,UP30+,UP_BOOK,DOWN_BOOK_WEAK"
2026-09-21 11:32:23,1789990342,btc-updown-5m-1789990200,158,0.91,0.92,0.915,0.08,0.09,0.08499999999999999,2087.99,2751.32,3700.96,578.24,-0.13707119403386028,0.7297438773602544,0.0,0.09000000000000008,0.18000000000000005,1.01,WAIT,2,"UP15+,UP30+,DOWN_BOOK"
2026-09-21 11:32:24,1789990344,btc-updown-5m-1789990200,156,0.89,0.9,0.895,0.1,0.11,0.10500000000000001,3295.9100000000003,1208.25,1241.71,3403.01,0.46349596817164584,-0.46532406689746636,-0.020000000000000018,0.020000000000000018,0.16000000000000003,1.01,WAIT,3,"UP30+,UP_BOOK,DOWN_BOOK_WEAK"
2026-09-21 11:32:26,1789990345,btc-updown-5m-1789990200,155,0.9,0.91,0.905,0.1,0.11,0.10500000000000001,1317.1599999999999,2577.9,3001.2799999999997,1649.63,-0.3236766570989921,0.290620545226633,-0.010000000000000009,0.020000000000000018,0.15000000000000002,1.02,WAIT,-1,"UP30+,UP_BOOK_WEAK,DOWN_BOOK"
2026-09-21 11:32:28,1789990347,btc-updown-5m-1789990200,153,0.89,0.9,0.895,0.1,0.11,0.10500000000000001,2267.63,737.14,737.14,2292.63,0.509353461329819,-0.513402007413104,-0.020000000000000018,0.0,0.10999999999999999,1.01,WAIT,3,"UP30+,UP_BOOK,DOWN_BOOK_WEAK"
2026-09-21 11:32:29,1789990349,btc-updown-5m-1789990200,151,0.91,0.92,0.915,0.08,0.09,0.08499999999999999,2302.44,2297.6800000000003,2172.77,2515.52,0.0010347556150708595,-0.07310767891917949,0.020000000000000018,0.020000000000000018,0.15000000000000002,1.01,WAIT,1,UP30+
2026-09-21 11:32:31,1789990350,btc-updown-5m-1789990200,150,0.91,0.92,0.915,0.08,0.09,0.08499999999999999,1752.61,2664.23,2664.23,1775.61,-0.2063964282156474,0.20014685213881583,0.010000000000000009,0.0,0.13,1.01,WAIT,-1,"UP30+,UP_BOOK_WEAK,DOWN_BOOK"
2026-09-21 11:32:33,1789990352,btc-updown-5m-1789990200,148,0.91,0.92,0.915,0.08,0.09,0.08499999999999999,2637.76,2135.4700000000003,2130.4700000000003,2637.76,0.10523062999268837,-0.10638958271727662,0.020000000000000018,0.0,0.08000000000000007,1.01,WAIT,1,UP30+
2026-09-21 11:32:34,1789990354,btc-updown-5m-1789990200,146,0.93,0.94,0.935,0.06,0.07,0.065,1272.93,5210.450000000001,5167.110000000001,1629.98,-0.6073251914896242,0.5203888722968212,0.020000000000000018,0.020000000000000018,0.09000000000000008,1.01,WAIT,-1,"UP30+,UP_BOOK_WEAK,DOWN_BOOK"
2026-09-21 11:32:36,1789990355,btc-updown-5m-1789990200,145,0.92,0.93,0.925,0.07,0.08,0.07500000000000001,2412.0,2740.1499999999996,1397.24,2465.0,-0.06369185679764752,-0.27646132814118235,0.010000000000000009,0.010000000000000009,0.1100000000000001,1.01,WAIT,2,"UP30+,DOWN_BOOK_WEAK"
2026-09-21 11:32:38,1789990357,btc-updown-5m-1789990200,143,0.93,0.94,0.935,0.06,0.07,0.065,2465.78,3786.16,4084.1399999999994,3347.03,-0.21119524499595319,0.09919164815230969,0.020000000000000018,0.020000000000000018,0.1100000000000001,1.01,WAIT,0,"UP30+,UP_BOOK_WEAK"
2026-09-21 11:32:39,1789990359,btc-updown-5m-1789990200,141,0.93,0.94,0.935,0.06,0.07,0.065,3147.8599999999997,4134.4,4140.08,3157.2200000000003,-0.13547168049479147,0.1346881723377139,0.0,0.040000000000000036,0.06000000000000005,1.01,WAIT,0,
2026-09-21 11:32:41,1789990360,btc-updown-5m-1789990200,140,0.93,0.94,0.935,0.06,0.07,0.065,3463.92,3921.42,4130.21,3252.4699999999993,-0.06194704644606748,0.11889178455520227,0.010000000000000009,0.030000000000000027,0.050000000000000044,1.01,WAIT,0,
2026-09-21 11:32:43,1789990362,btc-updown-5m-1789990200,138,0.87,0.88,0.875,0.12,0.13,0.125,1561.79,2143.31,3544.11,509.45,-0.15695122938652128,0.7486407010134303,-0.06000000000000005,-0.020000000000000018,-0.020000000000000018,1.01,WAIT,-3,"UP5-,DOWN_BOOK"
2026-09-21 11:32:44,1789990364,btc-updown-5m-1789990200,136,0.88,0.89,0.885,0.1,0.11,0.10500000000000001,2352.52,563.45,750.22,3187.9700000000003,0.6135419774551863,-0.6190026382678336,-0.050000000000000044,-0.030000000000000027,-0.010000000000000009,1.0,WAIT,0,"UP5-,UP_BOOK,DOWN_BOOK_WEAK"
2026-09-21 11:32:46,1789990365,btc-updown-5m-1789990200,135,0.9,0.91,0.905,0.09,0.1,0.095,1525.76,2699.41,2910.41,1861.76,-0.2777758054705491,0.21974280044508052,-0.030000000000000027,-0.010000000000000009,-0.010000000000000009,1.01,DOWN WATCH,-4,"UP5-,UP_BOOK_WEAK,DOWN_BOOK"
2026-09-21 11:32:48,1789990367,btc-updown-5m-1789990200,133,0.88,0.89,0.885,0.11,0.12,0.11499999999999999,2354.3100000000004,1707.38,1707.38,2354.3100000000004,0.15927606488924567,-0.15927606488924567,0.010000000000000009,-0.030000000000000027,-0.030000000000000027,1.01,WAIT,0,
2026-09-21 11:32:50,1789990369,btc-updown-5m-1789990200,131,0.93,0.94,0.935,0.06,0.07,0.065,2684.4500000000003,4444.099999999999,4202.0199999999995,2747.4000000000005,-0.2468454313990923,0.20931530976685808,0.050000000000000044,0.0,0.020000000000000018,1.01,WAIT,0,"UP5+,UP_BOOK_WEAK,DOWN_BOOK"
2026-09-21 11:32:51,1789990371,btc-updown-5m-1789990200,129,0.95,0.96,0.955,0.04,0.05,0.045,1820.78,21265.32,5225.160000000001,1835.78,-0.8422617938932951,0.48001824119734776,0.04999999999999993,0.029999999999999916,0.039999999999999925,1.01,WAIT,0,"UP5+,UP_BOOK_WEAK,DOWN_BOOK"
2026-09-21 11:32:53,1789990372,btc-updown-5m-1789990200,128,0.95,0.96,0.955,0.04,0.05,0.045,2069.27,22113.38,4893.570000000001,2141.3199999999997,-0.8288632552677229,0.39122857642408065,0.06999999999999995,0.019999999999999907,0.039999999999999925,1.01,WAIT,0,"UP5+,UP_BOOK_WEAK,DOWN_BOOK"
2026-09-21 11:32:55,1789990374,btc-updown-5m-1789990200,126,0.95,0.96,0.955,0.04,0.05,0.045,1999.0,22055.73,5123.570000000001,1964.0,-0.833795681764044,0.44579030612748805,0.019999999999999907,0.019999999999999907,0.05999999999999994,1.01,WAIT,-2,"UP_BOOK_WEAK,DOWN_BOOK"
2026-09-21 11:32:56,1789990376,btc-updown-5m-1789990200,124,0.95,0.96,0.955,0.04,0.05,0.045,2080.6099999999997,22665.75,5510.59,2063.56,-0.8318451683399093,0.4551045331819413,0.0,0.019999999999999907,0.04999999999999993,1.01,WAIT,-2,"UP_BOOK_WEAK,DOWN_BOOK"
2026-09-21 11:32:58,1789990377,btc-updown-5m-1789990200,123,0.84,0.85,0.845,0.15,0.16,0.155,1639.08,1266.99,1460.33,2374.5499999999997,0.12803889789303077,-0.23839598631508674,-0.10999999999999999,-0.030000000000000027,-0.050000000000000044,1.01,WAIT,-1,"UP5-,DOWN_BOOK_WEAK"
2026-09-21 11:33:00,1789990379,btc-updown-5m-1789990200,121,0.84,0.85,0.845,0.15,0.16,0.155,2393.89,2549.13,2332.35,2018.8899999999999,-0.03140590165526343,0.07203923479284068,-0.10999999999999999,-0.040000000000000036,-0.07000000000000006,1.01,WAIT,-3,"UP5-,UP30-"
2026-09-21 11:33:01,1789990381,btc-updown-5m-1789990200,119,0.87,0.88,0.875,0.12,0.13,0.125,2373.83,2438.85,3870.87,962.45,-0.01351014403617111,0.6017437289482178,-0.07999999999999996,-0.030000000000000027,-0.040000000000000036,1.01,WAIT,-3,"UP5-,DOWN_BOOK"
2026-09-21 11:33:03,1789990382,btc-updown-5m-1789990200,118,0.87,0.88,0.875,0.12,0.13,0.125,1547.38,3686.65,3289.13,1517.38,-0.4087232973444936,0.3686146497146578,0.030000000000000027,-0.010000000000000009,-0.040000000000000036,1.01,WAIT,0,"UP5+,UP_BOOK_WEAK,DOWN_BOOK"
2026-09-21 11:33:05,1789990384,btc-updown-5m-1789990200,116,0.87,0.88,0.875,0.11,0.12,0.11499999999999999,3029.59,1127.8600000000001,2544.6,2728.8,0.4574270285872349,-0.034930026169075035,0.030000000000000027,-0.06000000000000005,-0.06000000000000005,1.0,WAIT,1,"UP5+,UP15-,UP_BOOK"
2026-09-21 11:33:06,1789990386,btc-updown-5m-1789990200,114,0.88,0.89,0.885,0.11,0.12,0.11499999999999999,1357.04,3288.7,3333.7,1390.4,-0.4157916715098133,0.41135877733324855,0.010000000000000009,-0.06999999999999995,-0.040000000000000036,1.01,DOWN WATCH,-4,"UP15-,UP_BOOK_WEAK,DOWN_BOOK"
2026-09-21 11:33:08,1789990387,btc-updown-5m-1789990200,113,0.88,0.89,0.885,0.26,0.27,0.265,133.63,3728.88,95.0,22.62,-0.9308066516332644,0.6153715354531542,0.010000000000000009,-0.06999999999999995,-0.050000000000000044,1.1600000000000001,DOWN WATCH,-4,"UP15-,UP_BOOK_WEAK,DOWN_BOOK"
2026-09-21 11:33:10,1789990389,btc-updown-5m-1789990200,111,0.68,0.72,0.7,0.21,0.24,0.22499999999999998,141.92000000000002,166.82,388.46000000000004,474.67999999999995,-0.08065038543758495,-0.09989109530319522,-0.17500000000000004,-0.255,-0.2350000000000001,0.96,DOWN WATCH,-5,"UP5-,UP15-,UP30-"
2026-09-21 11:33:11,1789990391,btc-updown-5m-1789990200,109,0.77,0.78,0.775,0.23,0.24,0.235,268.69,2203.15,2172.58,941.28,-0.7825991973590524,0.39542561322602815,-0.10999999999999999,-0.17999999999999994,-0.16000000000000003,1.02,DOWN WATCH,-7,"UP5-,UP15-,UP30-,UP_BOOK_WEAK,DOWN_BOOK"
2026-09-21 11:33:13,1789990392,btc-updown-5m-1789990200,108,0.76,0.77,0.765,0.23,0.24,0.235,2622.65,763.8900000000001,762.1100000000001,2642.67,0.5488669851825166,-0.5523293722355042,-0.12,-0.07999999999999996,-0.10999999999999999,1.01,WAIT,-3,"UP5-,UP15-,UP30-,UP_BOOK,DOWN_BOOK_WEAK"
2026-09-21 11:33:15,1789990394,btc-updown-5m-1789990200,106,0.76,0.77,0.765,0.23,0.24,0.235,1771.7199999999998,2130.87,2562.2200000000003,1693.4299999999998,-0.09202862714248745,0.20414977735481077,0.06500000000000006,-0.07999999999999996,-0.12,1.01,WAIT,-2,"UP5+,UP15-,UP30-,DOWN_BOOK"
2026-09-21 11:33:16,1789990396,btc-updown-5m-1789990200,104,0.76,0.77,0.765,0.22,0.23,0.225,2794.38,1245.8700000000001,1778.0700000000002,2129.54,0.3832708372006683,-0.08994500474714717,-0.010000000000000009,-0.10999999999999999,-0.14,1.0,WAIT,-2,"UP15-,UP30-,UP_BOOK"
2026-09-21 11:33:18,1789990397,btc-updown-5m-1789990200,103,0.77,0.78,0.775,0.22,0.23,0.225,985.4299999999998,2872.06,2211.29,985.81,-0.48908227889119615,0.38330987457383253,0.010000000000000009,-0.09999999999999998,-0.10999999999999999,1.01,DOWN WATCH,-5,"UP15-,UP30-,UP_BOOK_WEAK,DOWN_BOOK"
2026-09-21 11:33:20,1789990399,btc-updown-5m-1789990200,101,0.74,0.75,0.745,0.24,0.25,0.245,2009.3500000000001,393.92,489.08,2309.0299999999997,0.6721799880995477,-0.6504211771517203,-0.020000000000000018,-0.13,-0.19000000000000006,1.0,WAIT,-1,"UP15-,UP30-,UP_BOOK,DOWN_BOOK_WEAK"
2026-09-21 11:33:21,1789990401,btc-updown-5m-1789990200,99,0.76,0.77,0.765,0.23,0.24,0.235,2826.88,518.86,558.79,2699.04,0.6898384213955656,-0.6569557036432226,0.0,-0.12,-0.18999999999999995,1.01,WAIT,-1,"UP15-,UP30-,UP_BOOK,DOWN_BOOK_WEAK"
2026-09-21 11:33:23,1789990402,btc-updown-5m-1789990200,98,0.77,0.78,0.775,0.22,0.23,0.225,1455.7,1473.3500000000001,1324.8000000000002,1487.47,-0.006025844557108991,-0.05784295249033693,0.0,-0.10999999999999999,-0.17999999999999994,1.01,WAIT,-3,"UP15-,UP30-"
2026-09-21 11:33:25,1789990404,btc-updown-5m-1789990200,96,0.78,0.79,0.785,0.19,0.2,0.195,2750.62,288.89,542.76,2704.94,0.8099101499912815,-0.6657573051698126,0.040000000000000036,0.08500000000000008,-0.16999999999999993,0.99,UP WATCH,5,"UP5+,UP15+,UP30-,UP_BOOK,DOWN_BOOK_WEAK"
2026-09-21 11:33:26,1789990406,btc-updown-5m-1789990200,94,0.82,0.83,0.825,0.17,0.18,0.175,1382.6,1531.34,1544.0,1484.2400000000002,-0.05104429054819249,0.019734235067233694,0.05999999999999994,0.04999999999999993,-0.13,1.01,WAIT,1,"UP5+,UP30-"
2026-09-21 11:33:28,1789990407,btc-updown-5m-1789990200,93,0.82,0.83,0.825,0.17,0.18,0.175,2009.48,1010.38,1360.79,2287.87,0.3308431516692827,-0.25408780209720827,0.04999999999999993,0.05999999999999994,-0.020000000000000018,1.01,UP WATCH,6,"UP5+,UP15+,UP_BOOK,DOWN_BOOK_WEAK"
2026-09-21 11:33:30,1789990409,btc-updown-5m-1789990200,91,0.86,0.87,0.865,0.12,0.13,0.125,1946.4499999999998,481.0,1208.08,1805.43,0.6036993552905312,-0.19822399792932496,0.07999999999999996,0.09999999999999998,0.020000000000000018,1.0,UP WATCH,5,"UP5+,UP15+,UP_BOOK"
2026-09-21 11:33:32,1789990411,btc-updown-5m-1789990200,89,0.83,0.84,0.835,0.09,0.13,0.11,1059.71,1658.21,302.99,2197.49,-0.2202051568846765,-0.7576545303301766,0.010000000000000009,0.06999999999999995,-0.040000000000000036,0.97,WAIT,2,"UP15+,UP_BOOK_WEAK,DOWN_BOOK_WEAK"
2026-09-21 11:33:33,1789990413,btc-updown-5m-1789990200,87,0.91,0.92,0.915,0.09,0.1,0.095,4149.36,623.77,1267.54,2037.4,0.7386327210865826,-0.23294220167385796,0.09000000000000008,0.14,0.040000000000000036,1.02,UP WATCH,6,"UP5+,UP15+,UP_BOOK,DOWN_BOOK_WEAK"
2026-09-21 11:33:35,1789990414,btc-updown-5m-1789990200,86,0.9,0.91,0.905,0.1,0.11,0.10500000000000001,3385.0899999999997,731.22,1130.58,2498.7200000000003,0.6447206357149973,-0.3769707657123964,0.040000000000000036,0.16000000000000003,0.030000000000000027,1.02,UP WATCH,6,"UP5+,UP15+,UP_BOOK,DOWN_BOOK_WEAK"
2026-09-21 11:33:37,1789990416,btc-updown-5m-1789990200,84,0.88,0.89,0.885,0.11,0.12,0.11499999999999999,1708.67,1962.8000000000002,1381.83,2132.23,-0.06921750688416359,-0.21354217059469677,0.050000000000000044,0.12,0.0,1.01,UP WATCH,5,"UP5+,UP15+,DOWN_BOOK_WEAK"
2026-09-21 11:33:38,1789990418,btc-updown-5m-1789990200,82,0.88,0.89,0.885,0.11,0.12,0.11499999999999999,3142.33,888.16,878.16,3177.33,0.5592793928281673,-0.5669277941753031,-0.030000000000000027,0.10999999999999999,0.0,1.01,WAIT,2,"UP5-,UP15+,UP_BOOK,DOWN_BOOK_WEAK"
2026-09-21 11:33:40,1789990419,btc-updown-5m-1789990200,81,0.9,0.91,0.905,0.09,0.1,0.095,3434.38,1250.37,1250.37,3924.38,0.46619563477239984,-0.5167418715879994,0.0,0.12,0.20500000000000007,1.01,UP WATCH,5,"UP15+,UP30+,UP_BOOK,DOWN_BOOK_WEAK"
2026-09-21 11:33:41,1789990421,btc-updown-5m-1789990200,79,0.91,0.92,0.915,0.08,0.09,0.08499999999999999,4180.33,1301.77,1216.33,4216.29,0.5250834534211342,-0.5522123763487967,0.030000000000000027,0.09000000000000008,0.14,1.01,UP WATCH,7,"UP5+,UP15+,UP30+,UP_BOOK,DOWN_BOOK_WEAK"
2026-09-21 11:33:43,1789990422,btc-updown-5m-1789990200,78,0.91,0.92,0.915,0.06,0.07,0.065,3697.5099999999998,1189.6499999999999,2474.21,1928.52,0.5131528331382643,0.12394355320448906,0.030000000000000027,0.09000000000000008,0.15000000000000002,0.99,UP WATCH,6,"UP5+,UP15+,UP30+,UP_BOOK"
2026-09-21 11:33:45,1789990424,btc-updown-5m-1789990200,76,0.93,0.94,0.935,0.1,0.11,0.10500000000000001,1110.05,2297.38,1774.52,265.0,-0.34845323308182413,0.7401349337098925,0.030000000000000027,0.07000000000000006,0.17000000000000004,1.05,WAIT,3,"UP5+,UP15+,UP30+,UP_BOOK_WEAK,DOWN_BOOK"
2026-09-21 11:33:47,1789990426,btc-updown-5m-1789990200,74,0.84,0.86,0.85,0.14,0.15,0.14500000000000002,2128.68,1079.56,752.1800000000001,2257.15,0.3270079545171184,-0.5001013514636149,-0.06500000000000006,0.015000000000000013,0.08499999999999996,1.01,WAIT,1,"UP5-,UP30+,UP_BOOK,DOWN_BOOK_WEAK"
2026-09-21 11:33:49,1789990428,btc-updown-5m-1789990200,72,0.85,0.86,0.855,0.14,0.15,0.14500000000000002,1111.24,1493.57,2315.11,912.15,-0.14677845984927881,0.4347217143954934,-0.06000000000000005,-0.06000000000000005,0.07999999999999996,1.01,DOWN WATCH,-4,"UP5-,UP15-,UP30+,DOWN_BOOK"
2026-09-21 11:33:50,1789990430,btc-updown-5m-1789990200,70,0.9,0.91,0.905,0.11,0.12,0.11499999999999999,1443.21,1337.22,1190.12,1902.24,0.038120003021115435,-0.2302836668434465,-0.030000000000000027,0.0,0.16000000000000003,1.03,WAIT,0,"UP5-,UP30+,DOWN_BOOK_WEAK"
2026-09-21 11:33:52,1789990431,btc-updown-5m-1789990200,69,0.89,0.9,0.895,0.1,0.11,0.10500000000000001,2223.0299999999997,1133.6000000000001,1118.6,2380.08,0.32456064564756903,-0.3605588393336916,0.04500000000000004,0.010000000000000009,0.13,1.01,UP WATCH,5,"UP5+,UP30+,UP_BOOK,DOWN_BOOK_WEAK"
2026-09-21 11:33:53,1789990433,btc-updown-5m-1789990200,67,0.92,0.93,0.925,0.07,0.08,0.07500000000000001,3337.8599999999997,1135.92,547.9399999999999,2623.01,0.4921878143315048,-0.6544001009161292,0.07000000000000006,0.040000000000000036,0.15000000000000002,1.01,UP WATCH,5,"UP5+,UP30+,UP_BOOK,DOWN_BOOK_WEAK"
2026-09-21 11:33:55,1789990434,btc-updown-5m-1789990200,66,0.94,0.95,0.945,0.05,0.06,0.055,3118.5199999999995,2382.83,1330.1,3143.5199999999995,0.1337289937924327,-0.40535852396940286,0.08999999999999997,0.039999999999999925,0.15999999999999992,1.01,UP WATCH,4,"UP5+,UP30+,DOWN_BOOK_WEAK"
2026-09-21 11:33:57,1789990436,btc-updown-5m-1789990200,64,0.96,0.97,0.965,0.03,0.04,0.035,3414.04,10127.84,9965.9,3338.5,-0.495780497242628,0.4981359550223986,0.06999999999999995,0.04999999999999993,0.14,1.01,WAIT,1,"UP5+,UP30+,UP_BOOK_WEAK,DOWN_BOOK"
2026-09-21 11:33:58,1789990438,btc-updown-5m-1789990200,62,0.96,0.97,0.965,0.03,0.04,0.035,3317.3399999999997,10136.79,10051.5,3316.66,-0.5068666647341746,0.5037970820217592,0.039999999999999925,0.04999999999999993,0.14,1.01,WAIT,1,"UP5+,UP30+,UP_BOOK_WEAK,DOWN_BOOK"
2026-09-21 11:34:00,1789990439,btc-updown-5m-1789990200,61,0.96,0.97,0.965,0.03,0.04,0.035,4724.36,9698.83,9657.01,4721.41,-0.34489388269862636,0.34326441987367184,0.020000000000000018,0.029999999999999916,0.09999999999999998,1.01,WAIT,-1,"UP30+,UP_BOOK_WEAK,DOWN_BOOK"
2026-09-21 11:34:02,1789990441,btc-updown-5m-1789990200,59,0.97,0.98,0.975,0.02,0.03,0.025,4877.389999999999,8762.08,8717.08,4929.389999999999,-0.28481238640504364,0.27755822568034083,0.010000000000000009,0.125,0.14,1.01,WAIT,1,"UP15+,UP30+,UP_BOOK_WEAK,DOWN_BOOK"
2026-09-21 11:34:03,1789990443,btc-updown-5m-1789990200,57,0.98,0.99,0.985,0.01,0.02,0.015,4258.68,7131.1,7080.59,4320.99,-0.25219275525953966,0.24203663001092834,0.020000000000000018,0.13,0.06999999999999995,1.01,WAIT,0,"UP15+,UP_BOOK_WEAK,DOWN_BOOK"
2026-09-21 11:34:05,1789990444,btc-updown-5m-1789990200,56,0.98,0.99,0.985,0.01,0.02,0.015,4434.27,7086.26,7005.26,4434.27,-0.23019687462295568,0.22474612156268656,0.020000000000000018,0.13,0.07999999999999996,1.01,WAIT,1,"UP15+,UP30+,UP_BOOK_WEAK,DOWN_BOOK"
2026-09-21 11:34:06,1789990446,btc-updown-5m-1789990200,54,0.98,0.99,0.985,0.01,0.02,0.015,4347.58,6826.07,4251.07,4360.53,-0.22181561083441848,-0.012710762227692886,0.010000000000000009,0.08999999999999997,0.09999999999999998,1.01,WAIT,2,"UP15+,UP30+,UP_BOOK_WEAK"
2026-09-21 11:34:08,1789990447,btc-updown-5m-1789990200,53,0.99,,,,0.01,,13168.21,0,0,13171.14,1.0,-1.0,,,,,WAIT,2,"UP_BOOK,DOWN_BOOK_WEAK"
2026-09-21 11:34:10,1789990449,btc-updown-5m-1789990200,51,0.99,,,,0.01,,13750.64,0,0,13796.3,1.0,-1.0,,,,,WAIT,2,"UP_BOOK,DOWN_BOOK_WEAK"
2026-09-21 11:34:12,1789990451,btc-updown-5m-1789990200,49,0.99,,,,0.01,,16387.72,0,0,16393.309999999998,1.0,-1.0,,,,,WAIT,2,"UP_BOOK,DOWN_BOOK_WEAK"
2026-09-21 11:34:14,1789990453,btc-updown-5m-1789990200,47,0.99,,,,0.01,,16364.6,0,0,16369.6,1.0,-1.0,,,,,WAIT,2,"UP_BOOK,DOWN_BOOK_WEAK"
2026-09-21 11:34:15,1789990455,btc-updown-5m-1789990200,45,0.99,,,,0.01,,30990.42,0,0,31015.42,1.0,-1.0,,,,,WAIT,2,"UP_BOOK,DOWN_BOOK_WEAK"
2026-09-21 11:34:17,1789990456,btc-updown-5m-1789990200,44,0.99,,,,0.01,,31180.72,0,0,31180.72,1.0,-1.0,,,,,WAIT,2,"UP_BOOK,DOWN_BOOK_WEAK"
2026-09-21 11:34:18,1789990458,btc-updown-5m-1789990200,42,0.99,,,,0.01,,31125.72,0,0,31125.72,1.0,-1.0,,,,,WAIT,2,"UP_BOOK,DOWN_BOOK_WEAK"
2026-09-21 11:34:20,1789990459,btc-updown-5m-1789990200,41,0.99,,,,0.01,,31255.72,0,0,31255.72,1.0,-1.0,,,,,WAIT,2,"UP_BOOK,DOWN_BOOK_WEAK"
2026-09-21 11:34:21,1789990461,btc-updown-5m-1789990200,39,0.99,,,,0.01,,31384.72,0,0,31378.06,1.0,-1.0,,,,,WAIT,2,"UP_BOOK,DOWN_BOOK_WEAK"
2026-09-21 11:34:23,1789990462,btc-updown-5m-1789990200,38,0.99,,,,0.01,,31443.35,0,0,31453.35,1.0,-1.0,,,,,WAIT,2,"UP_BOOK,DOWN_BOOK_WEAK"
2026-09-21 11:34:25,1789990464,btc-updown-5m-1789990200,36,0.99,,,,0.01,,31788.98,0,0,31877.559999999998,1.0,-1.0,,,,,WAIT,2,"UP_BOOK,DOWN_BOOK_WEAK"
2026-09-21 11:34:26,1789990466,btc-updown-5m-1789990200,34,0.99,,,,0.01,,32758.21,0,0,32763.14,1.0,-1.0,,,,,WAIT,2,"UP_BOOK,DOWN_BOOK_WEAK"
2026-09-21 11:34:28,1789990467,btc-updown-5m-1789990200,33,0.99,,,,0.01,,41922.32,0,0,41991.04,1.0,-1.0,,,,,WAIT,2,"UP_BOOK,DOWN_BOOK_WEAK"
2026-09-21 11:34:30,1789990469,btc-updown-5m-1789990200,31,0.99,,,,0.01,,47232.67999999999,0,0,47102.67999999999,1.0,-1.0,,,,,WAIT,2,"UP_BOOK,DOWN_BOOK_WEAK"
2026-09-21 11:34:31,1789990471,btc-updown-5m-1789990200,29,0.99,,,,0.01,,47066.21000000001,0,0,46985.22,1.0,-1.0,,,,,WAIT,2,"UP_BOOK,DOWN_BOOK_WEAK"
2026-09-21 11:34:33,1789990472,btc-updown-5m-1789990200,28,0.99,,,,0.01,,47195.17,0,0,59977.22,1.0,-1.0,,,,,WAIT,2,"UP_BOOK,DOWN_BOOK_WEAK"
2026-09-21 11:34:35,1789990474,btc-updown-5m-1789990200,26,0.99,,,,0.01,,61012.369999999995,0,0,61032.369999999995,1.0,-1.0,,,,,WAIT,2,"UP_BOOK,DOWN_BOOK_WEAK"
2026-09-21 11:34:37,1789990476,btc-updown-5m-1789990200,24,0.99,,,,0.01,,61037.19,0,0,61119.240000000005,1.0,-1.0,,,,,WAIT,2,"UP_BOOK,DOWN_BOOK_WEAK"
2026-09-21 11:34:38,1789990478,btc-updown-5m-1789990200,22,0.99,,,,0.01,,60925.19,0,0,60925.19,1.0,-1.0,,,,,WAIT,2,"UP_BOOK,DOWN_BOOK_WEAK"
2026-09-21 11:34:40,1789990479,btc-updown-5m-1789990200,21,0.99,,,,0.01,,60980.880000000005,0,0,60995.880000000005,1.0,-1.0,,,,,WAIT,2,"UP_BOOK,DOWN_BOOK_WEAK"
2026-09-21 11:34:41,1789990481,btc-updown-5m-1789990200,19,0.99,,,,0.01,,61027.880000000005,0,0,61027.880000000005,1.0,-1.0,,,,,WAIT,0,TIME FILTER
2026-09-21 11:34:43,1789990482,btc-updown-5m-1789990200,18,0.99,,,,0.01,,61152.880000000005,0,0,61147.880000000005,1.0,-1.0,,,,,WAIT,0,TIME FILTER
2026-09-21 11:34:45,1789990484,btc-updown-5m-1789990200,16,0.99,,,,0.01,,61177.4,0,0,61140.350000000006,1.0,-1.0,,,,,WAIT,0,TIME FILTER
2026-09-21 11:34:46,1789990486,btc-updown-5m-1789990200,14,0.99,,,,0.01,,61449.4,0,0,61382.4,1.0,-1.0,,,,,WAIT,0,TIME FILTER
2026-09-21 11:34:48,1789990487,btc-updown-5m-1789990200,13,0.99,,,,0.01,,61419.4,0,0,61947.4,1.0,-1.0,,,,,WAIT,0,TIME FILTER
2026-09-21 11:34:49,1789990489,btc-updown-5m-1789990200,11,0.99,,,,0.01,,62105.76,0,0,62105.76,1.0,-1.0,,,,,WAIT,0,TIME FILTER
2026-09-21 11:34:51,1789990490,btc-updown-5m-1789990200,10,0.99,,,,0.01,,61902.17,0,0,61872.17,1.0,-1.0,,,,,WAIT,0,TIME FILTER
2026-09-21 11:34:53,1789990492,btc-updown-5m-1789990200,8,0.99,,,,0.01,,62014.17,0,0,69992.17,1.0,-1.0,,,,,WAIT,0,TIME FILTER
2026-09-21 11:34:54,1789990494,btc-updown-5m-1789990200,6,0.99,,,,0.01,,70073.17,0,0,70073.17,1.0,-1.0,,,,,WAIT,0,TIME FILTER
2026-09-21 11:34:56,1789990495,btc-updown-5m-1789990200,5,0.99,,,,0.01,,70009.17,0,0,70014.17,1.0,-1.0,,,,,WAIT,0,TIME FILTER
2026-09-21 11:34:58,1789990497,btc-updown-5m-1789990200,3,0.99,,,,0.01,,64419.17,0,0,64319.17,1.0,-1.0,,,,,WAIT,0,TIME FILTER
2026-09-21 11:34:59,1789990499,btc-updown-5m-1789990200,1,0.99,,,,0.01,,76311.0,0,0,76296.0,1.0,-1.0,,,,,WAIT,0,TIME FILTER
2026-09-21 11:35:01,1789990500,btc-updown-5m-1789990500,300,0.44,0.45,0.445,0.55,0.56,0.555,858.4200000000001,1269.1399999999999,1781.83,1180.27,-0.19304743461994012,0.20308564869518245,,,,1.01,WAIT,0,TIME FILTER
2026-09-21 11:35:03,1789990502,btc-updown-5m-1789990500,298,0.44,0.45,0.445,0.55,0.56,0.555,2437.52,1075.55,1082.1,3637.52,0.387686553356466,-0.5414461333751447,,,,1.01,WAIT,0,TIME FILTER
2026-09-21 11:35:04,1789990504,btc-updown-5m-1789990500,296,0.44,0.45,0.445,0.55,0.56,0.555,2584.14,1903.05,1398.24,3802.24,0.1517854158170258,-0.46226502169030553,,,,1.01,WAIT,0,TIME FILTER
2026-09-21 11:35:06,1789990505,btc-updown-5m-1789990500,295,0.44,0.45,0.445,0.55,0.56,0.555,2638.25,1880.68,2325.31,3207.5,0.1676436678594269,-0.1594470079399076,0.0,,,1.01,WAIT,0,TIME FILTER
2026-09-21 11:35:07,1789990507,btc-updown-5m-1789990500,293,0.44,0.45,0.445,0.55,0.56,0.555,2852.15,1567.9,1692.9,3863.25,0.2905510118663816,-0.39062120353122215,0.0,,,1.01,WAIT,0,TIME FILTER
2026-09-21 11:35:09,1789990508,btc-updown-5m-1789990500,292,0.44,0.45,0.445,0.55,0.56,0.555,2631.37,2432.54,2397.83,3859.71,0.0392641259422067,-0.2336189620841417,0.0,,,1.01,WAIT,0,TIME FILTER
2026-09-21 11:35:11,1789990510,btc-updown-5m-1789990500,290,0.45,0.46,0.455,0.54,0.55,0.545,2931.09,2644.01,2573.23,3663.3599999999997,0.05149324675790567,-0.17479584195850612,0.010000000000000009,,,1.01,WAIT,0,TIME FILTER
2026-09-21 11:35:13,1789990512,btc-updown-5m-1789990500,288,0.41,0.42,0.415,0.58,0.59,0.585,3812.62,1090.61,1601.61,4433.86,0.5551463015196106,-0.46926751354906915,-0.030000000000000027,,,1.01,WAIT,0,TIME FILTER
2026-09-21 11:35:14,1789990514,btc-updown-5m-1789990500,286,0.43,0.44,0.435,0.56,0.57,0.565,4443.59,1541.0,1972.57,4296.62,0.4850106690683907,-0.3707097727138594,-0.010000000000000009,,,1.01,WAIT,0,TIME FILTER
2026-09-21 11:35:16,1789990515,btc-updown-5m-1789990500,285,0.44,0.45,0.445,0.54,0.55,0.545,2963.35,863.0,1402.43,4638.91,0.5489173755667934,-0.535722207324865,-0.010000000000000009,0.0,,1.0,WAIT,2,"UP_BOOK,DOWN_BOOK_WEAK"
2026-09-21 11:35:17,1789990517,btc-updown-5m-1789990500,283,0.47,0.48,0.475,0.52,0.53,0.525,3794.0299999999997,2261.2,2372.56,3788.86,0.2531414991668359,-0.2298658426142026,0.06,0.02999999999999997,,1.01,UP WATCH,4,"UP5+,UP_BOOK,DOWN_BOOK_WEAK"
2026-09-21 11:35:19,1789990518,btc-updown-5m-1789990500,282,0.47,0.48,0.475,0.53,0.54,0.535,3574.26,3192.73,2176.3,4148.11,0.05638104977249859,-0.31177769942176414,0.06,0.02999999999999997,,1.02,WAIT,3,"UP5+,DOWN_BOOK_WEAK"
2026-09-21 11:35:21,1789990520,btc-updown-5m-1789990500,280,0.46,0.47,0.46499999999999997,0.53,0.54,0.535,3733.76,1957.3400000000001,1855.8600000000001,4700.76,0.31214000808279596,-0.43389734344830105,0.019999999999999962,0.019999999999999962,,1.01,WAIT,2,"UP_BOOK,DOWN_BOOK_WEAK"
2026-09-21 11:35:22,1789990522,btc-updown-5m-1789990500,278,0.47,0.48,0.475,0.52,0.53,0.525,5174.0,2016.77,2110.96,5035.5599999999995,0.43906702620164456,-0.4092341447305821,0.0,0.02999999999999997,,1.01,WAIT,2,"UP_BOOK,DOWN_BOOK_WEAK"
2026-09-21 11:35:24,1789990523,btc-updown-5m-1789990500,277,0.47,0.48,0.475,0.52,0.53,0.525,3814.91,2995.06,3072.21,3757.33,0.12038966397796172,-0.10031715166760864,0.0,0.02999999999999997,,1.01,WAIT,0,
2026-09-21 11:35:26,1789990525,btc-updown-5m-1789990500,275,0.47,0.48,0.475,0.52,0.53,0.525,4175.34,2392.0099999999998,1663.41,4717.45,0.2715448392426169,-0.47862513830424114,0.010000000000000009,0.019999999999999962,,1.01,WAIT,2,"UP_BOOK,DOWN_BOOK_WEAK"
2026-09-21 11:35:27,1789990527,btc-updown-5m-1789990500,273,0.47,0.48,0.475,0.52,0.53,0.525,4474.62,2700.69,2718.92,4236.79,0.24722694907955195,-0.21821927596176377,0.0,0.06,,1.01,UP WATCH,4,"UP15+,UP_BOOK,DOWN_BOOK_WEAK"
2026-09-21 11:35:29,1789990528,btc-updown-5m-1789990500,272,0.45,0.46,0.455,0.54,0.55,0.545,3826.28,2129.23,2791.44,4472.84,0.2849546050632104,-0.2314613423491385,-0.019999999999999962,0.040000000000000036,,1.01,WAIT,2,"UP_BOOK,DOWN_BOOK_WEAK"
2026-09-21 11:35:31,1789990530,btc-updown-5m-1789990500,270,0.45,0.46,0.455,0.54,0.55,0.545,2148.2,2853.04,2455.04,163.0,-0.14093304860394626,0.8754793662434492,-0.019999999999999962,0.010000000000000009,0.010000000000000009,1.01,WAIT,-1,DOWN_BOOK
2026-09-21 11:35:32,1789990532,btc-updown-5m-1789990500,268,0.43,0.44,0.435,0.54,0.55,0.545,4269.44,803.81,1955.74,3423.01,0.6831183166609175,-0.2727901464094818,-0.03999999999999998,-0.03999999999999998,-0.010000000000000009,0.99,WAIT,0,"UP5-,UP_BOOK,DOWN_BOOK_WEAK"
2026-09-21 11:35:34,1789990533,btc-updown-5m-1789990500,267,0.46,0.47,0.46499999999999997,0.49,0.5,0.495,2452.29,565.0,976.0,1235.3200000000002,0.6254917492186697,-0.1172693233001104,0.009999999999999953,-0.010000000000000009,0.019999999999999962,0.97,WAIT,1,UP_BOOK
2026-09-21 11:35:36,1789990535,btc-updown-5m-1789990500,265,0.48,0.49,0.485,0.51,0.52,0.515,1694.21,2913.95,2965.75,1512.15,-0.26469133016214713,0.3246164496750709,0.02999999999999997,0.020000000000000018,0.03999999999999998,1.01,WAIT,-2,"UP_BOOK_WEAK,DOWN_BOOK"
2026-09-21 11:35:38,1789990537,btc-updown-5m-1789990500,263,0.48,0.49,0.485,0.51,0.52,0.515,2291.4900000000002,2545.36,2265.06,2552.58,-0.05248663903160112,-0.05968067352479638,0.04999999999999999,0.010000000000000009,0.03999999999999998,1.01,WAIT,2,UP5+
2026-09-21 11:35:39,1789990539,btc-updown-5m-1789990500,261,0.48,0.49,0.485,0.51,0.52,0.515,2843.18,2461.42,2427.68,3007.91,0.07196772612449567,-0.10674646174564306,0.020000000000000018,0.010000000000000009,0.03999999999999998,1.01,WAIT,0,
2026-09-21 11:35:41,1789990540,btc-updown-5m-1789990500,260,0.48,0.49,0.485,0.51,0.52,0.515,2141.5600000000004,2226.88,2135.58,1999.7100000000003,-0.019530999624579874,0.03285622048272302,0.0,0.010000000000000009,0.02999999999999997,1.01,WAIT,0,
2026-09-21 11:35:42,1789990542,btc-updown-5m-1789990500,258,0.48,0.49,0.485,0.51,0.52,0.515,2438.4900000000002,1877.6000000000001,1897.6,2428.7700000000004,0.12995326788829706,-0.12277498225995474,0.0,0.010000000000000009,0.07,1.01,WAIT,1,UP30+
2026-09-21 11:35:44,1789990543,btc-updown-5m-1789990500,257,0.48,0.49,0.485,0.51,0.52,0.515,2651.11,1702.5300000000002,1698.7499999999998,2663.11,0.2178820481252469,-0.22108916838229573,0.0,0.02999999999999997,0.07,1.01,WAIT,3,"UP30+,UP_BOOK,DOWN_BOOK_WEAK"
2026-09-21 11:35:46,1789990545,btc-updown-5m-1789990500,255,0.48,0.49,0.485,0.51,0.52,0.515,2496.5600000000004,2260.89,2286.41,2541.53,0.04953704190270008,-0.05284241312029568,0.0,0.02999999999999997,0.03999999999999998,1.01,WAIT,0,
2026-09-21 11:35:47,1789990547,btc-updown-5m-1789990500,253,0.48,0.49,0.485,0.51,0.52,0.515,2933.78,1808.9299999999998,1784.54,2846.8500000000004,0.2371745268000785,-0.22937174368818009,0.0,0.04999999999999999,0.010000000000000009,1.01,WAIT,2,"UP_BOOK,DOWN_BOOK_WEAK"
2026-09-21 11:35:49,1789990548,btc-updown-5m-1789990500,252,0.49,0.5,0.495,0.5,0.51,0.505,3353.62,1867.32,1527.0,3442.65,0.28468053645512115,-0.3854698016962966,0.010000000000000009,0.030000000000000027,0.020000000000000018,1.01,WAIT,2,"UP_BOOK,DOWN_BOOK_WEAK"
2026-09-21 11:35:50,1789990550,btc-updown-5m-1789990500,250,0.49,0.5,0.495,0.5,0.51,0.505,3507.25,1602.76,2078.71,3405.1099999999997,0.3726979007868869,-0.2418751891929348,0.010000000000000009,0.010000000000000009,0.030000000000000027,1.01,WAIT,2,"UP_BOOK,DOWN_BOOK_WEAK"
2026-09-21 11:35:52,1789990551,btc-updown-5m-1789990500,249,0.49,0.5,0.495,0.5,0.51,0.505,3455.52,2077.76,2078.76,3465.52,0.24899517103779306,-0.25012445258897453,0.010000000000000009,0.010000000000000009,0.030000000000000027,1.01,WAIT,2,"UP_BOOK,DOWN_BOOK_WEAK"
2026-09-21 11:35:54,1789990553,btc-updown-5m-1789990500,247,0.49,0.5,0.495,0.5,0.51,0.505,3480.87,2061.76,2263.14,3165.62,0.25603549217609683,-0.16624054111804537,0.0,0.010000000000000009,0.020000000000000018,1.01,WAIT,1,UP_BOOK
2026-09-21 11:35:56,1789990555,btc-updown-5m-1789990500,245,0.48,0.49,0.485,0.51,0.52,0.515,3228.49,1697.17,2072.74,3182.8599999999997,0.3108862568671,-0.2112261207093386,-0.010000000000000009,0.0,0.010000000000000009,1.01,WAIT,2,"UP_BOOK,DOWN_BOOK_WEAK"
2026-09-21 11:35:57,1789990557,btc-updown-5m-1789990500,243,0.48,0.49,0.485,0.51,0.52,0.515,3072.5299999999997,2300.85,2280.85,3072.09,0.14361165597817388,-0.147814098420681,-0.010000000000000009,0.0,0.010000000000000009,1.01,WAIT,0,
2026-09-21 11:35:59,1789990558,btc-updown-5m-1789990500,242,0.48,0.49,0.485,0.5,0.51,0.505,3210.73,1833.19,2879.29,2386.56,0.273109010452188,0.09357083851609901,-0.010000000000000009,0.0,0.02999999999999997,1.0,WAIT,1,UP_BOOK
2026-09-21 11:36:00,1789990560,btc-updown-5m-1789990500,240,0.49,0.5,0.495,0.5,0.51,0.505,3633.1200000000003,1469.43,1243.43,3833.12,0.4240409207161126,-0.5101279412199229,0.010000000000000009,0.010000000000000009,0.03999999999999998,1.01,WAIT,2,"UP_BOOK,DOWN_BOOK_WEAK"
2026-09-21 11:36:02,1789990561,btc-updown-5m-1789990500,239,0.5,0.51,0.505,0.49,0.5,0.495,3635.8900000000003,2091.14,2096.14,3670.8900000000003,0.2697296853692054,-0.27306083027138756,0.020000000000000018,0.020000000000000018,0.04999999999999999,1.01,WAIT,2,"UP_BOOK,DOWN_BOOK_WEAK"
2026-09-21 11:36:04,1789990563,btc-updown-5m-1789990500,237,0.52,0.53,0.525,0.47,0.48,0.475,3088.6099999999997,2053.46,1922.8700000000001,3088.6800000000003,0.2013099782772307,-0.23262463708832598,0.040000000000000036,0.030000000000000027,0.06000000000000005,1.01,UP WATCH,4,"UP5+,UP_BOOK,DOWN_BOOK_WEAK"
2026-09-21 11:36:05,1789990565,btc-updown-5m-1789990500,235,0.55,0.56,0.555,0.44,0.45,0.445,1959.2,2492.38,1599.51,2068.5299999999997,-0.1197732041207841,-0.12786665358065882,0.06000000000000005,0.06000000000000005,0.07000000000000006,1.01,UP WATCH,5,"UP5+,UP15+,UP30+"
2026-09-21 11:36:07,1789990566,btc-updown-5m-1789990500,234,0.54,0.55,0.545,0.45,0.46,0.455,2593.37,2849.4,2182.02,2250.6000000000004,-0.04704038568596508,-0.015471662357702752,0.040000000000000036,0.050000000000000044,0.06000000000000005,1.01,UP WATCH,4,"UP5+,UP15+"
2026-09-21 11:36:09,1789990568,btc-updown-5m-1789990500,232,0.54,0.55,0.545,0.45,0.46,0.455,2621.79,1948.7,950.3199999999999,2638.15,0.1472686735995484,-0.47034808706774756,0.020000000000000018,0.050000000000000044,0.06000000000000005,1.01,WAIT,3,"UP15+,DOWN_BOOK_WEAK"
2026-09-21 11:36:10,1789990570,btc-updown-5m-1789990500,230,0.54,0.55,0.545,0.45,0.46,0.455,2089.73,2577.81,1823.4299999999998,2027.73,-0.10456900208675232,-0.0530489514847475,-0.010000000000000009,0.06000000000000005,0.06000000000000005,1.01,WAIT,2,UP15+
2026-09-21 11:36:12,1789990571,btc-updown-5m-1789990500,229,0.53,0.54,0.535,0.51,0.52,0.515,356.65999999999997,3389.58,1611.93,237.51,-0.8095904159904331,0.7431546846613029,-0.010000000000000009,0.050000000000000044,0.050000000000000044,1.06,WAIT,0,"UP15+,UP_BOOK_WEAK,DOWN_BOOK"
2026-09-21 11:36:14,1789990573,btc-updown-5m-1789990500,227,0.46,0.47,0.46499999999999997,0.53,0.54,0.535,1802.04,1623.0300000000002,1430.45,3033.5,0.05226462524853499,-0.3591102050874226,-0.08000000000000007,-0.020000000000000018,-0.020000000000000018,1.01,WAIT,-1,"UP5-,DOWN_BOOK_WEAK"
2026-09-21 11:36:15,1789990575,btc-updown-5m-1789990500,225,0.49,0.5,0.495,0.5,0.51,0.505,3225.34,1797.1399999999999,2002.84,2873.81,0.2843615106481261,-0.17860006356822822,-0.050000000000000044,0.0,0.010000000000000009,1.01,WAIT,-1,"UP5-,UP_BOOK"
2026-09-21 11:36:17,1789990576,btc-updown-5m-1789990500,224,0.41,0.42,0.415,0.58,0.59,0.585,1826.3599999999997,750.22,818.34,2405.33,0.41766217233697367,-0.49229294561788267,-0.12000000000000005,-0.09000000000000002,-0.07,1.01,WAIT,-3,"UP5-,UP15-,UP30-,UP_BOOK,DOWN_BOOK_WEAK"
2026-09-21 11:36:19,1789990578,btc-updown-5m-1789990500,222,0.45,0.46,0.455,0.51,0.52,0.515,3332.88,288.0,625.0,2472.26,0.8409226486379002,-0.5964174786746996,-0.009999999999999953,-0.07,-0.03999999999999998,0.98,WAIT,0,"UP15-,UP_BOOK,DOWN_BOOK_WEAK"
2026-09-21 11:36:20,1789990580,btc-updown-5m-1789990500,220,0.47,0.48,0.475,0.52,0.53,0.525,1459.27,2781.94,2787.27,1784.54,-0.31186147349459237,0.21932888724597044,-0.020000000000000018,-0.08000000000000007,-0.020000000000000018,1.01,DOWN WATCH,-4,"UP15-,UP_BOOK_WEAK,DOWN_BOOK"
2026-09-21 11:36:22,1789990581,btc-updown-5m-1789990500,219,0.48,0.49,0.485,0.51,0.52,0.515,2259.54,2359.11,2138.01,2313.46,-0.021558247539865582,-0.03941394640422148,0.07,-0.06000000000000005,-0.010000000000000009,1.01,WAIT,0,"UP5+,UP15-"
2026-09-21 11:36:24,1789990583,btc-updown-5m-1789990500,217,0.48,0.49,0.485,0.51,0.52,0.515,1692.1299999999999,2919.8799999999997,2864.8799999999997,1755.1299999999999,-0.26620714178850435,0.24020510778115198,0.02999999999999997,-0.06000000000000005,-0.010000000000000009,1.01,DOWN WATCH,-4,"UP15-,UP_BOOK_WEAK,DOWN_BOOK"
2026-09-21 11:36:25,1789990585,btc-updown-5m-1789990500,215,0.48,0.49,0.485,0.51,0.52,0.515,1576.1299999999999,3013.33,2908.68,1839.6999999999998,-0.3131523098578046,0.22512520059472918,0.010000000000000009,-0.06000000000000005,0.0,1.01,DOWN WATCH,-4,"UP15-,UP_BOOK_WEAK,DOWN_BOOK"
2026-09-21 11:36:27,1789990586,btc-updown-5m-1789990500,214,0.49,0.5,0.495,0.5,0.51,0.505,2271.04,2624.7700000000004,2689.7700000000004,2266.04,-0.07225157839050135,0.0855016637038144,0.010000000000000009,-0.040000000000000036,0.010000000000000009,1.01,WAIT,0,
2026-09-21 11:36:28,1789990588,btc-updown-5m-1789990500,212,0.49,0.5,0.495,0.5,0.51,0.505,2852.9,2118.48,1998.48,2903.9,0.14772960425475423,-0.18468988532100736,0.010000000000000009,0.030000000000000027,0.010000000000000009,1.01,WAIT,0,
2026-09-21 11:36:30,1789990589,btc-updown-5m-1789990500,211,0.5,0.51,0.505,0.49,0.5,0.495,2283.2799999999997,2243.52,2018.52,2315.8500000000004,0.008783246443403678,-0.06859820458336513,0.020000000000000018,0.040000000000000036,0.020000000000000018,1.01,WAIT,0,
2026-09-21 11:36:32,1789990591,btc-updown-5m-1789990500,209,0.4,0.44,0.42000000000000004,0.62,0.63,0.625,210.0,2082.04,1255.89,818.27,-0.8167571246575104,0.21098661626875465,-0.07499999999999996,0.00500000000000006,-0.08499999999999996,1.07,DOWN WATCH,-5,"UP5-,UP30-,UP_BOOK_WEAK,DOWN_BOOK"
2026-09-21 11:36:33,1789990593,btc-updown-5m-1789990500,207,0.4,0.41,0.405,0.6,0.61,0.605,1290.69,2011.8200000000002,2587.16,2281.58,-0.2183581578859716,0.0627636719151156,-0.08999999999999997,-0.04999999999999999,-0.12,1.02,DOWN WATCH,-4,"UP5-,UP30-,UP_BOOK_WEAK"
2026-09-21 11:36:35,1789990594,btc-updown-5m-1789990500,206,0.36,0.38,0.37,0.63,0.64,0.635,1266.62,3481.49,2194.27,2762.1000000000004,-0.4664740286134904,-0.11456570030082505,-0.135,-0.08500000000000002,-0.15500000000000003,1.02,DOWN WATCH,-6,"UP5-,UP15-,UP30-,UP_BOOK_WEAK"
2026-09-21 11:36:37,1789990596,btc-updown-5m-1789990500,204,0.42,0.43,0.425,0.57,0.58,0.575,1341.0500000000002,1421.58,2857.85,1315.7,-0.02914975946833262,0.36950557678714757,0.004999999999999949,-0.06,-0.12000000000000005,1.01,DOWN WATCH,-4,"UP15-,UP30-,DOWN_BOOK"
2026-09-21 11:36:39,1789990598,btc-updown-5m-1789990500,202,0.41,0.42,0.415,0.58,0.59,0.585,2243.08,2249.06,2445.3199999999997,2351.82,-0.0013312140761418876,0.019490779923037382,0.009999999999999953,-0.07,-0.13000000000000006,1.01,WAIT,-3,"UP15-,UP30-"
2026-09-21 11:36:41,1789990600,btc-updown-5m-1789990500,200,0.41,0.42,0.415,0.59,0.6,0.595,884.0,2385.54,2833.84,1601.97,-0.45925114847960263,0.2777102716302096,0.044999999999999984,-0.07,-0.13000000000000006,1.02,WAIT,-3,"UP5+,UP15-,UP30-,UP_BOOK_WEAK,DOWN_BOOK"
2026-09-21 11:36:42,1789990602,btc-updown-5m-1789990500,198,0.39,0.4,0.395,0.6,0.61,0.605,3744.13,1758.04,1758.12,3809.62,0.3609648556842119,-0.3684618893842026,-0.02999999999999997,-0.09999999999999998,-0.14,1.01,WAIT,-1,"UP15-,UP30-,UP_BOOK,DOWN_BOOK_WEAK"
2026-09-21 11:36:44,1789990603,btc-updown-5m-1789990500,197,0.39,0.4,0.395,0.6,0.61,0.605,3940.48,941.49,841.49,4025.48,0.6142991456317838,-0.6542037448350821,-0.019999999999999962,-0.09999999999999998,-0.06999999999999995,1.01,WAIT,0,"UP15-,UP_BOOK,DOWN_BOOK_WEAK"
2026-09-21 11:36:46,1789990605,btc-updown-5m-1789990500,195,0.4,0.41,0.405,0.59,0.6,0.595,2052.67,1941.54,2497.82,1955.3200000000002,0.02782277346459002,0.12182415104847365,-0.009999999999999953,-0.09999999999999998,-0.08999999999999997,1.01,WAIT,-3,"UP15-,UP30-"
2026-09-21 11:36:47,1789990607,btc-updown-5m-1789990500,193,0.4,0.41,0.405,0.59,0.6,0.595,3189.88,1218.05,1780.05,3264.88,0.4473369586177639,-0.2943212294323212,0.010000000000000009,-0.015000000000000013,-0.009999999999999953,1.01,WAIT,2,"UP_BOOK,DOWN_BOOK_WEAK"
2026-09-21 11:36:49,1789990608,btc-updown-5m-1789990500,192,0.37,0.38,0.375,0.62,0.63,0.625,2203.3,2593.3599999999997,3000.24,887.38,-0.08131908452965178,0.5434841882694296,-0.020000000000000018,-0.030000000000000027,-0.08000000000000002,1.01,WAIT,-2,"UP30-,DOWN_BOOK"
2026-09-21 11:36:51,1789990610,btc-updown-5m-1789990500,190,0.3,0.31,0.305,0.69,0.7,0.695,2955.4,672.1,774.35,3099.98,0.6294417643004825,-0.6002663686366417,-0.10000000000000003,-0.065,-0.16999999999999998,1.01,WAIT,-3,"UP5-,UP15-,UP30-,UP_BOOK,DOWN_BOOK_WEAK"
2026-09-21 11:36:52,1789990612,btc-updown-5m-1789990500,188,0.31,0.32,0.315,0.68,0.69,0.685,1510.08,2183.34,2193.34,1794.08,-0.18228633624120738,0.10012990856242888,-0.09000000000000002,-0.10999999999999999,-0.16999999999999998,1.01,DOWN WATCH,-5,"UP5-,UP15-,UP30-"
2026-09-21 11:36:54,1789990613,btc-updown-5m-1789990500,187,0.29,0.3,0.295,0.71,0.72,0.715,1046.01,2298.29,2523.3999999999996,746.35,-0.3744520527464641,0.5434819175777965,-0.08000000000000002,-0.12,-0.19,1.02,DOWN WATCH,-7,"UP5-,UP15-,UP30-,UP_BOOK_WEAK,DOWN_BOOK"
2026-09-21 11:36:56,1789990615,btc-updown-5m-1789990500,185,0.19,0.2,0.195,0.8,0.81,0.805,2841.29,1605.33,1883.05,3220.29,0.27795494105635293,-0.26203231609103056,-0.10999999999999999,-0.21999999999999997,-0.29,1.01,WAIT,-3,"UP5-,UP15-,UP30-,UP_BOOK,DOWN_BOOK_WEAK"
2026-09-21 11:36:57,1789990617,btc-updown-5m-1789990500,183,0.16,0.17,0.165,0.83,0.84,0.835,742.0,2555.9400000000005,2712.2000000000003,2190.52,-0.550022135029746,0.10640623980157958,-0.15,-0.23,-0.32999999999999996,1.01,DOWN WATCH,-6,"UP5-,UP15-,UP30-,UP_BOOK_WEAK"
2026-09-21 11:36:59,1789990618,btc-updown-5m-1789990500,182,0.14,0.15,0.14500000000000002,0.85,0.86,0.855,3192.33,1913.07,1899.07,3870.26,0.250569984722059,-0.34166705665995883,-0.14999999999999997,-0.25,-0.35,1.01,WAIT,-3,"UP5-,UP15-,UP30-,UP_BOOK,DOWN_BOOK_WEAK"
2026-09-21 11:37:00,1789990620,btc-updown-5m-1789990500,180,0.17,0.18,0.175,0.82,0.83,0.825,1943.62,2632.0499999999997,2630.6099999999997,1781.9099999999999,-0.1504544689630152,0.19233907155095045,-0.020000000000000018,-0.23000000000000004,-0.33,1.01,WAIT,-3,"UP15-,UP30-"
2026-09-21 11:37:02,1789990621,btc-updown-5m-1789990500,179,0.17,0.18,0.175,0.82,0.83,0.825,2064.77,2670.6099999999997,2453.43,2131.68,-0.1279390460744438,0.0701727984715743,-0.020000000000000018,-0.23000000000000004,-0.24500000000000005,1.01,WAIT,-3,"UP15-,UP30-"
2026-09-21 11:37:04,1789990623,btc-updown-5m-1789990500,177,0.17,0.18,0.175,0.82,0.83,0.825,2456.3599999999997,2565.1,2574.54,2448.95,-0.021655056497512728,0.02500054742818243,0.02999999999999997,-0.2,-0.23000000000000004,1.01,WAIT,-3,"UP15-,UP30-"
2026-09-21 11:37:05,1789990625,btc-updown-5m-1789990500,175,0.14,0.15,0.14500000000000002,0.85,0.86,0.855,1083.6399999999999,2756.4300000000003,2248.66,1976.7,-0.4356144549448318,0.06436374652100646,-0.02999999999999997,-0.15999999999999998,-0.22499999999999998,1.01,DOWN WATCH,-4,"UP15-,UP30-,UP_BOOK_WEAK"
2026-09-21 11:37:07,1789990626,btc-updown-5m-1789990500,174,0.14,0.15,0.14500000000000002,0.85,0.86,0.855,1272.2,2070.83,2252.89,1755.0,-0.23889405718764115,0.12422746133252158,-0.02999999999999997,-0.15999999999999998,-0.27999999999999997,1.01,DOWN WATCH,-4,"UP15-,UP30-,UP_BOOK_WEAK"
2026-09-21 11:37:09,1789990628,btc-updown-5m-1789990500,172,0.13,0.14,0.135,0.86,0.87,0.865,2799.73,1641.48,1666.48,2773.97,0.2607960443212548,-0.24940940670427542,-0.03999999999999998,-0.15999999999999998,-0.27999999999999997,1.01,WAIT,-3,"UP5-,UP15-,UP30-,UP_BOOK,DOWN_BOOK_WEAK"
2026-09-21 11:37:10,1789990630,btc-updown-5m-1789990500,170,0.13,0.14,0.135,0.86,0.87,0.865,2630.47,1755.03,1698.26,2691.87,0.1996214798768669,-0.22632814973588478,-0.010000000000000009,-0.06,-0.27999999999999997,1.01,WAIT,-2,"UP15-,UP30-,DOWN_BOOK_WEAK"
2026-09-21 11:37:12,1789990631,btc-updown-5m-1789990500,169,0.23,0.24,0.235,0.75,0.77,0.76,1595.78,1945.38,15.0,3280.06,-0.09872471167639986,-0.9908954616911376,0.08999999999999997,0.03999999999999998,-0.18,1.01,WAIT,2,"UP5+,UP30-,DOWN_BOOK_WEAK"
2026-09-21 11:37:13,1789990633,btc-updown-5m-1789990500,167,0.3,0.31,0.305,0.66,0.67,0.665,3341.6099999999997,437.09000000000003,277.34000000000003,3106.34,0.7686558869452457,-0.8360719689805182,0.16999999999999998,0.15999999999999998,-0.09000000000000002,0.98,UP WATCH,5,"UP5+,UP15+,UP30-,UP_BOOK,DOWN_BOOK_WEAK"
2026-09-21 11:37:15,1789990634,btc-updown-5m-1789990500,166,0.33,0.34,0.335,0.64,0.65,0.645,1529.72,2066.56,206.0,3360.1,-0.14927647457928747,-0.8844676256975408,0.2,0.19,-0.06,0.99,UP WATCH,5,"UP5+,UP15+,DOWN_BOOK_WEAK"
2026-09-21 11:37:17,1789990636,btc-updown-5m-1789990500,164,0.35,0.36,0.355,0.65,0.66,0.655,1700.52,2582.97,1733.1299999999999,2722.89,-0.2060119201865768,-0.22211749498431338,0.12,0.18,-0.050000000000000044,1.02,UP WATCH,4,"UP5+,UP15+,UP_BOOK_WEAK,DOWN_BOOK_WEAK"
2026-09-21 11:37:19,1789990638,btc-updown-5m-1789990500,162,0.36,0.37,0.365,0.63,0.64,0.635,2776.21,1068.83,1201.99,3235.2,0.4440473961259181,-0.4582201798886232,0.06,0.19,-0.010000000000000009,1.01,UP WATCH,6,"UP5+,UP15+,UP_BOOK,DOWN_BOOK_WEAK"
2026-09-21 11:37:21,1789990640,btc-updown-5m-1789990500,160,0.39,0.4,0.395,0.6,0.61,0.605,1956.5300000000002,2543.9900000000002,2571.4900000000002,1981.73,-0.13053158301707357,0.1295259179218224,0.06,0.25,0.09000000000000002,1.01,UP WATCH,5,"UP5+,UP15+,UP30+"
2026-09-21 11:37:22,1789990642,btc-updown-5m-1789990500,158,0.38,0.39,0.385,0.61,0.62,0.615,1625.5400000000002,2729.19,2432.19,2049.5400000000004,-0.2534370672808647,0.08537997603603957,0.030000000000000027,0.24,0.07,1.01,UP WATCH,4,"UP5+,UP15+,UP30+,UP_BOOK_WEAK"
2026-09-21 11:37:24,1789990643,btc-updown-5m-1789990500,157,0.36,0.37,0.365,0.63,0.64,0.635,2846.72,2093.5099999999998,2164.31,2866.7,0.15246456136657607,-0.13961212559704708,0.0,0.22999999999999998,0.07,1.01,WAIT,3,"UP15+,UP30+"
2026-09-21 11:37:25,1789990645,btc-updown-5m-1789990500,155,0.36,0.37,0.365,0.63,0.64,0.635,2323.71,2475.3599999999997,2476.58,2392.32,-0.031599872475292015,0.01730575694715434,-0.030000000000000027,0.22999999999999998,0.16999999999999998,1.01,WAIT,1,"UP5-,UP15+,UP30+"
2026-09-21 11:37:27,1789990646,btc-updown-5m-1789990500,154,0.34,0.35,0.345,0.65,0.66,0.655,2597.7999999999997,2070.68,2267.06,2370.6000000000004,0.11291041195421206,-0.02232591436198437,-0.050000000000000044,0.10999999999999999,0.14999999999999997,1.01,WAIT,1,"UP5-,UP15+,UP30+"
2026-09-21 11:37:29,1789990648,btc-updown-5m-1789990500,152,0.29,0.3,0.295,0.7,0.71,0.705,1978.87,1386.39,1858.4899999999998,1935.91,0.1760577191658296,-0.020403752899009146,-0.07,-0.010000000000000009,0.14999999999999997,1.01,WAIT,-1,"UP5-,UP30+"
2026-09-21 11:37:30,1789990650,btc-updown-5m-1789990500,150,0.29,0.3,0.295,0.7,0.71,0.705,2021.8300000000002,1606.69,2118.87,739.4300000000001,0.11441028298038872,0.48260854353986626,-0.07,-0.040000000000000036,0.12,1.01,WAIT,-2,"UP5-,UP30+,DOWN_BOOK"
2026-09-21 11:37:32,1789990651,btc-updown-5m-1789990500,149,0.21,0.22,0.215,0.78,0.79,0.785,2175.1400000000003,2106.4500000000003,2476.8,2445.1400000000003,0.016043105481842037,0.006432422987683688,-0.12999999999999998,-0.13999999999999999,0.04000000000000001,1.01,DOWN WATCH,-4,"UP5-,UP15-"
2026-09-21 11:37:34,1789990653,btc-updown-5m-1789990500,147,0.23,0.24,0.235,0.76,0.77,0.765,3754.52,1280.66,1380.0,3793.52,0.4913151069077967,-0.46651409485224754,-0.06,-0.13,0.06,1.01,WAIT,-2,"UP5-,UP15-,UP_BOOK,DOWN_BOOK_WEAK"
2026-09-21 11:37:35,1789990655,btc-updown-5m-1789990500,145,0.22,0.23,0.225,0.77,0.78,0.775,1319.37,1506.6599999999999,2396.1,1389.83,-0.06627318181335654,0.26579202468085783,-0.06999999999999998,-0.17,0.07999999999999999,1.01,DOWN WATCH,-4,"UP5-,UP15-,UP30+,DOWN_BOOK"
2026-09-21 11:37:37,1789990656,btc-updown-5m-1789990500,144,0.21,0.22,0.215,0.78,0.79,0.785,2005.12,1626.38,1658.65,2040.12,0.10429299187663493,-0.10313428518128995,0.0,-0.18000000000000002,0.06999999999999998,1.01,WAIT,-2,UP15-
2026-09-21 11:37:39,1789990658,btc-updown-5m-1789990500,142,0.26,0.27,0.265,0.73,0.74,0.735,2577.38,1019.53,1312.06,2942.79,0.4331078620260168,-0.38326380483448297,0.030000000000000027,-0.09999999999999998,0.13,1.01,WAIT,3,"UP5+,UP15-,UP30+,UP_BOOK,DOWN_BOOK_WEAK"
2026-09-21 11:37:40,1789990660,btc-updown-5m-1789990500,140,0.27,0.28,0.275,0.72,0.73,0.725,1928.1699999999998,604.0,944.0,2712.6800000000003,0.5229388232227693,-0.48368465383900155,0.05000000000000002,-0.08999999999999997,0.14,1.01,WAIT,3,"UP5+,UP15-,UP30+,UP_BOOK,DOWN_BOOK_WEAK"
2026-09-21 11:37:42,1789990661,btc-updown-5m-1789990500,139,0.28,0.29,0.28500000000000003,0.71,0.72,0.715,2687.83,776.89,1089.8899999999999,2729.83,0.551542404581034,-0.4293351345124774,0.07000000000000003,-0.05999999999999994,0.050000000000000044,1.01,WAIT,2,"UP5+,UP15-,UP_BOOK,DOWN_BOOK_WEAK"
2026-09-21 11:37:43,1789990663,btc-updown-5m-1789990500,137,0.28,0.29,0.28500000000000003,0.71,0.72,0.715,2340.43,891.88,1156.6,2465.24,0.4481469908517437,-0.3613191085194266,0.020000000000000018,-0.009999999999999953,-0.019999999999999962,1.01,WAIT,2,"UP_BOOK,DOWN_BOOK_WEAK"
2026-09-21 11:37:45,1789990664,btc-updown-5m-1789990500,136,0.3,0.31,0.305,0.69,0.7,0.695,2913.0199999999995,930.0,1882.02,2452.7,0.5160056413966099,-0.13165325557360105,0.03999999999999998,0.010000000000000009,-0.030000000000000027,1.01,WAIT,3,"UP5+,UP_BOOK"
2026-09-21 11:37:47,1789990666,btc-updown-5m-1789990500,134,0.3,0.31,0.305,0.69,0.7,0.695,2365.7,1394.71,2117.05,1875.6999999999998,0.2582138649774891,0.06044706029678802,0.019999999999999962,0.09,-0.04999999999999999,1.01,WAIT,3,"UP15+,UP_BOOK"
2026-09-21 11:37:48,1789990668,btc-updown-5m-1789990500,132,0.29,0.3,0.295,0.7,0.71,0.705,2068.7,1886.79,2676.38,1973.6999999999998,0.04598924532738039,0.15111137872896818,0.009999999999999953,0.06,-0.07,1.01,WAIT,1,"UP15+,UP30-"
2026-09-21 11:37:50,1789990670,btc-updown-5m-1789990500,130,0.29,0.3,0.295,0.7,0.71,0.705,2221.6099999999997,995.48,2083.2999999999997,1974.8899999999999,0.38113015178313314,0.026713879833127542,-0.010000000000000009,0.06999999999999998,-0.10000000000000003,1.01,WAIT,2,"UP15+,UP30-,UP_BOOK"
2026-09-21 11:37:52,1789990671,btc-updown-5m-1789990500,129,0.28,0.29,0.28500000000000003,0.71,0.72,0.715,2920.89,647.9100000000001,1275.99,2979.56,0.6369031607262944,-0.4003172327901211,-0.019999999999999962,0.07000000000000003,-0.10999999999999999,1.01,WAIT,3,"UP15+,UP30-,UP_BOOK,DOWN_BOOK_WEAK"
2026-09-21 11:37:53,1789990673,btc-updown-5m-1789990500,127,0.28,0.29,0.28500000000000003,0.71,0.72,0.715,2761.5099999999998,1085.13,1965.0900000000001,2521.93,0.4358037144104984,-0.12410018230362237,-0.009999999999999953,0.020000000000000018,-0.07999999999999996,1.01,WAIT,0,"UP30-,UP_BOOK"
2026-09-21 11:37:55,1789990674,btc-updown-5m-1789990500,126,0.32,0.33,0.325,0.67,0.68,0.675,952.0,2300.31,2008.3100000000002,2041.97,-0.414569951818861,-0.008310536555497362,0.030000000000000027,0.06,-0.03999999999999998,1.01,WAIT,3,"UP5+,UP15+,UP_BOOK_WEAK"
2026-09-21 11:37:57,1789990676,btc-updown-5m-1789990500,124,0.33,0.34,0.335,0.61,0.62,0.615,2969.77,5.0,569.14,1815.69,0.9966383955734393,-0.5226997312177388,0.04999999999999999,0.04999999999999999,-0.009999999999999953,0.96,UP WATCH,4,"UP5+,UP_BOOK,DOWN_BOOK_WEAK"
2026-09-21 11:37:58,1789990678,btc-updown-5m-1789990500,122,0.35,0.36,0.355,0.64,0.65,0.645,1047.04,2892.59,3090.59,1367.01,-0.46845769780410856,0.38666098348887296,0.06999999999999995,0.06999999999999995,0.06,1.01,WAIT,2,"UP5+,UP15+,UP_BOOK_WEAK,DOWN_BOOK"
2026-09-21 11:38:00,1789990679,btc-updown-5m-1789990500,121,0.32,0.33,0.325,0.67,0.68,0.675,894.49,1939.9300000000003,2349.93,857.9100000000001,-0.36883736355233177,0.465116714050576,0.0,0.020000000000000018,0.030000000000000027,1.01,WAIT,-2,"UP_BOOK_WEAK,DOWN_BOOK"
2026-09-21 11:38:01,1789990681,btc-updown-5m-1789990500,119,0.26,0.27,0.265,0.73,0.74,0.735,645.88,402.13,656.34,1669.5,0.2325836585528764,-0.43561036012795373,-0.07,-0.03999999999999998,0.05000000000000002,1.01,WAIT,0,"UP5-,UP_BOOK,DOWN_BOOK_WEAK"
2026-09-21 11:38:03,1789990683,btc-updown-5m-1789990500,117,0.38,0.39,0.385,0.62,0.63,0.625,1253.6799999999998,1789.11,761.35,1794.6499999999999,-0.17596679363347456,-0.4042644757433489,0.030000000000000027,0.09000000000000002,0.15000000000000002,1.02,UP WATCH,6,"UP5+,UP15+,UP30+,DOWN_BOOK_WEAK"
2026-09-21 11:38:05,1789990684,btc-updown-5m-1789990500,116,0.35,0.36,0.355,0.64,0.65,0.645,2391.5,953.0799999999999,973.0799999999999,2429.5,0.43007492719564194,-0.4280340212427041,0.02999999999999997,0.06,0.12,1.01,UP WATCH,5,"UP15+,UP30+,UP_BOOK,DOWN_BOOK_WEAK"
2026-09-21 11:38:06,1789990686,btc-updown-5m-1789990500,114,0.37,0.38,0.375,0.62,0.63,0.625,1398.26,1661.9399999999998,1178.74,1655.29,-0.08616430298673285,-0.16815277184786329,0.10999999999999999,0.08999999999999997,0.16,1.01,UP WATCH,5,"UP5+,UP15+,UP30+"
2026-09-21 11:38:08,1789990687,btc-updown-5m-1789990500,113,0.34,0.35,0.345,0.65,0.66,0.655,684.8199999999999,2578.21,2424.21,1167.6399999999999,-0.5802551616135924,0.34983921934379225,0.07999999999999996,0.05999999999999994,0.12999999999999998,1.01,WAIT,3,"UP5+,UP15+,UP30+,UP_BOOK_WEAK,DOWN_BOOK"
2026-09-21 11:38:10,1789990689,btc-updown-5m-1789990500,111,0.36,0.37,0.365,0.63,0.64,0.635,2168.19,1110.1399999999999,1156.1399999999999,2032.68,0.3227405416782326,-0.2748791088866729,0.010000000000000009,0.03999999999999998,0.09999999999999998,1.01,WAIT,3,"UP30+,UP_BOOK,DOWN_BOOK_WEAK"
2026-09-21 11:38:11,1789990691,btc-updown-5m-1789990500,109,0.33,0.34,0.335,0.66,0.67,0.665,1023.91,2356.2,2316.78,1675.18,-0.394155811497259,0.16072305333720782,-0.03999999999999998,0.0,0.04999999999999999,1.01,WAIT,-3,"UP5-,UP_BOOK_WEAK"
2026-09-21 11:38:13,1789990692,btc-updown-5m-1789990500,108,0.3,0.31,0.305,0.69,0.7,0.695,2572.3,550.97,887.13,2557.3,0.6471838809965196,-0.48489009792621707,-0.03999999999999998,-0.030000000000000027,0.019999999999999962,1.01,WAIT,0,"UP5-,UP_BOOK,DOWN_BOOK_WEAK"
2026-09-21 11:38:15,1789990694,btc-updown-5m-1789990500,106,0.3,0.31,0.305,0.69,0.7,0.695,1736.34,935.81,985.4100000000001,1986.1399999999999,0.29958273300525795,-0.3367703723645908,-0.06,-0.020000000000000018,0.0,1.01,WAIT,0,"UP5-,UP_BOOK,DOWN_BOOK_WEAK"
2026-09-21 11:38:16,1789990696,btc-updown-5m-1789990500,104,0.29,0.3,0.295,0.7,0.71,0.705,1033.18,1979.18,1755.3799999999999,1498.18,-0.31403949063192976,0.07905186933697236,-0.040000000000000036,0.02999999999999997,-0.010000000000000009,1.01,WAIT,-3,"UP5-,UP_BOOK_WEAK"
2026-09-21 11:38:18,1789990697,btc-updown-5m-1789990500,103,0.29,0.3,0.295,0.7,0.71,0.705,1786.3700000000001,1331.16,1636.3600000000001,1728.1799999999998,0.14601623721343499,-0.027290506280204636,-0.010000000000000009,0.02999999999999997,-0.010000000000000009,1.01,WAIT,0,
2026-09-21 11:38:20,1789990699,btc-updown-5m-1789990500,101,0.3,0.31,0.305,0.69,0.7,0.695,1112.14,1785.61,2451.3199999999997,976.36,-0.232411353636442,0.43030854688885767,0.0,-0.04999999999999999,0.010000000000000009,1.01,WAIT,-2,"UP_BOOK_WEAK,DOWN_BOOK"
2026-09-21 11:38:22,1789990701,btc-updown-5m-1789990500,99,0.29,0.3,0.295,0.7,0.71,0.705,1547.65,1127.85,1963.05,1547.65,0.156905251354887,0.1183239809724556,0.0,-0.08000000000000002,0.009999999999999953,1.01,WAIT,-2,UP15-
2026-09-21 11:38:23,1789990703,btc-updown-5m-1789990500,97,0.29,0.3,0.295,0.7,0.71,0.705,1361.5500000000002,675.25,1061.52,1362.16,0.3369501178318932,-0.1240427779244785,0.0,-0.04999999999999999,0.009999999999999953,1.01,WAIT,1,UP_BOOK
2026-09-21 11:38:25,1789990704,btc-updown-5m-1789990500,96,0.3,0.31,0.305,0.69,0.7,0.695,1577.1499999999999,1194.3200000000002,1645.45,463.35,0.13813247121563635,0.5605557663125947,0.0,-0.06,-0.020000000000000018,1.01,WAIT,-3,"UP15-,DOWN_BOOK"
2026-09-21 11:38:27,1789990706,btc-updown-5m-1789990500,94,0.29,0.3,0.295,0.69,0.7,0.695,2207.12,776.03,171.0,2511.96,0.47972445234064665,-0.8725288487342339,0.0,-0.040000000000000036,-0.040000000000000036,1.0,WAIT,2,"UP_BOOK,DOWN_BOOK_WEAK"
2026-09-21 11:38:28,1789990708,btc-updown-5m-1789990500,92,0.29,0.3,0.295,0.7,0.71,0.705,485.95,1762.3899999999999,3066.5299999999997,639.46,-0.5677255219406317,0.6549046273735223,0.0,-0.010000000000000009,-0.06,1.01,WAIT,-2,"UP_BOOK_WEAK,DOWN_BOOK"
2026-09-21 11:38:30,1789990709,btc-updown-5m-1789990500,91,0.28,0.29,0.28500000000000003,0.73,0.75,0.74,528.32,2472.0,2296.71,70.0,-0.6478242320819112,0.9408461535211328,-0.019999999999999962,-0.019999999999999962,-0.03999999999999998,1.04,WAIT,-2,"UP_BOOK_WEAK,DOWN_BOOK"
2026-09-21 11:38:31,1789990711,btc-updown-5m-1789990500,89,0.22,0.23,0.225,0.77,0.78,0.775,1530.64,1442.66,1632.66,1661.79,0.029590017825311947,-0.008842143605154087,-0.06999999999999998,-0.06999999999999998,-0.04000000000000001,1.01,DOWN WATCH,-4,"UP5-,UP15-"
2026-09-21 11:38:33,1789990712,btc-updown-5m-1789990500,88,0.21,0.22,0.215,0.78,0.79,0.785,841.45,2708.7999999999997,2351.71,1420.0,-0.5259770438701499,0.2470258848108683,-0.07999999999999999,-0.07999999999999999,-0.05000000000000002,1.01,DOWN WATCH,-6,"UP5-,UP15-,UP_BOOK_WEAK,DOWN_BOOK"
2026-09-21 11:38:35,1789990714,btc-updown-5m-1789990500,86,0.2,0.21,0.20500000000000002,0.79,0.8,0.795,1736.17,1453.33,1863.33,1725.47,0.088678476250196,0.03841395452518945,-0.08000000000000002,-0.09999999999999998,-0.14999999999999997,1.01,DOWN WATCH,-5,"UP5-,UP15-,UP30-"
2026-09-21 11:38:36,1789990716,btc-updown-5m-1789990500,84,0.2,0.21,0.20500000000000002,0.79,0.8,0.795,1161.0,1970.54,2004.77,1153.14,-0.25851178653314344,0.2696815298726056,-0.01999999999999999,-0.08999999999999997,-0.16999999999999998,1.01,DOWN WATCH,-5,"UP15-,UP30-,UP_BOOK_WEAK,DOWN_BOOK"
2026-09-21 11:38:38,1789990717,btc-updown-5m-1789990500,83,0.2,0.21,0.20500000000000002,0.78,0.79,0.785,1507.3899999999999,1661.72,2327.6299999999997,931.39,-0.0486982149562496,0.42842326834447164,-0.009999999999999981,-0.08999999999999997,-0.13999999999999996,1.0,DOWN WATCH,-4,"UP15-,UP30-,DOWN_BOOK"
2026-09-21 11:38:40,1789990719,btc-updown-5m-1789990500,81,0.21,0.22,0.215,0.78,0.79,0.785,886.5799999999999,2682.2,2789.33,791.46,-0.5031467336176508,0.5579411247238738,0.009999999999999981,-0.09,-0.15,1.01,DOWN WATCH,-5,"UP15-,UP30-,UP_BOOK_WEAK,DOWN_BOOK"
2026-09-21 11:38:41,1789990721,btc-updown-5m-1789990500,79,0.22,0.23,0.225,0.77,0.78,0.775,1683.24,1599.77,1897.5900000000001,1536.99,0.025424838791231225,0.10499100326677502,0.01999999999999999,-0.06999999999999998,-0.11000000000000001,1.01,WAIT,-3,"UP15-,UP30-"
2026-09-21 11:38:43,1789990722,btc-updown-5m-1789990500,78,0.22,0.23,0.225,0.77,0.78,0.775,1282.72,1896.04,3474.2200000000003,568.0,-0.19294316022600005,0.7189663105917046,0.01999999999999999,-0.06999999999999998,-0.07999999999999999,1.01,DOWN WATCH,-4,"UP15-,UP30-,DOWN_BOOK"
2026-09-21 11:38:45,1789990724,btc-updown-5m-1789990500,76,0.18,0.19,0.185,0.81,0.82,0.815,705.08,2318.51,2013.92,667.75,-0.5336140151277124,0.5019894319584438,-0.03,-0.10000000000000003,-0.12,1.01,DOWN WATCH,-7,"UP5-,UP15-,UP30-,UP_BOOK_WEAK,DOWN_BOOK"
2026-09-21 11:38:46,1789990726,btc-updown-5m-1789990500,74,0.17,0.18,0.175,0.82,0.83,0.825,1420.08,1896.5,1789.45,1439.78,-0.1436479747209475,0.1082827794861314,-0.05000000000000002,-0.05000000000000002,-0.12,1.01,DOWN WATCH,-5,"UP5-,UP15-,UP30-"
2026-09-21 11:38:48,1789990727,btc-updown-5m-1789990500,73,0.17,0.18,0.175,0.82,0.83,0.825,1720.08,2116.4,2151.4,1694.85,-0.10330302777546088,0.11870003249918756,-0.05000000000000002,-0.04000000000000001,-0.12,1.01,WAIT,-3,"UP5-,UP30-"
2026-09-21 11:38:50,1789990729,btc-updown-5m-1789990500,71,0.16,0.17,0.165,0.83,0.84,0.835,1758.56,1585.1,1600.6,1768.5500000000002,0.051877284173630106,-0.04984936853509053,-0.01999999999999999,-0.04000000000000001,-0.13999999999999999,1.01,WAIT,-1,UP30-
2026-09-21 11:38:51,1789990731,btc-updown-5m-1789990500,69,0.19,0.2,0.195,0.8,0.81,0.805,1757.47,1708.32,510.0,2002.6,0.01418147089119655,-0.5940460081190798,0.020000000000000018,-0.010000000000000009,-0.09999999999999998,1.01,WAIT,0,"UP30-,DOWN_BOOK_WEAK"
2026-09-21 11:38:53,1789990732,btc-updown-5m-1789990500,68,0.35,0.36,0.355,0.63,0.64,0.635,1838.38,794.2,1416.8400000000001,1286.48,0.39663751908773903,0.048222186052705604,0.18,0.14999999999999997,0.06,1.0,UP WATCH,5,"UP5+,UP15+,UP_BOOK"
2026-09-21 11:38:55,1789990734,btc-updown-5m-1789990500,66,0.32,0.33,0.325,0.67,0.68,0.675,430.16,2473.4700000000003,2554.82,1201.42,-0.7037088058740267,0.36030711562626455,0.16,0.11000000000000001,0.020000000000000018,1.01,WAIT,2,"UP5+,UP15+,UP_BOOK_WEAK,DOWN_BOOK"
2026-09-21 11:38:56,1789990736,btc-updown-5m-1789990500,64,0.33,0.34,0.335,0.67,0.68,0.675,698.55,1730.82,2146.55,689.6700000000001,-0.42491263166993914,0.5136696024991009,0.14,0.11000000000000001,0.040000000000000036,1.02,WAIT,2,"UP5+,UP15+,UP_BOOK_WEAK,DOWN_BOOK"
2026-09-21 11:38:58,1789990737,btc-updown-5m-1789990500,63,0.38,0.4,0.39,0.51,0.52,0.515,1910.35,48.989999999999995,151.32999999999998,49.8,0.949993365112742,0.5047978919107045,0.03500000000000003,0.165,0.09500000000000003,0.92,UP WATCH,5,"UP5+,UP15+,UP30+,UP_BOOK,DOWN_BOOK"
2026-09-21 11:39:00,1789990739,btc-updown-5m-1789990500,61,0.53,0.54,0.535,0.45,0.46,0.455,1086.42,1007.0,432.0,1171.91,0.03793791976765296,-0.4613164080278819,0.21000000000000002,0.35000000000000003,0.25,1.0,UP WATCH,6,"UP5+,UP15+,UP30+,DOWN_BOOK_WEAK"
2026-09-21 11:39:01,1789990741,btc-updown-5m-1789990500,59,0.78,0.8,0.79,0.24,0.25,0.245,188.84,538.23,462.72,594.36,-0.4805452019750505,-0.12453172891361107,0.455,0.615,0.5650000000000001,1.05,UP WATCH,4,"UP5+,UP15+,UP30+,UP_BOOK_WEAK"
2026-09-21 11:39:03,1789990742,btc-updown-5m-1789990500,58,0.75,0.77,0.76,0.21,0.23,0.22,918.0,403.88,526.0,1720.0,0.3889309165733652,-0.5316117542297417,0.37,0.585,0.545,1.0,UP WATCH,7,"UP5+,UP15+,UP30+,UP_BOOK,DOWN_BOOK_WEAK"
2026-09-21 11:39:05,1789990744,btc-updown-5m-1789990500,56,0.82,0.83,0.825,0.17,0.18,0.175,134.44,759.5600000000001,1119.88,232.22,-0.6992393736017899,0.6565046963981954,0.2899999999999999,0.6599999999999999,0.6199999999999999,1.01,WAIT,3,"UP5+,UP15+,UP30+,UP_BOOK_WEAK,DOWN_BOOK"
2026-09-21 11:39:06,1789990746,btc-updown-5m-1789990500,54,0.82,0.83,0.825,0.16,0.17,0.165,1070.37,301.8,366.0,1289.8899999999999,0.5601128140099259,-0.5579416507135135,0.03499999999999992,0.6299999999999999,0.6199999999999999,1.0,UP WATCH,7,"UP5+,UP15+,UP30+,UP_BOOK,DOWN_BOOK_WEAK"
2026-09-21 11:39:08,1789990747,btc-updown-5m-1789990500,53,0.87,0.88,0.875,0.12,0.13,0.125,689.25,1054.13,1343.84,1246.25,-0.2092945886725786,0.037678227397503525,0.11499999999999999,0.52,0.6699999999999999,1.01,UP WATCH,4,"UP5+,UP15+,UP30+,UP_BOOK_WEAK"
2026-09-21 11:39:10,1789990749,btc-updown-5m-1789990500,51,0.89,0.9,0.895,0.11,0.13,0.12,1326.0,1372.49,890.89,2026.25,-0.017228153522896143,-0.3892031236073689,0.07000000000000006,0.5700000000000001,0.68,1.03,UP WATCH,6,"UP5+,UP15+,UP30+,DOWN_BOOK_WEAK"
2026-09-21 11:39:11,1789990751,btc-updown-5m-1789990500,49,0.9,0.93,0.915,0.04,0.05,0.045,1302.45,354.76,1943.0,1554.41,0.5718587264136712,0.11110793415699044,0.09000000000000008,0.5800000000000001,0.6900000000000001,0.9800000000000001,UP WATCH,6,"UP5+,UP15+,UP30+,UP_BOOK"
2026-09-21 11:39:13,1789990752,btc-updown-5m-1789990500,48,0.95,0.96,0.955,0.04,0.05,0.045,1510.73,5533.17,2159.84,1595.73,-0.5710529678161246,0.15020622701747008,0.07999999999999996,0.565,0.73,1.01,UP WATCH,4,"UP5+,UP15+,UP30+,UP_BOOK_WEAK"
2026-09-21 11:39:15,1789990754,btc-updown-5m-1789990500,46,0.95,0.96,0.955,0.04,0.05,0.045,2166.68,4889.25,1274.46,2924.7,-0.38585558530200836,-0.39299288429114393,0.05999999999999994,0.41999999999999993,0.77,1.01,UP WATCH,5,"UP5+,UP15+,UP30+,UP_BOOK_WEAK,DOWN_BOOK_WEAK"
2026-09-21 11:39:16,1789990756,btc-updown-5m-1789990500,44,0.97,0.98,0.975,0.02,0.03,0.025,2882.1099999999997,4072.37,4031.98,2855.59,-0.1711501075565679,0.17079899006471078,0.05999999999999994,0.18499999999999994,0.8,1.01,UP WATCH,5,"UP5+,UP15+,UP30+"
2026-09-21 11:39:18,1789990757,btc-updown-5m-1789990500,43,0.98,0.99,0.985,0.01,0.02,0.015,2491.84,2319.12,2217.12,2571.84,0.03590135856461086,-0.07407036183221415,0.030000000000000027,0.22499999999999998,0.81,1.01,UP WATCH,5,"UP5+,UP15+,UP30+"
2026-09-21 11:39:20,1789990759,btc-updown-5m-1789990500,41,0.99,,,,0.01,,8227.78,0,0,8495.88,1.0,-1.0,,,,,WAIT,2,"UP_BOOK,DOWN_BOOK_WEAK"
2026-09-21 11:39:21,1789990761,btc-updown-5m-1789990500,39,0.99,,,,0.01,,14348.43,0,0,14348.43,1.0,-1.0,,,,,WAIT,2,"UP_BOOK,DOWN_BOOK_WEAK"
2026-09-21 11:39:23,1789990762,btc-updown-5m-1789990500,38,0.99,,,,0.01,,15228.25,0,0,15158.25,1.0,-1.0,,,,,WAIT,2,"UP_BOOK,DOWN_BOOK_WEAK"
2026-09-21 11:39:24,1789990764,btc-updown-5m-1789990500,36,0.99,,,,0.01,,12785.25,0,0,13150.31,1.0,-1.0,,,,,WAIT,2,"UP_BOOK,DOWN_BOOK_WEAK"
2026-09-21 11:39:26,1789990765,btc-updown-5m-1789990500,35,0.99,,,,0.01,,13490.529999999999,0,0,13478.449999999999,1.0,-1.0,,,,,WAIT,2,"UP_BOOK,DOWN_BOOK_WEAK"
2026-09-21 11:39:28,1789990767,btc-updown-5m-1789990500,33,0.99,,,,0.01,,15955.18,0,0,15945.18,1.0,-1.0,,,,,WAIT,2,"UP_BOOK,DOWN_BOOK_WEAK"
2026-09-21 11:39:29,1789990769,btc-updown-5m-1789990500,31,0.99,,,,0.01,,18693.18,0,0,18708.18,1.0,-1.0,,,,,WAIT,2,"UP_BOOK,DOWN_BOOK_WEAK"
2026-09-21 11:39:31,1789990770,btc-updown-5m-1789990500,30,0.99,,,,0.01,,24821.81,0,0,29023.81,1.0,-1.0,,,,,WAIT,2,"UP_BOOK,DOWN_BOOK_WEAK"
2026-09-21 11:39:33,1789990772,btc-updown-5m-1789990500,28,0.99,,,,0.01,,28999.81,0,0,29009.81,1.0,-1.0,,,,,WAIT,2,"UP_BOOK,DOWN_BOOK_WEAK"
2026-09-21 11:39:34,1789990774,btc-updown-5m-1789990500,26,0.99,,,,0.01,,29002.48,0,0,29012.48,1.0,-1.0,,,,,WAIT,2,"UP_BOOK,DOWN_BOOK_WEAK"
2026-09-21 11:39:36,1789990775,btc-updown-5m-1789990500,25,0.99,,,,0.01,,29247.34,0,0,29227.34,1.0,-1.0,,,,,WAIT,2,"UP_BOOK,DOWN_BOOK_WEAK"
2026-09-21 11:39:37,1789990777,btc-updown-5m-1789990500,23,0.99,,,,0.01,,29341.71,0,0,29366.43,1.0,-1.0,,,,,WAIT,2,"UP_BOOK,DOWN_BOOK_WEAK"
2026-09-21 11:39:39,1789990778,btc-updown-5m-1789990500,22,0.99,,,,0.01,,42390.35,0,0,42370.35,1.0,-1.0,,,,,WAIT,2,"UP_BOOK,DOWN_BOOK_WEAK"
2026-09-21 11:39:41,1789990780,btc-updown-5m-1789990500,20,0.99,,,,0.01,,36888.869999999995,0,0,36903.869999999995,1.0,-1.0,,,,,WAIT,2,"UP_BOOK,DOWN_BOOK_WEAK"
2026-09-21 11:39:42,1789990782,btc-updown-5m-1789990500,18,0.99,,,,0.01,,42441.56,0,0,43441.56,1.0,-1.0,,,,,WAIT,0,TIME FILTER
2026-09-21 11:39:44,1789990783,btc-updown-5m-1789990500,17,0.99,,,,0.01,,44989.52,0,0,44369.52,1.0,-1.0,,,,,WAIT,0,TIME FILTER
2026-09-21 11:39:46,1789990785,btc-updown-5m-1789990500,15,0.99,,,,0.01,,45364.52,0,0,49322.53,1.0,-1.0,,,,,WAIT,0,TIME FILTER
2026-09-21 11:39:48,1789990787,btc-updown-5m-1789990500,13,0.99,,,,0.01,,50080.53,0,0,50065.53,1.0,-1.0,,,,,WAIT,0,TIME FILTER
2026-09-21 11:39:49,1789990789,btc-updown-5m-1789990500,11,0.99,,,,0.01,,50060.53,0,0,50320.53,1.0,-1.0,,,,,WAIT,0,TIME FILTER
2026-09-21 11:39:51,1789990790,btc-updown-5m-1789990500,10,0.99,,,,0.01,,50384.82,0,0,50374.82,1.0,-1.0,,,,,WAIT,0,TIME FILTER
2026-09-21 11:39:52,1789990792,btc-updown-5m-1789990500,8,0.99,,,,0.01,,50388.82,0,0,50433.82,1.0,-1.0,,,,,WAIT,0,TIME FILTER
2026-09-21 11:39:54,1789990793,btc-updown-5m-1789990500,7,0.99,,,,0.01,,58579.270000000004,0,0,58579.270000000004,1.0,-1.0,,,,,WAIT,0,TIME FILTER
2026-09-21 11:39:56,1789990795,btc-updown-5m-1789990500,5,0.99,,,,0.01,,58540.270000000004,0,0,58540.270000000004,1.0,-1.0,,,,,WAIT,0,TIME FILTER
2026-09-21 11:39:57,1789990797,btc-updown-5m-1789990500,3,0.99,,,,0.01,,58360.72,0,0,58370.72,1.0,-1.0,,,,,WAIT,0,TIME FILTER
2026-09-21 11:39:59,1789990798,btc-updown-5m-1789990500,2,0.99,,,,0.01,,69863.85,0,0,69828.85,1.0,-1.0,,,,,WAIT,0,TIME FILTER
2026-09-21 11:40:01,1789990800,btc-updown-5m-1789990800,300,0.5,0.51,0.505,0.47,0.48,0.475,891.5500000000001,284.64,168.86,1579.55,0.5159965651807956,-0.8068416446943224,,,,0.99,WAIT,0,TIME FILTER
2026-09-21 11:40:02,1789990802,btc-updown-5m-1789990800,298,0.53,0.54,0.535,0.46,0.47,0.46499999999999997,2611.77,1828.93,1576.24,2568.0,0.17628752223748506,-0.23931046464490474,,,,1.01,WAIT,0,TIME FILTER
2026-09-21 11:40:04,1789990803,btc-updown-5m-1789990800,297,0.53,0.54,0.535,0.46,0.47,0.46499999999999997,2405.02,2065.02,1281.91,2519.02,0.07606195917709908,-0.32547560728558533,,,,1.01,WAIT,0,TIME FILTER
2026-09-21 11:40:05,1789990805,btc-updown-5m-1789990800,295,0.54,0.55,0.545,0.45,0.46,0.455,4194.04,1422.6699999999998,849.89,4305.26,0.49341518433388937,-0.6702753557122489,0.040000000000000036,,,1.01,WAIT,0,TIME FILTER
2026-09-21 11:40:07,1789990806,btc-updown-5m-1789990800,294,0.55,0.56,0.555,0.44,0.45,0.445,4062.6500000000005,1541.83,1588.28,3615.5800000000004,0.44978659929199505,-0.3895761992059741,0.050000000000000044,,,1.01,WAIT,0,TIME FILTER
2026-09-21 11:40:09,1789990808,btc-updown-5m-1789990800,292,0.56,0.57,0.565,0.45,0.47,0.45999999999999996,2174.3500000000004,2821.08,2695.99,1518.01,-0.12946433039798366,0.27953962980541047,0.029999999999999916,,,1.04,WAIT,0,TIME FILTER
2026-09-21 11:40:10,1789990810,btc-updown-5m-1789990800,290,0.53,0.54,0.535,0.46,0.47,0.46499999999999997,2287.31,2359.44,1670.56,2287.31,-0.015522677139936538,-0.15582876648298202,-0.010000000000000009,,,1.01,WAIT,0,TIME FILTER
2026-09-21 11:40:12,1789990811,btc-updown-5m-1789990800,289,0.54,0.55,0.545,0.45,0.46,0.455,3405.51,2317.66,1421.6599999999999,3489.39,0.19007822587831574,-0.4210362346137792,-0.010000000000000009,,,1.01,WAIT,0,TIME FILTER
2026-09-21 11:40:14,1789990813,btc-updown-5m-1789990800,287,0.55,0.56,0.555,0.44,0.45,0.445,2770.46,2332.02,1708.23,2750.46,0.08592684341731865,-0.23375251475209083,-0.009999999999999898,,,1.01,WAIT,0,TIME FILTER
2026-09-21 11:40:15,1789990815,btc-updown-5m-1789990800,285,0.55,0.56,0.555,0.44,0.45,0.445,2507.0,3281.02,1447.9399999999998,3167.61,-0.13372794150676742,-0.37258181581826655,0.020000000000000018,0.050000000000000044,,1.01,WAIT,3,"UP15+,DOWN_BOOK_WEAK"
2026-09-21 11:40:17,1789990816,btc-updown-5m-1789990800,284,0.55,0.56,0.555,0.44,0.45,0.445,2472.23,2983.87,2341.8599999999997,2117.0,-0.09377394109345501,0.05042993052035715,0.010000000000000009,0.050000000000000044,,1.01,WAIT,2,UP15+
2026-09-21 11:40:19,1789990818,btc-updown-5m-1789990800,282,0.54,0.55,0.545,0.45,0.46,0.455,2853.46,3371.0299999999997,2512.08,2891.48,-0.08315058743768561,-0.0702129707081998,-0.010000000000000009,0.010000000000000009,,1.01,WAIT,0,
2026-09-21 11:40:20,1789990820,btc-updown-5m-1789990800,280,0.57,0.58,0.575,0.42,0.43,0.425,2318.37,2805.4799999999996,3064.0299999999997,1512.37,-0.095067185807547,0.33905690062057514,0.019999999999999907,0.029999999999999916,,1.01,WAIT,-1,DOWN_BOOK
2026-09-21 11:40:22,1789990821,btc-updown-5m-1789990800,279,0.56,0.57,0.565,0.43,0.44,0.435,1381.69,3468.1400000000003,3044.86,1805.4,-0.430210955847937,0.2555450635636028,0.009999999999999898,0.009999999999999898,,1.01,WAIT,-2,"UP_BOOK_WEAK,DOWN_BOOK"
2026-09-21 11:40:23,1789990823,btc-updown-5m-1789990800,277,0.56,0.57,0.565,0.43,0.44,0.435,1663.19,3688.79,3738.79,1464.77,-0.37847675066050324,0.43701235308135206,0.019999999999999907,0.0,,1.01,WAIT,-2,"UP_BOOK_WEAK,DOWN_BOOK"
2026-09-21 11:40:25,1789990824,btc-updown-5m-1789990800,276,0.53,0.54,0.535,0.46,0.47,0.46499999999999997,3198.83,2967.4,2197.7000000000003,3304.41,0.03753184684969582,-0.20114283429447966,-0.010000000000000009,-0.029999999999999916,,1.01,WAIT,1,DOWN_BOOK_WEAK
2026-09-21 11:40:27,1789990826,btc-updown-5m-1789990800,274,0.61,0.62,0.615,0.38,0.39,0.385,2549.69,1443.72,2282.39,1348.53,0.2769487731036883,0.25719652319522324,0.050000000000000044,0.06999999999999995,,1.01,UP WATCH,4,"UP5+,UP15+,UP_BOOK,DOWN_BOOK"
2026-09-21 11:40:29,1789990828,btc-updown-5m-1789990800,272,0.6,0.61,0.605,0.4,0.41,0.405,140.0,3727.82,4043.9299999999994,358.23,-0.9276077997424906,0.8372480782161483,0.040000000000000036,0.04999999999999993,,1.02,WAIT,0,"UP5+,UP_BOOK_WEAK,DOWN_BOOK"
2026-09-21 11:40:30,1789990830,btc-updown-5m-1789990800,270,0.6,0.61,0.605,0.4,0.41,0.405,970.09,3181.17,3569.2,1050.8600000000001,-0.5326286476876899,0.5450881590282377,0.06999999999999995,0.04999999999999993,0.09999999999999998,1.02,WAIT,1,"UP5+,UP30+,UP_BOOK_WEAK,DOWN_BOOK"
2026-09-21 11:40:32,1789990831,btc-updown-5m-1789990800,269,0.59,0.6,0.595,0.4,0.41,0.405,1408.02,3020.45,2095.02,1988.52,-0.36410543596321077,0.02608031266988936,-0.020000000000000018,0.039999999999999925,0.08999999999999997,1.01,WAIT,0,"UP30+,UP_BOOK_WEAK"
2026-09-21 11:40:34,1789990833,btc-updown-5m-1789990800,267,0.59,0.6,0.595,0.4,0.41,0.405,3503.21,1750.61,1773.9099999999999,2747.53,0.3335858480115421,-0.21533405286811286,-0.010000000000000009,0.04999999999999993,0.05999999999999994,1.01,WAIT,2,"UP_BOOK,DOWN_BOOK_WEAK"
2026-09-21 11:40:35,1789990835,btc-updown-5m-1789990800,265,0.6,0.61,0.605,0.39,0.4,0.395,2209.6,3010.29,3011.29,2090.27,-0.15339212128991225,0.1805369338006414,0.0,0.030000000000000027,0.05999999999999994,1.01,WAIT,0,
2026-09-21 11:40:37,1789990836,btc-updown-5m-1789990800,264,0.61,0.62,0.615,0.37,0.38,0.375,3104.13,2053.05,1150.0,3997.9,0.20380905843891425,-0.5532158744342354,0.020000000000000018,0.050000000000000044,0.05999999999999994,1.0,UP WATCH,4,"UP15+,UP_BOOK,DOWN_BOOK_WEAK"
2026-09-21 11:40:38,1789990838,btc-updown-5m-1789990800,262,0.56,0.57,0.565,0.44,0.45,0.445,1124.4999999999998,1919.05,1663.59,1799.5700000000002,-0.2610602750078035,-0.039264717772208114,-0.030000000000000027,0.0,0.0,1.02,WAIT,-3,"UP5-,UP_BOOK_WEAK"
2026-09-21 11:40:40,1789990839,btc-updown-5m-1789990800,261,0.57,0.58,0.575,0.42,0.43,0.425,3249.3099999999995,1477.56,1827.34,2014.78,0.37482520145466236,-0.048785566301937484,-0.020000000000000018,0.039999999999999925,0.010000000000000009,1.01,WAIT,1,UP_BOOK
2026-09-21 11:40:42,1789990841,btc-updown-5m-1789990800,259,0.55,0.56,0.555,0.44,0.45,0.445,1642.31,1015.9399999999999,614.63,1702.08,0.23563246496755386,-0.46939409766436013,-0.05999999999999994,-0.05999999999999994,0.010000000000000009,1.01,WAIT,-2,"UP5-,UP15-,UP_BOOK,DOWN_BOOK_WEAK"
2026-09-21 11:40:43,1789990843,btc-updown-5m-1789990800,257,0.59,0.6,0.595,0.38,0.39,0.385,3215.54,123.68,1190.72,2700.0800000000004,0.9259228202993515,-0.3879305027243755,0.030000000000000027,-0.010000000000000009,0.039999999999999925,0.99,UP WATCH,4,"UP5+,UP_BOOK,DOWN_BOOK_WEAK"
2026-09-21 11:40:45,1789990844,btc-updown-5m-1789990800,256,0.59,0.6,0.595,0.4,0.41,0.405,3396.79,2234.87,2259.66,2356.49,0.20631927353568932,-0.0209763547545032,0.020000000000000018,-0.010000000000000009,0.039999999999999925,1.01,WAIT,1,UP_BOOK
2026-09-21 11:40:46,1789990846,btc-updown-5m-1789990800,254,0.59,0.6,0.595,0.4,0.41,0.405,1760.21,3173.57,3056.53,1452.25,-0.2864659551094698,0.35581243706723326,0.039999999999999925,0.0,0.039999999999999925,1.01,WAIT,0,"UP5+,UP_BOOK_WEAK,DOWN_BOOK"
2026-09-21 11:40:48,1789990847,btc-updown-5m-1789990800,253,0.59,0.6,0.595,0.41,0.42,0.415,2264.8599999999997,2866.46,2463.3399999999997,1956.32,-0.11724078794540203,0.11471923179611096,0.039999999999999925,0.0,0.039999999999999925,1.02,WAIT,2,UP5+
2026-09-21 11:40:50,1789990849,btc-updown-5m-1789990800,251,0.57,0.58,0.575,0.42,0.43,0.425,2037.97,3252.6000000000004,3312.6000000000004,1375.97,-0.2295839578722142,0.41305344699983154,-0.020000000000000018,-0.020000000000000018,0.029999999999999916,1.01,WAIT,-2,"UP_BOOK_WEAK,DOWN_BOOK"
2026-09-21 11:40:52,1789990851,btc-updown-5m-1789990800,249,0.57,0.59,0.58,0.41,0.42,0.415,3814.72,2233.35,2233.35,2100.7799999999997,0.2614668811703568,0.03058745353738817,-0.015000000000000013,-0.03500000000000003,0.015000000000000013,1.01,WAIT,1,UP_BOOK
2026-09-21 11:40:53,1789990853,btc-updown-5m-1789990800,247,0.58,0.59,0.585,0.41,0.42,0.415,1948.31,3009.5699999999997,3067.5699999999997,1622.3400000000001,-0.21405520101333633,0.30815729939380493,-0.010000000000000009,0.020000000000000018,0.020000000000000018,1.01,WAIT,-2,"UP_BOOK_WEAK,DOWN_BOOK"
2026-09-21 11:40:55,1789990854,btc-updown-5m-1789990800,246,0.59,0.6,0.595,0.4,0.41,0.405,4077.9,1426.3899999999999,919.31,3978.93,0.4817169880220701,-0.6246366041680277,0.020000000000000018,0.020000000000000018,0.05999999999999994,1.01,WAIT,2,"UP_BOOK,DOWN_BOOK_WEAK"
2026-09-21 11:40:56,1789990856,btc-updown-5m-1789990800,244,0.64,0.65,0.645,0.35,0.36,0.355,2628.55,1675.08,1763.12,3021.55,0.22155017973199373,-0.26301291416126926,0.06500000000000006,0.08999999999999997,0.030000000000000027,1.01,UP WATCH,6,"UP5+,UP15+,UP_BOOK,DOWN_BOOK_WEAK"
2026-09-21 11:40:58,1789990857,btc-updown-5m-1789990800,243,0.68,0.69,0.685,0.31,0.32,0.315,3269.28,1621.96,60.88,4011.4700000000003,0.33678985287984237,-0.9701008017483762,0.1050000000000001,0.13,0.07000000000000006,1.01,UP WATCH,7,"UP5+,UP15+,UP30+,UP_BOOK,DOWN_BOOK_WEAK"
2026-09-21 11:41:00,1789990859,btc-updown-5m-1789990800,241,0.75,0.76,0.755,0.23,0.24,0.235,3261.2799999999997,1811.1699999999998,182.98,3534.34,0.28587960453035516,-0.9015527315377745,0.16000000000000003,0.16000000000000003,0.15000000000000002,1.0,UP WATCH,7,"UP5+,UP15+,UP30+,UP_BOOK,DOWN_BOOK_WEAK"
2026-09-21 11:41:01,1789990861,btc-updown-5m-1789990800,239,0.77,0.78,0.775,0.22,0.23,0.225,1955.82,3781.95,4419.88,2515.8199999999997,-0.3182647613968493,0.2745303285897603,0.13,0.18000000000000005,0.18000000000000005,1.01,WAIT,3,"UP5+,UP15+,UP30+,UP_BOOK_WEAK,DOWN_BOOK"
2026-09-21 11:41:03,1789990862,btc-updown-5m-1789990800,238,0.71,0.72,0.715,0.28,0.29,0.28500000000000003,1526.23,1766.41,1947.89,972.79,-0.07294450653578892,0.33386060780366217,0.029999999999999916,0.12,0.12,1.01,WAIT,2,"UP15+,UP30+,DOWN_BOOK"
2026-09-21 11:41:05,1789990864,btc-updown-5m-1789990800,236,0.72,0.73,0.725,0.27,0.28,0.275,2622.91,2117.88,1323.54,3073.91,0.10652865872565538,-0.3980420470954758,-0.030000000000000027,0.15000000000000002,0.13,1.01,WAIT,2,"UP5-,UP15+,UP30+,DOWN_BOOK_WEAK"
2026-09-21 11:41:06,1789990866,btc-updown-5m-1789990800,234,0.72,0.73,0.725,0.27,0.28,0.275,1707.9,2538.65,2026.6100000000001,1619.34,-0.19562939327218565,0.11170476830455718,-0.050000000000000044,0.14500000000000002,0.10999999999999999,1.01,WAIT,1,"UP5-,UP15+,UP30+"
2026-09-21 11:41:08,1789990867,btc-updown-5m-1789990800,233,0.65,0.67,0.66,0.34,0.35,0.345,527.0,2070.6,1925.33,2451.59,-0.5942408376963351,-0.12023523390877608,-0.05499999999999994,0.08000000000000007,0.04500000000000004,1.02,WAIT,-1,"UP5-,UP15+,UP_BOOK_WEAK"
2026-09-21 11:41:09,1789990869,btc-updown-5m-1789990800,231,0.65,0.66,0.655,0.34,0.35,0.345,3523.44,1869.5700000000002,1452.2500000000002,3563.44,0.3066691884494929,-0.4209171619458139,-0.06999999999999995,0.06000000000000005,0.08000000000000007,1.01,WAIT,3,"UP5-,UP15+,UP30+,UP_BOOK,DOWN_BOOK_WEAK"
2026-09-21 11:41:11,1789990870,btc-updown-5m-1789990800,230,0.65,0.66,0.655,0.34,0.35,0.345,1103.47,2613.37,2000.6399999999999,2371.94,-0.40623217571915926,-0.08491554185400843,-0.06999999999999995,0.06000000000000005,0.08000000000000007,1.01,WAIT,0,"UP5-,UP15+,UP30+,UP_BOOK_WEAK"
2026-09-21 11:41:13,1789990872,btc-updown-5m-1789990800,228,0.62,0.63,0.625,0.36,0.37,0.365,3081.98,1704.3200000000002,1677.6399999999999,2527.41,0.28783402628335036,-0.20208320947432257,-0.03500000000000003,-0.06000000000000005,0.06999999999999995,1.0,WAIT,-2,"UP5-,UP15-,UP_BOOK,DOWN_BOOK_WEAK"
2026-09-21 11:41:14,1789990874,btc-updown-5m-1789990800,226,0.64,0.65,0.645,0.35,0.36,0.355,3408.75,1675.29,1614.29,3673.52,0.3409611254042061,-0.38942965046020944,-0.010000000000000009,-0.10999999999999999,0.050000000000000044,1.01,WAIT,0,"UP15-,UP_BOOK,DOWN_BOOK_WEAK"
2026-09-21 11:41:16,1789990875,btc-updown-5m-1789990800,225,0.64,0.65,0.645,0.35,0.36,0.355,4043.6299999999997,1828.05,1683.83,3968.9799999999996,0.37733323341871494,-0.4042502755266849,-0.010000000000000009,-0.10999999999999999,0.050000000000000044,1.01,WAIT,0,"UP15-,UP_BOOK,DOWN_BOOK_WEAK"
2026-09-21 11:41:18,1789990877,btc-updown-5m-1789990800,223,0.64,0.65,0.645,0.39,0.42,0.405,25.85,3332.45,150.59,1023.69,-0.9846053062561415,-0.7435194331845898,0.020000000000000018,-0.06999999999999995,0.050000000000000044,1.07,WAIT,-2,"UP15-,UP_BOOK_WEAK,DOWN_BOOK_WEAK"
2026-09-21 11:41:20,1789990879,btc-updown-5m-1789990800,221,0.55,0.56,0.555,0.44,0.45,0.445,1917.8400000000001,2646.61,1381.68,1933.03,-0.15966217178411415,-0.16633430978878994,-0.08999999999999997,-0.16999999999999993,-0.019999999999999907,1.01,DOWN WATCH,-4,"UP5-,UP15-"
2026-09-21 11:41:21,1789990881,btc-updown-5m-1789990800,219,0.52,0.53,0.525,0.47,0.48,0.475,1636.86,2424.26,2305.69,2449.3199999999997,-0.19388740052005365,-0.030206035318537636,-0.12,-0.19999999999999996,-0.05499999999999994,1.01,DOWN WATCH,-4,"UP5-,UP15-"
2026-09-21 11:41:23,1789990882,btc-updown-5m-1789990800,218,0.54,0.55,0.545,0.45,0.46,0.455,2171.83,2312.49,1729.99,2637.59,-0.03136707460662929,-0.2078038639246448,-0.09999999999999998,-0.11499999999999999,-0.03499999999999992,1.01,WAIT,-3,"UP5-,UP15-,DOWN_BOOK_WEAK"
2026-09-21 11:41:25,1789990884,btc-updown-5m-1789990800,216,0.54,0.55,0.545,0.45,0.46,0.455,1296.95,3145.05,2566.55,809.95,-0.4160513282305268,0.5202428550273953,-0.010000000000000009,-0.10999999999999999,-0.04999999999999993,1.01,DOWN WATCH,-4,"UP15-,UP_BOOK_WEAK,DOWN_BOOK"
2026-09-21 11:41:26,1789990886,btc-updown-5m-1789990800,214,0.55,0.56,0.555,0.44,0.45,0.445,2280.01,2153.86,1652.13,2094.34,0.02845144309598614,-0.11803377579428102,0.030000000000000027,-0.09999999999999998,-0.08999999999999997,1.01,WAIT,-1,"UP5+,UP15-,UP30-"
2026-09-21 11:41:28,1789990887,btc-updown-5m-1789990800,213,0.59,0.62,0.605,0.37,0.38,0.375,2258.76,106.53999999999999,271.81999999999994,1579.9,0.9099141757916543,-0.7064134966409609,0.05999999999999994,-0.020000000000000018,-0.08000000000000007,1.0,WAIT,3,"UP5+,UP30-,UP_BOOK,DOWN_BOOK_WEAK"
2026-09-21 11:41:29,1789990889,btc-updown-5m-1789990800,211,0.63,0.64,0.635,0.36,0.37,0.365,2461.76,1529.21,1377.21,2427.67,0.2336649987346435,-0.27608229431677217,0.08999999999999997,-0.010000000000000009,-0.12,1.01,WAIT,3,"UP5+,UP30-,UP_BOOK,DOWN_BOOK_WEAK"
2026-09-21 11:41:31,1789990890,btc-updown-5m-1789990800,210,0.68,0.69,0.685,0.31,0.32,0.315,2253.7499999999995,2118.92,1921.56,2740.75,0.03083470739845437,-0.175704747217581,0.14,0.040000000000000036,-0.06999999999999995,1.01,WAIT,2,UP5+
2026-09-21 11:41:33,1789990892,btc-updown-5m-1789990800,208,0.71,0.72,0.715,0.28,0.29,0.28500000000000003,2849.52,1613.18,1891.18,1964.7900000000002,0.27703856409796757,-0.01908987881129784,0.10999999999999999,0.06999999999999995,0.0,1.01,UP WATCH,5,"UP5+,UP15+,UP_BOOK"
2026-09-21 11:41:35,1789990894,btc-updown-5m-1789990800,206,0.73,0.74,0.735,0.27,0.28,0.275,1001.48,3028.2200000000003,2546.6099999999997,1035.68,-0.5029505918554731,0.4217776896901143,0.09999999999999998,0.17999999999999994,0.010000000000000009,1.02,WAIT,2,"UP5+,UP15+,UP_BOOK_WEAK,DOWN_BOOK"
2026-09-21 11:41:36,1789990896,btc-updown-5m-1789990800,204,0.72,0.73,0.725,0.27,0.28,0.275,2134.55,2777.17,2335.4700000000003,2147.55,-0.13083400519573588,0.04191817123278505,0.039999999999999925,0.19999999999999996,0.0,1.01,UP WATCH,4,"UP5+,UP15+"
2026-09-21 11:41:38,1789990897,btc-updown-5m-1789990800,203,0.72,0.73,0.725,0.27,0.28,0.275,1432.03,4346.889999999999,2569.89,1380.1299999999999,-0.5043952849321327,0.3012035382099332,0.010000000000000009,0.17999999999999994,0.06499999999999995,1.01,WAIT,0,"UP15+,UP_BOOK_WEAK,DOWN_BOOK"
2026-09-21 11:41:39,1789990899,btc-updown-5m-1789990800,201,0.71,0.72,0.715,0.28,0.3,0.29000000000000004,692.64,3221.83,3050.83,526.0,-0.6461130114677083,0.7058848197985367,-0.020000000000000018,0.16999999999999993,0.05999999999999994,1.02,WAIT,0,"UP15+,UP_BOOK_WEAK,DOWN_BOOK"
2026-09-21 11:41:41,1789990900,btc-updown-5m-1789990800,200,0.69,0.7,0.695,0.3,0.31,0.305,3215.41,1587.0,576.0,2833.16,0.33908183599484426,-0.6620868483732063,-0.040000000000000036,0.1499999999999999,0.039999999999999925,1.01,WAIT,2,"UP5-,UP15+,UP_BOOK,DOWN_BOOK_WEAK"
2026-09-21 11:41:43,1789990902,btc-updown-5m-1789990800,198,0.7,0.71,0.705,0.29,0.3,0.295,4136.32,1440.0,1001.0,2621.75,0.48353035693790886,-0.44738113311710714,-0.020000000000000018,0.09999999999999998,0.07999999999999996,1.01,UP WATCH,5,"UP15+,UP30+,UP_BOOK,DOWN_BOOK_WEAK"
2026-09-21 11:41:44,1789990904,btc-updown-5m-1789990800,196,0.7,0.71,0.705,0.29,0.3,0.295,1264.32,2948.04,2953.04,503.37,-0.3997094265447398,0.708732470974219,-0.010000000000000009,0.06999999999999995,0.05999999999999994,1.01,WAIT,0,"UP15+,UP_BOOK_WEAK,DOWN_BOOK"
2026-09-21 11:41:46,1789990905,btc-updown-5m-1789990800,195,0.65,0.66,0.655,0.34,0.35,0.345,1108.45,3003.16,2409.84,1779.45,-0.46081948433825193,0.1504765724024835,-0.039999999999999925,-0.030000000000000027,0.010000000000000009,1.01,WAIT,-3,"UP5-,UP_BOOK_WEAK"
2026-09-21 11:41:48,1789990907,btc-updown-5m-1789990800,193,0.65,0.66,0.655,0.34,0.35,0.345,2839.72,1055.4199999999998,634.1,2837.72,0.45808366323161687,-0.6347160855113456,-0.04999999999999993,-0.05999999999999994,0.010000000000000009,1.01,WAIT,-2,"UP5-,UP15-,UP_BOOK,DOWN_BOOK_WEAK"
2026-09-21 11:41:49,1789990909,btc-updown-5m-1789990800,191,0.66,0.67,0.665,0.32,0.33,0.325,4055.8,475.0,211.7,4727.66,0.7903240045908008,-0.9142803926014706,-0.039999999999999925,-0.06999999999999995,0.10999999999999999,1.0,WAIT,-1,"UP5-,UP15-,UP30+,UP_BOOK,DOWN_BOOK_WEAK"
2026-09-21 11:41:51,1789990910,btc-updown-5m-1789990800,190,0.66,0.67,0.665,0.33,0.34,0.335,4001.5499999999997,1107.9,565.8000000000001,4063.5499999999997,0.5663329712591374,-0.7555596358020025,0.010000000000000009,-0.06999999999999995,0.10999999999999999,1.01,WAIT,1,"UP15-,UP30+,UP_BOOK,DOWN_BOOK_WEAK"
2026-09-21 11:41:53,1789990912,btc-updown-5m-1789990800,188,0.66,0.67,0.665,0.33,0.34,0.335,4058.54,1139.0400000000002,456.94,3573.83,0.5617037159601199,-0.7732740890698303,0.010000000000000009,-0.05999999999999994,0.12,1.01,WAIT,1,"UP15-,UP30+,UP_BOOK,DOWN_BOOK_WEAK"
2026-09-21 11:41:54,1789990914,btc-updown-5m-1789990800,186,0.68,0.69,0.685,0.31,0.32,0.315,3613.09,1441.2,2253.3100000000004,1976.67,0.42971218509424675,0.06539983640584596,0.020000000000000018,-0.029999999999999916,0.14,1.01,WAIT,2,"UP30+,UP_BOOK"
2026-09-21 11:41:56,1789990915,btc-updown-5m-1789990800,185,0.7,0.71,0.705,0.29,0.3,0.295,1229.6599999999999,3044.19,2455.7400000000002,1300.91,-0.42456567263708367,0.30740952710526664,0.039999999999999925,0.010000000000000009,0.15999999999999992,1.01,WAIT,1,"UP5+,UP30+,UP_BOOK_WEAK,DOWN_BOOK"
2026-09-21 11:41:58,1789990917,btc-updown-5m-1789990800,183,0.7,0.71,0.705,0.29,0.3,0.295,1609.8600000000001,2401.2000000000003,2346.78,1142.47,-0.19728949454757597,0.3451486709178191,0.039999999999999925,0.0,0.09999999999999998,1.01,WAIT,2,"UP5+,UP30+,DOWN_BOOK"
2026-09-21 11:41:59,1789990919,btc-updown-5m-1789990800,181,0.7,0.71,0.705,0.3,0.31,0.305,732.01,2962.15,2254.4900000000002,1048.45,-0.6036933971457653,0.3651413589105464,0.019999999999999907,0.0,0.06999999999999995,1.02,WAIT,-2,"UP_BOOK_WEAK,DOWN_BOOK"
2026-09-21 11:42:01,1789990920,btc-updown-5m-1789990800,180,0.74,0.75,0.745,0.25,0.26,0.255,1395.9199999999998,2762.9700000000003,3102.9700000000003,1520.9199999999998,-0.32870549593761805,0.34214698014009853,0.040000000000000036,0.08999999999999997,0.05999999999999994,1.01,WAIT,2,"UP5+,UP15+,UP_BOOK_WEAK,DOWN_BOOK"
2026-09-21 11:42:03,1789990922,btc-updown-5m-1789990800,178,0.74,0.75,0.745,0.25,0.26,0.255,2248.5,2263.94,2183.94,2252.24,-0.003421652143851232,-0.015396129102065228,0.040000000000000036,0.08999999999999997,0.030000000000000027,1.01,UP WATCH,4,"UP5+,UP15+"
2026-09-21 11:42:04,1789990924,btc-updown-5m-1789990800,176,0.83,0.84,0.835,0.16,0.18,0.16999999999999998,1745.6299999999999,1665.55,2894.16,1645.41,0.023475747395329455,0.27508112001797524,0.13,0.16999999999999993,0.09999999999999998,1.02,UP WATCH,4,"UP5+,UP15+,UP30+,DOWN_BOOK"
2026-09-21 11:42:06,1789990925,btc-updown-5m-1789990800,175,0.82,0.84,0.83,0.16,0.17,0.165,2660.83,1062.83,1144.93,2958.21,0.4291476665431323,-0.44192496478306853,0.08499999999999996,0.16499999999999992,0.09499999999999997,1.01,UP WATCH,7,"UP5+,UP15+,UP30+,UP_BOOK,DOWN_BOOK_WEAK"
2026-09-21 11:42:08,1789990927,btc-updown-5m-1789990800,173,0.83,0.84,0.835,0.16,0.17,0.165,2805.3199999999997,2176.09,2640.59,1682.72,0.12631564155530253,0.22155940702841112,0.08999999999999997,0.16999999999999993,0.10999999999999999,1.01,UP WATCH,4,"UP5+,UP15+,UP30+,DOWN_BOOK"
2026-09-21 11:42:09,1789990929,btc-updown-5m-1789990800,171,0.83,0.84,0.835,0.16,0.17,0.165,2222.77,2609.91,2676.97,2055.27,-0.08010875952887421,0.13137541629334096,0.0,0.1499999999999999,0.12,1.01,WAIT,3,"UP15+,UP30+"
2026-09-21 11:42:11,1789990930,btc-updown-5m-1789990800,170,0.82,0.83,0.825,0.17,0.18,0.175,2849.37,2078.4500000000003,2108.4500000000003,2944.37,0.15644240252281935,-0.16543633060350452,-0.0050000000000000044,0.12,0.13,1.01,WAIT,3,"UP15+,UP30+"
2026-09-21 11:42:13,1789990932,btc-updown-5m-1789990800,168,0.82,0.83,0.825,0.17,0.18,0.175,1787.0400000000002,3002.1000000000004,3305.0699999999997,1421.3200000000002,-0.2537115223192473,0.3985600003385247,-0.010000000000000009,0.12,0.12,1.01,WAIT,1,"UP15+,UP30+,UP_BOOK_WEAK,DOWN_BOOK"
2026-09-21 11:42:15,1789990934,btc-updown-5m-1789990800,166,0.8,0.81,0.805,0.19,0.2,0.195,3127.14,2909.76,2529.49,3271.43,0.03600854743328524,-0.12790040200519917,-0.029999999999999916,0.10000000000000009,0.10000000000000009,1.01,WAIT,3,"UP15+,UP30+"
2026-09-21 11:42:16,1789990936,btc-updown-5m-1789990800,164,0.79,0.8,0.795,0.21,0.22,0.215,1078.34,3930.26,2859.12,1826.5700000000002,-0.5694046240466397,0.2203624226101171,-0.029999999999999916,0.050000000000000044,0.14,1.02,WAIT,1,"UP15+,UP30+,UP_BOOK_WEAK,DOWN_BOOK"
2026-09-21 11:42:18,1789990937,btc-updown-5m-1789990800,163,0.76,0.77,0.765,0.23,0.24,0.235,2186.2799999999997,2383.63,2429.2200000000003,2550.2799999999997,-0.04318465790354742,-0.02431167787930505,-0.05999999999999994,0.020000000000000018,0.10999999999999999,1.01,WAIT,-1,"UP5-,UP30+"
2026-09-21 11:42:20,1789990939,btc-updown-5m-1789990800,161,0.78,0.8,0.79,0.2,0.21,0.20500000000000002,3001.7599999999998,1810.02,2060.61,2282.07,0.24767133991994644,-0.05099615905385615,-0.015000000000000013,-0.04499999999999993,0.125,1.01,WAIT,2,"UP30+,UP_BOOK"
2026-09-21 11:42:21,1789990941,btc-updown-5m-1789990800,159,0.74,0.75,0.745,0.25,0.26,0.255,3435.29,1059.4899999999998,959.5899999999999,3727.4,0.5285686952420364,-0.5905303830390081,-0.050000000000000044,-0.08499999999999996,0.07999999999999996,1.01,WAIT,-1,"UP5-,UP15-,UP30+,UP_BOOK,DOWN_BOOK_WEAK"
2026-09-21 11:42:23,1789990942,btc-updown-5m-1789990800,158,0.74,0.75,0.745,0.25,0.26,0.255,3921.3900000000003,948.0799999999999,2390.2699999999995,1743.22,0.6106023858859384,0.15653842152757103,-0.020000000000000018,-0.08999999999999997,0.07999999999999996,1.01,WAIT,0,"UP15-,UP30+,UP_BOOK"
2026-09-21 11:42:25,1789990944,btc-updown-5m-1789990800,156,0.73,0.75,0.74,0.26,0.27,0.265,2429.94,2556.5699999999997,2244.2999999999997,2749.0499999999997,-0.025394514399850725,-0.10108444230827,-0.050000000000000044,-0.09499999999999997,0.05499999999999994,1.02,DOWN WATCH,-4,"UP5-,UP15-"
2026-09-21 11:42:26,1789990946,btc-updown-5m-1789990800,154,0.71,0.73,0.72,0.28,0.29,0.28500000000000003,871.02,1206.38,1886.87,1269.68,-0.16143255993068265,0.19552676181273854,-0.025000000000000022,-0.10499999999999998,0.015000000000000013,1.02,WAIT,-2,UP15-
2026-09-21 11:42:28,1789990947,btc-updown-5m-1789990800,153,0.7,0.71,0.705,0.26,0.27,0.265,2872.99,182.0,983.37,2544.6,0.8808506738156262,-0.44252927320810553,-0.040000000000000036,-0.12,0.0,0.98,WAIT,-2,"UP5-,UP15-,UP_BOOK,DOWN_BOOK_WEAK"
2026-09-21 11:42:30,1789990949,btc-updown-5m-1789990800,151,0.74,0.75,0.745,0.25,0.26,0.255,3157.05,1521.8899999999999,2118.96,2381.2400000000002,0.3494723163793509,-0.05828185413981604,0.0050000000000000044,-0.06000000000000005,0.040000000000000036,1.01,WAIT,-1,"UP15-,UP_BOOK"
2026-09-21 11:42:31,1789990951,btc-updown-5m-1789990800,149,0.75,0.76,0.755,0.24,0.25,0.245,744.0,2507.27,3138.27,605.5,-0.542332688457126,0.6765292739671508,0.03500000000000003,-0.040000000000000036,0.010000000000000009,1.01,WAIT,0,"UP5+,UP_BOOK_WEAK,DOWN_BOOK"
2026-09-21 11:42:33,1789990952,btc-updown-5m-1789990800,148,0.76,0.77,0.765,0.2,0.23,0.21500000000000002,2886.79,1449.51,640.08,3434.35,0.33145308212070196,-0.6858063581899799,0.06000000000000005,0.0,0.020000000000000018,1.0,UP WATCH,4,"UP5+,UP_BOOK,DOWN_BOOK_WEAK"
2026-09-21 11:42:35,1789990954,btc-updown-5m-1789990800,146,0.79,0.8,0.795,0.2,0.21,0.20500000000000002,2121.89,1814.0,2121.21,1397.0,0.07822627156754886,0.20584615472072446,0.050000000000000044,0.0050000000000000044,-0.039999999999999925,1.01,WAIT,1,"UP5+,DOWN_BOOK"
2026-09-21 11:42:36,1789990956,btc-updown-5m-1789990800,144,0.78,0.79,0.785,0.21,0.22,0.215,2596.67,1595.43,1564.43,2587.63,0.23883972233486794,-0.24643189163933082,0.030000000000000027,0.040000000000000036,-0.04499999999999993,1.01,UP WATCH,4,"UP5+,UP_BOOK,DOWN_BOOK_WEAK"
2026-09-21 11:42:38,1789990957,btc-updown-5m-1789990800,143,0.78,0.79,0.785,0.21,0.22,0.215,1773.0,1879.13,1878.9,1663.0,-0.02905975417085375,0.06095598407634323,0.020000000000000018,0.040000000000000036,-0.04999999999999993,1.01,WAIT,0,
2026-09-21 11:42:40,1789990959,btc-updown-5m-1789990800,141,0.8,0.81,0.805,0.19,0.2,0.195,2121.8,2114.2,2703.0499999999997,1704.63,0.001794145420207829,0.2265182590387686,0.010000000000000009,0.06500000000000006,-0.029999999999999916,1.01,WAIT,1,"UP15+,DOWN_BOOK"
2026-09-21 11:42:41,1789990961,btc-updown-5m-1789990800,139,0.81,0.82,0.815,0.18,0.19,0.185,2740.9700000000003,1954.07,1607.3999999999999,2902.25,0.16760240594329343,-0.28712871287128716,0.029999999999999916,0.09499999999999997,-0.010000000000000009,1.01,WAIT,3,"UP15+,DOWN_BOOK_WEAK"
2026-09-21 11:42:43,1789990962,btc-updown-5m-1789990800,138,0.81,0.82,0.815,0.18,0.19,0.185,2128.43,1400.62,1395.62,2173.43,0.20623397231549567,-0.21793194267382077,0.029999999999999916,0.10999999999999999,-0.010000000000000009,1.01,UP WATCH,4,"UP15+,UP_BOOK,DOWN_BOOK_WEAK"
2026-09-21 11:42:45,1789990964,btc-updown-5m-1789990800,136,0.8,0.81,0.805,0.18,0.19,0.185,2774.94,1522.6499999999999,2185.74,2151.01,0.2913935484771698,0.008008301147172322,0.0,0.06000000000000005,0.0,1.0,WAIT,3,"UP15+,UP_BOOK"
2026-09-21 11:42:46,1789990966,btc-updown-5m-1789990800,134,0.81,0.82,0.815,0.18,0.19,0.185,3473.96,1573.07,1613.07,3423.96,0.3766353677311211,-0.3595154287347902,0.0,0.05999999999999994,0.019999999999999907,1.01,UP WATCH,4,"UP15+,UP_BOOK,DOWN_BOOK_WEAK"
2026-09-21 11:42:48,1789990967,btc-updown-5m-1789990800,133,0.81,0.82,0.815,0.17,0.18,0.175,2111.71,1544.07,1747.07,2865.23,0.15527192555350708,-0.2424300240660842,0.0,0.04999999999999993,0.04999999999999993,1.0,WAIT,1,DOWN_BOOK_WEAK
2026-09-21 11:42:50,1789990969,btc-updown-5m-1789990800,131,0.82,0.83,0.825,0.17,0.18,0.175,2136.35,2550.0499999999997,2727.72,1940.21,-0.08827671560259472,0.16870647160518681,0.019999999999999907,0.029999999999999916,0.03499999999999992,1.01,WAIT,0,
2026-09-21 11:42:51,1789990971,btc-updown-5m-1789990800,129,0.78,0.79,0.785,0.21,0.22,0.215,3350.59,1550.24,2000.91,3248.31,0.3673561417147708,-0.23763530581686418,-0.029999999999999916,0.0,0.040000000000000036,1.01,WAIT,2,"UP_BOOK,DOWN_BOOK_WEAK"
2026-09-21 11:42:53,1789990972,btc-updown-5m-1789990800,128,0.78,0.79,0.785,0.21,0.22,0.215,3565.95,1422.13,1516.3200000000002,3605.95,0.42978861606068863,-0.40794999092199347,-0.029999999999999916,0.0,0.040000000000000036,1.01,WAIT,2,"UP_BOOK,DOWN_BOOK_WEAK"
2026-09-21 11:42:55,1789990974,btc-updown-5m-1789990800,126,0.91,0.92,0.915,0.09,0.1,0.095,1321.8600000000001,1183.79,2326.2200000000003,2189.4300000000003,0.05510346616646385,0.03029242744676845,0.09000000000000008,0.10999999999999999,0.17500000000000004,1.02,UP WATCH,5,"UP5+,UP15+,UP30+"
2026-09-21 11:42:57,1789990976,btc-updown-5m-1789990800,124,0.9,0.91,0.905,0.09,0.1,0.095,3038.59,2087.77,2113.19,2993.28,0.18547663449309063,-0.17234802123580478,0.12,0.09000000000000008,0.18500000000000005,1.01,UP WATCH,5,"UP5+,UP15+,UP30+"
2026-09-21 11:42:58,1789990978,btc-updown-5m-1789990800,122,0.92,0.93,0.925,0.07,0.08,0.07500000000000001,2527.13,3254.8599999999997,2469.72,2556.8399999999997,-0.12586151134816898,-0.017331932773109224,0.14,0.1100000000000001,0.22000000000000008,1.01,UP WATCH,5,"UP5+,UP15+,UP30+"
2026-09-21 11:43:00,1789990979,btc-updown-5m-1789990800,121,0.86,0.87,0.865,0.13,0.14,0.135,2561.22,1825.17,1885.3700000000001,1441.0500000000002,0.16780313652000844,0.13357303046518476,-0.050000000000000044,0.05999999999999994,0.12,1.01,WAIT,1,"UP5-,UP15+,UP30+"
2026-09-21 11:43:02,1789990981,btc-updown-5m-1789990800,119,0.86,0.87,0.865,0.18,0.19,0.185,1271.69,3225.61,247.6,1428.01,-0.4344651235185556,-0.7044658363222946,-0.040000000000000036,0.050000000000000044,0.10999999999999999,1.06,WAIT,1,"UP5-,UP15+,UP30+,UP_BOOK_WEAK,DOWN_BOOK_WEAK"
2026-09-21 11:43:04,1789990983,btc-updown-5m-1789990800,117,0.78,0.79,0.785,0.22,0.23,0.225,1295.33,2815.9700000000003,3291.8300000000004,1332.39,-0.3698684114513658,0.4237341648969989,-0.14,-0.029999999999999916,0.020000000000000018,1.02,DOWN WATCH,-4,"UP5-,UP_BOOK_WEAK,DOWN_BOOK"
2026-09-21 11:43:05,1789990985,btc-updown-5m-1789990800,115,0.74,0.75,0.745,0.27,0.28,0.275,243.29,3095.87,742.95,687.04,-0.8542807173061489,0.039098175511716925,-0.12,-0.07999999999999996,-0.050000000000000044,1.03,DOWN WATCH,-5,"UP5-,UP15-,UP_BOOK_WEAK"
2026-09-21 11:43:07,1789990986,btc-updown-5m-1789990800,114,0.77,0.78,0.775,0.22,0.23,0.225,2060.2599999999998,1596.12,1531.46,2182.05,0.12693976009058136,-0.17519543504662707,-0.08999999999999997,-0.010000000000000009,-0.010000000000000009,1.01,WAIT,-2,UP5-
2026-09-21 11:43:08,1789990988,btc-updown-5m-1789990800,112,0.76,0.77,0.765,0.22,0.23,0.225,2023.35,489.4,249.76000000000002,2624.2700000000004,0.6104666202367923,-0.8261952728398798,-0.020000000000000018,-0.020000000000000018,-0.020000000000000018,1.0,WAIT,2,"UP_BOOK,DOWN_BOOK_WEAK"
2026-09-21 11:43:10,1789990989,btc-updown-5m-1789990800,111,0.71,0.72,0.715,0.3,0.31,0.305,1150.06,1938.3799999999999,1316.31,631.78,-0.2552486044734559,0.3513852029423692,-0.07000000000000006,-0.20000000000000007,-0.09000000000000008,1.03,DOWN WATCH,-7,"UP5-,UP15-,UP30-,UP_BOOK_WEAK,DOWN_BOOK"
2026-09-21 11:43:12,1789990991,btc-updown-5m-1789990800,109,0.73,0.74,0.735,0.26,0.27,0.265,2434.75,1210.29,1127.68,2409.75,0.3359249829905845,-0.36242978659648384,-0.040000000000000036,-0.17000000000000004,-0.07999999999999996,1.01,WAIT,-3,"UP5-,UP15-,UP30-,UP_BOOK,DOWN_BOOK_WEAK"
2026-09-21 11:43:14,1789990993,btc-updown-5m-1789990800,107,0.74,0.75,0.745,0.25,0.26,0.255,2373.63,1105.46,2897.5699999999997,245.0,0.3645119844557054,0.8440766633678805,-0.020000000000000018,-0.18000000000000005,-0.06999999999999995,1.01,WAIT,-2,"UP15-,UP_BOOK,DOWN_BOOK"
2026-09-21 11:43:15,1789990995,btc-updown-5m-1789990800,105,0.65,0.66,0.655,0.36,0.37,0.365,1577.75,1542.47,2606.0699999999997,1197.12,0.011306895026632728,0.37046531990250287,-0.05999999999999994,-0.20999999999999996,-0.15000000000000002,1.03,DOWN WATCH,-6,"UP5-,UP15-,UP30-,DOWN_BOOK"
2026-09-21 11:43:24,1789990996,btc-updown-5m-1789990800,104,0.65,0.66,0.655,0.38,0.39,0.385,1814.24,724.44,1833.29,1469.07,0.4292782075724392,0.11029082232100682,-0.07999999999999996,-0.20999999999999996,-0.15999999999999992,1.05,DOWN WATCH,-4,"UP5-,UP15-,UP30-,UP_BOOK"
2026-09-21 11:43:26,1789991005,btc-updown-5m-1789990800,95,0.59,0.6,0.595,0.4,0.41,0.405,1490.2600000000002,1543.74,1537.3400000000001,1143.05,-0.01762689518787073,0.14710172773365077,-0.06000000000000005,-0.12,-0.32000000000000006,1.01,DOWN WATCH,-5,"UP5-,UP15-,UP30-"
2026-09-21 11:43:28,1789991007,btc-updown-5m-1789990800,93,0.56,0.57,0.565,0.43,0.44,0.435,967.58,921.55,761.14,916.42,0.024365713317770658,-0.09256300817854501,-0.09000000000000008,-0.17000000000000004,-0.3400000000000001,1.01,DOWN WATCH,-5,"UP5-,UP15-,UP30-"
2026-09-21 11:43:29,1789991009,btc-updown-5m-1789990800,91,0.59,0.6,0.595,0.4,0.41,0.405,1163.08,509.01,515.01,1258.8200000000002,0.3911691356326513,-0.4193242869948079,-0.06000000000000005,-0.15000000000000002,-0.27,1.01,WAIT,-3,"UP5-,UP15-,UP30-,UP_BOOK,DOWN_BOOK_WEAK"
2026-09-21 11:43:31,1789991010,btc-updown-5m-1789990800,90,0.6,0.61,0.605,0.39,0.4,0.395,1554.05,884.72,1097.1,1094.85,0.27445392554443426,0.0010264832683227264,0.010000000000000009,-0.050000000000000044,-0.26,1.01,WAIT,-2,"UP15-,UP30-,UP_BOOK"
2026-09-21 11:43:33,1789991012,btc-updown-5m-1789990800,88,0.58,0.59,0.585,0.41,0.42,0.415,920.33,1311.69,1030.61,968.1400000000001,-0.17533893065474324,0.03125453408380228,0.020000000000000018,-0.07000000000000006,-0.28,1.01,WAIT,-3,"UP15-,UP30-"
2026-09-21 11:43:34,1789991014,btc-updown-5m-1789990800,86,0.58,0.59,0.585,0.41,0.42,0.415,1929.68,378.01,403.01,1745.76,0.6723910057243391,-0.624892380291981,-0.010000000000000009,-0.07000000000000006,-0.20000000000000007,1.01,WAIT,-1,"UP15-,UP30-,UP_BOOK,DOWN_BOOK_WEAK"
2026-09-21 11:43:36,1789991015,btc-updown-5m-1789990800,85,0.65,0.66,0.655,0.34,0.35,0.345,663.81,1525.45,799.76,984.92,-0.39357591149520843,-0.10374969182150301,0.050000000000000044,0.0,-0.08999999999999997,1.01,WAIT,0,"UP5+,UP30-,UP_BOOK_WEAK"
2026-09-21 11:43:43,1789991017,btc-updown-5m-1789990800,83,0.65,0.66,0.655,0.33,0.34,0.335,1463.3,1263.3,696.9300000000001,1182.4299999999998,0.07335142668524904,-0.2583326238719563,0.07000000000000006,0.0,-0.12,1.0,WAIT,2,"UP5+,UP30-,DOWN_BOOK_WEAK"
2026-09-21 11:43:45,1789991024,btc-updown-5m-1789990800,76,0.69,0.7,0.695,0.3,0.31,0.305,1987.1399999999999,894.0,1633.85,1514.06,0.37941231595826647,0.038053819836018174,0.039999999999999925,0.09999999999999998,-0.050000000000000044,1.01,UP WATCH,5,"UP5+,UP15+,UP_BOOK"
2026-09-21 11:43:46,1789991026,btc-updown-5m-1789990800,74,0.7,0.71,0.705,0.29,0.3,0.295,839.98,2607.07,2607.98,475.98,-0.5126383429309119,0.6913189535532238,0.04999999999999993,0.09999999999999998,0.04999999999999993,1.01,WAIT,2,"UP5+,UP15+,UP_BOOK_WEAK,DOWN_BOOK"
2026-09-21 11:43:48,1789991027,btc-updown-5m-1789990800,73,0.69,0.7,0.695,0.31,0.32,0.315,922.26,2232.44,2218.36,894.23,-0.4153104891114845,0.42541099213195444,0.039999999999999925,0.10999999999999999,0.039999999999999925,1.02,WAIT,2,"UP5+,UP15+,UP_BOOK_WEAK,DOWN_BOOK"
2026-09-21 11:43:50,1789991029,btc-updown-5m-1789990800,71,0.69,0.7,0.695,0.29,0.3,0.295,1547.3400000000001,1242.0,1838.95,1039.32,0.10946675557658805,0.2778161881963819,0.0,0.10999999999999999,0.039999999999999925,1.0,WAIT,1,"UP15+,DOWN_BOOK"
2026-09-21 11:43:51,1789991031,btc-updown-5m-1789990800,69,0.69,0.7,0.695,0.3,0.31,0.305,2149.1099999999997,1311.57,829.0,2222.7799999999997,0.24201601997295327,-0.45671050993190854,-0.010000000000000009,0.039999999999999925,0.039999999999999925,1.01,WAIT,2,"UP_BOOK,DOWN_BOOK_WEAK"
2026-09-21 11:43:53,1789991033,btc-updown-5m-1789990800,67,0.79,0.8,0.795,0.2,0.21,0.20500000000000002,1577.33,1003.28,798.1700000000001,1338.42,0.22244740584590467,-0.25285618672744886,0.10000000000000009,0.14,0.14,1.01,UP WATCH,7,"UP5+,UP15+,UP30+,UP_BOOK,DOWN_BOOK_WEAK"
2026-09-21 11:43:55,1789991034,btc-updown-5m-1789990800,66,0.8,0.81,0.805,0.19,0.2,0.195,1013.73,1904.1799999999998,1879.27,1671.23,-0.30516705450133824,0.05859456414589494,0.1100000000000001,0.15000000000000002,0.15000000000000002,1.01,UP WATCH,4,"UP5+,UP15+,UP30+,UP_BOOK_WEAK"
2026-09-21 11:43:57,1789991036,btc-updown-5m-1789990800,64,0.82,0.83,0.825,0.17,0.18,0.175,2123.48,914.79,719.79,2393.48,0.39782178674048063,-0.537598730595162,0.13,0.16999999999999993,0.22999999999999998,1.01,UP WATCH,7,"UP5+,UP15+,UP30+,UP_BOOK,DOWN_BOOK_WEAK"
2026-09-21 11:44:00,1789991038,btc-updown-5m-1789990800,62,0.83,0.84,0.835,0.16,0.17,0.165,1947.48,1136.35,1510.13,1907.48,0.2630268205445826,-0.11626546036557708,0.039999999999999925,0.17999999999999994,0.27,1.01,UP WATCH,6,"UP5+,UP15+,UP30+,UP_BOOK"
2026-09-21 11:44:01,1789991041,btc-updown-5m-1789990800,59,0.97,0.98,0.975,,0.01,,696.19,3278.42,0,3768.66,-0.6496813523842591,-1.0,0.15000000000000002,0.27,0.37,0.99,UP WATCH,5,"UP5+,UP15+,UP30+,UP_BOOK_WEAK,DOWN_BOOK_WEAK"
2026-09-21 11:44:03,1789991042,btc-updown-5m-1789990800,58,0.99,,,,0.01,,6023.09,0,0,5840.360000000001,1.0,-1.0,,,,,WAIT,2,"UP_BOOK,DOWN_BOOK_WEAK"
2026-09-21 11:44:05,1789991044,btc-updown-5m-1789990800,56,0.99,,,,0.01,,5660.52,0,0,5478.02,1.0,-1.0,,,,,WAIT,2,"UP_BOOK,DOWN_BOOK_WEAK"
2026-09-21 11:44:06,1789991046,btc-updown-5m-1789990800,54,0.99,,,,0.01,,11025.619999999999,0,0,10842.66,1.0,-1.0,,,,,WAIT,2,"UP_BOOK,DOWN_BOOK_WEAK"
2026-09-21 11:44:08,1789991047,btc-updown-5m-1789990800,53,0.99,,,,0.01,,12275.09,0,0,12300.09,1.0,-1.0,,,,,WAIT,2,"UP_BOOK,DOWN_BOOK_WEAK"
2026-09-21 11:44:10,1789991049,btc-updown-5m-1789990800,51,0.99,,,,0.01,,11786.05,0,0,11766.05,1.0,-1.0,,,,,WAIT,2,"UP_BOOK,DOWN_BOOK_WEAK"
2026-09-21 11:44:11,1789991051,btc-updown-5m-1789990800,49,0.99,,,,0.01,,11379.83,0,0,11359.83,1.0,-1.0,,,,,WAIT,2,"UP_BOOK,DOWN_BOOK_WEAK"
2026-09-21 11:44:13,1789991052,btc-updown-5m-1789990800,48,0.99,,,,0.01,,15505.529999999999,0,0,15563.029999999999,1.0,-1.0,,,,,WAIT,2,"UP_BOOK,DOWN_BOOK_WEAK"
2026-09-21 11:44:15,1789991054,btc-updown-5m-1789990800,46,0.99,,,,0.01,,15762.900000000001,0,0,20582.9,1.0,-1.0,,,,,WAIT,2,"UP_BOOK,DOWN_BOOK_WEAK"
2026-09-21 11:44:16,1789991056,btc-updown-5m-1789990800,44,0.99,,,,0.01,,23936.78,0,0,23936.78,1.0,-1.0,,,,,WAIT,2,"UP_BOOK,DOWN_BOOK_WEAK"
2026-09-21 11:44:18,1789991057,btc-updown-5m-1789990800,43,0.99,,,,0.01,,25021.66,0,0,25021.66,1.0,-1.0,,,,,WAIT,2,"UP_BOOK,DOWN_BOOK_WEAK"
2026-09-21 11:44:25,1789991059,btc-updown-5m-1789990800,41,0.99,,,,0.01,,25015.059999999998,0,0,25473.7,1.0,-1.0,,,,,WAIT,2,"UP_BOOK,DOWN_BOOK_WEAK"
2026-09-21 11:44:27,1789991066,btc-updown-5m-1789990800,34,0.99,,,,0.01,,26617.920000000002,0,0,26650.420000000002,1.0,-1.0,,,,,WAIT,2,"UP_BOOK,DOWN_BOOK_WEAK"
2026-09-21 11:44:29,1789991069,btc-updown-5m-1789990800,31,0.99,,,,0.01,,30289.920000000002,0,0,34560.94,1.0,-1.0,,,,,WAIT,2,"UP_BOOK,DOWN_BOOK_WEAK"
2026-09-21 11:44:31,1789991070,btc-updown-5m-1789990800,30,0.99,,,,0.01,,33993.44,0,0,35066.94,1.0,-1.0,,,,,WAIT,2,"UP_BOOK,DOWN_BOOK_WEAK"
2026-09-21 11:44:33,1789991072,btc-updown-5m-1789990800,28,0.99,,,,0.01,,35437.44,0,0,35509.51,1.0,-1.0,,,,,WAIT,2,"UP_BOOK,DOWN_BOOK_WEAK"
2026-09-21 11:44:34,1789991074,btc-updown-5m-1789990800,26,0.99,,,,0.01,,48577.009999999995,0,0,48619.509999999995,1.0,-1.0,,,,,WAIT,2,"UP_BOOK,DOWN_BOOK_WEAK"
2026-09-21 11:44:36,1789991075,btc-updown-5m-1789990800,25,0.99,,,,0.01,,48581.439999999995,0,0,48606.439999999995,1.0,-1.0,,,,,WAIT,2,"UP_BOOK,DOWN_BOOK_WEAK"
2026-09-21 11:44:37,1789991077,btc-updown-5m-1789990800,23,0.99,,,,0.01,,49038.939999999995,0,0,48936.439999999995,1.0,-1.0,,,,,WAIT,2,"UP_BOOK,DOWN_BOOK_WEAK"
2026-09-21 11:44:39,1789991078,btc-updown-5m-1789990800,22,0.99,,,,0.01,,48836.439999999995,0,0,48836.439999999995,1.0,-1.0,,,,,WAIT,2,"UP_BOOK,DOWN_BOOK_WEAK"
2026-09-21 11:44:41,1789991080,btc-updown-5m-1789990800,20,0.99,,,,0.01,,48850.96,0,0,49141.979999999996,1.0,-1.0,,,,,WAIT,2,"UP_BOOK,DOWN_BOOK_WEAK"
2026-09-21 11:44:43,1789991082,btc-updown-5m-1789990800,18,0.99,,,,0.01,,49134.479999999996,0,0,49151.979999999996,1.0,-1.0,,,,,WAIT,0,TIME FILTER
2026-09-21 11:44:44,1789991084,btc-updown-5m-1789990800,16,0.99,,,,0.01,,49141.979999999996,0,0,49141.979999999996,1.0,-1.0,,,,,WAIT,0,TIME FILTER
2026-09-21 11:44:46,1789991085,btc-updown-5m-1789990800,15,0.99,,,,0.01,,48946.54,0,0,48947.79,1.0,-1.0,,,,,WAIT,0,TIME FILTER
2026-09-21 11:44:48,1789991087,btc-updown-5m-1789990800,13,0.99,,,,0.01,,48985.29,0,0,49037.79,1.0,-1.0,,,,,WAIT,0,TIME FILTER
2026-09-21 11:44:49,1789991089,btc-updown-5m-1789990800,11,0.99,,,,0.01,,49467.04,0,0,49457.04,1.0,-1.0,,,,,WAIT,0,TIME FILTER
2026-09-21 11:44:51,1789991090,btc-updown-5m-1789990800,10,0.99,,,,0.01,,49881.61,0,0,49809.11,1.0,-1.0,,,,,WAIT,0,TIME FILTER
2026-09-21 11:44:53,1789991092,btc-updown-5m-1789990800,8,0.99,,,,0.01,,50465.27,0,0,50515.27,1.0,-1.0,,,,,WAIT,0,TIME FILTER
2026-09-21 11:44:54,1789991094,btc-updown-5m-1789990800,6,0.99,,,,0.01,,58682.77,0,0,58702.77,1.0,-1.0,,,,,WAIT,0,TIME FILTER
2026-09-21 11:44:56,1789991095,btc-updown-5m-1789990800,5,0.99,,,,0.01,,58633.77,0,0,58633.77,1.0,-1.0,,,,,WAIT,0,TIME FILTER
2026-09-21 11:44:57,1789991097,btc-updown-5m-1789990800,3,0.99,,,,0.01,,58343.77,0,0,58343.77,1.0,-1.0,,,,,WAIT,0,TIME FILTER
2026-09-21 11:44:59,1789991098,btc-updown-5m-1789990800,2,0.99,,,,0.01,,69920.97,0,0,69925.97,1.0,-1.0,,,,,WAIT,0,TIME FILTER
2026-09-21 11:45:01,1789991100,btc-updown-5m-1789991100,300,0.4,0.41,0.405,0.57,0.58,0.575,1552.77,187.57999999999998,264.0,2187.77,0.7844341655414142,-0.7846453786448158,,,,0.99,WAIT,0,TIME FILTER
2026-09-21 11:45:02,1789991102,btc-updown-5m-1789991100,298,0.43,0.44,0.435,0.58,0.59,0.585,2535.25,3006.61,3397.14,3217.2799999999997,-0.08505447629496235,0.02719210452314793,,,,1.03,WAIT,0,TIME FILTER
2026-09-21 11:45:04,1789991103,btc-updown-5m-1789991100,297,0.41,0.42,0.415,0.58,0.59,0.585,3040.1,2707.75,3141.13,3055.1,0.0578216202580095,0.013884248970745148,,,,1.01,WAIT,0,TIME FILTER
2026-09-21 11:45:05,1789991105,btc-updown-5m-1789991100,295,0.34,0.36,0.35,0.64,0.66,0.65,2592.4800000000005,929.1,947.1,3093.2200000000003,0.47233912050840826,-0.5311757484555679,-0.05500000000000005,,,1.02,WAIT,0,TIME FILTER
2026-09-21 11:45:07,1789991106,btc-updown-5m-1789991100,294,0.34,0.35,0.345,0.65,0.66,0.655,1724.08,2572.05,2292.93,3485.12,-0.19737996755219236,-0.20633085556545896,-0.06000000000000005,,,1.01,WAIT,0,TIME FILTER
2026-09-21 11:45:09,1789991108,btc-updown-5m-1789991100,292,0.34,0.35,0.345,0.66,0.67,0.665,480.0,2740.8,3043.8500000000004,2839.69,-0.7019374068554397,0.03470019750014452,-0.07,,,1.02,WAIT,0,TIME FILTER
2026-09-21 11:45:10,1789991110,btc-updown-5m-1789991100,290,0.32,0.33,0.325,0.67,0.68,0.675,4241.43,1063.18,1058.18,4795.610000000001,0.5991486650290972,-0.6384632861786979,-0.024999999999999967,,,1.01,WAIT,0,TIME FILTER
2026-09-21 11:45:12,1789991111,btc-updown-5m-1789991100,289,0.32,0.33,0.325,0.67,0.68,0.675,3309.99,3674.0299999999997,3379.6499999999996,3960.82,-0.05212470754665651,-0.07917340442778195,-0.019999999999999962,,,1.01,WAIT,0,TIME FILTER
2026-09-21 11:45:14,1789991113,btc-updown-5m-1789991100,287,0.32,0.33,0.325,0.67,0.68,0.675,4387.57,1606.72,1706.96,5459.349999999999,0.4639164938633265,-0.5236153613226332,-0.019999999999999962,,,1.01,WAIT,0,TIME FILTER
2026-09-21 11:45:15,1789991115,btc-updown-5m-1789991100,285,0.32,0.33,0.325,0.67,0.68,0.675,4462.139999999999,2666.62,2636.62,5205.92,0.25186989041572444,-0.3276106975546188,0.0,-0.08000000000000002,,1.01,WAIT,0,"UP15-,UP_BOOK,DOWN_BOOK_WEAK"
2026-09-21 11:45:17,1789991116,btc-updown-5m-1789991100,284,0.32,0.33,0.325,0.67,0.68,0.675,3838.88,2912.44,3344.1,3954.3599999999997,0.13722353554564146,-0.08361489958155553,0.0,-0.08000000000000002,,1.01,WAIT,-2,UP15-
2026-09-21 11:45:18,1789991118,btc-updown-5m-1789991100,282,0.31,0.32,0.315,0.68,0.69,0.685,3976.84,2389.37,2384.37,3911.84,0.24935872363619802,-0.24260150153822702,-0.010000000000000009,-0.09999999999999998,,1.01,WAIT,0,"UP15-,UP_BOOK,DOWN_BOOK_WEAK"
2026-09-21 11:45:20,1789991119,btc-updown-5m-1789991100,281,0.31,0.32,0.315,0.68,0.69,0.685,1039.8,1857.27,2166.87,599.2399999999999,-0.2821712972071783,0.5667272812722561,-0.010000000000000009,-0.09999999999999998,,1.01,DOWN WATCH,-4,"UP15-,UP_BOOK_WEAK,DOWN_BOOK"
2026-09-21 11:45:22,1789991121,btc-updown-5m-1789991100,279,0.28,0.29,0.28500000000000003,0.71,0.72,0.715,4118.24,1494.43,2850.4,3151.16,0.4674798268916575,-0.050113637121015166,-0.03999999999999998,-0.05999999999999994,,1.01,WAIT,-3,"UP5-,UP15-,UP_BOOK"
2026-09-21 11:45:23,1789991123,btc-updown-5m-1789991100,277,0.27,0.28,0.275,0.72,0.73,0.725,3611.42,2191.23,2285.23,4212.77,0.2447485200727254,-0.2966358879655279,-0.03999999999999998,-0.06999999999999995,,1.01,WAIT,-2,"UP5-,UP15-,UP_BOOK,DOWN_BOOK_WEAK"
2026-09-21 11:45:25,1789991124,btc-updown-5m-1789991100,276,0.27,0.28,0.275,0.72,0.73,0.725,3491.59,2522.11,2497.11,4093.2799999999997,0.16121189949615045,-0.2421965923109254,-0.03999999999999998,-0.06999999999999995,,1.01,WAIT,-3,"UP5-,UP15-,DOWN_BOOK_WEAK"
2026-09-21 11:45:27,1789991126,btc-updown-5m-1789991100,274,0.27,0.28,0.275,0.72,0.73,0.725,3055.3,2759.02,1806.1100000000001,4516.74,0.05095694767401867,-0.4287038281787484,-0.010000000000000009,-0.04999999999999999,,1.01,WAIT,1,DOWN_BOOK_WEAK
2026-09-21 11:45:28,1789991128,btc-updown-5m-1789991100,272,0.27,0.28,0.275,0.72,0.73,0.725,3870.2200000000003,2503.3300000000004,2488.02,4539.52,0.21446289744334,-0.2919229203960419,0.0,-0.04999999999999999,,1.01,WAIT,2,"UP_BOOK,DOWN_BOOK_WEAK"
2026-09-21 11:45:30,1789991129,btc-updown-5m-1789991100,271,0.28,0.29,0.28500000000000003,0.71,0.72,0.715,3360.8,2572.84,3279.84,3185.8,0.13279538360938647,0.014544577180294596,0.010000000000000009,-0.03999999999999998,,1.01,WAIT,0,
2026-09-21 11:45:32,1789991131,btc-updown-5m-1789991100,269,0.28,0.29,0.28500000000000003,0.71,0.72,0.715,3202.6800000000003,2489.03,2971.0299999999997,3343.0,0.1253841112776301,-0.05891166180711847,0.010000000000000009,-0.03999999999999998,-0.12,1.01,WAIT,-1,UP30-
2026-09-21 11:45:33,1789991133,btc-updown-5m-1789991100,267,0.28,0.29,0.28500000000000003,0.71,0.72,0.715,3213.01,2030.1200000000001,3098.1499999999996,3184.78,0.22560760461785231,-0.013788152979581272,0.010000000000000009,-0.02999999999999997,-0.12999999999999995,1.01,WAIT,0,"UP30-,UP_BOOK"
2026-09-21 11:45:35,1789991134,btc-updown-5m-1789991100,266,0.27,0.28,0.275,0.72,0.73,0.725,3479.58,1927.64,2050.25,4059.73,0.28701254988700287,-0.32888487360024093,-0.010000000000000009,-0.03999999999999998,-0.13999999999999996,1.01,WAIT,1,"UP30-,UP_BOOK,DOWN_BOOK_WEAK"
2026-09-21 11:45:37,1789991136,btc-updown-5m-1789991100,264,0.3,0.31,0.305,0.69,0.7,0.695,1789.07,2014.2200000000003,2668.4500000000003,2298.11,-0.0591987463485562,0.07456670210366936,0.019999999999999962,0.019999999999999962,-0.03999999999999998,1.01,WAIT,0,
2026-09-21 11:45:38,1789991138,btc-updown-5m-1789991100,262,0.29,0.3,0.295,0.7,0.71,0.705,3599.83,1809.25,2696.53,2534.12,0.3310322642667515,0.031049678338256302,0.009999999999999953,0.019999999999999962,-0.04999999999999999,1.01,WAIT,1,UP_BOOK
2026-09-21 11:45:40,1789991139,btc-updown-5m-1789991100,261,0.28,0.29,0.28500000000000003,0.71,0.72,0.715,3400.12,2690.27,3247.46,3360.12,0.1165524703672507,-0.01705011517075841,0.010000000000000009,0.010000000000000009,-0.05999999999999994,1.01,WAIT,0,
2026-09-21 11:45:41,1789991141,btc-updown-5m-1789991100,259,0.28,0.29,0.28500000000000003,0.71,0.72,0.715,3906.2,1929.0500000000002,3517.7200000000003,3060.0299999999997,0.3388286705796666,0.06958154384097913,-0.019999999999999962,0.010000000000000009,-0.03999999999999998,1.01,WAIT,1,UP_BOOK
2026-09-21 11:45:43,1789991142,btc-updown-5m-1789991100,258,0.27,0.28,0.275,0.72,0.73,0.725,2896.62,1386.05,1621.9,4480.85,0.3527168798903488,-0.46846913276801444,-0.02999999999999997,0.0,-0.04999999999999999,1.01,WAIT,2,"UP_BOOK,DOWN_BOOK_WEAK"
2026-09-21 11:45:45,1789991144,btc-updown-5m-1789991100,256,0.26,0.27,0.265,0.73,0.74,0.735,3649.52,3011.06,2397.35,4035.72,0.09585651700002103,-0.25467933661533293,-0.020000000000000018,-0.020000000000000018,-0.06,1.01,WAIT,1,DOWN_BOOK_WEAK
2026-09-21 11:45:47,1789991146,btc-updown-5m-1789991100,254,0.27,0.28,0.275,0.72,0.73,0.725,2597.58,2242.87,2145.03,3949.3999999999996,0.07328037682446881,-0.29606870535882757,-0.010000000000000009,-0.010000000000000009,-0.04999999999999999,1.01,WAIT,1,DOWN_BOOK_WEAK
2026-09-21 11:45:48,1789991148,btc-updown-5m-1789991100,252,0.27,0.28,0.275,0.72,0.73,0.725,2438.92,2114.48,2652.94,3768.6499999999996,0.07125225106513816,-0.17374357441069885,0.0,-0.010000000000000009,-0.03999999999999998,1.01,WAIT,0,
2026-09-21 11:45:50,1789991149,btc-updown-5m-1789991100,251,0.27,0.28,0.275,0.72,0.73,0.725,1254.25,3035.4900000000002,3025.4900000000002,2537.48,-0.4152326248210848,0.08772472258523778,0.010000000000000009,0.0,-0.03999999999999998,1.01,WAIT,-1,UP_BOOK_WEAK
2026-09-21 11:45:51,1789991151,btc-updown-5m-1789991100,249,0.19,0.2,0.195,0.8,0.81,0.805,2496.16,3040.0299999999997,3029.6699999999996,2578.23,-0.0982390416513884,0.08050072219547418,-0.08000000000000002,-0.10999999999999999,-0.09000000000000002,1.01,DOWN WATCH,-5,"UP5-,UP15-,UP30-"
2026-09-21 11:45:53,1789991152,btc-updown-5m-1789991100,248,0.2,0.21,0.20500000000000002,0.79,0.8,0.795,3471.87,2388.2400000000002,2467.46,3543.87,0.1849163240963053,-0.17906353502469502,-0.07,-0.09999999999999998,-0.08000000000000002,1.01,DOWN WATCH,-5,"UP5-,UP15-,UP30-"
2026-09-21 11:45:55,1789991154,btc-updown-5m-1789991100,246,0.21,0.22,0.215,0.78,0.79,0.785,2709.3500000000004,3471.32,3416.32,2722.9900000000002,-0.12328275089917433,0.1129328865947476,-0.060000000000000026,-0.07000000000000003,-0.060000000000000026,1.01,DOWN WATCH,-4,"UP5-,UP15-"
2026-09-21 11:45:56,1789991156,btc-updown-5m-1789991100,244,0.21,0.22,0.215,0.78,0.79,0.785,1948.38,3527.55,3637.5,1788.38,-0.2883838909555089,0.3407963316549573,0.01999999999999999,-0.07000000000000003,-0.060000000000000026,1.01,DOWN WATCH,-4,"UP15-,UP_BOOK_WEAK,DOWN_BOOK"
2026-09-21 11:45:58,1789991157,btc-updown-5m-1789991100,243,0.2,0.21,0.20500000000000002,0.79,0.8,0.795,1827.92,3436.6600000000003,3572.75,1749.67,-0.3055780328155333,0.34252839873591334,0.0,-0.07,-0.07,1.01,DOWN WATCH,-5,"UP15-,UP30-,UP_BOOK_WEAK,DOWN_BOOK"
2026-09-21 11:46:00,1789991159,btc-updown-5m-1789991100,241,0.2,0.21,0.20500000000000002,0.79,0.8,0.795,3090.29,3024.8900000000003,3454.8900000000003,2467.2000000000003,0.010694697457801673,0.16678064669736528,-0.009999999999999981,-0.06,-0.08000000000000002,1.01,WAIT,-3,"UP15-,UP30-"
2026-09-21 11:46:01,1789991161,btc-updown-5m-1789991100,239,0.2,0.21,0.20500000000000002,0.79,0.8,0.795,1750.93,3833.0800000000004,3863.3100000000004,1642.5900000000001,-0.37287719756948867,0.40333460469677984,-0.009999999999999981,-0.07,-0.08000000000000002,1.01,DOWN WATCH,-5,"UP15-,UP30-,UP_BOOK_WEAK,DOWN_BOOK"
2026-09-21 11:46:03,1789991162,btc-updown-5m-1789991100,238,0.2,0.21,0.20500000000000002,0.79,0.8,0.795,1463.42,4284.549999999999,4284.549999999999,505.0,-0.490804579703791,0.7891242392291551,0.0,-0.07,-0.08000000000000002,1.01,DOWN WATCH,-5,"UP15-,UP30-,UP_BOOK_WEAK,DOWN_BOOK"
2026-09-21 11:46:05,1789991164,btc-updown-5m-1789991100,236,0.16,0.17,0.165,0.83,0.84,0.835,2578.7,3308.17,3576.2200000000003,2508.7,-0.12391474586664905,0.17543698191594967,-0.04000000000000001,-0.11000000000000001,-0.11000000000000001,1.01,DOWN WATCH,-5,"UP5-,UP15-,UP30-"
2026-09-21 11:46:07,1789991166,btc-updown-5m-1789991100,234,0.15,0.16,0.155,0.84,0.85,0.845,2769.43,3027.11,3037.11,2734.43,-0.044454105380106114,0.052443541931616225,-0.05000000000000002,-0.04000000000000001,-0.15,1.01,WAIT,-3,"UP5-,UP30-"
2026-09-21 11:46:08,1789991168,btc-updown-5m-1789991100,232,0.15,0.16,0.155,0.84,0.85,0.845,1987.5299999999997,2874.98,3744.33,1464.02,-0.18250862209023738,0.4378181189820192,-0.05000000000000002,-0.05000000000000002,-0.13999999999999999,1.01,DOWN WATCH,-6,"UP5-,UP15-,UP30-,DOWN_BOOK"
2026-09-21 11:46:10,1789991169,btc-updown-5m-1789991100,231,0.13,0.14,0.135,0.86,0.87,0.865,1930.55,3885.22,3798.8599999999997,1954.3999999999999,-0.33609822946918466,0.3205938893775008,-0.03,-0.07999999999999999,-0.15000000000000002,1.01,DOWN WATCH,-7,"UP5-,UP15-,UP30-,UP_BOOK_WEAK,DOWN_BOOK"
2026-09-21 11:46:12,1789991171,btc-updown-5m-1789991100,229,0.12,0.13,0.125,0.87,0.88,0.875,1859.5300000000002,3797.79,4128.98,2319.17,-0.34261098894883085,0.28067120026674314,-0.03,-0.09,-0.16000000000000003,1.01,DOWN WATCH,-7,"UP5-,UP15-,UP30-,UP_BOOK_WEAK,DOWN_BOOK"
2026-09-21 11:46:13,1789991173,btc-updown-5m-1789991100,227,0.1,0.11,0.10500000000000001,0.9,0.91,0.905,1888.35,3473.61,2764.0,2152.58,-0.2956493521025894,0.12435880225685336,-0.04999999999999999,-0.1,-0.17,1.02,DOWN WATCH,-6,"UP5-,UP15-,UP30-,UP_BOOK_WEAK"
2026-09-21 11:46:15,1789991174,btc-updown-5m-1789991100,226,0.1,0.11,0.10500000000000001,0.88,0.89,0.885,4040.1399999999994,1715.0,1527.36,4086.6899999999996,0.40401102318970517,-0.4558794453202234,-0.03,-0.1,-0.16,1.0,WAIT,-3,"UP5-,UP15-,UP30-,UP_BOOK,DOWN_BOOK_WEAK"
2026-09-21 11:46:16,1789991176,btc-updown-5m-1789991100,224,0.11,0.12,0.11499999999999999,0.88,0.89,0.885,3721.34,2120.19,2135.19,3679.3,0.27409771070250427,-0.26556241390044527,-0.010000000000000009,-0.09000000000000002,-0.16000000000000003,1.01,WAIT,-1,"UP15-,UP30-,UP_BOOK,DOWN_BOOK_WEAK"
2026-09-21 11:46:18,1789991177,btc-updown-5m-1789991100,223,0.11,0.12,0.11499999999999999,0.88,0.89,0.885,3383.6400000000003,2484.7799999999997,2504.7799999999997,3388.6400000000003,0.15316899608412496,-0.14997403884332028,-0.010000000000000009,-0.09000000000000002,-0.16000000000000003,1.01,WAIT,-3,"UP15-,UP30-"
2026-09-21 11:46:20,1789991179,btc-updown-5m-1789991100,221,0.11,0.12,0.11499999999999999,0.88,0.89,0.885,2345.45,3210.21,3200.21,2567.1499999999996,-0.15565387370717435,0.10976599345281038,0.009999999999999981,-0.05000000000000002,-0.16000000000000003,1.01,WAIT,-3,"UP15-,UP30-"
2026-09-21 11:46:21,1789991181,btc-updown-5m-1789991100,219,0.11,0.12,0.11499999999999999,0.88,0.89,0.885,2551.8999999999996,3376.6499999999996,3351.6499999999996,2581.8999999999996,-0.13911496065648432,0.12972840879406092,0.0,-0.04000000000000001,-0.08000000000000002,1.01,WAIT,-1,UP30-
2026-09-21 11:46:23,1789991182,btc-updown-5m-1789991100,218,0.17,0.18,0.175,0.79,0.8,0.795,2608.77,416.04,1810.4699999999998,1217.23,0.724914953335912,0.195937510321366,0.06,0.01999999999999999,-0.030000000000000027,0.98,WAIT,3,"UP5+,UP_BOOK"
2026-09-21 11:46:25,1789991184,btc-updown-5m-1789991100,216,0.18,0.19,0.185,0.81,0.82,0.815,2421.1400000000003,3233.23,2572.96,2726.1400000000003,-0.14362165900003,-0.028906795493574434,0.07,0.04999999999999999,-0.03,1.01,WAIT,2,UP5+
2026-09-21 11:46:26,1789991186,btc-updown-5m-1789991100,214,0.17,0.18,0.175,0.82,0.83,0.825,1893.28,3168.31,3409.62,1828.71,-0.2519030581299552,0.3017965649357715,0.06,0.04999999999999999,-0.04000000000000001,1.01,WAIT,0,"UP5+,UP_BOOK_WEAK,DOWN_BOOK"
2026-09-21 11:46:28,1789991187,btc-updown-5m-1789991100,213,0.17,0.18,0.175,0.82,0.83,0.825,1817.51,3389.56,3286.77,1952.51,-0.30190683052081113,0.25466476309721947,0.0,0.04999999999999999,-0.030000000000000027,1.01,WAIT,-2,"UP_BOOK_WEAK,DOWN_BOOK"
2026-09-21 11:46:30,1789991189,btc-updown-5m-1789991100,211,0.15,0.16,0.155,0.8,0.81,0.805,1833.98,1044.26,384.65,2014.5,0.2743760075601757,-0.6793447679386448,-0.03,0.04999999999999999,-0.05000000000000002,0.9700000000000001,WAIT,0,"UP5-,UP_BOOK,DOWN_BOOK_WEAK"
2026-09-21 11:46:31,1789991191,btc-updown-5m-1789991100,209,0.21,0.22,0.215,0.78,0.79,0.785,1958.3500000000001,2307.45,2236.5899999999997,2065.9900000000002,-0.08183693562754926,0.03965062822771441,0.04000000000000001,0.1,0.009999999999999981,1.01,UP WATCH,4,"UP5+,UP15+"
2026-09-21 11:46:33,1789991192,btc-updown-5m-1789991100,208,0.21,0.22,0.215,0.78,0.79,0.785,1280.08,3624.0600000000004,3547.1600000000003,1434.44,-0.47795943835208626,0.42410470531556127,0.04000000000000001,0.1,0.009999999999999981,1.01,WAIT,2,"UP5+,UP15+,UP_BOOK_WEAK,DOWN_BOOK"
2026-09-21 11:46:34,1789991194,btc-updown-5m-1789991100,206,0.21,0.23,0.22,0.78,0.79,0.785,761.05,3663.1600000000003,2413.48,1366.29,-0.6559611772497238,0.27705124915008056,0.065,0.10500000000000001,0.05499999999999999,1.02,WAIT,2,"UP5+,UP15+,UP_BOOK_WEAK,DOWN_BOOK"
2026-09-21 11:46:36,1789991195,btc-updown-5m-1789991100,205,0.21,0.22,0.215,0.78,0.79,0.785,1472.48,2709.62,2709.62,1484.68,-0.29581789053346397,0.29204873280404353,0.06,0.1,0.04999999999999999,1.01,WAIT,2,"UP5+,UP15+,UP_BOOK_WEAK,DOWN_BOOK"
2026-09-21 11:46:37,1789991197,btc-updown-5m-1789991100,203,0.27,0.28,0.275,0.72,0.73,0.725,2180.02,1388.2800000000002,1363.38,2393.61,0.22188156825379024,-0.2742168597733824,0.060000000000000026,0.10000000000000003,0.12000000000000002,1.01,UP WATCH,7,"UP5+,UP15+,UP30+,UP_BOOK,DOWN_BOOK_WEAK"
2026-09-21 11:46:39,1789991198,btc-updown-5m-1789991100,202,0.35,0.36,0.355,0.64,0.65,0.645,1213.91,658.25,481.36,1819.6799999999998,0.2968015554226135,-0.5816152696172164,0.13999999999999999,0.18,0.19999999999999998,1.01,UP WATCH,7,"UP5+,UP15+,UP30+,UP_BOOK,DOWN_BOOK_WEAK"
2026-09-21 11:46:41,1789991200,btc-updown-5m-1789991100,200,0.39,0.4,0.395,0.6,0.61,0.605,1040.12,2716.66,2491.66,786.12,-0.446270476312161,0.5203338845194003,0.18000000000000002,0.21000000000000002,0.26,1.01,WAIT,3,"UP5+,UP15+,UP30+,UP_BOOK_WEAK,DOWN_BOOK"
2026-09-21 11:46:42,1789991202,btc-updown-5m-1789991100,198,0.36,0.38,0.37,0.62,0.63,0.625,2828.98,1429.77,2210.9700000000003,2281.32,0.32854945700029353,-0.015660164415031062,0.09499999999999997,0.195,0.245,1.01,UP WATCH,6,"UP5+,UP15+,UP30+,UP_BOOK"
2026-09-21 11:46:44,1789991203,btc-updown-5m-1789991100,197,0.37,0.38,0.375,0.62,0.63,0.625,1391.75,3630.15,3583.77,1426.75,-0.44572771261873,0.4304982317204601,0.020000000000000018,0.2,0.27,1.01,WAIT,1,"UP15+,UP30+,UP_BOOK_WEAK,DOWN_BOOK"
2026-09-21 11:46:46,1789991205,btc-updown-5m-1789991100,195,0.36,0.37,0.365,0.63,0.64,0.635,2861.06,1159.98,1208.99,3111.96,0.4230447844338778,-0.4404054663904929,-0.030000000000000027,0.21,0.26,1.01,WAIT,3,"UP5-,UP15+,UP30+,UP_BOOK,DOWN_BOOK_WEAK"
2026-09-21 11:46:48,1789991207,btc-updown-5m-1789991100,193,0.35,0.36,0.355,0.64,0.65,0.645,1729.37,3333.7200000000003,2715.94,1526.67,-0.3168717127287882,0.2803156547502598,-0.015000000000000013,0.13999999999999999,0.24,1.01,WAIT,1,"UP15+,UP30+,UP_BOOK_WEAK,DOWN_BOOK"
2026-09-21 11:46:49,1789991209,btc-updown-5m-1789991100,191,0.35,0.36,0.355,0.64,0.65,0.645,1709.17,2879.31,2940.0600000000004,1616.57,-0.2550169119185438,0.29045369055639814,-0.020000000000000018,0.13499999999999998,0.24,1.01,WAIT,1,"UP15+,UP30+,UP_BOOK_WEAK,DOWN_BOOK"
2026-09-21 11:46:51,1789991210,btc-updown-5m-1789991100,190,0.34,0.35,0.345,0.65,0.66,0.655,2311.65,1320.14,1500.1399999999999,2717.75,0.2730086266001063,-0.2886775141125066,-0.020000000000000018,0.12999999999999998,0.22999999999999998,1.01,UP WATCH,5,"UP15+,UP30+,UP_BOOK,DOWN_BOOK_WEAK"
2026-09-21 11:46:53,1789991212,btc-updown-5m-1789991100,188,0.34,0.35,0.345,0.65,0.66,0.655,1521.0100000000002,1517.7,1226.14,3196.2999999999997,0.0010892780160002675,-0.44549162905545353,-0.010000000000000009,0.06999999999999995,0.16999999999999998,1.01,UP WATCH,4,"UP15+,UP30+,DOWN_BOOK_WEAK"
2026-09-21 11:46:54,1789991214,btc-updown-5m-1789991100,186,0.35,0.36,0.355,0.64,0.65,0.645,1465.5100000000002,2885.81,3035.81,1530.5100000000002,-0.3264066995762205,0.3296527619614919,0.0,0.0,0.16999999999999998,1.01,WAIT,-1,"UP30+,UP_BOOK_WEAK,DOWN_BOOK"
2026-09-21 11:46:56,1789991215,btc-updown-5m-1789991100,185,0.34,0.35,0.345,0.65,0.66,0.655,1231.89,2381.9,2099.14,2742.16,-0.31822823130287037,-0.13281969718877162,0.0,-0.050000000000000044,0.15999999999999998,1.01,WAIT,-2,"UP15-,UP30+,UP_BOOK_WEAK"
2026-09-21 11:46:58,1789991217,btc-updown-5m-1789991100,183,0.34,0.35,0.345,0.65,0.66,0.655,2319.24,1771.91,1746.91,3156.4799999999996,0.13378389939259128,-0.28746846569414214,0.0,-0.025000000000000022,0.16999999999999998,1.01,WAIT,2,"UP30+,DOWN_BOOK_WEAK"
2026-09-21 11:46:59,1789991219,btc-updown-5m-1789991100,181,0.34,0.35,0.345,0.65,0.66,0.655,1919.24,1719.69,1602.62,3043.83,0.05483754840021653,-0.3101744342454993,-0.010000000000000009,-0.030000000000000027,0.18999999999999997,1.01,WAIT,2,"UP30+,DOWN_BOOK_WEAK"
2026-09-21 11:47:01,1789991220,btc-updown-5m-1789991100,180,0.34,0.35,0.345,0.65,0.66,0.655,2375.88,1381.6200000000001,2681.6400000000003,909.3700000000001,0.2646067864271457,0.493529675495195,0.0,-0.020000000000000018,0.18999999999999997,1.01,WAIT,1,"UP30+,UP_BOOK,DOWN_BOOK"
2026-09-21 11:47:02,1789991222,btc-updown-5m-1789991100,178,0.33,0.34,0.335,0.66,0.67,0.665,1276.67,2314.71,2538.82,735.94,-0.2890365263492028,0.5505380546971381,-0.009999999999999953,-0.019999999999999962,0.12000000000000002,1.01,WAIT,-1,"UP30+,UP_BOOK_WEAK,DOWN_BOOK"
2026-09-21 11:47:04,1789991223,btc-updown-5m-1789991100,177,0.33,0.34,0.335,0.69,0.7,0.695,17.58,2992.82,1538.24,2305.47,-0.9883204889715653,-0.19960663005273546,-0.009999999999999953,-0.019999999999999962,0.12000000000000002,1.04,WAIT,0,"UP30+,UP_BOOK_WEAK"
2026-09-21 11:47:06,1789991225,btc-updown-5m-1789991100,175,0.46,0.47,0.46499999999999997,0.53,0.54,0.535,1716.67,570.4300000000001,720.97,2668.66,0.5011761619518167,-0.5746025377401073,0.12,0.12,0.24999999999999997,1.01,UP WATCH,7,"UP5+,UP15+,UP30+,UP_BOOK,DOWN_BOOK_WEAK"
2026-09-21 11:47:09,1789991227,btc-updown-5m-1789991100,173,0.33,0.34,0.335,0.66,0.67,0.665,612.27,1561.62,787.9800000000001,2938.59,-0.4367056290796682,-0.5771017316191565,0.0,-0.009999999999999953,0.06,1.01,WAIT,0,"UP_BOOK_WEAK,DOWN_BOOK_WEAK"
2026-09-21 11:47:10,1789991230,btc-updown-5m-1789991100,170,0.31,0.32,0.315,0.68,0.69,0.685,3257.43,1038.3,1418.94,3050.62,0.5165897298014541,-0.36506501758562365,-0.14999999999999997,-0.02999999999999997,-0.08000000000000002,1.01,WAIT,-1,"UP5-,UP30-,UP_BOOK,DOWN_BOOK_WEAK"
2026-09-21 11:47:12,1789991231,btc-updown-5m-1789991100,169,0.3,0.32,0.31,0.69,0.7,0.695,2343.95,1654.74,1199.56,3390.85,0.17235894755532433,-0.47736258852695074,-0.15499999999999997,-0.034999999999999976,-0.08500000000000002,1.02,WAIT,-2,"UP5-,UP30-,DOWN_BOOK_WEAK"
2026-09-21 11:47:14,1789991233,btc-updown-5m-1789991100,167,0.34,0.35,0.345,0.65,0.66,0.655,2885.1800000000003,855.08,836.0,3984.1800000000003,0.5427697539743227,-0.6531249870336793,0.009999999999999953,0.0,-0.030000000000000027,1.01,WAIT,2,"UP_BOOK,DOWN_BOOK_WEAK"
2026-09-21 11:47:15,1789991235,btc-updown-5m-1789991100,165,0.34,0.35,0.345,0.65,0.66,0.655,1292.58,2482.54,2461.54,2120.58,-0.31521117209519167,0.07441097134077677,0.02999999999999997,0.0,-0.020000000000000018,1.01,WAIT,-1,UP_BOOK_WEAK
2026-09-21 11:47:17,1789991236,btc-updown-5m-1789991100,164,0.31,0.32,0.315,0.68,0.69,0.685,1375.7,2688.5099999999998,2713.5099999999998,1413.3700000000001,-0.3230172653480011,0.31504187182568905,0.0050000000000000044,-0.02999999999999997,-0.04999999999999999,1.01,WAIT,-2,"UP_BOOK_WEAK,DOWN_BOOK"
2026-09-21 11:47:19,1789991238,btc-updown-5m-1789991100,162,0.3,0.31,0.305,0.69,0.7,0.695,2942.45,1058.92,1355.3000000000002,2887.25,0.47072127796229785,-0.3610917962074695,-0.03999999999999998,-0.030000000000000027,-0.04999999999999999,1.01,WAIT,0,"UP5-,UP_BOOK,DOWN_BOOK_WEAK"
2026-09-21 11:47:20,1789991240,btc-updown-5m-1789991100,160,0.2,0.21,0.20500000000000002,0.79,0.8,0.795,2613.52,1136.23,1398.23,2008.52,0.3939702646843123,-0.17914141043516546,-0.13999999999999996,-0.25999999999999995,-0.13999999999999996,1.01,DOWN WATCH,-4,"UP5-,UP15-,UP30-,UP_BOOK"
2026-09-21 11:47:22,1789991241,btc-updown-5m-1789991100,159,0.19,0.2,0.195,0.8,0.81,0.805,957.52,2756.9900000000002,2980.9900000000002,843.18,-0.48444343937692996,0.5590258801256222,-0.12,-0.26999999999999996,-0.14999999999999997,1.01,DOWN WATCH,-7,"UP5-,UP15-,UP30-,UP_BOOK_WEAK,DOWN_BOOK"
2026-09-21 11:47:24,1789991243,btc-updown-5m-1789991100,157,0.19,0.2,0.195,0.8,0.81,0.805,2518.7799999999997,2079.63,2197.26,2237.08,0.09550040122564096,-0.008979915838659126,-0.10999999999999999,-0.14,-0.14999999999999997,1.01,DOWN WATCH,-5,"UP5-,UP15-,UP30-"
2026-09-21 11:47:25,1789991245,btc-updown-5m-1789991100,155,0.17,0.18,0.175,0.82,0.83,0.825,4336.1,1287.22,1113.3700000000001,3343.9399999999996,0.5421850437108328,-0.5004296313247227,-0.030000000000000027,-0.14,-0.16999999999999998,1.01,WAIT,-3,"UP5-,UP15-,UP30-,UP_BOOK,DOWN_BOOK_WEAK"
2026-09-21 11:47:27,1789991246,btc-updown-5m-1789991100,154,0.15,0.16,0.155,0.84,0.85,0.845,1489.3799999999999,2906.13,2915.13,1706.3799999999999,-0.3223175467693169,0.2615487145976099,-0.04000000000000001,-0.155,-0.18999999999999997,1.01,DOWN WATCH,-7,"UP5-,UP15-,UP30-,UP_BOOK_WEAK,DOWN_BOOK"
2026-09-21 11:47:29,1789991248,btc-updown-5m-1789991100,152,0.12,0.13,0.125,0.87,0.88,0.875,3023.4799999999996,2392.97,2002.2499999999998,3565.89,0.1164065024139427,-0.2808190886005022,-0.07,-0.21999999999999997,-0.21999999999999997,1.01,DOWN WATCH,-4,"UP5-,UP15-,UP30-,DOWN_BOOK_WEAK"
2026-09-21 11:47:31,1789991250,btc-updown-5m-1789991100,150,0.12,0.13,0.125,0.87,0.88,0.875,3324.34,2096.31,1951.2,3410.34,0.22654663186149268,-0.27214941975626405,-0.04999999999999999,-0.21999999999999997,-0.21999999999999997,1.01,WAIT,-3,"UP5-,UP15-,UP30-,UP_BOOK,DOWN_BOOK_WEAK"
2026-09-21 11:47:32,1789991252,btc-updown-5m-1789991100,148,0.12,0.13,0.125,0.87,0.88,0.875,3962.44,1514.25,1494.25,3982.44,0.4470200066098318,-0.454323688213136,-0.03,-0.19,-0.21000000000000002,1.01,WAIT,-3,"UP5-,UP15-,UP30-,UP_BOOK,DOWN_BOOK_WEAK"
2026-09-21 11:47:34,1789991253,btc-updown-5m-1789991100,147,0.12,0.13,0.125,0.87,0.88,0.875,3972.0299999999997,1515.64,1670.64,3967.0299999999997,0.4476198459455469,-0.40732962376300835,0.0,-0.18,-0.21000000000000002,1.01,WAIT,-1,"UP15-,UP30-,UP_BOOK,DOWN_BOOK_WEAK"
2026-09-21 11:47:36,1789991255,btc-updown-5m-1789991100,145,0.17,0.18,0.175,0.82,0.83,0.825,1203.1799999999998,2761.76,2806.76,1358.1399999999999,-0.3930904376863207,0.3478162741002186,0.04999999999999999,-0.030000000000000027,-0.29,1.01,WAIT,-1,"UP5+,UP30-,UP_BOOK_WEAK,DOWN_BOOK"
2026-09-21 11:47:37,1789991257,btc-updown-5m-1789991100,143,0.17,0.18,0.175,0.82,0.83,0.825,1495.56,3547.1800000000003,3527.1800000000003,1479.69,-0.40684627801552337,0.4089361217686898,0.04999999999999999,-0.020000000000000018,-0.16000000000000003,1.01,WAIT,-1,"UP5+,UP30-,UP_BOOK_WEAK,DOWN_BOOK"
2026-09-21 11:47:39,1789991258,btc-updown-5m-1789991100,142,0.14,0.15,0.14500000000000002,0.85,0.86,0.855,876.19,3310.78,3198.78,1722.77,-0.5814682216495461,0.29990754945088444,0.020000000000000018,-0.04999999999999999,-0.19,1.01,WAIT,-3,"UP30-,UP_BOOK_WEAK,DOWN_BOOK"
2026-09-21 11:47:40,1789991260,btc-updown-5m-1789991100,140,0.14,0.15,0.14500000000000002,0.85,0.86,0.855,1147.77,2955.39,2915.39,2034.35,-0.44054338607317284,0.17799722813723548,-0.02999999999999997,-0.02999999999999997,-0.16999999999999998,1.01,WAIT,-2,"UP30-,UP_BOOK_WEAK"
2026-09-21 11:47:42,1789991261,btc-updown-5m-1789991100,139,0.15,0.17,0.16,0.82,0.83,0.825,3072.8,741.73,1720.28,2536.39,0.6111028095204389,-0.19172498690290765,-0.014999999999999986,0.0050000000000000044,-0.15,1.0,WAIT,0,"UP30-,UP_BOOK"
2026-09-21 11:47:44,1789991263,btc-updown-5m-1789991100,137,0.17,0.18,0.175,0.82,0.83,0.825,1509.58,3061.48,2323.3,1755.98,-0.33950549763074656,0.1390735620011375,0.02999999999999997,0.04999999999999999,-0.16999999999999998,1.01,WAIT,-2,"UP30-,UP_BOOK_WEAK"
2026-09-21 11:47:45,1789991265,btc-updown-5m-1789991100,135,0.23,0.24,0.235,0.76,0.77,0.765,217.73000000000002,1721.0900000000001,3565.13,412.7,-0.7753994697805882,0.7924999308668295,0.08999999999999997,0.10999999999999999,-0.10999999999999999,1.01,WAIT,1,"UP5+,UP15+,UP30-,UP_BOOK_WEAK,DOWN_BOOK"
2026-09-21 11:47:47,1789991266,btc-updown-5m-1789991100,134,0.2,0.21,0.20500000000000002,0.82,0.84,0.83,1361.1,3262.36,2200.97,1064.39,-0.411220168445277,0.34807188181395,0.04500000000000001,0.08000000000000002,-0.10999999999999999,1.05,WAIT,1,"UP5+,UP15+,UP30-,UP_BOOK_WEAK,DOWN_BOOK"
2026-09-21 11:47:49,1789991268,btc-updown-5m-1789991100,132,0.14,0.15,0.14500000000000002,0.85,0.86,0.855,2537.99,830.11,970.11,3543.74,0.5070752056055342,-0.5701629429422777,-0.02999999999999997,0.020000000000000018,-0.15999999999999998,1.01,WAIT,1,"UP30-,UP_BOOK,DOWN_BOOK_WEAK"
2026-09-21 11:47:50,1789991270,btc-updown-5m-1789991100,130,0.18,0.19,0.185,0.81,0.82,0.815,1534.23,3308.0199999999995,2999.0199999999995,1090.01,-0.36631524601166804,0.4668613338615759,-0.04999999999999999,0.010000000000000009,-0.020000000000000018,1.01,DOWN WATCH,-4,"UP5-,UP_BOOK_WEAK,DOWN_BOOK"
2026-09-21 11:47:52,1789991271,btc-updown-5m-1789991100,129,0.22,0.23,0.225,0.77,0.78,0.775,1493.5,1492.47,2509.86,983.8399999999999,0.0003449465332873313,0.4367919397773135,0.01999999999999999,0.05000000000000002,0.03,1.01,WAIT,1,"UP15+,DOWN_BOOK"
2026-09-21 11:47:54,1789991273,btc-updown-5m-1789991100,127,0.17,0.18,0.175,0.82,0.83,0.825,2954.82,1553.0,1863.0,2931.59,0.31097514985070396,-0.22287411436640048,0.02999999999999997,0.02999999999999997,-0.020000000000000018,1.01,WAIT,2,"UP_BOOK,DOWN_BOOK_WEAK"
2026-09-21 11:47:55,1789991275,btc-updown-5m-1789991100,125,0.17,0.18,0.175,0.82,0.83,0.825,2458.55,2452.29,2685.42,2114.76,0.0012747310032499976,0.11888304188592924,-0.010000000000000009,0.02999999999999997,0.0,1.01,WAIT,0,
2026-09-21 11:47:57,1789991276,btc-updown-5m-1789991100,124,0.19,0.2,0.195,0.8,0.81,0.805,1576.0900000000001,2519.19,2517.67,1524.6000000000001,-0.2302895040143775,0.24567136782055624,-0.03,0.035,0.04000000000000001,1.01,DOWN WATCH,-4,"UP5-,UP_BOOK_WEAK,DOWN_BOOK"
2026-09-21 11:47:58,1789991278,btc-updown-5m-1789991100,122,0.15,0.16,0.155,0.84,0.85,0.845,1456.6599999999999,3314.71,3358.14,1322.87,-0.3894164569086028,0.4347929186222631,-0.01999999999999999,-0.01999999999999999,0.03,1.01,WAIT,-2,"UP_BOOK_WEAK,DOWN_BOOK"
2026-09-21 11:48:00,1789991279,btc-updown-5m-1789991100,121,0.14,0.15,0.14500000000000002,0.86,0.87,0.865,245.51999999999998,3868.13,3441.2,1270.73,-0.8806315559174943,0.4606329041390682,-0.02999999999999997,-0.02999999999999997,0.020000000000000018,1.02,WAIT,-2,"UP_BOOK_WEAK,DOWN_BOOK"
2026-09-21 11:48:02,1789991281,btc-updown-5m-1789991100,119,0.12,0.13,0.125,0.87,0.88,0.875,1566.4499999999998,2712.2200000000003,3018.21,1257.6599999999999,-0.2677864850525982,0.41174076854534875,-0.07,-0.08000000000000002,0.0,1.01,DOWN WATCH,-6,"UP5-,UP15-,UP_BOOK_WEAK,DOWN_BOOK"
2026-09-21 11:48:03,1789991283,btc-updown-5m-1789991100,117,0.06,0.07,0.065,0.93,0.94,0.935,2590.86,2735.21,2819.83,2778.7999999999997,-0.0271025352652143,0.007328578598692932,-0.09,-0.08000000000000002,-0.06,1.01,DOWN WATCH,-4,"UP5-,UP15-"
2026-09-21 11:48:05,1789991284,btc-updown-5m-1789991100,116,0.06,0.07,0.065,0.93,0.94,0.935,2443.2999999999997,3422.8599999999997,3105.62,2571.1,-0.16698487596656075,0.09416000789188124,-0.08000000000000002,-0.08000000000000002,-0.06,1.01,DOWN WATCH,-4,"UP5-,UP15-"
2026-09-21 11:48:06,1789991286,btc-updown-5m-1789991100,114,0.05,0.06,0.055,0.94,0.95,0.945,2964.59,1851.4199999999998,1546.01,5149.8,0.23113947022535258,-0.5382156901106812,-0.07,-0.17,-0.12,1.01,WAIT,-3,"UP5-,UP15-,UP30-,UP_BOOK,DOWN_BOOK_WEAK"
2026-09-21 11:48:08,1789991287,btc-updown-5m-1789991100,113,0.05,0.06,0.055,0.94,0.95,0.945,2807.95,1590.44,1650.44,4685.61,0.27680810478379586,-0.4790318889528965,-0.07,-0.17,-0.12,1.01,WAIT,-3,"UP5-,UP15-,UP30-,UP_BOOK,DOWN_BOOK_WEAK"
2026-09-21 11:48:10,1789991289,btc-updown-5m-1789991100,111,0.04,0.05,0.045,0.94,0.95,0.945,4601.929999999999,1672.19,2078.21,4913.849999999999,0.4669563221615142,-0.4055514397759744,-0.020000000000000004,-0.13,-0.10000000000000002,1.0,WAIT,-1,"UP15-,UP30-,UP_BOOK,DOWN_BOOK_WEAK"
2026-09-21 11:48:11,1789991291,btc-updown-5m-1789991100,109,0.05,0.06,0.055,0.94,0.95,0.945,3033.93,2129.59,2147.16,4840.24,0.1751402144273673,-0.3854194693305092,0.0,-0.14,-0.10500000000000001,1.01,WAIT,-2,"UP15-,UP30-,DOWN_BOOK_WEAK"
2026-09-21 11:48:13,1789991292,btc-updown-5m-1789991100,108,0.05,0.06,0.055,0.94,0.95,0.945,1996.58,2781.25,2980.68,3643.5699999999997,-0.1642314607258944,-0.10007019662603311,0.0,-0.14,-0.10500000000000001,1.01,WAIT,-3,"UP15-,UP30-"
2026-09-21 11:48:14,1789991294,btc-updown-5m-1789991100,106,0.03,0.04,0.035,0.96,0.97,0.965,11966.57,2528.15,2554.1400000000003,11758.03,0.6511626302543271,-0.6430813775968283,-0.009999999999999995,-0.11000000000000001,-0.13999999999999999,1.01,WAIT,-1,"UP15-,UP30-,UP_BOOK,DOWN_BOOK_WEAK"
2026-09-21 11:48:16,1789991295,btc-updown-5m-1789991100,105,0.03,0.04,0.035,0.96,0.97,0.965,11680.26,2483.36,2546.3900000000003,11669.76,0.6493325858784689,-0.6417609549702273,-0.009999999999999995,-0.11000000000000001,-0.19999999999999998,1.01,WAIT,-1,"UP15-,UP30-,UP_BOOK,DOWN_BOOK_WEAK"
2026-09-21 11:48:17,1789991297,btc-updown-5m-1789991100,103,0.03,0.04,0.035,0.96,0.97,0.965,11601.98,2552.52,2541.87,11606.98,0.6393344872655339,-0.6406958869448754,-0.019999999999999997,-0.09,-0.17,1.01,WAIT,-1,"UP15-,UP30-,UP_BOOK,DOWN_BOOK_WEAK"
2026-09-21 11:48:19,1789991298,btc-updown-5m-1789991100,102,0.03,0.04,0.035,0.96,0.97,0.965,10138.2,2330.34,2312.75,10700.27,0.626204832321988,-0.6445483062348325,-0.019999999999999997,-0.03,-0.11000000000000001,1.01,WAIT,1,"UP30-,UP_BOOK,DOWN_BOOK_WEAK"
2026-09-21 11:48:21,1789991300,btc-updown-5m-1789991100,100,0.02,0.03,0.025,0.96,0.97,0.965,10881.550000000001,1889.88,2002.3200000000002,10496.26,0.7040456706884038,-0.6795924016968328,-0.010000000000000002,-0.04,-0.16,1.0,WAIT,1,"UP30-,UP_BOOK,DOWN_BOOK_WEAK"
2026-09-21 11:48:22,1789991302,btc-updown-5m-1789991100,98,0.04,0.05,0.045,0.95,0.96,0.955,1518.88,2431.1400000000003,781.33,12532.66,-0.23095072936339567,-0.8826302258000794,0.009999999999999995,-0.010000000000000002,-0.18,1.01,WAIT,-1,"UP30-,UP_BOOK_WEAK,DOWN_BOOK_WEAK"
2026-09-21 11:48:24,1789991303,btc-updown-5m-1789991100,97,0.05,0.06,0.055,0.94,0.95,0.945,1992.94,1678.29,1806.29,2528.34,0.08570697014352141,-0.16657707808971012,0.019999999999999997,0.0,-0.12,1.01,WAIT,-1,UP30-
2026-09-21 11:48:26,1789991305,btc-updown-5m-1789991100,95,0.05,0.06,0.055,0.95,0.96,0.955,1519.74,2329.77,1988.35,13786.119999999999,-0.2104241838571662,-0.7479027821536951,0.03,0.010000000000000002,-0.12,1.02,WAIT,1,"UP5+,UP30-,UP_BOOK_WEAK,DOWN_BOOK_WEAK"
2026-09-21 11:48:27,1789991307,btc-updown-5m-1789991100,93,0.05,0.06,0.055,0.94,0.95,0.945,1028.04,2636.81,2676.81,1790.34,-0.4389729456867266,0.19844195963869585,0.010000000000000002,0.0,-0.14,1.01,WAIT,-2,"UP30-,UP_BOOK_WEAK"
2026-09-21 11:48:29,1789991308,btc-updown-5m-1789991100,92,0.04,0.05,0.045,0.95,0.96,0.955,1441.56,2573.41,2582.32,13460.339999999998,-0.2819074613259875,-0.6780683502611163,-0.010000000000000002,-0.010000000000000002,-0.11,1.01,WAIT,-1,"UP30-,UP_BOOK_WEAK,DOWN_BOOK_WEAK"
2026-09-21 11:48:31,1789991310,btc-updown-5m-1789991100,90,0.03,0.04,0.035,0.96,0.97,0.965,12998.53,2351.06,2230.59,13380.08,0.6936647819257714,-0.7142223876361489,-0.019999999999999997,0.0,-0.11000000000000001,1.01,WAIT,1,"UP30-,UP_BOOK,DOWN_BOOK_WEAK"
2026-09-21 11:48:33,1789991312,btc-updown-5m-1789991100,88,0.03,0.04,0.035,0.96,0.97,0.965,12478.84,2555.2799999999997,2710.99,12761.74,0.6600692291933283,-0.6495783226360183,-0.019999999999999997,0.0,-0.09,1.01,WAIT,1,"UP30-,UP_BOOK,DOWN_BOOK_WEAK"
2026-09-21 11:48:34,1789991314,btc-updown-5m-1789991100,86,0.02,0.03,0.025,0.98,0.99,0.985,10106.52,1912.93,1809.1,8753.75,0.6816942538968089,-0.6574598711521985,-0.019999999999999997,-0.010000000000000002,-0.04,1.02,WAIT,2,"UP_BOOK,DOWN_BOOK_WEAK"
2026-09-21 11:48:36,1789991315,btc-updown-5m-1789991100,85,0.01,0.02,0.015,0.98,0.99,0.985,3549.1,2836.16,2740.51,3546.08,0.11165402818366049,-0.12814101126365798,-0.020000000000000004,-0.010000000000000002,-0.05,1.01,WAIT,0,
2026-09-21 11:48:37,1789991317,btc-updown-5m-1789991100,83,0.02,0.03,0.025,0.97,0.98,0.975,3437.76,4398.849999999999,4388.849999999999,3452.76,-0.12264103993946353,0.1193747202423991,-0.010000000000000002,-0.019999999999999997,-0.03,1.01,WAIT,0,
2026-09-21 11:48:39,1789991318,btc-updown-5m-1789991100,82,0.01,0.02,0.015,0.98,0.99,0.985,3485.51,2805.85,2802.21,3475.45,0.10803069606571555,-0.10724378191874039,-0.020000000000000004,-0.04,-0.04,1.01,WAIT,0,
2026-09-21 11:48:40,1789991320,btc-updown-5m-1789991100,80,0.01,0.02,0.015,0.98,0.99,0.985,2810.86,2793.95,2829.24,2805.85,0.0030170514254721052,0.00415077665130457,0.0,-0.04,-0.03,1.01,WAIT,0,
2026-09-21 11:48:42,1789991321,btc-updown-5m-1789991100,79,,0.01,,0.99,,,0,9313.86,9328.86,0,-1.0,1.0,,,,,WAIT,-2,"UP_BOOK_WEAK,DOWN_BOOK"
2026-09-21 11:48:44,1789991323,btc-updown-5m-1789991100,77,,0.01,,0.99,,,0,4733.99,5087.89,0,-1.0,1.0,,,,,WAIT,-2,"UP_BOOK_WEAK,DOWN_BOOK"
2026-09-21 11:48:45,1789991325,btc-updown-5m-1789991100,75,,0.01,,0.99,,,0,5194.74,5224.860000000001,0,-1.0,1.0,,,,,WAIT,-2,"UP_BOOK_WEAK,DOWN_BOOK"
2026-09-21 11:48:47,1789991326,btc-updown-5m-1789991100,74,,0.01,,0.99,,,0,6037.299999999999,5974.599999999999,0,-1.0,1.0,,,,,WAIT,-2,"UP_BOOK_WEAK,DOWN_BOOK"
2026-09-21 11:48:48,1789991328,btc-updown-5m-1789991100,72,,0.01,,0.99,,,0,6658.64,6678.64,0,-1.0,1.0,,,,,WAIT,-2,"UP_BOOK_WEAK,DOWN_BOOK"
2026-09-21 11:48:50,1789991329,btc-updown-5m-1789991100,71,,0.01,,0.99,,,0,5762.37,5797.47,0,-1.0,1.0,,,,,WAIT,-2,"UP_BOOK_WEAK,DOWN_BOOK"
2026-09-21 11:48:52,1789991331,btc-updown-5m-1789991100,69,,0.01,,0.99,,,0,6430.42,6345.42,0,-1.0,1.0,,,,,WAIT,-2,"UP_BOOK_WEAK,DOWN_BOOK"
2026-09-21 11:48:54,1789991333,btc-updown-5m-1789991100,67,,0.01,,0.99,,,0,6087.24,6097.24,0,-1.0,1.0,,,,,WAIT,-2,"UP_BOOK_WEAK,DOWN_BOOK"
2026-09-21 11:48:55,1789991335,btc-updown-5m-1789991100,65,0.1,0.11,0.10500000000000001,0.91,0.92,0.915,1078.0,1282.81,829.0,1640.4,-0.08675412252574326,-0.32858184174293353,,0.09000000000000001,0.05000000000000001,1.03,WAIT,3,"UP15+,DOWN_BOOK_WEAK"
2026-09-21 11:48:57,1789991336,btc-updown-5m-1789991100,64,0.08,0.09,0.08499999999999999,0.91,0.92,0.915,1540.65,1671.52,1874.51,1173.0,-0.04074192835372969,0.23019120527906387,,,0.029999999999999992,1.01,WAIT,-1,DOWN_BOOK
2026-09-21 11:48:58,1789991338,btc-updown-5m-1789991100,62,0.06,0.07,0.065,0.93,0.94,0.935,2088.47,1008.03,1043.03,1937.9199999999998,0.3489229775553043,-0.3002029554336704,,,0.020000000000000004,1.01,WAIT,2,"UP_BOOK,DOWN_BOOK_WEAK"
2026-09-21 11:49:00,1789991339,btc-updown-5m-1789991100,61,0.06,0.07,0.065,0.93,0.94,0.935,1301.9299999999998,1694.55,1734.55,1246.51,-0.1310270717642034,0.16371357839157882,,,0.020000000000000004,1.01,WAIT,0,
2026-09-21 11:49:02,1789991341,btc-updown-5m-1789991100,59,0.19,0.2,0.195,0.82,0.83,0.825,210.34,1137.22,971.22,1557.8600000000001,-0.6878209504586067,-0.23195786610150732,0.11000000000000001,,0.16,1.03,WAIT,3,"UP5+,UP30+,UP_BOOK_WEAK,DOWN_BOOK_WEAK"
2026-09-21 11:49:03,1789991343,btc-updown-5m-1789991100,57,0.23,0.25,0.24,0.75,0.76,0.755,1880.08,312.0,97.09,1101.4,0.7153388562461224,-0.8379794574840007,0.175,,0.205,1.01,UP WATCH,5,"UP5+,UP30+,UP_BOOK,DOWN_BOOK_WEAK"
2026-09-21 11:49:05,1789991344,btc-updown-5m-1789991100,56,0.11,0.12,0.11499999999999999,0.88,0.89,0.885,942.0,1401.3400000000001,1276.66,903.12,-0.19601935698618217,0.1713659176614154,0.04999999999999999,,0.09,1.01,WAIT,3,"UP5+,UP30+"
2026-09-21 11:49:07,1789991346,btc-updown-5m-1789991100,54,0.12,0.13,0.125,0.87,0.88,0.875,1813.03,1101.05,1256.05,1738.03,0.24432410915280295,-0.160977662587506,-0.07,,0.11,1.01,WAIT,0,"UP5-,UP30+,UP_BOOK"
2026-09-21 11:49:08,1789991348,btc-updown-5m-1789991100,52,0.09,0.1,0.095,0.9,0.91,0.905,1019.98,1960.21,2047.22,1026.98,-0.31549330747368454,0.3318717064602173,-0.145,,0.08,1.01,WAIT,-3,"UP5-,UP30+,UP_BOOK_WEAK,DOWN_BOOK"
2026-09-21 11:49:10,1789991349,btc-updown-5m-1789991100,51,0.08,0.09,0.08499999999999999,0.91,0.92,0.915,1250.93,1397.1399999999999,1727.09,916.49,-0.055213797218351415,0.3066296461616444,-0.03,,0.06999999999999999,1.01,WAIT,-3,"UP5-,DOWN_BOOK"
2026-09-21 11:49:12,1789991351,btc-updown-5m-1789991100,49,0.07,0.08,0.07500000000000001,0.92,0.93,0.925,1490.0,1330.73,1800.73,1836.6799999999998,0.056464106809230225,-0.00988340604990909,-0.04999999999999999,-0.009999999999999981,,1.01,WAIT,-2,UP5-
2026-09-21 11:49:13,1789991353,btc-updown-5m-1789991100,47,0.07,0.08,0.07500000000000001,0.92,0.93,0.925,923.92,3232.4700000000003,3325.4700000000003,1201.09,-0.5554218925557997,0.4693144462903397,-0.01999999999999999,0.010000000000000009,,1.01,WAIT,-2,"UP_BOOK_WEAK,DOWN_BOOK"
2026-09-21 11:49:15,1789991354,btc-updown-5m-1789991100,46,0.09,0.1,0.095,0.9,0.91,0.905,1422.93,1844.1799999999998,1480.62,1269.17,-0.12893658309637565,0.07689678120874678,0.010000000000000009,0.03,,1.01,WAIT,0,
2026-09-21 11:49:17,1789991356,btc-updown-5m-1789991100,44,0.35,0.36,0.355,0.63,0.65,0.64,294.0,651.6999999999999,296.15999999999997,821.6800000000001,-0.3782383419689119,-0.47012094754168754,0.27999999999999997,0.15999999999999998,,1.01,UP WATCH,4,"UP5+,UP15+,UP_BOOK_WEAK,DOWN_BOOK_WEAK"
2026-09-21 11:49:18,1789991358,btc-updown-5m-1789991100,42,0.37,0.43,0.4,0.58,0.59,0.585,560.56,469.76,799.11,352.41999999999996,0.08812796024536063,0.3879099980026574,0.325,0.16000000000000003,,1.02,WAIT,3,"UP5+,UP15+,DOWN_BOOK"
2026-09-21 11:49:20,1789991359,btc-updown-5m-1789991100,41,0.6,0.61,0.605,0.37,0.38,0.375,382.0,294.15999999999997,298.36,1074.91,0.1299100804543304,-0.5654751068617243,0.51,0.49,,0.99,UP WATCH,5,"UP5+,UP15+,DOWN_BOOK_WEAK"
2026-09-21 11:49:22,1789991361,btc-updown-5m-1789991100,39,0.72,0.74,0.73,0.26,0.27,0.265,1354.85,288.0,1052.65,265.0,0.649389779955565,0.5977687549804577,0.375,0.605,,1.01,UP WATCH,4,"UP5+,UP15+,UP_BOOK,DOWN_BOOK"
2026-09-21 11:49:23,1789991363,btc-updown-5m-1789991100,37,0.72,0.73,0.725,0.26,0.27,0.265,813.03,301.47,453.10999999999996,304.0,0.45900403768506054,0.1969462825745268,0.32499999999999996,0.63,,1.0,UP WATCH,5,"UP5+,UP15+,UP_BOOK"
2026-09-21 11:49:25,1789991364,btc-updown-5m-1789991100,36,0.71,0.72,0.715,0.28,0.29,0.28500000000000003,315.0,395.45000000000005,1032.82,54.92,-0.11323808853543535,0.8990199863938073,0.10999999999999999,0.63,,1.01,WAIT,3,"UP5+,UP15+,DOWN_BOOK"
2026-09-21 11:49:27,1789991366,btc-updown-5m-1789991100,34,0.7,0.71,0.705,0.29,0.3,0.295,796.3,608.91,661.4,85.3,0.13335373360565322,0.7715280567831794,-0.025000000000000022,0.6299999999999999,0.62,1.01,WAIT,2,"UP15+,UP30+,DOWN_BOOK"
2026-09-21 11:49:28,1789991368,btc-updown-5m-1789991100,32,0.7,0.71,0.705,0.3,0.31,0.305,286.34999999999997,757.46,1050.54,350.15999999999997,-0.4513369291346127,0.5000214178624974,-0.020000000000000018,0.6299999999999999,0.6399999999999999,1.02,WAIT,1,"UP15+,UP30+,UP_BOOK_WEAK,DOWN_BOOK"
2026-09-21 11:49:30,1789991369,btc-updown-5m-1789991100,31,0.7,0.71,0.705,0.3,0.31,0.305,562.4,478.51,284.51,300.4,0.08059294271358715,-0.027166572635106235,-0.010000000000000009,0.61,0.6399999999999999,1.02,WAIT,3,"UP15+,UP30+"
2026-09-21 11:49:31,1789991371,btc-updown-5m-1789991100,29,0.74,0.75,0.745,0.25,0.26,0.255,308.89,1519.26,692.42,293.89,-0.6620736810436779,0.4040616033498596,0.040000000000000036,0.39,0.55,1.01,WAIT,3,"UP5+,UP15+,UP30+,UP_BOOK_WEAK,DOWN_BOOK"
2026-09-21 11:49:33,1789991372,btc-updown-5m-1789991100,28,0.75,0.77,0.76,0.15,0.18,0.16499999999999998,78.0,183.0,182.45999999999998,449.39,-0.40229885057471265,-0.4224578618342962,0.05500000000000005,0.405,0.565,0.95,UP WATCH,5,"UP5+,UP15+,UP30+,UP_BOOK_WEAK,DOWN_BOOK_WEAK"
2026-09-21 11:49:35,1789991374,btc-updown-5m-1789991100,26,0.71,0.73,0.72,0.19,0.21,0.2,90.0,88.0,228.0,403.99,0.011235955056179775,-0.278469596037912,0.015000000000000013,0.11499999999999999,0.605,0.94,UP WATCH,4,"UP15+,UP30+,DOWN_BOOK_WEAK"
2026-09-21 11:49:36,1789991376,btc-updown-5m-1789991100,24,0.83,0.84,0.835,0.16,0.17,0.165,308.65,309.0,452.0,825.64,-0.0005666639682668546,-0.29244544629160013,0.08999999999999997,0.10499999999999998,0.71,1.01,UP WATCH,6,"UP5+,UP15+,UP30+,DOWN_BOOK_WEAK"
2026-09-21 11:49:38,1789991377,btc-updown-5m-1789991100,23,0.83,0.84,0.835,0.15,0.16,0.155,619.54,303.82,434.22,878.8199999999999,0.3419251429561601,-0.33860354596965814,0.07499999999999996,0.10499999999999998,0.71,1.0,UP WATCH,7,"UP5+,UP15+,UP30+,UP_BOOK,DOWN_BOOK_WEAK"
2026-09-21 11:49:40,1789991379,btc-updown-5m-1789991100,21,0.85,0.86,0.855,0.15,0.16,0.155,81.33,1204.01,916.69,109.0,-0.8734498265050493,0.7874601487778958,0.135,0.14,0.77,1.02,WAIT,3,"UP5+,UP15+,UP30+,UP_BOOK_WEAK,DOWN_BOOK"
2026-09-21 11:49:41,1789991381,btc-updown-5m-1789991100,19,0.82,0.83,0.825,0.22,0.23,0.225,98.0,603.91,2532.0,233.65,-0.7207619210440085,0.8310342957351797,-0.010000000000000009,0.12,0.75,1.06,WAIT,0,TIME FILTER
2026-09-21 11:49:43,1789991382,btc-updown-5m-1789991100,18,0.87,0.88,0.875,0.11,0.12,0.11499999999999999,1189.12,488.19,423.73,386.01,0.41788935855625964,0.046582853755526496,0.040000000000000036,0.17000000000000004,0.8,1.0,WAIT,0,TIME FILTER
2026-09-21 11:49:44,1789991384,btc-updown-5m-1789991100,16,0.96,0.97,0.965,0.03,0.04,0.035,1445.4699999999998,4112.58,4109.42,1590.4699999999998,-0.47986434091093105,0.44192958109717917,0.10999999999999999,0.26,0.87,1.01,WAIT,0,TIME FILTER
2026-09-21 11:49:46,1789991385,btc-updown-5m-1789991100,15,0.98,0.99,0.985,0.01,0.02,0.015,1212.95,2855.36,2175.91,1097.53,-0.40370817366424877,0.3294332567574173,0.13,0.28,0.89,1.01,WAIT,0,TIME FILTER
2026-09-21 11:49:48,1789991387,btc-updown-5m-1789991100,13,0.98,0.99,0.985,0.01,0.02,0.015,539.0,1749.92,2146.53,549.14,-0.5290355276724394,0.5925762426409762,0.10999999999999999,0.22499999999999998,0.63,1.01,WAIT,0,TIME FILTER
2026-09-21 11:49:49,1789991389,btc-updown-5m-1789991100,11,0.98,0.99,0.985,,0.01,,537.92,1461.53,0,1236.17,-0.46193203130860994,-1.0,0.020000000000000018,0.265,0.38,1.0,WAIT,0,TIME FILTER
2026-09-21 11:49:51,1789991390,btc-updown-5m-1789991100,10,0.99,,,,0.01,,6757.71,0,0,6757.71,1.0,-1.0,,,,,WAIT,0,TIME FILTER
2026-09-21 11:49:52,1789991392,btc-updown-5m-1789991100,8,0.99,,,,0.01,,9732.73,0,0,10257.73,1.0,-1.0,,,,,WAIT,0,TIME FILTER
2026-09-21 11:49:54,1789991393,btc-updown-5m-1789991100,7,0.99,,,,0.01,,18641.59,0,0,18539.15,1.0,-1.0,,,,,WAIT,0,TIME FILTER
2026-09-21 11:49:55,1789991395,btc-updown-5m-1789991100,5,0.99,,,,0.01,,18590.059999999998,0,0,18590.059999999998,1.0,-1.0,,,,,WAIT,0,TIME FILTER
2026-09-21 11:49:57,1789991396,btc-updown-5m-1789991100,4,0.99,,,,0.01,,32301.79,0,0,32304.22,1.0,-1.0,,,,,WAIT,0,TIME FILTER
2026-09-21 11:49:59,1789991398,btc-updown-5m-1789991100,2,0.99,,,,0.01,,45386.57,0,0,45386.57,1.0,-1.0,,,,,WAIT,0,TIME FILTER
2026-09-21 11:50:00,1789991400,btc-updown-5m-1789991400,300,0.59,0.6,0.595,0.4,0.41,0.405,185.0,211.95,216.95,135.0,-0.06789268169794682,0.2328455746554908,,,,1.01,WAIT,0,TIME FILTER
2026-09-21 11:50:02,1789991401,btc-updown-5m-1789991400,299,0.61,0.62,0.615,0.38,0.39,0.385,591.74,1660.33,1941.33,2115.74,-0.4744923559214412,-0.04298915226998792,,,,1.01,WAIT,0,TIME FILTER
2026-09-21 11:50:03,1789991403,btc-updown-5m-1789991400,297,0.62,0.63,0.625,0.37,0.38,0.375,3488.2999999999997,1860.68,1447.0,3549.5199999999995,0.30428605079846993,-0.42079687462473875,,,,1.01,WAIT,0,TIME FILTER
2026-09-21 11:50:05,1789991404,btc-updown-5m-1789991400,296,0.62,0.63,0.625,0.37,0.38,0.375,2911.4799999999996,2439.3,1984.3,3294.71,0.08824507828765141,-0.24823025529407977,,,,1.01,WAIT,0,TIME FILTER
2026-09-21 11:50:06,1789991406,btc-updown-5m-1789991400,294,0.62,0.63,0.625,0.38,0.4,0.39,2605.5099999999998,3214.85,5043.639999999999,687.35,-0.10469111876241335,0.7601287037667138,0.010000000000000009,,,1.03,WAIT,0,TIME FILTER
2026-09-21 11:50:08,1789991407,btc-updown-5m-1789991400,293,0.56,0.57,0.565,0.43,0.44,0.435,3215.33,986.35,1358.0,3918.96,0.5304973248795719,-0.4853097237803584,-0.050000000000000044,,,1.01,WAIT,0,TIME FILTER
2026-09-21 11:50:09,1789991409,btc-updown-5m-1789991400,291,0.55,0.56,0.555,0.44,0.45,0.445,2436.89,3138.62,2567.62,2501.89,-0.12585933842823346,0.01296575014153242,-0.06999999999999995,,,1.01,WAIT,0,TIME FILTER
2026-09-21 11:50:11,1789991410,btc-updown-5m-1789991400,290,0.55,0.56,0.555,0.44,0.45,0.445,2678.28,2609.01,2116.99,2632.81,0.013101229552379379,-0.1085982567687061,-0.06999999999999995,,,1.01,WAIT,0,TIME FILTER
2026-09-21 11:50:13,1789991412,btc-updown-5m-1789991400,288,0.53,0.55,0.54,0.45,0.46,0.455,976.83,2659.6,2012.0,1235.44,-0.4627533047521883,0.23912989924371195,-0.02499999999999991,,,1.01,WAIT,0,TIME FILTER
2026-09-21 11:50:14,1789991414,btc-updown-5m-1789991400,286,0.54,0.55,0.545,0.45,0.46,0.455,1741.0,3436.6,2604.45,1921.15,-0.32748763906056855,0.15098550468446165,-0.010000000000000009,,,1.01,WAIT,0,TIME FILTER
2026-09-21 11:50:16,1789991415,btc-updown-5m-1789991400,285,0.52,0.53,0.525,0.47,0.48,0.475,2663.9700000000003,1666.0,1680.23,2560.59,0.2304796569029347,-0.20759192797619333,-0.030000000000000027,-0.06999999999999995,,1.01,WAIT,-2,"UP5-,UP15-,UP_BOOK,DOWN_BOOK_WEAK"
2026-09-21 11:50:18,1789991417,btc-updown-5m-1789991400,283,0.5,0.51,0.505,0.49,0.5,0.495,1061.3899999999999,3772.5,3898.5,1137.3899999999999,-0.5608547153534732,0.5482864002192265,-0.03500000000000003,-0.10999999999999999,,1.01,DOWN WATCH,-6,"UP5-,UP15-,UP_BOOK_WEAK,DOWN_BOOK"
2026-09-21 11:50:19,1789991419,btc-updown-5m-1789991400,281,0.42,0.43,0.425,0.57,0.58,0.575,2726.46,2006.02,2841.79,2585.33,0.1522330786395294,0.04725526614484295,-0.12000000000000005,-0.2,,1.01,DOWN WATCH,-4,"UP5-,UP15-"
2026-09-21 11:50:21,1789991420,btc-updown-5m-1789991400,280,0.41,0.43,0.42,0.57,0.58,0.575,3850.3,1990.9700000000003,3318.5,2863.14,0.3183092033068151,0.07366329970687394,-0.10500000000000004,-0.20500000000000002,,1.01,WAIT,-3,"UP5-,UP15-,UP_BOOK"
2026-09-21 11:50:23,1789991422,btc-updown-5m-1789991400,278,0.42,0.43,0.425,0.57,0.58,0.575,4775.08,1287.6799999999998,2075.79,4794.0599999999995,0.5752165680317215,-0.39568112840891717,-0.08000000000000002,-0.13999999999999996,,1.01,WAIT,-2,"UP5-,UP15-,UP_BOOK,DOWN_BOOK_WEAK"
2026-09-21 11:50:24,1789991424,btc-updown-5m-1789991400,276,0.42,0.43,0.425,0.57,0.58,0.575,4248.51,1687.4399999999998,3048.46,3858.81,0.4314507366133476,-0.1173184195782125,0.0,-0.13000000000000006,,1.01,WAIT,-1,"UP15-,UP_BOOK"
2026-09-21 11:50:26,1789991425,btc-updown-5m-1789991400,275,0.42,0.43,0.425,0.57,0.58,0.575,4095.54,2283.26,3186.15,4145.79,0.28410986392424903,-0.1308848681249437,0.0050000000000000044,-0.13000000000000006,,1.01,WAIT,-1,"UP15-,UP_BOOK"
2026-09-21 11:50:27,1789991427,btc-updown-5m-1789991400,273,0.35,0.36,0.355,0.66,0.67,0.665,941.0,2946.8999999999996,3477.13,3301.04,-0.5159340518017438,0.025978988429030275,-0.07,-0.18500000000000005,,1.03,DOWN WATCH,-5,"UP5-,UP15-,UP_BOOK_WEAK"
2026-09-21 11:50:29,1789991428,btc-updown-5m-1789991400,272,0.34,0.35,0.345,0.65,0.66,0.655,4320.13,1963.96,2042.96,5328.6,0.37494211572399505,-0.44571840967176557,-0.08000000000000002,-0.19500000000000006,,1.01,WAIT,-2,"UP5-,UP15-,UP_BOOK,DOWN_BOOK_WEAK"
2026-09-21 11:50:30,1789991430,btc-updown-5m-1789991400,270,0.35,0.36,0.355,0.63,0.64,0.635,5357.14,2005.15,1288.93,4715.240000000001,0.45529176383978354,-0.5706550613989944,-0.07,-0.17000000000000004,-0.24,1.0,WAIT,-3,"UP5-,UP15-,UP30-,UP_BOOK,DOWN_BOOK_WEAK"
2026-09-21 11:50:32,1789991431,btc-updown-5m-1789991400,269,0.42,0.43,0.425,0.57,0.58,0.575,2824.87,1959.14,2295.8300000000004,3092.36,0.1809632504948777,-0.14782886275354054,0.0,-0.10000000000000003,-0.19,1.01,WAIT,-3,"UP15-,UP30-"
2026-09-21 11:50:34,1789991433,btc-updown-5m-1789991400,267,0.42,0.43,0.425,0.57,0.58,0.575,3018.99,1265.18,1833.2600000000002,3030.89,0.4093698429334036,-0.24621568002631491,0.08000000000000002,-0.08000000000000002,-0.2,1.01,WAIT,1,"UP5+,UP15-,UP30-,UP_BOOK,DOWN_BOOK_WEAK"
2026-09-21 11:50:36,1789991435,btc-updown-5m-1789991400,265,0.49,0.5,0.495,0.5,0.51,0.505,3515.42,2824.94,2708.54,3526.15,0.10890233362143474,-0.13113883769682214,0.14,0.07500000000000001,-0.13,1.01,WAIT,3,"UP5+,UP15+,UP30-"
2026-09-21 11:50:37,1789991437,btc-updown-5m-1789991400,263,0.49,0.5,0.495,0.5,0.51,0.505,3706.37,2375.01,2159.46,3667.2,0.21892399422499492,-0.2587657422948996,0.07,0.07,-0.06999999999999995,1.01,UP WATCH,6,"UP5+,UP15+,UP_BOOK,DOWN_BOOK_WEAK"
2026-09-21 11:50:39,1789991438,btc-updown-5m-1789991400,262,0.56,0.57,0.565,0.43,0.44,0.435,1548.53,3522.62,3781.25,2148.16,-0.38927856600573835,0.27542200657400995,0.13999999999999996,0.13999999999999996,0.0,1.01,WAIT,2,"UP5+,UP15+,UP_BOOK_WEAK,DOWN_BOOK"
2026-09-21 11:50:41,1789991440,btc-updown-5m-1789991400,260,0.58,0.59,0.585,0.41,0.42,0.415,4772.55,1446.31,1302.9,4125.55,0.5348633029204709,-0.5199734730908454,0.08999999999999997,0.15999999999999998,0.029999999999999916,1.01,UP WATCH,6,"UP5+,UP15+,UP_BOOK,DOWN_BOOK_WEAK"
2026-09-21 11:50:42,1789991442,btc-updown-5m-1789991400,258,0.73,0.74,0.735,0.26,0.27,0.265,229.26999999999998,2169.3,3114.0699999999997,2320.7799999999997,-0.8088277598735913,0.14596355005197936,0.24,0.38,0.19499999999999995,1.01,UP WATCH,4,"UP5+,UP15+,UP30+,UP_BOOK_WEAK"
2026-09-21 11:50:44,1789991443,btc-updown-5m-1789991400,257,0.75,0.76,0.755,0.24,0.25,0.245,2240.7400000000002,5486.11,4847.42,2730.25,-0.420012035952555,0.27939590929665714,0.19000000000000006,0.41000000000000003,0.21499999999999997,1.01,WAIT,3,"UP5+,UP15+,UP30+,UP_BOOK_WEAK,DOWN_BOOK"
2026-09-21 11:50:46,1789991445,btc-updown-5m-1789991400,255,0.76,0.77,0.765,0.26,0.27,0.265,108.0,6165.1,2471.02,2340.7200000000003,-0.965567263394494,0.027079601142206297,0.18000000000000005,0.41000000000000003,0.24,1.04,UP WATCH,4,"UP5+,UP15+,UP30+,UP_BOOK_WEAK"
2026-09-21 11:50:47,1789991447,btc-updown-5m-1789991400,253,0.73,0.74,0.735,0.26,0.27,0.265,3159.7,3390.62,3390.39,3458.4,-0.03525323953638908,-0.009930221250761114,0.0,0.31,0.22999999999999998,1.01,WAIT,3,"UP15+,UP30+"
2026-09-21 11:50:49,1789991448,btc-updown-5m-1789991400,252,0.74,0.75,0.745,0.25,0.26,0.255,2240.49,5875.42,5979.42,1514.0,-0.44787707108629843,0.5959121469235676,-0.010000000000000009,0.32,0.24,1.01,WAIT,1,"UP15+,UP30+,UP_BOOK_WEAK,DOWN_BOOK"
2026-09-21 11:50:50,1789991450,btc-updown-5m-1789991400,250,0.73,0.74,0.735,0.26,0.27,0.265,3868.4700000000003,2734.73,2692.69,3653.4700000000003,0.17169554155560943,-0.15139548955588894,-0.030000000000000027,0.24,0.315,1.01,WAIT,1,"UP5-,UP15+,UP30+"
2026-09-21 11:50:52,1789991451,btc-updown-5m-1789991400,249,0.74,0.75,0.745,0.25,0.26,0.255,3718.74,5016.6900000000005,4973.35,4029.6499999999996,-0.14858455737153187,0.10482061535043882,-0.020000000000000018,0.25,0.325,1.01,WAIT,3,"UP15+,UP30+"
2026-09-21 11:50:53,1789991453,btc-updown-5m-1789991400,247,0.74,0.75,0.745,0.25,0.26,0.255,3078.21,4179.67,4095.91,2957.92,-0.15176056920202594,0.1613293770901765,0.0,0.18000000000000005,0.32,1.01,WAIT,3,"UP15+,UP30+"
2026-09-21 11:50:55,1789991454,btc-updown-5m-1789991400,246,0.74,0.75,0.745,0.25,0.26,0.255,3207.83,3651.0,4385.5599999999995,852.54,-0.06461306082815875,0.6744850231954335,0.0,0.18000000000000005,0.32,1.01,WAIT,2,"UP15+,UP30+,DOWN_BOOK"
2026-09-21 11:50:57,1789991456,btc-updown-5m-1789991400,244,0.72,0.73,0.725,0.27,0.28,0.275,2147.0699999999997,3161.83,2371.83,2642.6699999999996,-0.1911431746689522,-0.05401136703559671,-0.020000000000000018,0.14,0.3,1.01,WAIT,3,"UP15+,UP30+"
2026-09-21 11:50:58,1789991458,btc-updown-5m-1789991400,242,0.72,0.73,0.725,0.27,0.28,0.275,2630.82,3329.6400000000003,2352.6400000000003,2941.83,-0.11724262892461321,-0.11128403787347922,-0.020000000000000018,-0.030000000000000027,0.38,1.01,WAIT,1,UP30+
2026-09-21 11:51:00,1789991459,btc-updown-5m-1789991400,241,0.72,0.73,0.725,0.27,0.28,0.275,3698.0599999999995,3073.4500000000003,1698.63,3807.7599999999998,0.092240873896664,-0.383033166920614,-0.020000000000000018,-0.030000000000000027,0.38,1.01,WAIT,2,"UP30+,DOWN_BOOK_WEAK"
2026-09-21 11:51:01,1789991461,btc-updown-5m-1789991400,239,0.64,0.65,0.645,0.35,0.36,0.355,1838.19,2339.3500000000004,2309.2,2348.16,-0.11996533845277368,-0.008365254135390014,-0.07999999999999996,-0.12,0.22000000000000003,1.01,WAIT,-3,"UP5-,UP15-,UP30+"
2026-09-21 11:51:03,1789991462,btc-updown-5m-1789991400,238,0.65,0.66,0.655,0.33,0.34,0.335,3418.9,2744.99,2747.34,3110.37,0.10933193162110297,-0.06197473073948689,-0.06999999999999995,-0.07999999999999996,0.23000000000000004,1.0,WAIT,-3,"UP5-,UP15-,UP30+"
2026-09-21 11:51:04,1789991464,btc-updown-5m-1789991400,236,0.66,0.67,0.665,0.33,0.34,0.335,1722.75,3273.2799999999997,2917.17,1735.53,-0.3103524198213381,0.2539686633567606,-0.05999999999999994,-0.07999999999999996,0.24000000000000005,1.01,DOWN WATCH,-5,"UP5-,UP15-,UP30+,UP_BOOK_WEAK,DOWN_BOOK"
2026-09-21 11:51:06,1789991465,btc-updown-5m-1789991400,235,0.67,0.68,0.675,0.31,0.32,0.315,3279.9700000000003,2675.9700000000003,2847.16,3692.51,0.10141136411716706,-0.1292649323283897,-0.04999999999999993,-0.05999999999999994,0.18000000000000005,1.0,WAIT,-3,"UP5-,UP15-,UP30+"
2026-09-21 11:51:08,1789991467,btc-updown-5m-1789991400,233,0.68,0.69,0.685,0.31,0.32,0.315,2953.4700000000003,3263.33,3233.46,2943.46,-0.049842362630292056,0.04694896485627141,0.030000000000000027,-0.05999999999999994,0.19000000000000006,1.01,WAIT,1,"UP5+,UP15-,UP30+"
2026-09-21 11:51:09,1789991469,btc-updown-5m-1789991400,231,0.64,0.65,0.645,0.35,0.36,0.355,2613.3,3253.3599999999997,2025.4299999999998,3082.2799999999997,-0.10910126034234122,-0.20691268689882553,-0.020000000000000018,-0.09999999999999998,0.08000000000000007,1.01,WAIT,0,"UP15-,UP30+,DOWN_BOOK_WEAK"
2026-09-21 11:51:11,1789991470,btc-updown-5m-1789991400,230,0.66,0.67,0.665,0.34,0.35,0.345,1997.53,3358.71,2092.18,2039.9499999999998,-0.25412976266933524,0.012639970184868343,-0.010000000000000009,-0.07999999999999996,0.08000000000000007,1.02,WAIT,-2,"UP15-,UP30+,UP_BOOK_WEAK"
2026-09-21 11:51:13,1789991472,btc-updown-5m-1789991400,228,0.65,0.66,0.655,0.34,0.35,0.345,3347.43,2224.41,1507.5500000000002,2692.1099999999997,0.20155280840799447,-0.2820609287418504,-0.030000000000000027,-0.06999999999999995,-0.07999999999999996,1.01,WAIT,-3,"UP5-,UP15-,UP30-,UP_BOOK,DOWN_BOOK_WEAK"
2026-09-21 11:51:14,1789991474,btc-updown-5m-1789991400,226,0.65,0.66,0.655,0.34,0.35,0.345,2532.74,3074.02,1400.85,2975.45,-0.09654060455592894,-0.3598016589356306,0.010000000000000009,-0.06999999999999995,-0.09999999999999998,1.01,WAIT,-2,"UP15-,UP30-,DOWN_BOOK_WEAK"
2026-09-21 11:51:16,1789991475,btc-updown-5m-1789991400,225,0.65,0.66,0.655,0.33,0.34,0.335,2576.89,3044.23,2109.94,2948.55,-0.08314001480132076,-0.16578267427631568,-0.010000000000000009,-0.06999999999999995,-0.10999999999999999,1.0,WAIT,-3,"UP15-,UP30-"
2026-09-21 11:51:17,1789991477,btc-updown-5m-1789991400,223,0.66,0.67,0.665,0.34,0.35,0.345,2600.77,2920.07,2612.3199999999997,2387.8999999999996,-0.05783540185913741,0.04488202519089162,0.010000000000000009,0.010000000000000009,-0.06999999999999995,1.02,WAIT,0,
2026-09-21 11:51:19,1789991478,btc-updown-5m-1789991400,222,0.66,0.67,0.665,0.33,0.34,0.335,3077.17,2181.01,2225.05,1349.6,0.17043159420179602,0.24490509560376547,0.010000000000000009,0.010000000000000009,-0.07999999999999996,1.01,WAIT,-2,"UP30-,DOWN_BOOK"
2026-09-21 11:51:21,1789991480,btc-updown-5m-1789991400,220,0.65,0.66,0.655,0.34,0.35,0.345,2257.5699999999997,2538.91,2301.12,477.0,-0.058655514043632034,0.6566023065958274,0.0,-0.020000000000000018,-0.07999999999999996,1.01,WAIT,-2,"UP30-,DOWN_BOOK"
2026-09-21 11:51:23,1789991482,btc-updown-5m-1789991400,218,0.68,0.69,0.685,0.31,0.32,0.315,2766.08,1776.63,2690.69,2502.0,0.2178105139883461,0.03633762077073733,0.020000000000000018,0.0,-0.05999999999999994,1.01,WAIT,1,UP_BOOK
2026-09-21 11:51:24,1789991484,btc-updown-5m-1789991400,216,0.68,0.69,0.685,0.31,0.32,0.315,2380.09,2882.52,2857.5299999999997,2362.3,-0.09547163859757797,0.09487473729987367,0.020000000000000018,0.040000000000000036,-0.05999999999999994,1.01,WAIT,0,
2026-09-21 11:51:26,1789991485,btc-updown-5m-1789991400,215,0.68,0.69,0.685,0.31,0.32,0.315,2942.2599999999998,2277.6,1652.6,3161.26,0.12733291697478474,-0.31339922640043544,0.030000000000000027,0.020000000000000018,-0.05999999999999994,1.01,WAIT,3,"UP5+,DOWN_BOOK_WEAK"
2026-09-21 11:51:27,1789991487,btc-updown-5m-1789991400,213,0.68,0.69,0.685,0.31,0.32,0.315,2084.18,2617.36,3177.52,1788.75,-0.11340539482807767,0.2796404545060981,0.0,0.030000000000000027,-0.039999999999999925,1.01,WAIT,-1,DOWN_BOOK
2026-09-21 11:51:29,1789991488,btc-updown-5m-1789991400,212,0.67,0.68,0.675,0.32,0.33,0.325,1909.8999999999999,3494.24,2847.5199999999995,1959.8999999999999,-0.2931715314555138,0.18463541775006131,-0.010000000000000009,0.020000000000000018,-0.04999999999999993,1.01,WAIT,-1,UP_BOOK_WEAK
2026-09-21 11:51:30,1789991490,btc-updown-5m-1789991400,210,0.67,0.68,0.675,0.31,0.32,0.315,2889.74,2391.2799999999997,1579.0,3526.37,0.09438706916466896,-0.38143562562556677,-0.010000000000000009,0.020000000000000018,-0.04999999999999993,1.0,WAIT,1,DOWN_BOOK_WEAK
2026-09-21 11:51:32,1789991491,btc-updown-5m-1789991400,209,0.69,0.7,0.695,0.3,0.31,0.305,3169.23,1715.16,2033.16,3050.22,0.29769735831905314,-0.20007554029012187,0.009999999999999898,0.039999999999999925,0.04999999999999993,1.01,WAIT,2,"UP_BOOK,DOWN_BOOK_WEAK"
2026-09-21 11:51:33,1789991493,btc-updown-5m-1789991400,207,0.69,0.7,0.695,0.3,0.31,0.305,3405.63,2067.86,1447.8700000000001,2729.33,0.24440896027945608,-0.3067748731207507,0.019999999999999907,0.029999999999999916,0.039999999999999925,1.01,WAIT,2,"UP_BOOK,DOWN_BOOK_WEAK"
2026-09-21 11:51:35,1789991494,btc-updown-5m-1789991400,206,0.69,0.7,0.695,0.31,0.32,0.315,631.0699999999999,3003.11,3643.6,807.0,-0.6527029481203462,0.6373522671100526,0.019999999999999907,0.029999999999999916,0.029999999999999916,1.02,WAIT,-2,"UP_BOOK_WEAK,DOWN_BOOK"
2026-09-21 11:51:37,1789991496,btc-updown-5m-1789991400,204,0.67,0.68,0.675,0.32,0.33,0.325,2746.45,2766.25,1896.26,2873.41,-0.003591706423349753,-0.20486742269381317,-0.019999999999999907,0.020000000000000018,0.0,1.01,WAIT,1,DOWN_BOOK_WEAK
2026-09-21 11:51:38,1789991498,btc-updown-5m-1789991400,202,0.67,0.68,0.675,0.32,0.33,0.325,1711.11,3070.15,2201.15,1711.11,-0.2842430656354183,0.12525752378420663,-0.019999999999999907,-0.010000000000000009,-0.010000000000000009,1.01,WAIT,-1,UP_BOOK_WEAK
2026-09-21 11:51:40,1789991499,btc-updown-5m-1789991400,201,0.67,0.68,0.675,0.32,0.33,0.325,3011.24,2471.02,1474.24,3013.95,0.09853965335463838,-0.34305811474113174,-0.019999999999999907,-0.010000000000000009,0.030000000000000027,1.01,WAIT,1,DOWN_BOOK_WEAK
2026-09-21 11:51:41,1789991501,btc-updown-5m-1789991400,199,0.67,0.68,0.675,0.32,0.33,0.325,3382.66,1023.98,937.99,3237.66,0.5352558865711744,-0.5507334187491768,0.0,-0.010000000000000009,0.010000000000000009,1.01,WAIT,2,"UP_BOOK,DOWN_BOOK_WEAK"
2026-09-21 11:51:43,1789991502,btc-updown-5m-1789991400,198,0.71,0.72,0.715,0.24,0.25,0.245,2631.1,97.16999999999999,244.26,1272.94,0.9287680471507584,-0.6780121276034801,0.039999999999999925,0.029999999999999916,0.05999999999999994,0.97,UP WATCH,4,"UP5+,UP_BOOK,DOWN_BOOK_WEAK"
2026-09-21 11:51:45,1789991504,btc-updown-5m-1789991400,196,0.79,0.8,0.795,0.21,0.22,0.215,1630.1399999999999,3829.91,3022.2200000000003,1736.92,-0.40288458896896556,0.2700698025273474,0.12,0.12,0.14,1.02,WAIT,3,"UP5+,UP15+,UP30+,UP_BOOK_WEAK,DOWN_BOOK"
2026-09-21 11:51:46,1789991506,btc-updown-5m-1789991400,194,0.8,0.81,0.805,0.19,0.2,0.195,3507.3199999999997,1875.8500000000001,2339.38,3576.58,0.30306863799582767,-0.2091292030372078,0.13,0.1100000000000001,0.15000000000000002,1.01,UP WATCH,7,"UP5+,UP15+,UP30+,UP_BOOK,DOWN_BOOK_WEAK"
2026-09-21 11:51:48,1789991507,btc-updown-5m-1789991400,193,0.8,0.81,0.805,0.2,0.21,0.20500000000000002,2294.02,2882.13,3119.65,1397.6299999999999,-0.11361919573428131,0.3812072751744413,0.09000000000000008,0.1100000000000001,0.14,1.02,UP WATCH,4,"UP5+,UP15+,UP30+,DOWN_BOOK"
2026-09-21 11:51:49,1789991509,btc-updown-5m-1789991400,191,0.81,0.82,0.815,0.18,0.19,0.185,3792.1099999999997,2855.29,2940.2,3753.75,0.14093028853386283,-0.12153511753150235,0.019999999999999907,0.12,0.1499999999999999,1.01,WAIT,3,"UP15+,UP30+"
2026-09-21 11:51:51,1789991510,btc-updown-5m-1789991400,190,0.76,0.77,0.765,0.23,0.24,0.235,1900.83,2391.8900000000003,2560.05,1551.9299999999998,-0.11439367114556746,0.24516656209417373,-0.030000000000000027,0.07000000000000006,0.10999999999999999,1.01,WAIT,0,"UP5-,UP15+,UP30+,DOWN_BOOK"
2026-09-21 11:51:53,1789991512,btc-updown-5m-1789991400,188,0.75,0.76,0.755,0.24,0.25,0.245,2962.0699999999997,1558.39,1288.97,2992.04,0.3105170712715077,-0.3978196733948297,-0.050000000000000044,0.07999999999999996,0.06999999999999995,1.01,WAIT,2,"UP5-,UP15+,UP_BOOK,DOWN_BOOK_WEAK"
2026-09-21 11:51:54,1789991514,btc-updown-5m-1789991400,186,0.75,0.76,0.755,0.23,0.24,0.235,2354.84,2189.31,532.0,3418.5,0.036427054564660104,-0.7306670041766865,-0.05999999999999994,0.07999999999999996,0.06999999999999995,1.0,WAIT,1,"UP5-,UP15+,DOWN_BOOK_WEAK"
2026-09-21 11:51:56,1789991515,btc-updown-5m-1789991400,185,0.8,0.81,0.805,0.19,0.2,0.195,2112.45,2804.5299999999997,3077.41,1734.45,-0.14075306387253964,0.2790937392193455,0.040000000000000036,0.13,0.12,1.01,UP WATCH,4,"UP5+,UP15+,UP30+,DOWN_BOOK"
2026-09-21 11:51:57,1789991517,btc-updown-5m-1789991400,183,0.81,0.82,0.815,0.16,0.17,0.165,3544.6499999999996,630.5500000000001,1764.9199999999998,2401.66,0.6979545890017244,-0.1528207786721964,0.05999999999999994,0.09999999999999998,0.1299999999999999,0.99,UP WATCH,6,"UP5+,UP15+,UP30+,UP_BOOK"
2026-09-21 11:51:59,1789991518,btc-updown-5m-1789991400,182,0.81,0.82,0.815,0.18,0.19,0.185,1551.56,2814.01,3459.36,1991.44,-0.2891833139773272,0.26930358846407865,0.05999999999999994,0.09999999999999998,0.1399999999999999,1.01,WAIT,3,"UP5+,UP15+,UP30+,UP_BOOK_WEAK,DOWN_BOOK"
2026-09-21 11:52:00,1789991520,btc-updown-5m-1789991400,180,0.81,0.82,0.815,0.18,0.19,0.185,1417.4599999999998,3548.81,3476.1,1472.6799999999998,-0.4291651480890086,0.4048310896827097,0.009999999999999898,0.019999999999999907,0.1399999999999999,1.01,WAIT,-1,"UP30+,UP_BOOK_WEAK,DOWN_BOOK"
2026-09-21 11:52:02,1789991521,btc-updown-5m-1789991400,179,0.8,0.81,0.805,0.19,0.2,0.195,2656.28,2607.95,2669.5099999999998,3103.28,0.009180829864956582,-0.07514044335581244,0.0,0.0,0.1100000000000001,1.01,WAIT,1,UP30+
2026-09-21 11:52:03,1789991523,btc-updown-5m-1789991400,177,0.8,0.81,0.805,0.19,0.2,0.195,3157.87,2157.51,2319.28,2141.84,0.18820103172303762,0.03977476508141454,-0.009999999999999898,0.0,0.1100000000000001,1.01,WAIT,1,UP30+
2026-09-21 11:52:05,1789991524,btc-updown-5m-1789991400,176,0.8,0.81,0.805,0.19,0.2,0.195,2709.7900000000004,2090.84,1854.72,2815.1500000000005,0.12893099447364204,-0.2056652540648884,-0.009999999999999898,-0.009999999999999898,0.1100000000000001,1.01,WAIT,2,"UP30+,DOWN_BOOK_WEAK"
2026-09-21 11:52:07,1789991526,btc-updown-5m-1789991400,174,0.8,0.81,0.805,0.19,0.2,0.195,3344.6600000000003,1507.1599999999999,1478.72,3399.6600000000003,0.37872386032457933,-0.3937659632910926,0.0,0.040000000000000036,0.13,1.01,WAIT,3,"UP30+,UP_BOOK,DOWN_BOOK_WEAK"
2026-09-21 11:52:08,1789991528,btc-updown-5m-1789991400,172,0.81,0.82,0.815,0.18,0.19,0.185,3313.8,2034.51,2091.33,3403.33,0.23919518502106274,-0.23877728558272943,0.009999999999999898,0.05999999999999994,0.1399999999999999,1.01,UP WATCH,5,"UP15+,UP30+,UP_BOOK,DOWN_BOOK_WEAK"
2026-09-21 11:52:10,1789991529,btc-updown-5m-1789991400,171,0.82,0.83,0.825,0.17,0.18,0.175,2567.14,2820.73,2964.7000000000003,2409.14,-0.04706683717313152,0.10338231134533227,0.019999999999999907,0.06999999999999995,0.1499999999999999,1.01,WAIT,3,"UP15+,UP30+"
2026-09-21 11:52:11,1789991531,btc-updown-5m-1789991400,169,0.8,0.81,0.805,0.19,0.2,0.195,3614.26,1190.0,1219.99,3619.26,0.5046063285500785,-0.4957937696957174,0.0,0.0,0.13,1.01,WAIT,3,"UP30+,UP_BOOK,DOWN_BOOK_WEAK"
2026-09-21 11:52:13,1789991532,btc-updown-5m-1789991400,168,0.8,0.81,0.805,0.19,0.2,0.195,3894.77,1101.6100000000001,2031.58,2595.55,0.5590367426016436,-0.12188332724604674,0.0,-0.009999999999999898,0.09000000000000008,1.01,WAIT,2,"UP30+,UP_BOOK"
2026-09-21 11:52:14,1789991534,btc-updown-5m-1789991400,166,0.8,0.81,0.805,0.19,0.2,0.195,2345.55,2283.6800000000003,2108.3999999999996,2401.55,0.013365073673159443,-0.06500072062883193,-0.019999999999999907,-0.009999999999999898,0.010000000000000009,1.01,WAIT,0,
2026-09-21 11:52:16,1789991535,btc-updown-5m-1789991400,165,0.8,0.81,0.805,0.19,0.2,0.195,2069.23,2689.6800000000003,570.0,2953.6400000000003,-0.1303764937769364,-0.6764709221146314,-0.019999999999999907,-0.009999999999999898,0.010000000000000009,1.01,WAIT,1,DOWN_BOOK_WEAK
2026-09-21 11:52:18,1789991537,btc-updown-5m-1789991400,163,0.84,0.85,0.845,0.15,0.16,0.155,1778.4299999999998,2993.7099999999996,2800.7099999999996,1862.43,-0.25466143072080866,0.20121205882731372,0.039999999999999925,0.039999999999999925,0.039999999999999925,1.01,WAIT,0,"UP5+,UP_BOOK_WEAK,DOWN_BOOK"
2026-09-21 11:52:19,1789991539,btc-updown-5m-1789991400,161,0.83,0.84,0.835,0.16,0.17,0.165,2247.32,2440.59,2479.8599999999997,2406.08,-0.041227327316437384,0.015100471966499742,0.029999999999999916,0.029999999999999916,0.020000000000000018,1.01,WAIT,0,
2026-09-21 11:52:21,1789991540,btc-updown-5m-1789991400,160,0.82,0.83,0.825,0.15,0.16,0.155,2745.94,1714.38,1817.27,2241.34,0.23127488610682642,-0.10448651139183122,0.019999999999999907,0.019999999999999907,0.05999999999999994,0.99,WAIT,1,UP_BOOK
2026-09-21 11:52:22,1789991542,btc-updown-5m-1789991400,158,0.84,0.85,0.845,0.15,0.16,0.155,1251.97,2442.96,2454.95,1236.97,-0.32233086959698826,0.3299042232767773,0.0,0.039999999999999925,0.08999999999999997,1.01,WAIT,-1,"UP30+,UP_BOOK_WEAK,DOWN_BOOK"
2026-09-21 11:52:24,1789991543,btc-updown-5m-1789991400,157,0.83,0.84,0.835,0.16,0.17,0.165,2966.15,1449.79,1474.79,3305.15,0.34338328872221996,-0.3829253086858831,-0.010000000000000009,0.020000000000000018,0.07999999999999996,1.01,WAIT,3,"UP30+,UP_BOOK,DOWN_BOOK_WEAK"
2026-09-21 11:52:26,1789991545,btc-updown-5m-1789991400,155,0.84,0.85,0.845,0.14,0.15,0.14500000000000002,3342.82,1432.56,1383.34,3022.5299999999997,0.40002261600123973,-0.3720468375144977,0.020000000000000018,0.020000000000000018,0.039999999999999925,1.0,WAIT,2,"UP_BOOK,DOWN_BOOK_WEAK"
2026-09-21 11:52:27,1789991547,btc-updown-5m-1789991400,153,0.84,0.85,0.845,0.15,0.16,0.155,2034.7,3191.8399999999997,3171.8399999999997,2209.7,-0.22139694711989186,0.178785254778372,0.0,0.039999999999999925,0.030000000000000027,1.01,WAIT,-1,UP_BOOK_WEAK
2026-09-21 11:52:29,1789991548,btc-updown-5m-1789991400,152,0.84,0.85,0.845,0.15,0.16,0.155,3451.07,2028.35,1977.83,3476.1800000000003,0.25964791894032585,-0.2747244687853525,0.010000000000000009,0.039999999999999925,0.030000000000000027,1.01,WAIT,2,"UP_BOOK,DOWN_BOOK_WEAK"
2026-09-21 11:52:30,1789991550,btc-updown-5m-1789991400,150,0.8,0.81,0.805,0.19,0.2,0.195,910.75,2959.51,1200.85,2551.46,-0.5293597846139536,-0.3599409430457505,-0.039999999999999925,0.0,-0.009999999999999898,1.01,WAIT,-2,"UP5-,UP_BOOK_WEAK,DOWN_BOOK_WEAK"
2026-09-21 11:52:32,1789991551,btc-updown-5m-1789991400,149,0.82,0.83,0.825,0.17,0.18,0.175,3001.83,1531.1999999999998,1622.2,2884.27,0.3244253843455702,-0.2800573397803602,-0.020000000000000018,0.019999999999999907,0.019999999999999907,1.01,WAIT,2,"UP_BOOK,DOWN_BOOK_WEAK"
2026-09-21 11:52:34,1789991553,btc-updown-5m-1789991400,147,0.82,0.83,0.825,0.18,0.19,0.185,1208.28,3527.51,3079.65,1767.53,-0.4897239953629702,0.27069760149200156,-0.020000000000000018,-0.020000000000000018,0.019999999999999907,1.02,WAIT,-2,"UP_BOOK_WEAK,DOWN_BOOK"
2026-09-21 11:52:35,1789991555,btc-updown-5m-1789991400,145,0.83,0.84,0.835,0.16,0.17,0.165,1962.03,1897.36,2133.21,1479.79,0.016756534063673296,0.18085247716579023,0.029999999999999916,0.010000000000000009,0.029999999999999916,1.01,WAIT,0,
2026-09-21 11:52:37,1789991556,btc-updown-5m-1789991400,144,0.81,0.82,0.815,0.18,0.19,0.185,2916.37,1501.01,1475.88,2955.84,0.32040711915207654,-0.3339470905201592,-0.010000000000000009,-0.010000000000000009,0.009999999999999898,1.01,WAIT,2,"UP_BOOK,DOWN_BOOK_WEAK"
2026-09-21 11:52:38,1789991558,btc-updown-5m-1789991400,142,0.84,0.85,0.845,0.15,0.16,0.155,3332.56,1857.0699999999997,1015.83,3588.56,0.2843150667774004,-0.5587558829725544,0.020000000000000018,0.010000000000000009,0.030000000000000027,1.01,WAIT,2,"UP_BOOK,DOWN_BOOK_WEAK"
2026-09-21 11:52:40,1789991559,btc-updown-5m-1789991400,141,0.84,0.85,0.845,0.15,0.16,0.155,3178.56,804.94,1362.87,3498.56,0.5958629346052466,-0.43931312391621397,0.020000000000000018,0.010000000000000009,0.020000000000000018,1.01,WAIT,2,"UP_BOOK,DOWN_BOOK_WEAK"
2026-09-21 11:52:41,1789991561,btc-updown-5m-1789991400,139,0.81,0.82,0.815,0.18,0.19,0.185,1459.52,2840.99,2802.99,1545.79,-0.3212339931775533,0.2890925730894641,0.0,-0.030000000000000027,0.009999999999999898,1.01,WAIT,-2,"UP_BOOK_WEAK,DOWN_BOOK"
2026-09-21 11:52:43,1789991562,btc-updown-5m-1789991400,138,0.81,0.82,0.815,0.18,0.19,0.185,1383.17,2453.16,1010.04,2122.28,-0.27890979138916616,-0.35508504878173375,0.0,-0.030000000000000027,0.009999999999999898,1.01,WAIT,0,"UP_BOOK_WEAK,DOWN_BOOK_WEAK"
2026-09-21 11:52:45,1789991564,btc-updown-5m-1789991400,136,0.86,0.87,0.865,0.13,0.14,0.135,2929.68,1838.21,1838.21,2714.68,0.22892096923377006,-0.1925084946045259,0.020000000000000018,0.020000000000000018,0.05999999999999994,1.01,WAIT,1,UP_BOOK
2026-09-21 11:52:46,1789991566,btc-updown-5m-1789991400,134,0.86,0.87,0.865,0.13,0.14,0.135,3387.72,1754.23,1754.71,3444.15,0.31767909061737276,-0.32496354970128066,0.050000000000000044,0.040000000000000036,0.05999999999999994,1.01,UP WATCH,4,"UP5+,UP_BOOK,DOWN_BOOK_WEAK"
2026-09-21 11:52:48,1789991567,btc-updown-5m-1789991400,133,0.87,0.88,0.875,0.12,0.13,0.125,3471.44,1667.1599999999999,1573.31,3707.44,0.35112287393453473,-0.4041338824977513,0.06000000000000005,0.050000000000000044,0.030000000000000027,1.01,UP WATCH,6,"UP5+,UP15+,UP_BOOK,DOWN_BOOK_WEAK"
2026-09-21 11:52:49,1789991569,btc-updown-5m-1789991400,131,0.83,0.84,0.835,0.16,0.17,0.165,2388.37,1700.51,1625.86,2539.03,0.16822699614564376,-0.21925429002926852,-0.030000000000000027,0.010000000000000009,0.0,1.01,WAIT,-1,"UP5-,DOWN_BOOK_WEAK"
2026-09-21 11:52:51,1789991570,btc-updown-5m-1789991400,130,0.83,0.84,0.835,0.16,0.17,0.165,3164.7599999999998,1612.04,1679.04,3109.7599999999998,0.32505442974376153,-0.2987637821583695,-0.030000000000000027,0.0,0.010000000000000009,1.01,WAIT,0,"UP5-,UP_BOOK,DOWN_BOOK_WEAK"
2026-09-21 11:52:53,1789991572,btc-updown-5m-1789991400,128,0.84,0.85,0.845,0.15,0.16,0.155,3334.65,2219.69,2389.69,2378.1299999999997,0.20073672119459737,0.0024245881765671525,-0.030000000000000027,0.030000000000000027,0.0,1.01,WAIT,-1,"UP5-,UP_BOOK"
2026-09-21 11:52:54,1789991574,btc-updown-5m-1789991400,126,0.75,0.77,0.76,0.25,0.26,0.255,561.0,524.49,1307.72,522.4,0.03363457977503247,0.42910847376128347,-0.07499999999999996,-0.08499999999999996,-0.07499999999999996,1.03,DOWN WATCH,-6,"UP5-,UP15-,UP30-,DOWN_BOOK"
2026-09-21 11:52:56,1789991575,btc-updown-5m-1789991400,125,0.72,0.73,0.725,0.27,0.28,0.275,1026.55,2924.74,3002.64,740.53,-0.48039754105621196,0.6043300197426245,-0.10999999999999999,-0.12,-0.12,1.01,DOWN WATCH,-7,"UP5-,UP15-,UP30-,UP_BOOK_WEAK,DOWN_BOOK"
2026-09-21 11:52:57,1789991577,btc-updown-5m-1789991400,123,0.71,0.72,0.715,0.29,0.3,0.295,628.19,1732.98,2932.36,487.44,-0.4678993888623013,0.71493069770162,-0.13,-0.09999999999999998,-0.13,1.02,DOWN WATCH,-7,"UP5-,UP15-,UP30-,UP_BOOK_WEAK,DOWN_BOOK"
2026-09-21 11:52:59,1789991578,btc-updown-5m-1789991400,122,0.74,0.75,0.745,0.26,0.27,0.265,706.47,2180.99,2690.8,522.0,-0.5106633511806223,0.6750498007968128,-0.09999999999999998,-0.06999999999999995,-0.09999999999999998,1.02,DOWN WATCH,-7,"UP5-,UP15-,UP30-,UP_BOOK_WEAK,DOWN_BOOK"
2026-09-21 11:53:00,1789991580,btc-updown-5m-1789991400,120,0.71,0.72,0.715,0.28,0.29,0.28500000000000003,978.7,1684.68,1567.73,372.46000000000004,-0.2650691977862716,0.616058221102057,-0.010000000000000009,-0.15000000000000002,-0.09000000000000008,1.01,DOWN WATCH,-5,"UP15-,UP30-,UP_BOOK_WEAK,DOWN_BOOK"
2026-09-21 11:53:02,1789991581,btc-updown-5m-1789991400,119,0.71,0.72,0.715,0.27,0.28,0.275,2902.87,719.31,570.31,2112.15,0.6028303397401565,-0.5747858309163977,-0.010000000000000009,-0.15000000000000002,-0.10999999999999999,1.0,WAIT,-1,"UP15-,UP30-,UP_BOOK,DOWN_BOOK_WEAK"
2026-09-21 11:53:04,1789991583,btc-updown-5m-1789991400,117,0.67,0.68,0.675,0.32,0.33,0.325,2021.25,1142.0,458.75,2141.25,0.27795779656998343,-0.6471153846153846,-0.06999999999999995,-0.19999999999999996,-0.1499999999999999,1.01,WAIT,-3,"UP5-,UP15-,UP30-,UP_BOOK,DOWN_BOOK_WEAK"
2026-09-21 11:53:06,1789991585,btc-updown-5m-1789991400,115,0.68,0.69,0.685,0.28,0.3,0.29000000000000004,1670.74,719.05,1065.0,1152.4,0.39823164378460035,-0.03941553170379728,-0.029999999999999916,-0.1499999999999999,-0.1499999999999999,0.99,WAIT,-2,"UP15-,UP30-,UP_BOOK"
2026-09-21 11:53:07,1789991587,btc-updown-5m-1789991400,113,0.71,0.72,0.715,0.28,0.29,0.28500000000000003,2464.86,1284.0,1271.72,1506.52,0.31499175749427827,-0.084513936880903,0.0,-0.13,-0.09999999999999998,1.01,WAIT,-2,"UP15-,UP30-,UP_BOOK"
2026-09-21 11:53:09,1789991588,btc-updown-5m-1789991400,112,0.68,0.69,0.685,0.31,0.32,0.315,1261.97,2451.0,2431.0,1732.76,-0.3202368993016372,0.16769458374161814,0.010000000000000009,-0.15999999999999992,-0.15999999999999992,1.01,DOWN WATCH,-4,"UP15-,UP30-,UP_BOOK_WEAK"
2026-09-21 11:53:10,1789991590,btc-updown-5m-1789991400,110,0.67,0.68,0.675,0.3,0.31,0.305,2324.58,752.0,958.0,1822.41,0.5111454927224386,-0.3108929977952892,-0.010000000000000009,-0.04999999999999993,-0.16999999999999993,0.99,WAIT,1,"UP30-,UP_BOOK,DOWN_BOOK_WEAK"
2026-09-21 11:53:12,1789991591,btc-updown-5m-1789991400,109,0.7,0.71,0.705,0.29,0.3,0.295,2649.41,911.0,881.0,1948.9499999999998,0.48826118340303504,-0.377374158554038,0.019999999999999907,-0.020000000000000018,-0.10999999999999999,1.01,WAIT,1,"UP30-,UP_BOOK,DOWN_BOOK_WEAK"
2026-09-21 11:53:13,1789991593,btc-updown-5m-1789991400,107,0.71,0.72,0.715,0.28,0.29,0.28500000000000003,1364.25,1906.5900000000001,1992.5900000000001,629.51,-0.16581061745606637,0.5198428740322643,0.029999999999999916,-0.030000000000000027,-0.09999999999999998,1.01,WAIT,-2,"UP30-,DOWN_BOOK"
2026-09-21 11:53:15,1789991594,btc-updown-5m-1789991400,106,0.67,0.68,0.675,0.3,0.32,0.31,2427.3,2174.91,833.3699999999999,4070.16,0.05484104375941131,-0.6600938507564958,-0.010000000000000009,-0.06999999999999995,-0.18999999999999995,1.0,WAIT,-2,"UP15-,UP30-,DOWN_BOOK_WEAK"
2026-09-21 11:53:17,1789991596,btc-updown-5m-1789991400,104,0.69,0.7,0.695,0.3,0.31,0.305,1607.27,1881.6599999999999,819.06,2045.97,-0.07864588856755507,-0.42823635354603623,-0.010000000000000009,-0.020000000000000018,-0.17000000000000004,1.01,WAIT,0,"UP30-,DOWN_BOOK_WEAK"
2026-09-21 11:53:18,1789991598,btc-updown-5m-1789991400,102,0.69,0.7,0.695,0.33,0.34,0.335,408.27,2488.9,1696.12,233.5,-0.7181594452517457,0.7579834371534292,-0.020000000000000018,0.019999999999999907,-0.18000000000000005,1.04,WAIT,-3,"UP30-,UP_BOOK_WEAK,DOWN_BOOK"
2026-09-21 11:53:20,1789991599,btc-updown-5m-1789991400,101,0.67,0.68,0.675,0.32,0.33,0.325,2661.21,1071.53,411.52,2374.21,0.42587482653493147,-0.7045514102228141,0.0,0.0,-0.15999999999999992,1.01,WAIT,1,"UP30-,UP_BOOK,DOWN_BOOK_WEAK"
2026-09-21 11:53:21,1789991601,btc-updown-5m-1789991400,99,0.68,0.69,0.685,0.32,0.33,0.325,502.9,2141.29,2901.13,114.5,-0.6196188624871888,0.924062302072867,-0.009999999999999898,0.0,-0.1499999999999999,1.02,WAIT,-3,"UP30-,UP_BOOK_WEAK,DOWN_BOOK"
2026-09-21 11:53:23,1789991602,btc-updown-5m-1789991400,98,0.76,0.77,0.765,0.25,0.26,0.255,341.6,909.01,958.3199999999999,537.27,-0.4537065911835024,0.28152769141275347,0.07000000000000006,0.050000000000000044,-0.07999999999999996,1.03,WAIT,1,"UP5+,UP15+,UP30-,UP_BOOK_WEAK,DOWN_BOOK"
2026-09-21 11:53:25,1789991604,btc-updown-5m-1789991400,96,0.7,0.71,0.705,0.29,0.3,0.295,1896.66,852.5300000000001,872.5300000000001,1194.28,0.3797955034028205,-0.1556746870781542,0.029999999999999916,0.019999999999999907,-0.05500000000000005,1.01,WAIT,1,UP_BOOK
2026-09-21 11:53:26,1789991606,btc-updown-5m-1789991400,94,0.69,0.7,0.695,0.3,0.31,0.305,1749.4299999999998,1195.44,1482.3200000000002,589.6,0.18812035845385358,0.43086605660450217,0.009999999999999898,-0.010000000000000009,-0.030000000000000027,1.01,WAIT,-1,DOWN_BOOK
2026-09-21 11:53:28,1789991607,btc-updown-5m-1789991400,93,0.77,0.78,0.775,0.22,0.23,0.225,2598.38,1105.8,1096.8,2268.86,0.4029447813011247,-0.3482407610988633,0.010000000000000009,0.07000000000000006,0.06000000000000005,1.01,UP WATCH,4,"UP15+,UP_BOOK,DOWN_BOOK_WEAK"
2026-09-21 11:53:30,1789991609,btc-updown-5m-1789991400,91,0.77,0.78,0.775,0.22,0.23,0.225,858.36,1723.71,2103.36,757.47,-0.3351380868837793,0.47045437862438527,0.07000000000000006,0.09999999999999998,0.030000000000000027,1.01,WAIT,2,"UP5+,UP15+,UP_BOOK_WEAK,DOWN_BOOK"
2026-09-21 11:53:31,1789991611,btc-updown-5m-1789991400,89,0.76,0.77,0.765,0.23,0.24,0.235,1414.66,1652.82,1462.99,2030.1200000000001,-0.07764027801322253,-0.16235675372375907,0.07000000000000006,0.07000000000000006,0.050000000000000044,1.01,UP WATCH,4,"UP5+,UP15+"
2026-09-21 11:53:33,1789991612,btc-updown-5m-1789991400,88,0.78,0.79,0.785,0.21,0.22,0.215,2799.42,927.61,1024.6100000000001,2337.2,0.5022256327424249,-0.39044145861901763,0.010000000000000009,0.09000000000000008,0.07000000000000006,1.01,UP WATCH,5,"UP15+,UP30+,UP_BOOK,DOWN_BOOK_WEAK"
2026-09-21 11:53:34,1789991614,btc-updown-5m-1789991400,86,0.78,0.79,0.785,0.21,0.22,0.215,768.4399999999999,1974.05,1974.05,768.4399999999999,-0.4396041553478774,0.4396041553478774,0.010000000000000009,0.10999999999999999,0.10999999999999999,1.01,WAIT,1,"UP15+,UP30+,UP_BOOK_WEAK,DOWN_BOOK"
2026-09-21 11:53:36,1789991615,btc-updown-5m-1789991400,85,0.76,0.77,0.765,0.24,0.25,0.245,259.34000000000003,2469.38,751.62,2921.9800000000005,-0.8099182034067254,-0.5907992160278747,-0.010000000000000009,0.08999999999999997,0.07999999999999996,1.02,WAIT,3,"UP15+,UP30+,UP_BOOK_WEAK,DOWN_BOOK_WEAK"
2026-09-21 11:53:38,1789991617,btc-updown-5m-1789991400,83,0.75,0.76,0.755,0.24,0.25,0.245,1040.34,2306.7,2351.7,1101.34,-0.37835221568908645,0.36210411695201905,-0.030000000000000027,-0.010000000000000009,0.040000000000000036,1.01,DOWN WATCH,-4,"UP5-,UP_BOOK_WEAK,DOWN_BOOK"
2026-09-21 11:53:39,1789991619,btc-updown-5m-1789991400,81,0.75,0.76,0.755,0.24,0.25,0.245,1510.4399999999998,972.95,905.24,1809.8999999999999,0.2164339874123677,-0.333190922015071,-0.030000000000000027,0.050000000000000044,0.06999999999999995,1.01,WAIT,2,"UP5-,UP15+,UP_BOOK,DOWN_BOOK_WEAK"
2026-09-21 11:53:41,1789991620,btc-updown-5m-1789991400,80,0.79,0.8,0.795,0.21,0.22,0.215,1421.4500000000003,1954.01,2386.12,729.45,-0.15777405153667937,0.5317389755325671,0.030000000000000027,0.09000000000000008,0.12,1.02,UP WATCH,4,"UP5+,UP15+,UP30+,DOWN_BOOK"
2026-09-21 11:53:43,1789991622,btc-updown-5m-1789991400,78,0.77,0.78,0.775,0.22,0.23,0.225,1380.59,2335.73,2319.1400000000003,1430.99,-0.2570123132561244,0.23683178983128592,0.020000000000000018,0.0,0.07000000000000006,1.01,WAIT,-1,"UP30+,UP_BOOK_WEAK,DOWN_BOOK"
2026-09-21 11:53:44,1789991624,btc-updown-5m-1789991400,76,0.78,0.79,0.785,0.21,0.22,0.215,2608.6,1279.46,2922.1400000000003,31.41,0.34185172039526135,0.9787306800291176,0.030000000000000027,0.010000000000000009,0.10999999999999999,1.01,WAIT,3,"UP5+,UP30+,UP_BOOK,DOWN_BOOK"
2026-09-21 11:53:46,1789991625,btc-updown-5m-1789991400,75,0.61,0.62,0.615,0.38,0.39,0.385,1461.45,444.99,845.0,1568.91,0.5331717756656386,-0.2998910481335262,-0.18000000000000005,-0.16000000000000003,-0.06000000000000005,1.01,WAIT,-2,"UP5-,UP15-,UP_BOOK,DOWN_BOOK_WEAK"
2026-09-21 11:53:48,1789991627,btc-updown-5m-1789991400,73,0.35,0.39,0.37,0.61,0.65,0.63,365.48,330.64,474.78,359.15,0.05004884215365171,0.13865672178720037,-0.405,-0.41500000000000004,-0.32499999999999996,1.04,DOWN WATCH,-5,"UP5-,UP15-,UP30-"
2026-09-21 11:53:49,1789991629,btc-updown-5m-1789991400,71,0.31,0.32,0.315,0.72,0.73,0.725,76.87,693.75,651.69,346.30999999999995,-0.8004983000700734,0.305991983967936,-0.47000000000000003,-0.47000000000000003,-0.36000000000000004,1.05,DOWN WATCH,-7,"UP5-,UP15-,UP30-,UP_BOOK_WEAK,DOWN_BOOK"
2026-09-21 11:53:51,1789991630,btc-updown-5m-1789991400,70,0.34,0.35,0.345,0.65,0.66,0.655,1341.0,656.46,559.79,2297.0,0.3427052356492746,-0.6080986001771219,-0.27,-0.42000000000000004,-0.33000000000000007,1.01,WAIT,-3,"UP5-,UP15-,UP30-,UP_BOOK,DOWN_BOOK_WEAK"
2026-09-21 11:53:53,1789991632,btc-updown-5m-1789991400,68,0.36,0.37,0.365,0.63,0.64,0.635,711.6800000000001,1001.3,1059.21,780.3000000000001,-0.1690737778608039,0.15162189931014233,-0.0050000000000000044,-0.39,-0.4,1.01,WAIT,-3,"UP15-,UP30-"
2026-09-21 11:53:54,1789991634,btc-updown-5m-1789991400,66,0.31,0.32,0.315,0.68,0.69,0.685,1570.16,2076.1400000000003,2066.1400000000003,1552.91,-0.13876532375284542,0.14181345933325049,0.0,-0.44,-0.38999999999999996,1.01,WAIT,-3,"UP15-,UP30-"
2026-09-21 11:53:56,1789991635,btc-updown-5m-1789991400,65,0.3,0.31,0.305,0.7,0.71,0.705,1110.83,719.84,1003.76,883.79,0.21357754264831993,0.06355858122963631,-0.03999999999999998,-0.49000000000000005,-0.39999999999999997,1.02,DOWN WATCH,-4,"UP5-,UP15-,UP30-,UP_BOOK"
2026-09-21 11:53:57,1789991637,btc-updown-5m-1789991400,63,0.29,0.3,0.295,0.69,0.7,0.695,1285.26,297.87,857.69,1514.0,0.6236948323890015,-0.2767267222950723,-0.07,-0.48000000000000004,-0.48000000000000004,1.0,WAIT,-3,"UP5-,UP15-,UP30-,UP_BOOK,DOWN_BOOK_WEAK"
2026-09-21 11:53:59,1789991638,btc-updown-5m-1789991400,62,0.49,0.5,0.495,0.48,0.49,0.485,1186.69,187.0,254.0,1275.0,0.727740611054896,-0.6677567037279267,0.13,-0.28,-0.28,0.99,WAIT,1,"UP5+,UP15-,UP30-,UP_BOOK,DOWN_BOOK_WEAK"
2026-09-21 11:54:00,1789991640,btc-updown-5m-1789991400,60,0.52,0.53,0.525,0.49,0.5,0.495,95.0,558.26,1804.8400000000001,6.0,-0.7091510271561093,0.9933732411477546,0.22000000000000003,-0.08999999999999997,-0.25,1.03,WAIT,-3,"UP5+,UP15-,UP30-,UP_BOOK_WEAK,DOWN_BOOK"
2026-09-21 11:54:02,1789991641,btc-updown-5m-1789991400,59,0.64,0.65,0.645,0.34,0.35,0.345,323.66,59.46,838.21,288.65,0.689601169346419,0.48769146122854656,0.34,0.030000000000000027,-0.12,1.0,WAIT,1,"UP5+,UP30-,UP_BOOK,DOWN_BOOK"
2026-09-21 11:54:04,1789991643,btc-updown-5m-1789991400,57,0.62,0.63,0.625,0.36,0.37,0.365,664.33,510.73,656.69,603.9,0.13071672935850087,0.04187721622414907,0.13,0.255,-0.16000000000000003,1.0,WAIT,3,"UP5+,UP15+,UP30-"
2026-09-21 11:54:05,1789991645,btc-updown-5m-1789991400,55,0.67,0.68,0.675,0.31,0.32,0.315,778.28,729.5,537.48,223.93,0.032352199923065685,0.41180178878659324,0.15000000000000002,0.33000000000000007,-0.08999999999999997,1.0,WAIT,2,"UP5+,UP15+,UP30-,DOWN_BOOK"
2026-09-21 11:54:07,1789991646,btc-updown-5m-1789991400,54,0.64,0.65,0.645,0.34,0.35,0.345,849.65,678.66,777.9399999999999,540.65,0.1118817517388488,0.17995737871514267,0.0,0.30000000000000004,-0.12,1.0,WAIT,1,"UP15+,UP30-"
2026-09-21 11:54:09,1789991648,btc-updown-5m-1789991400,52,0.68,0.69,0.685,0.39,0.4,0.395,13.0,3179.21,291.36,953.74,-0.9918551724353974,-0.5319893984418923,0.06000000000000005,0.32000000000000006,-0.06999999999999995,1.0899999999999999,UP WATCH,4,"UP5+,UP15+,UP_BOOK_WEAK,DOWN_BOOK_WEAK"
2026-09-21 11:54:10,1789991650,btc-updown-5m-1789991400,50,0.62,0.63,0.625,0.34,0.35,0.345,676.4399999999999,256.73,575.42,797.8399999999999,0.4497679951134305,-0.1619649592939429,-0.050000000000000044,0.32,-0.17000000000000004,0.98,WAIT,0,"UP5-,UP15+,UP30-,UP_BOOK"
2026-09-21 11:54:12,1789991651,btc-updown-5m-1789991400,49,0.58,0.59,0.585,0.38,0.39,0.385,602.61,622.98,747.54,929.1099999999999,-0.01662056642107067,-0.10829332299525837,-0.06000000000000005,0.27999999999999997,-0.21000000000000008,0.98,WAIT,-1,"UP5-,UP15+,UP30-"
2026-09-21 11:54:13,1789991653,btc-updown-5m-1789991400,47,0.64,0.65,0.645,0.35,0.36,0.355,494.84,451.09,528.78,324.55,0.04625077965599992,0.23933296614439897,-0.040000000000000036,0.15000000000000002,-0.13,1.01,WAIT,-2,"UP5-,UP15+,UP30-,DOWN_BOOK"
2026-09-21 11:54:15,1789991654,btc-updown-5m-1789991400,46,0.62,0.63,0.625,0.37,0.38,0.375,960.5799999999999,402.33000000000004,402.33000000000004,960.5799999999999,0.4096015144066739,-0.4096015144066739,-0.06000000000000005,0.13,-0.16000000000000003,1.01,WAIT,1,"UP5-,UP15+,UP30-,UP_BOOK,DOWN_BOOK_WEAK"
2026-09-21 11:54:17,1789991656,btc-updown-5m-1789991400,44,0.72,0.73,0.725,0.27,0.28,0.275,1274.05,976.0,780.63,1225.3,0.1324637230283771,-0.22167772554376275,0.14,0.07999999999999996,0.10999999999999999,1.01,UP WATCH,6,"UP5+,UP15+,UP30+,DOWN_BOOK_WEAK"
2026-09-21 11:54:18,1789991658,btc-updown-5m-1789991400,42,0.76,0.77,0.765,0.18,0.19,0.185,1302.8400000000001,60.28,683.0,298.46,0.9115558424790188,0.3918040470319728,0.12,0.14,0.395,0.96,UP WATCH,5,"UP5+,UP15+,UP30+,UP_BOOK,DOWN_BOOK"
2026-09-21 11:54:20,1789991659,btc-updown-5m-1789991400,41,0.87,0.88,0.875,0.12,0.13,0.125,1099.56,2452.5,723.59,1566.19,-0.38088883633722403,-0.36798295032710565,0.25,0.25,0.56,1.01,UP WATCH,5,"UP5+,UP15+,UP30+,UP_BOOK_WEAK,DOWN_BOOK_WEAK"
2026-09-21 11:54:21,1789991661,btc-updown-5m-1789991400,39,0.89,0.9,0.895,0.09,0.1,0.095,2263.95,757.0,1703.01,1416.57,0.498833148512885,0.09182005269940187,0.17000000000000004,0.25,0.55,1.0,UP WATCH,6,"UP5+,UP15+,UP30+,UP_BOOK"
2026-09-21 11:54:23,1789991662,btc-updown-5m-1789991400,38,0.91,0.92,0.915,0.07,0.08,0.07500000000000001,1444.73,1184.88,1125.0,1733.49,0.09881693483064025,-0.21287113126161017,0.19000000000000006,0.27,0.55,1.0,UP WATCH,6,"UP5+,UP15+,UP30+,DOWN_BOOK_WEAK"
2026-09-21 11:54:24,1789991664,btc-updown-5m-1789991400,36,0.91,0.92,0.915,0.08,0.09,0.08499999999999999,1372.06,1855.13,1906.69,1457.06,-0.14968749903166537,0.13366926793013753,0.040000000000000036,0.22999999999999998,0.6000000000000001,1.01,UP WATCH,5,"UP5+,UP15+,UP30+"
2026-09-21 11:54:26,1789991666,btc-updown-5m-1789991400,34,0.93,0.94,0.935,0.06,0.07,0.065,1154.12,2120.49,2123.49,1214.83,-0.29510995202482126,0.27219080255937117,0.040000000000000036,0.3500000000000001,0.6300000000000001,1.01,WAIT,3,"UP5+,UP15+,UP30+,UP_BOOK_WEAK,DOWN_BOOK"
2026-09-21 11:54:28,1789991667,btc-updown-5m-1789991400,33,0.94,0.95,0.945,0.07,0.08,0.07500000000000001,246.0,3196.54,796.54,1772.6,-0.8570822706489976,-0.3799170150322676,0.029999999999999916,0.36,0.6499999999999999,1.03,WAIT,3,"UP15+,UP30+,UP_BOOK_WEAK,DOWN_BOOK_WEAK"
2026-09-21 11:54:30,1789991669,btc-updown-5m-1789991400,31,0.95,0.96,0.955,0.04,0.05,0.045,1679.26,5884.15,2743.2299999999996,1776.04,-0.5559516144173065,0.2140146528089713,0.039999999999999925,0.32999999999999996,0.45999999999999996,1.01,WAIT,3,"UP5+,UP15+,UP30+,UP_BOOK_WEAK,DOWN_BOOK"
2026-09-21 11:54:31,1789991671,btc-updown-5m-1789991400,29,0.96,0.97,0.965,0.03,0.04,0.035,1625.6799999999998,5226.5,5084.44,1601.6100000000001,-0.5254999138960156,0.5209099543078499,0.029999999999999916,0.24,0.31999999999999995,1.01,WAIT,1,"UP15+,UP30+,UP_BOOK_WEAK,DOWN_BOOK"
2026-09-21 11:54:33,1789991672,btc-updown-5m-1789991400,28,0.96,0.97,0.965,0.03,0.04,0.035,1955.75,3950.59,3960.59,1975.75,-0.3377455412319643,0.3343541643504247,0.020000000000000018,0.24,0.31999999999999995,1.01,WAIT,1,"UP15+,UP30+,UP_BOOK_WEAK,DOWN_BOOK"
2026-09-21 11:54:34,1789991674,btc-updown-5m-1789991400,26,0.98,0.99,0.985,0.01,0.02,0.015,2076.41,2312.91,2331.89,1795.25,-0.053880783355964024,0.13002708897687018,0.030000000000000027,0.10999999999999999,0.36,1.01,UP WATCH,5,"UP5+,UP15+,UP30+"
2026-09-21 11:54:36,1789991675,btc-updown-5m-1789991400,25,0.99,,,,0.01,,4744.0599999999995,0,0,4771.9,1.0,-1.0,,,,,WAIT,2,"UP_BOOK,DOWN_BOOK_WEAK"
2026-09-21 11:54:37,1789991677,btc-updown-5m-1789991400,23,0.99,,,,0.01,,4908.469999999999,0,0,5204.469999999999,1.0,-1.0,,,,,WAIT,2,"UP_BOOK,DOWN_BOOK_WEAK"
2026-09-21 11:54:39,1789991678,btc-updown-5m-1789991400,22,0.99,,,,0.01,,6320.530000000001,0,0,6303.91,1.0,-1.0,,,,,WAIT,2,"UP_BOOK,DOWN_BOOK_WEAK"
2026-09-21 11:54:41,1789991680,btc-updown-5m-1789991400,20,0.99,,,,0.01,,12721.039999999999,0,0,12901.039999999999,1.0,-1.0,,,,,WAIT,2,"UP_BOOK,DOWN_BOOK_WEAK"
2026-09-21 11:54:42,1789991682,btc-updown-5m-1789991400,18,0.99,,,,0.01,,11321.6,0,0,3664.59,1.0,-1.0,,,,,WAIT,0,TIME FILTER
2026-09-21 11:54:44,1789991683,btc-updown-5m-1789991400,17,0.99,,,,0.01,,4818.21,0,0,5818.209999999999,1.0,-1.0,,,,,WAIT,0,TIME FILTER
2026-09-21 11:54:45,1789991685,btc-updown-5m-1789991400,15,0.99,,,,0.01,,11053.73,0,0,11063.73,1.0,-1.0,,,,,WAIT,0,TIME FILTER
2026-09-21 11:54:47,1789991686,btc-updown-5m-1789991400,14,0.99,,,,0.01,,17479.71,0,0,17701.710000000003,1.0,-1.0,,,,,WAIT,0,TIME FILTER
2026-09-21 11:54:48,1789991688,btc-updown-5m-1789991400,12,0.99,,,,0.01,,14681.01,0,0,14681.01,1.0,-1.0,,,,,WAIT,0,TIME FILTER
2026-09-21 11:54:50,1789991689,btc-updown-5m-1789991400,11,0.99,,,,0.01,,9664.699999999999,0,0,9745.470000000001,1.0,-1.0,,,,,WAIT,0,TIME FILTER
2026-09-21 11:54:51,1789991691,btc-updown-5m-1789991400,9,0.99,,,,0.01,,12610.26,0,0,25350.26,1.0,-1.0,,,,,WAIT,0,TIME FILTER
2026-09-21 11:54:53,1789991692,btc-updown-5m-1789991400,8,0.99,,,,0.01,,33915.26,0,0,34160.26,1.0,-1.0,,,,,WAIT,0,TIME FILTER
2026-09-21 11:54:54,1789991694,btc-updown-5m-1789991400,6,0.99,,,,0.01,,34595.26,0,0,34590.26,1.0,-1.0,,,,,WAIT,0,TIME FILTER
2026-09-21 11:54:56,1789991695,btc-updown-5m-1789991400,5,0.99,,,,0.01,,23145.73,0,0,24045.73,1.0,-1.0,,,,,WAIT,0,TIME FILTER
2026-09-21 11:54:58,1789991697,btc-updown-5m-1789991400,3,0.99,,,,0.01,,25375.73,0,0,37232.73,1.0,-1.0,,,,,WAIT,0,TIME FILTER
2026-09-21 11:54:59,1789991699,btc-updown-5m-1789991400,1,0.99,,,,0.01,,37153.28,0,0,37133.28,1.0,-1.0,,,,,WAIT,0,TIME FILTER
2026-09-21 11:55:01,1789991700,btc-updown-5m-1789991700,300,0.42,0.43,0.425,0.57,0.58,0.575,947.01,430.78,405.78,1027.01,0.3746797407442354,-0.4335806363807676,,,,1.01,WAIT,0,TIME FILTER
2026-09-21 11:55:02,1789991702,btc-updown-5m-1789991700,298,0.42,0.43,0.425,0.61,0.62,0.615,1815.01,942.8299999999999,903.0,1005.1199999999999,0.31625475009427667,-0.05351864662599831,,,,1.05,WAIT,0,TIME FILTER
2026-09-21 11:55:04,1789991703,btc-updown-5m-1789991700,297,0.39,0.4,0.395,0.6,0.61,0.605,2353.9399999999996,2536.2599999999998,2606.2599999999998,2443.9399999999996,-0.037282728722751665,0.03214130133460065,,,,1.01,WAIT,0,TIME FILTER
2026-09-21 11:55:06,1789991705,btc-updown-5m-1789991700,295,0.37,0.38,0.375,0.62,0.63,0.625,3520.23,1233.12,1134.96,3415.9300000000003,0.4811574994477579,-0.5012140482411133,-0.04999999999999999,,,1.01,WAIT,0,TIME FILTER
2026-09-21 11:55:07,1789991707,btc-updown-5m-1789991700,293,0.37,0.38,0.375,0.6,0.61,0.605,3762.46,1001.94,1227.03,3720.08,0.5794055914700698,-0.5039406845612894,-0.04999999999999999,,,0.99,WAIT,0,TIME FILTER
2026-09-21 11:55:09,1789991708,btc-updown-5m-1789991700,292,0.39,0.4,0.395,0.6,0.61,0.605,3915.7799999999997,1181.0,1171.0,3930.7799999999997,0.5365701482112235,-0.5409445330845313,0.0,,,1.01,WAIT,0,TIME FILTER
2026-09-21 11:55:10,1789991710,btc-updown-5m-1789991700,290,0.39,0.4,0.395,0.6,0.61,0.605,2976.44,2730.2599999999998,2899.6099999999997,2375.0,0.04313876671281131,0.09945948610418584,0.020000000000000018,,,1.01,WAIT,0,TIME FILTER
2026-09-21 11:55:12,1789991711,btc-updown-5m-1789991700,289,0.41,0.42,0.415,0.58,0.59,0.585,2438.0,2408.88,3201.49,2532.0,0.006007988644241221,0.11676832086565073,0.03999999999999998,,,1.01,WAIT,0,TIME FILTER
2026-09-21 11:55:14,1789991713,btc-updown-5m-1789991700,287,0.37,0.38,0.375,0.62,0.63,0.625,3194.7,2282.45,2409.11,2409.0,0.16655559917110177,2.283052898338297e-05,-0.020000000000000018,,,1.01,WAIT,0,TIME FILTER
2026-09-21 11:55:15,1789991715,btc-updown-5m-1789991700,285,0.37,0.38,0.375,0.61,0.62,0.615,3930.96,1301.0,2221.35,2796.2599999999998,0.5026720387770549,-0.11457845468260783,-0.020000000000000018,-0.04999999999999999,,1.0,WAIT,1,UP_BOOK
2026-09-21 11:55:17,1789991716,btc-updown-5m-1789991700,284,0.37,0.38,0.375,0.62,0.63,0.625,2788.0,2631.55,2637.26,2848.2,0.028867710418761672,-0.03845438668771618,-0.03999999999999998,-0.04999999999999999,,1.01,WAIT,-2,UP5-
2026-09-21 11:55:18,1789991718,btc-updown-5m-1789991700,282,0.36,0.37,0.365,0.63,0.64,0.635,3263.64,1880.65,1890.65,3161.41,0.2688398204611326,-0.251533038008258,-0.010000000000000009,-0.030000000000000027,,1.01,WAIT,2,"UP_BOOK,DOWN_BOOK_WEAK"
2026-09-21 11:55:20,1789991719,btc-updown-5m-1789991700,281,0.34,0.35,0.345,0.65,0.66,0.655,733.2900000000001,1311.42,679.0,2742.89,-0.28274425224114913,-0.6031432921572581,-0.030000000000000027,-0.050000000000000044,,1.01,DOWN WATCH,-4,"UP5-,UP15-,UP_BOOK_WEAK,DOWN_BOOK_WEAK"
2026-09-21 11:55:22,1789991721,btc-updown-5m-1789991700,279,0.36,0.37,0.365,0.63,0.64,0.635,3187.68,1582.0,898.0,3396.88,0.3366431290988074,-0.5818276645680438,-0.010000000000000009,-0.010000000000000009,,1.01,WAIT,2,"UP_BOOK,DOWN_BOOK_WEAK"
2026-09-21 11:55:23,1789991723,btc-updown-5m-1789991700,277,0.37,0.38,0.375,0.62,0.63,0.625,2827.24,1709.35,1756.15,2823.51,0.246416361187588,-0.23306533672805407,0.010000000000000009,-0.020000000000000018,,1.01,WAIT,2,"UP_BOOK,DOWN_BOOK_WEAK"
2026-09-21 11:55:25,1789991724,btc-updown-5m-1789991700,276,0.37,0.38,0.375,0.62,0.63,0.625,2880.0899999999997,2434.74,2458.29,3474.4299999999994,0.08379383724408869,-0.17127725562642424,0.030000000000000027,-0.020000000000000018,,1.01,WAIT,2,UP5+
2026-09-21 11:55:26,1789991726,btc-updown-5m-1789991700,274,0.36,0.37,0.365,0.63,0.64,0.635,3642.65,1438.6,1433.6,3652.65,0.4337613776137762,-0.4362840992872942,0.0,-0.04999999999999999,,1.01,WAIT,2,"UP_BOOK,DOWN_BOOK_WEAK"
2026-09-21 11:55:28,1789991727,btc-updown-5m-1789991700,273,0.36,0.37,0.365,0.63,0.64,0.635,3447.09,1960.6,1995.6,3292.09,0.27488447007872124,-0.24519024375483436,0.0,-0.04999999999999999,,1.01,WAIT,2,"UP_BOOK,DOWN_BOOK_WEAK"
2026-09-21 11:55:29,1789991729,btc-updown-5m-1789991700,271,0.34,0.35,0.345,0.65,0.66,0.655,1713.87,3144.9300000000003,3004.9300000000003,2702.41,-0.2945295134601137,0.05300542809785302,-0.030000000000000027,-0.030000000000000027,,1.01,WAIT,-3,"UP5-,UP_BOOK_WEAK"
2026-09-21 11:55:31,1789991730,btc-updown-5m-1789991700,270,0.32,0.33,0.325,0.67,0.68,0.675,3158.35,1727.1100000000001,1717.49,3591.37,0.29295910722838786,-0.3529722011882024,-0.04999999999999999,-0.04999999999999999,-0.09999999999999998,1.01,WAIT,-1,"UP5-,UP30-,UP_BOOK,DOWN_BOOK_WEAK"
2026-09-21 11:55:33,1789991732,btc-updown-5m-1789991700,268,0.32,0.33,0.325,0.67,0.68,0.675,1336.4,3024.2799999999997,3155.45,2375.12,-0.38706807195208076,0.14109395595752336,-0.03999999999999998,-0.04999999999999999,-0.09999999999999998,1.01,DOWN WATCH,-4,"UP5-,UP30-,UP_BOOK_WEAK"
2026-09-21 11:55:34,1789991734,btc-updown-5m-1789991700,266,0.32,0.33,0.325,0.67,0.68,0.675,1766.35,2818.03,2794.3900000000003,2604.3,-0.22940506677020672,0.035210393632529396,-0.019999999999999962,-0.019999999999999962,-0.07,1.01,WAIT,-2,"UP30-,UP_BOOK_WEAK"
2026-09-21 11:55:36,1789991735,btc-updown-5m-1789991700,265,0.33,0.34,0.335,0.66,0.67,0.665,2849.42,2220.71,2204.78,3703.0,0.1240027376023889,-0.25360118352409866,0.010000000000000009,-0.009999999999999953,-0.03999999999999998,1.01,WAIT,1,DOWN_BOOK_WEAK
2026-09-21 11:55:37,1789991737,btc-updown-5m-1789991700,263,0.33,0.34,0.335,0.66,0.67,0.665,2118.92,2427.71,2735.33,2061.3,-0.0679162368611477,0.14052157452211234,0.010000000000000009,-0.02999999999999997,-0.03999999999999998,1.01,WAIT,0,
2026-09-21 11:55:39,1789991739,btc-updown-5m-1789991700,261,0.31,0.32,0.315,0.68,0.69,0.685,3697.5299999999997,1408.92,1513.92,3627.5299999999997,0.4481802426343154,-0.4110922016162755,-0.010000000000000009,-0.06,-0.08000000000000002,1.01,WAIT,-1,"UP15-,UP30-,UP_BOOK,DOWN_BOOK_WEAK"
2026-09-21 11:55:41,1789991740,btc-updown-5m-1789991700,260,0.32,0.33,0.325,0.66,0.67,0.665,2356.55,1645.19,1958.18,2870.12,0.17776267323714187,-0.1888739307830913,-0.010000000000000009,-0.04999999999999999,-0.07,1.0,WAIT,-1,UP30-
2026-09-21 11:55:42,1789991742,btc-updown-5m-1789991700,258,0.33,0.34,0.335,0.66,0.67,0.665,1725.62,2177.87,2262.66,2410.2200000000003,-0.11585786052993603,-0.03157795620687893,0.0,-0.02999999999999997,-0.07999999999999996,1.01,WAIT,-1,UP30-
2026-09-21 11:55:44,1789991743,btc-updown-5m-1789991700,257,0.29,0.3,0.295,0.7,0.71,0.705,1264.91,1677.72,1462.0,2557.5299999999997,-0.14028607062389764,-0.27255176600249276,-0.040000000000000036,-0.07,-0.08000000000000002,1.01,DOWN WATCH,-4,"UP5-,UP15-,UP30-,DOWN_BOOK_WEAK"
2026-09-21 11:55:45,1789991745,btc-updown-5m-1789991700,255,0.32,0.33,0.325,0.67,0.68,0.675,1291.05,1977.78,2051.7799999999997,1982.05,-0.21008434210405558,0.01728630110837586,0.0,0.0,-0.04999999999999999,1.01,WAIT,-1,UP_BOOK_WEAK
2026-09-21 11:55:47,1789991747,btc-updown-5m-1789991700,253,0.3,0.31,0.305,0.7,0.71,0.705,1285.19,2728.15,3205.65,1166.91,-0.35954093099513124,0.466257752895329,-0.030000000000000027,-0.020000000000000018,-0.07,1.02,DOWN WATCH,-5,"UP5-,UP30-,UP_BOOK_WEAK,DOWN_BOOK"
2026-09-21 11:55:49,1789991748,btc-updown-5m-1789991700,252,0.28,0.29,0.28500000000000003,0.71,0.72,0.715,1917.71,2499.16,3127.16,2007.71,-0.13164299605829463,0.21800941406501037,-0.009999999999999953,-0.03999999999999998,-0.07999999999999996,1.01,WAIT,-2,"UP30-,DOWN_BOOK"
2026-09-21 11:55:50,1789991750,btc-updown-5m-1789991700,250,0.28,0.29,0.28500000000000003,0.71,0.72,0.715,2156.32,2582.8900000000003,2733.99,2186.32,-0.09000867233146455,0.11130802733974073,-0.03999999999999998,-0.04999999999999999,-0.05999999999999994,1.01,WAIT,-2,UP5-
2026-09-21 11:55:52,1789991751,btc-updown-5m-1789991700,249,0.28,0.29,0.28500000000000003,0.71,0.72,0.715,2669.6,1410.87,2064.08,2699.92,0.30847671959357625,-0.13346767422334177,-0.03999999999999998,-0.04999999999999999,-0.07999999999999996,1.01,WAIT,-2,"UP5-,UP30-,UP_BOOK"
2026-09-21 11:55:54,1789991753,btc-updown-5m-1789991700,247,0.28,0.29,0.28500000000000003,0.71,0.72,0.715,2471.0,1944.03,2640.0299999999997,2491.0,0.11935819235656384,0.029044850644022693,0.0,-0.04999999999999999,-0.08999999999999997,1.01,WAIT,-1,UP30-
2026-09-21 11:55:55,1789991755,btc-updown-5m-1789991700,245,0.28,0.29,0.28500000000000003,0.71,0.72,0.715,2660.2200000000003,1814.23,2483.36,2620.0,0.18907128250399494,-0.026774517180837693,0.0,-0.03999999999999998,-0.08999999999999997,1.01,WAIT,-1,UP30-
2026-09-21 11:55:57,1789991756,btc-updown-5m-1789991700,244,0.29,0.3,0.295,0.7,0.71,0.705,3389.32,396.0,1075.46,3294.32,0.790770661397187,-0.5077738467382796,0.009999999999999953,-0.030000000000000027,-0.07,1.01,WAIT,1,"UP30-,UP_BOOK,DOWN_BOOK_WEAK"
2026-09-21 11:55:59,1789991758,btc-updown-5m-1789991700,242,0.29,0.3,0.295,0.7,0.71,0.705,2290.0,2270.8900000000003,2844.8100000000004,2340.0,0.004189971694121031,0.09736325921297026,0.009999999999999953,0.0,-0.07,1.01,WAIT,-1,UP30-
2026-09-21 11:56:00,1789991760,btc-updown-5m-1789991700,240,0.29,0.3,0.295,0.7,0.71,0.705,1835.74,2858.8900000000003,3237.8100000000004,1844.2,-0.21794049797321627,0.2742241750803324,0.009999999999999953,-0.030000000000000027,-0.030000000000000027,1.01,WAIT,-2,"UP_BOOK_WEAK,DOWN_BOOK"
2026-09-21 11:56:02,1789991761,btc-updown-5m-1789991700,239,0.29,0.3,0.295,0.7,0.71,0.705,2030.1100000000001,2734.2799999999997,2939.5299999999997,2048.06,-0.14779856392948515,0.17873762678969196,0.0,-0.030000000000000027,-0.030000000000000027,1.01,WAIT,0,
2026-09-21 11:56:04,1789991763,btc-updown-5m-1789991700,237,0.29,0.3,0.295,0.7,0.71,0.705,2288.81,2177.26,2696.82,2291.06,0.024977217105867068,0.08134919043762083,0.0,0.009999999999999953,-0.030000000000000027,1.01,WAIT,0,
2026-09-21 11:56:05,1789991765,btc-updown-5m-1789991700,235,0.29,0.3,0.295,0.7,0.71,0.705,2134.2,2376.65,2855.56,1816.38,-0.05374818493188651,0.22243008257811525,0.0,0.009999999999999953,-0.040000000000000036,1.01,WAIT,-1,DOWN_BOOK
2026-09-21 11:56:07,1789991766,btc-updown-5m-1789991700,234,0.29,0.3,0.295,0.7,0.71,0.705,1972.77,2562.67,2964.59,1972.77,-0.1300645582347027,0.20088063256477146,0.0,0.009999999999999953,-0.040000000000000036,1.01,WAIT,-1,DOWN_BOOK
2026-09-21 11:56:08,1789991768,btc-updown-5m-1789991700,232,0.27,0.28,0.275,0.72,0.73,0.725,809.99,3294.8199999999997,3324.8199999999997,2032.99,-0.6053459234410363,0.2411115735720378,-0.019999999999999962,-0.010000000000000009,-0.06,1.01,WAIT,-2,"UP_BOOK_WEAK,DOWN_BOOK"
2026-09-21 11:56:10,1789991770,btc-updown-5m-1789991700,230,0.26,0.27,0.265,0.73,0.74,0.735,2241.0,3148.34,3078.34,2226.0,-0.16835827763696484,0.16068728625993056,-0.02999999999999997,-0.020000000000000018,-0.06,1.01,WAIT,0,
2026-09-21 11:56:12,1789991771,btc-updown-5m-1789991700,229,0.26,0.27,0.265,0.74,0.75,0.745,1863.0,3042.38,2959.83,2357.0,-0.2404258181833008,0.1133814697855677,-0.02999999999999997,-0.02999999999999997,-0.06,1.02,WAIT,-1,UP_BOOK_WEAK
2026-09-21 11:56:13,1789991773,btc-updown-5m-1789991700,227,0.25,0.26,0.255,0.74,0.75,0.745,2222.0,3029.83,3034.83,2250.65,-0.15381876412602843,0.1483649545547424,-0.020000000000000018,-0.03999999999999998,-0.03999999999999998,1.01,WAIT,0,
2026-09-21 11:56:15,1789991774,btc-updown-5m-1789991700,226,0.25,0.26,0.255,0.74,0.75,0.745,2100.91,2974.96,2984.96,2105.91,-0.17219708148553847,0.17267186158750866,-0.020000000000000018,-0.03999999999999998,-0.03999999999999998,1.01,WAIT,0,
2026-09-21 11:56:17,1789991776,btc-updown-5m-1789991700,224,0.25,0.26,0.255,0.74,0.75,0.745,2112.91,2809.44,2849.44,2112.91,-0.14150355013357444,0.14842362993339853,-0.010000000000000009,-0.03999999999999998,-0.07,1.01,WAIT,-1,UP30-
2026-09-21 11:56:18,1789991778,btc-updown-5m-1789991700,222,0.26,0.27,0.265,0.72,0.73,0.725,2811.79,1453.0,2674.69,1409.0,0.31860654334680016,0.3099378258388859,0.010000000000000009,-0.02999999999999997,-0.020000000000000018,1.0,WAIT,0,"UP_BOOK,DOWN_BOOK"
2026-09-21 11:56:20,1789991779,btc-updown-5m-1789991700,221,0.27,0.28,0.275,0.72,0.73,0.725,1392.05,2282.16,2366.44,2347.05,-0.2422588801402206,0.004113724649887848,0.020000000000000018,-0.019999999999999962,-0.010000000000000009,1.01,WAIT,-1,UP_BOOK_WEAK
2026-09-21 11:56:21,1789991781,btc-updown-5m-1789991700,219,0.31,0.32,0.315,0.7,0.71,0.705,812.0,2511.35,2345.7,1775.0,-0.5113364526757639,0.1384958866212051,0.06,0.020000000000000018,0.02999999999999997,1.03,WAIT,1,"UP5+,UP_BOOK_WEAK"
2026-09-21 11:56:23,1789991782,btc-updown-5m-1789991700,218,0.27,0.28,0.275,0.72,0.73,0.725,993.0,2925.56,2992.81,1810.0,-0.4931811685925442,0.24627457675818948,0.020000000000000018,-0.019999999999999962,-0.010000000000000009,1.01,WAIT,-2,"UP_BOOK_WEAK,DOWN_BOOK"
2026-09-21 11:56:25,1789991784,btc-updown-5m-1789991700,216,0.27,0.28,0.275,0.72,0.73,0.725,968.0,3192.81,3215.81,1855.0,-0.5347059827293243,0.26836146493361024,0.0,0.0,-0.010000000000000009,1.01,WAIT,-2,"UP_BOOK_WEAK,DOWN_BOOK"
2026-09-21 11:56:26,1789991786,btc-updown-5m-1789991700,214,0.24,0.25,0.245,0.76,0.77,0.765,1087.68,3523.06,2988.44,2489.0,-0.5281972091247826,0.09118128176666472,-0.07,-0.020000000000000018,-0.04999999999999999,1.02,WAIT,-3,"UP5-,UP_BOOK_WEAK"
2026-09-21 11:56:28,1789991787,btc-updown-5m-1789991700,213,0.23,0.24,0.235,0.76,0.77,0.765,3081.75,1877.6000000000001,1362.93,3299.58,0.24280399649147566,-0.41536640135892466,-0.040000000000000036,-0.030000000000000027,-0.06,1.01,WAIT,0,"UP5-,UP_BOOK,DOWN_BOOK_WEAK"
2026-09-21 11:56:30,1789991789,btc-updown-5m-1789991700,211,0.23,0.24,0.235,0.76,0.77,0.765,2099.88,1836.6100000000001,2008.21,1948.71,0.06687937731329179,0.015036947929197457,-0.040000000000000036,-0.020000000000000018,-0.06,1.01,WAIT,-2,UP5-
2026-09-21 11:56:31,1789991791,btc-updown-5m-1789991700,209,0.21,0.22,0.215,0.78,0.79,0.785,1682.1,2238.7200000000003,1707.0,2429.1,-0.14196520115690092,-0.1745847537535359,-0.03,-0.04000000000000001,-0.07999999999999999,1.01,WAIT,-3,"UP5-,UP30-"
2026-09-21 11:56:33,1789991792,btc-updown-5m-1789991700,208,0.22,0.23,0.225,0.78,0.79,0.785,1244.0,2814.92,3211.0,1853.1,-0.3870290619179486,0.26814241424932367,-0.009999999999999981,-0.03,-0.06999999999999998,1.02,WAIT,-2,"UP_BOOK_WEAK,DOWN_BOOK"
2026-09-21 11:56:41,1789991794,btc-updown-5m-1789991700,206,0.18,0.19,0.185,0.82,0.83,0.825,2275.21,2575.96,2963.04,2170.8,-0.061995353698180024,0.15431723622084048,-0.04999999999999999,-0.09000000000000002,-0.10999999999999999,1.02,DOWN WATCH,-5,"UP5-,UP15-,UP30-"
2026-09-21 11:56:43,1789991802,btc-updown-5m-1789991700,198,0.15,0.16,0.155,0.84,0.85,0.845,2685.77,2212.71,2499.41,2653.88,0.09657281442406623,-0.02997502566321714,-0.03,-0.07999999999999999,-0.11000000000000001,1.01,DOWN WATCH,-5,"UP5-,UP15-,UP30-"
2026-09-21 11:56:45,1789991804,btc-updown-5m-1789991700,196,0.17,0.18,0.175,0.85,0.88,0.865,974.0,3209.91,3197.1299999999997,860.08,-0.5344068108539619,0.5760239179140345,-0.010000000000000009,-0.06,-0.08000000000000002,1.06,DOWN WATCH,-5,"UP15-,UP30-,UP_BOOK_WEAK,DOWN_BOOK"
2026-09-21 11:56:46,1789991806,btc-updown-5m-1789991700,194,0.11,0.12,0.11499999999999999,0.88,0.89,0.885,1477.1999999999998,3358.8199999999997,3729.4299999999994,1121.2,-0.38908441238869984,0.5377095346377687,-0.07,-0.1,-0.14,1.01,DOWN WATCH,-7,"UP5-,UP15-,UP30-,UP_BOOK_WEAK,DOWN_BOOK"
2026-09-21 11:56:48,1789991807,btc-updown-5m-1789991700,193,0.08,0.09,0.08499999999999999,0.91,0.92,0.915,2455.27,3743.57,3803.65,2287.27,-0.2078292067548122,0.24895746455379483,-0.07,-0.14,-0.17,1.01,DOWN WATCH,-7,"UP5-,UP15-,UP30-,UP_BOOK_WEAK,DOWN_BOOK"
2026-09-21 11:56:50,1789991809,btc-updown-5m-1789991700,191,0.06,0.07,0.065,0.93,0.94,0.935,4057.9399999999996,2748.4,2715.01,3988.1899999999996,0.19240002703361858,-0.18993614989855584,-0.10999999999999999,-0.12,-0.21000000000000002,1.01,DOWN WATCH,-5,"UP5-,UP15-,UP30-"
2026-09-21 11:56:51,1789991811,btc-updown-5m-1789991700,189,0.06,0.07,0.065,0.93,0.94,0.935,3715.99,3919.6099999999997,3857.47,3720.99,-0.026667190528576655,0.018008935852402735,-0.04999999999999999,-0.12,-0.25,1.01,DOWN WATCH,-5,"UP5-,UP15-,UP30-"
2026-09-21 11:56:53,1789991812,btc-updown-5m-1789991700,188,0.06,0.07,0.065,0.93,0.94,0.935,3525.2599999999998,2889.7599999999998,2492.0899999999997,3585.54,0.09906438327550032,-0.17991388090423413,-0.01999999999999999,-0.12,-0.21000000000000002,1.01,WAIT,-3,"UP15-,UP30-"
2026-09-21 11:56:56,1789991814,btc-updown-5m-1789991700,186,0.07,0.08,0.07500000000000001,0.94,0.95,0.945,1226.04,3268.8700000000003,1148.7,4688.92,-0.4544762853983729,-0.6064492036138016,0.010000000000000009,-0.10999999999999999,-0.2,1.03,WAIT,-3,"UP15-,UP30-,UP_BOOK_WEAK,DOWN_BOOK_WEAK"
2026-09-21 11:56:58,1789991817,btc-updown-5m-1789991700,183,0.09,0.1,0.095,0.9,0.91,0.905,2664.73,1810.53,1508.01,2914.52,0.19087159181812902,-0.31803289067569923,0.03,-0.06,-0.13999999999999999,1.01,WAIT,0,"UP5+,UP15-,UP30-,DOWN_BOOK_WEAK"
2026-09-21 11:57:00,1789991819,btc-updown-5m-1789991700,181,0.08,0.09,0.08499999999999999,0.91,0.92,0.915,2955.89,1232.8,589.8,2556.32,0.4113672771200543,-0.6250619811068873,0.009999999999999981,-0.09,-0.15,1.01,WAIT,-1,"UP15-,UP30-,UP_BOOK,DOWN_BOOK_WEAK"
2026-09-21 11:57:01,1789991821,btc-updown-5m-1789991700,179,0.1,0.11,0.10500000000000001,0.89,0.9,0.895,1620.67,2278.94,2338.94,1528.38,-0.1688040598931688,0.20959217235708447,0.03,-0.009999999999999981,-0.10999999999999999,1.01,WAIT,0,"UP5+,UP30-,DOWN_BOOK"
2026-09-21 11:57:03,1789991822,btc-updown-5m-1789991700,178,0.09,0.1,0.095,0.9,0.91,0.905,1989.5,2391.38,2761.7999999999997,1986.5,-0.09173499388250765,0.16327948950150578,0.0,0.010000000000000009,-0.13,1.01,WAIT,-1,UP30-
2026-09-21 11:57:05,1789991824,btc-updown-5m-1789991700,176,0.09,0.1,0.095,0.9,0.91,0.905,2008.3899999999999,2929.99,3086.05,1473.89,-0.18661990369311396,0.3535485116032228,0.010000000000000009,0.03,-0.09,1.01,WAIT,-2,"UP30-,DOWN_BOOK"
2026-09-21 11:57:07,1789991826,btc-updown-5m-1789991700,174,0.09,0.1,0.095,0.9,0.91,0.905,1922.33,2636.08,2691.08,1936.5,-0.1565787193341538,0.16306147057425263,-0.010000000000000009,0.03,-0.09,1.01,WAIT,-1,UP30-
2026-09-21 11:57:08,1789991828,btc-updown-5m-1789991700,172,0.09,0.1,0.095,0.9,0.91,0.905,1718.99,2784.59,2794.59,1767.49,-0.23661176219807356,0.22513853330059977,0.0,0.03,-0.09,1.01,WAIT,-3,"UP30-,UP_BOOK_WEAK,DOWN_BOOK"
2026-09-21 11:57:10,1789991829,btc-updown-5m-1789991700,171,0.11,0.12,0.11499999999999999,0.88,0.89,0.885,2266.48,2473.83,2335.87,2365.55,-0.04374186498351372,-0.006312986289248842,0.01999999999999999,0.03999999999999998,-0.07,1.01,WAIT,-1,UP30-
2026-09-21 11:57:12,1789991831,btc-updown-5m-1789991700,169,0.09,0.1,0.095,0.9,0.91,0.905,1918.21,2330.5299999999997,2501.83,1902.54,-0.09704524164811208,0.13606713332440282,0.0,0.01999999999999999,-0.09,1.01,WAIT,-1,UP30-
2026-09-21 11:57:14,1789991833,btc-updown-5m-1789991700,167,0.09,0.1,0.095,0.9,0.91,0.905,2545.75,2455.91,2388.4700000000003,2477.25,0.017962036603847552,-0.01824601497825599,0.0,0.0,-0.06,1.01,WAIT,0,
2026-09-21 11:57:19,1789991835,btc-updown-5m-1789991700,165,0.09,0.1,0.095,0.9,0.91,0.905,2368.04,2241.23,2309.97,2327.05,0.02751194874676466,-0.003683400114728938,-0.01999999999999999,0.010000000000000009,-0.07999999999999999,1.01,WAIT,-1,UP30-
2026-09-21 11:57:25,1789991840,btc-updown-5m-1789991700,160,0.08,0.09,0.08499999999999999,0.92,0.93,0.925,2559.01,2904.2999999999997,2028.6100000000001,3120.51,-0.06320161220944803,-0.2120556522279535,-0.010000000000000009,-0.010000000000000009,0.01999999999999999,1.02,WAIT,1,DOWN_BOOK_WEAK
2026-09-21 11:57:27,1789991846,btc-updown-5m-1789991700,154,0.04,0.05,0.045,0.95,0.96,0.955,3785.8999999999996,2736.2,2716.2,13766.689999999999,0.16094509437144477,-0.6704218738340181,-0.039999999999999994,-0.05,-0.030000000000000013,1.01,WAIT,-3,"UP5-,UP15-,DOWN_BOOK_WEAK"
2026-09-21 11:57:29,1789991848,btc-updown-5m-1789991700,152,0.05,0.06,0.055,0.95,0.96,0.955,2097.69,2043.25,2779.87,13217.389999999998,0.013146773437915074,-0.6524567332155631,-0.029999999999999992,-0.04,-0.04,1.02,WAIT,1,DOWN_BOOK_WEAK
2026-09-21 11:57:31,1789991850,btc-updown-5m-1789991700,150,0.04,0.05,0.045,0.95,0.96,0.955,3183.7799999999997,2654.27,3881.22,13343.739999999998,0.09069980558576919,-0.5493493163409378,-0.039999999999999994,-0.05,-0.039999999999999994,1.01,WAIT,-3,"UP5-,UP15-,DOWN_BOOK_WEAK"
2026-09-21 11:57:32,1789991852,btc-updown-5m-1789991700,148,0.04,0.05,0.045,0.95,0.96,0.955,3183.7799999999997,4156.94,4176.76,13488.739999999998,-0.13257010211532383,-0.5271280178879736,0.0,-0.05,-0.05,1.01,WAIT,-1,"UP15-,DOWN_BOOK_WEAK"
2026-09-21 11:57:34,1789991853,btc-updown-5m-1789991700,147,0.03,0.04,0.035,0.96,0.97,0.965,13413.759999999998,3704.7999999999997,3759.69,13892.73,0.5671598545672066,-0.574031209318609,-0.019999999999999997,-0.06,-0.06,1.01,WAIT,0,"UP15-,UP_BOOK,DOWN_BOOK_WEAK"
2026-09-21 11:57:36,1789991855,btc-updown-5m-1789991700,145,0.04,0.05,0.045,0.95,0.96,0.955,3989.67,4318.87,3958.45,13744.619999999999,-0.03962188302638006,-0.5527950801753593,0.0,-0.039999999999999994,-0.05,1.01,WAIT,1,DOWN_BOOK_WEAK
2026-09-21 11:57:38,1789991857,btc-updown-5m-1789991700,143,0.04,0.05,0.045,0.95,0.96,0.955,3789.2200000000003,4588.299999999999,4588.299999999999,13805.18,-0.09538383674404824,-0.5010949532116816,0.0,-0.039999999999999994,-0.05,1.01,WAIT,1,DOWN_BOOK_WEAK
2026-09-21 11:57:40,1789991859,btc-updown-5m-1789991700,141,0.04,0.05,0.045,0.95,0.96,0.955,3475.01,4607.52,4592.52,13583.67,-0.14011825505132677,-0.4946663739760642,0.009999999999999995,-0.039999999999999994,-0.06999999999999999,1.01,WAIT,1,DOWN_BOOK_WEAK
2026-09-21 11:57:42,1789991861,btc-updown-5m-1789991700,139,0.03,0.04,0.035,0.96,0.97,0.965,13137.75,3030.11,2877.95,13300.71,0.6251686988877934,-0.6442288792767756,-0.009999999999999995,-0.009999999999999995,-0.06,1.01,WAIT,2,"UP_BOOK,DOWN_BOOK_WEAK"
2026-09-21 11:57:43,1789991863,btc-updown-5m-1789991700,137,0.03,0.04,0.035,0.96,0.97,0.965,13387.81,2668.95,2688.95,13377.81,0.667560578846542,-0.6652778780538205,-0.009999999999999995,-0.019999999999999997,-0.06,1.01,WAIT,2,"UP_BOOK,DOWN_BOOK_WEAK"
2026-09-21 11:57:45,1789991864,btc-updown-5m-1789991700,136,0.02,0.03,0.025,0.97,0.98,0.975,10450.769999999999,2487.5299999999997,2913.62,10428.74,0.6154780767179614,-0.5632526779370366,-0.019999999999999997,-0.03,-0.07,1.01,WAIT,1,"UP30-,UP_BOOK,DOWN_BOOK_WEAK"
2026-09-21 11:57:47,1789991866,btc-updown-5m-1789991700,134,0.02,0.03,0.025,0.97,0.98,0.975,10189.44,3124.62,3139.62,10193.41,0.5306285235307637,-0.5290462858030021,-0.010000000000000002,-0.019999999999999997,-0.07,1.01,WAIT,1,"UP30-,UP_BOOK,DOWN_BOOK_WEAK"
2026-09-21 11:57:48,1789991868,btc-updown-5m-1789991700,132,0.02,0.03,0.025,0.97,0.98,0.975,9928.65,3169.2200000000003,3164.2200000000003,9998.73,0.5160709336708946,-0.5192232744179686,-0.010000000000000002,-0.010000000000000002,-0.07,1.01,WAIT,1,"UP30-,UP_BOOK,DOWN_BOOK_WEAK"
2026-09-21 11:57:50,1789991869,btc-updown-5m-1789991700,131,0.02,0.03,0.025,0.97,0.98,0.975,10003.51,3137.42,3152.42,9993.01,0.5224965051940769,-0.520377804301571,0.0,-0.010000000000000002,-0.07,1.01,WAIT,1,"UP30-,UP_BOOK,DOWN_BOOK_WEAK"
2026-09-21 11:57:52,1789991871,btc-updown-5m-1789991700,129,0.02,0.03,0.025,0.98,0.99,0.985,9999.01,3262.42,2402.6800000000003,9380.36,0.5079836789848455,-0.5921799467709521,0.0,-0.019999999999999997,-0.05999999999999999,1.02,WAIT,2,"UP_BOOK,DOWN_BOOK_WEAK"
2026-09-21 11:57:53,1789991873,btc-updown-5m-1789991700,127,0.01,0.02,0.015,0.98,0.99,0.985,6804.18,2569.73,2694.73,6829.18,0.4517271874809979,-0.4341126701113304,-0.010000000000000002,-0.03,-0.06999999999999999,1.01,WAIT,2,"UP_BOOK,DOWN_BOOK_WEAK"
2026-09-21 11:57:55,1789991874,btc-updown-5m-1789991700,126,0.01,0.02,0.015,0.98,0.99,0.985,6602.46,2491.48,2495.06,6496.71,0.4520570841681383,-0.44503473732090565,-0.010000000000000002,-0.03,-0.06999999999999999,1.01,WAIT,2,"UP_BOOK,DOWN_BOOK_WEAK"
2026-09-21 11:57:56,1789991876,btc-updown-5m-1789991700,124,0.01,0.02,0.015,0.98,0.99,0.985,6507.46,2655.06,2665.06,6507.46,0.4204520153844139,-0.4189034202160366,-0.010000000000000002,-0.020000000000000004,-0.03,1.01,WAIT,2,"UP_BOOK,DOWN_BOOK_WEAK"
2026-09-21 11:58:01,1789991877,btc-updown-5m-1789991700,123,0.01,0.02,0.015,0.98,0.99,0.985,1473.64,2593.43,2254.4300000000003,1583.58,-0.2753308893134369,0.17479110268081643,-0.010000000000000002,-0.020000000000000004,-0.03,1.01,WAIT,-1,UP_BOOK_WEAK
2026-09-21 11:58:03,1789991882,btc-updown-5m-1789991700,118,0.01,0.02,0.015,0.98,0.99,0.985,1306.61,2524.63,2267.0,1401.59,-0.3179179586765643,0.2358971703024868,0.0,-0.010000000000000002,-0.03,1.01,WAIT,-2,"UP_BOOK_WEAK,DOWN_BOOK"
2026-09-21 11:58:05,1789991884,btc-updown-5m-1789991700,116,,0.01,,0.99,,,0,3031.0,2879.4700000000003,0,-1.0,1.0,,,,,WAIT,-2,"UP_BOOK_WEAK,DOWN_BOOK"
2026-09-21 11:58:06,1789991886,btc-updown-5m-1789991700,114,,0.01,,0.99,,,0,2903.9700000000003,2955.24,0,-1.0,1.0,,,,,WAIT,-2,"UP_BOOK_WEAK,DOWN_BOOK"
2026-09-21 11:58:08,1789991887,btc-updown-5m-1789991700,113,,0.01,,0.99,,,0,2499.9,2499.9,0,-1.0,1.0,,,,,WAIT,-2,"UP_BOOK_WEAK,DOWN_BOOK"
2026-09-21 11:58:10,1789991889,btc-updown-5m-1789991700,111,,0.01,,0.99,,,0,2785.9700000000003,2785.9700000000003,0,-1.0,1.0,,,,,WAIT,-2,"UP_BOOK_WEAK,DOWN_BOOK"
2026-09-21 11:58:11,1789991891,btc-updown-5m-1789991700,109,,0.01,,0.99,,,0,2675.9700000000003,2685.9700000000003,0,-1.0,1.0,,,,,WAIT,-2,"UP_BOOK_WEAK,DOWN_BOOK"
2026-09-21 11:58:13,1789991892,btc-updown-5m-1789991700,108,,0.01,,0.99,,,0,2575.9700000000003,2575.9700000000003,0,-1.0,1.0,,,,,WAIT,-2,"UP_BOOK_WEAK,DOWN_BOOK"
2026-09-21 11:58:15,1789991894,btc-updown-5m-1789991700,106,,0.01,,0.99,,,0,2503.9700000000003,2518.9700000000003,0,-1.0,1.0,,,,,WAIT,-2,"UP_BOOK_WEAK,DOWN_BOOK"
2026-09-21 11:58:16,1789991896,btc-updown-5m-1789991700,104,,0.01,,0.99,,,0,1975.27,1985.27,0,-1.0,1.0,,,,,WAIT,-2,"UP_BOOK_WEAK,DOWN_BOOK"
2026-09-21 11:58:18,1789991897,btc-updown-5m-1789991700,103,,0.01,,0.99,,,0,2513.37,8967.0,0,-1.0,1.0,,,,,WAIT,-2,"UP_BOOK_WEAK,DOWN_BOOK"
2026-09-21 11:58:20,1789991899,btc-updown-5m-1789991700,101,,0.01,,0.99,,,0,8878.25,8893.35,0,-1.0,1.0,,,,,WAIT,-2,"UP_BOOK_WEAK,DOWN_BOOK"
2026-09-21 11:58:22,1789991901,btc-updown-5m-1789991700,99,,0.01,,0.99,,,0,8438.35,8428.35,0,-1.0,1.0,,,,,WAIT,-2,"UP_BOOK_WEAK,DOWN_BOOK"
2026-09-21 11:58:24,1789991903,btc-updown-5m-1789991700,97,,0.01,,0.99,,,0,8381.35,8613.01,0,-1.0,1.0,,,,,WAIT,-2,"UP_BOOK_WEAK,DOWN_BOOK"
2026-09-21 11:58:25,1789991905,btc-updown-5m-1789991700,95,,0.01,,0.99,,,0,8667.44,8762.789999999999,0,-1.0,1.0,,,,,WAIT,-2,"UP_BOOK_WEAK,DOWN_BOOK"
2026-09-21 11:58:27,1789991906,btc-updown-5m-1789991700,94,,0.01,,0.99,,,0,11675.8,11555.8,0,-1.0,1.0,,,,,WAIT,-2,"UP_BOOK_WEAK,DOWN_BOOK"
2026-09-21 11:58:28,1789991908,btc-updown-5m-1789991700,92,,0.01,,0.99,,,0,11704.8,11714.8,0,-1.0,1.0,,,,,WAIT,-2,"UP_BOOK_WEAK,DOWN_BOOK"
2026-09-21 11:58:30,1789991909,btc-updown-5m-1789991700,91,,0.01,,0.99,,,0,11973.67,12018.67,0,-1.0,1.0,,,,,WAIT,-2,"UP_BOOK_WEAK,DOWN_BOOK"
2026-09-21 11:58:31,1789991911,btc-updown-5m-1789991700,89,,0.01,,0.99,,,0,12192.24,12192.24,0,-1.0,1.0,,,,,WAIT,-2,"UP_BOOK_WEAK,DOWN_BOOK"
2026-09-21 11:58:33,1789991912,btc-updown-5m-1789991700,88,,0.01,,0.99,,,0,12174.93,12194.93,0,-1.0,1.0,,,,,WAIT,-2,"UP_BOOK_WEAK,DOWN_BOOK"
2026-09-21 11:58:36,1789991914,btc-updown-5m-1789991700,86,,0.01,,0.99,,,0,12053.84,12038.84,0,-1.0,1.0,,,,,WAIT,-2,"UP_BOOK_WEAK,DOWN_BOOK"
2026-09-21 11:58:38,1789991917,btc-updown-5m-1789991700,83,,0.01,,0.99,,,0,12093.84,12113.84,0,-1.0,1.0,,,,,WAIT,-2,"UP_BOOK_WEAK,DOWN_BOOK"
2026-09-21 11:58:39,1789991919,btc-updown-5m-1789991700,81,,0.01,,0.99,,,0,12118.84,12118.84,0,-1.0,1.0,,,,,WAIT,-2,"UP_BOOK_WEAK,DOWN_BOOK"
2026-09-21 11:58:47,1789991920,btc-updown-5m-1789991700,80,,0.01,,0.99,,,0,13662.84,16287.84,0,-1.0,1.0,,,,,WAIT,-2,"UP_BOOK_WEAK,DOWN_BOOK"
2026-09-21 11:58:52,1789991928,btc-updown-5m-1789991700,72,,0.01,,0.99,,,0,16282.3,16338.369999999999,0,-1.0,1.0,,,,,WAIT,-2,"UP_BOOK_WEAK,DOWN_BOOK"
2026-09-21 11:58:54,1789991933,btc-updown-5m-1789991700,67,,0.01,,0.99,,,0,8026.28,7826.28,0,-1.0,1.0,,,,,WAIT,-2,"UP_BOOK_WEAK,DOWN_BOOK"
2026-09-21 11:58:56,1789991935,btc-updown-5m-1789991700,65,,0.01,,0.99,,,0,4650.42,3671.21,0,-1.0,1.0,,,,,WAIT,-2,"UP_BOOK_WEAK,DOWN_BOOK"
2026-09-21 11:58:57,1789991937,btc-updown-5m-1789991700,63,,0.01,,0.99,,,0,4716.469999999999,4716.469999999999,0,-1.0,1.0,,,,,WAIT,-2,"UP_BOOK_WEAK,DOWN_BOOK"
2026-09-21 11:58:59,1789991938,btc-updown-5m-1789991700,62,,0.01,,0.99,,,0,4749.43,4789.53,0,-1.0,1.0,,,,,WAIT,-2,"UP_BOOK_WEAK,DOWN_BOOK"
2026-09-21 11:59:01,1789991940,btc-updown-5m-1789991700,60,,0.01,,0.99,,,0,4791.53,4417.110000000001,0,-1.0,1.0,,,,,WAIT,-2,"UP_BOOK_WEAK,DOWN_BOOK"
2026-09-21 11:59:02,1789991942,btc-updown-5m-1789991700,58,,0.01,,0.99,,,0,7166.23,7166.23,0,-1.0,1.0,,,,,WAIT,-2,"UP_BOOK_WEAK,DOWN_BOOK"
2026-09-21 11:59:04,1789991943,btc-updown-5m-1789991700,57,,0.01,,0.99,,,0,8790.56,8810.56,0,-1.0,1.0,,,,,WAIT,-2,"UP_BOOK_WEAK,DOWN_BOOK"
2026-09-21 11:59:05,1789991945,btc-updown-5m-1789991700,55,,0.01,,0.99,,,0,11294.85,11480.85,0,-1.0,1.0,,,,,WAIT,-2,"UP_BOOK_WEAK,DOWN_BOOK"
2026-09-21 11:59:07,1789991946,btc-updown-5m-1789991700,54,,0.01,,0.99,,,0,12955.85,12955.85,0,-1.0,1.0,,,,,WAIT,-2,"UP_BOOK_WEAK,DOWN_BOOK"
2026-09-21 11:59:09,1789991948,btc-updown-5m-1789991700,52,,0.01,,0.99,,,0,12940.85,12955.85,0,-1.0,1.0,,,,,WAIT,-2,"UP_BOOK_WEAK,DOWN_BOOK"
2026-09-21 11:59:10,1789991950,btc-updown-5m-1789991700,50,,0.01,,0.99,,,0,13267.85,13262.85,0,-1.0,1.0,,,,,WAIT,-2,"UP_BOOK_WEAK,DOWN_BOOK"
2026-09-21 11:59:12,1789991951,btc-updown-5m-1789991700,49,,0.01,,0.99,,,0,18236.86,18236.86,0,-1.0,1.0,,,,,WAIT,-2,"UP_BOOK_WEAK,DOWN_BOOK"
2026-09-21 11:59:13,1789991953,btc-updown-5m-1789991700,47,,0.01,,0.999,,,0,18211.86,22056.46,0,-1.0,1.0,,,,,WAIT,-2,"UP_BOOK_WEAK,DOWN_BOOK"
2026-09-21 11:59:15,1789991955,btc-updown-5m-1789991700,45,,0.001,,0.999,,,0,34540.83,34532.86,0,-1.0,1.0,,,,,WAIT,-2,"UP_BOOK_WEAK,DOWN_BOOK"
2026-09-21 11:59:17,1789991956,btc-updown-5m-1789991700,44,,0.001,,0.999,,,0,34264.94,34127.94,0,-1.0,1.0,,,,,WAIT,-2,"UP_BOOK_WEAK,DOWN_BOOK"
2026-09-21 11:59:18,1789991958,btc-updown-5m-1789991700,42,,0.001,,0.999,,,0,33707.94,33727.94,0,-1.0,1.0,,,,,WAIT,-2,"UP_BOOK_WEAK,DOWN_BOOK"
2026-09-21 11:59:20,1789991959,btc-updown-5m-1789991700,41,,0.001,,0.999,,,0,32447.370000000003,32427.370000000003,0,-1.0,1.0,,,,,WAIT,-2,"UP_BOOK_WEAK,DOWN_BOOK"
2026-09-21 11:59:22,1789991961,btc-updown-5m-1789991700,39,,0.001,,0.999,,,0,32457.72,32502.72,0,-1.0,1.0,,,,,WAIT,-2,"UP_BOOK_WEAK,DOWN_BOOK"
2026-09-21 11:59:23,1789991963,btc-updown-5m-1789991700,37,,0.001,,0.999,,,0,24107.71,24149.71,0,-1.0,1.0,,,,,WAIT,-2,"UP_BOOK_WEAK,DOWN_BOOK"
2026-09-21 11:59:25,1789991964,btc-updown-5m-1789991700,36,,0.001,,0.999,,,0,24178.8,24103.8,0,-1.0,1.0,,,,,WAIT,-2,"UP_BOOK_WEAK,DOWN_BOOK"
2026-09-21 11:59:26,1789991966,btc-updown-5m-1789991700,34,,0.004,,0.996,,,0,13233.41,13188.41,0,-1.0,1.0,,,,,WAIT,-2,"UP_BOOK_WEAK,DOWN_BOOK"
2026-09-21 11:59:29,1789991967,btc-updown-5m-1789991700,33,,0.003,,0.997,,,0,12266.82,12196.34,0,-1.0,1.0,,,,,WAIT,-2,"UP_BOOK_WEAK,DOWN_BOOK"
2026-09-21 11:59:31,1789991970,btc-updown-5m-1789991700,30,,0.001,,0.999,,,0,12872.34,12932.34,0,-1.0,1.0,,,,,WAIT,-2,"UP_BOOK_WEAK,DOWN_BOOK"
2026-09-21 11:59:32,1789991972,btc-updown-5m-1789991700,28,,0.001,,0.999,,,0,8837.329999999998,8797.329999999998,0,-1.0,1.0,,,,,WAIT,-2,"UP_BOOK_WEAK,DOWN_BOOK"
2026-09-21 11:59:34,1789991973,btc-updown-5m-1789991700,27,,0.004,,0.996,,,0,7377.43,7149.53,0,-1.0,1.0,,,,,WAIT,-2,"UP_BOOK_WEAK,DOWN_BOOK"
2026-09-21 11:59:36,1789991975,btc-updown-5m-1789991700,25,,0.004,,0.999,,,0,7095.64,7084.740000000001,0,-1.0,1.0,,,,,WAIT,-2,"UP_BOOK_WEAK,DOWN_BOOK"
2026-09-21 11:59:37,1789991977,btc-updown-5m-1789991700,23,,0.002,,0.998,,,0,7080.64,7070.64,0,-1.0,1.0,,,,,WAIT,-2,"UP_BOOK_WEAK,DOWN_BOOK"
2026-09-21 11:59:39,1789991978,btc-updown-5m-1789991700,22,,0.009,,0.991,,,0,7739.64,7769.64,0,-1.0,1.0,,,,,WAIT,-2,"UP_BOOK_WEAK,DOWN_BOOK"
2026-09-21 11:59:41,1789991980,btc-updown-5m-1789991700,20,,0.001,,0.999,,,0,20630.72,20630.72,0,-1.0,1.0,,,,,WAIT,-2,"UP_BOOK_WEAK,DOWN_BOOK"
2026-09-21 11:59:46,1789991982,btc-updown-5m-1789991700,18,,0.001,,0.999,,,0,20825.72,26376.61,0,-1.0,1.0,,,,,WAIT,0,TIME FILTER
2026-09-21 11:59:48,1789991987,btc-updown-5m-1789991700,13,,0.001,,0.999,,,0,31994.699999999997,32352.489999999998,0,-1.0,1.0,,,,,WAIT,0,TIME FILTER
2026-09-21 11:59:49,1789991989,btc-updown-5m-1789991700,11,,0.001,,0.999,,,0,32684.85,32664.85,0,-1.0,1.0,,,,,WAIT,0,TIME FILTER
2026-09-21 11:59:51,1789991990,btc-updown-5m-1789991700,10,,0.001,,0.999,,,0,30006.839999999997,30036.839999999997,0,-1.0,1.0,,,,,WAIT,0,TIME FILTER
2026-09-21 11:59:53,1789991992,btc-updown-5m-1789991700,8,,0.001,,0.999,,,0,25023.85,25023.85,0,-1.0,1.0,,,,,WAIT,0,TIME FILTER
2026-09-21 11:59:54,1789991994,btc-updown-5m-1789991700,6,,0.001,,0.999,,,0,27544.109999999997,27538.839999999997,0,-1.0,1.0,,,,,WAIT,0,TIME FILTER
2026-09-21 11:59:56,1789991995,btc-updown-5m-1789991700,5,,0.001,,0.999,,,0,27616.559999999998,27607.559999999998,0,-1.0,1.0,,,,,WAIT,0,TIME FILTER
2026-09-21 11:59:58,1789991997,btc-updown-5m-1789991700,3,,0.001,,0.999,,,0,27387.569999999996,29018.569999999996,0,-1.0,1.0,,,,,WAIT,0,TIME FILTER
2026-09-21 11:59:59,1789991999,btc-updown-5m-1789991700,1,,0.001,,0.999,,,0,29122.999999999996,29122.999999999996,0,-1.0,1.0,,,,,WAIT,0,TIME FILTER
2026-09-21 12:00:01,1789992000,btc-updown-5m-1789992000,300,0.66,0.67,0.665,0.34,0.35,0.345,133.86,1290.27,3082.57,353.63,-0.8120115438899537,0.7941737966358186,,,,1.02,WAIT,0,TIME FILTER
2026-09-21 12:00:02,1789992002,btc-updown-5m-1789992000,298,0.64,0.65,0.645,0.35,0.36,0.355,4257.76,1029.13,1570.6599999999999,2553.63,0.6106860555071129,-0.23833678039129166,,,,1.01,WAIT,0,TIME FILTER
2026-09-21 12:00:04,1789992003,btc-updown-5m-1789992000,297,0.61,0.62,0.615,0.38,0.39,0.385,3465.47,1141.6799999999998,2010.51,2826.5,0.5043877451352788,-0.16869719103330363,,,,1.01,WAIT,0,TIME FILTER
2026-09-21 12:00:06,1789992005,btc-updown-5m-1789992000,295,0.6,0.61,0.605,0.39,0.41,0.4,1649.0,2860.93,2257.02,125.0,-0.268724791737344,0.8950470608978934,-0.06000000000000005,,,1.02,WAIT,0,TIME FILTER
2026-09-21 12:00:08,1789992007,btc-updown-5m-1789992000,293,0.57,0.58,0.575,0.42,0.43,0.425,833.66,1040.26,1092.78,396.61,-0.11025017076502733,0.4674195476000242,-0.07000000000000006,,,1.01,WAIT,0,TIME FILTER
2026-09-21 12:00:10,1789992009,btc-updown-5m-1789992000,291,0.54,0.55,0.545,0.45,0.46,0.455,4393.46,1713.51,1122.8,4422.599999999999,0.4388346430390193,-0.5950517546074223,-0.06999999999999995,,,1.01,WAIT,0,TIME FILTER
2026-09-21 12:00:11,1789992011,btc-updown-5m-1789992000,289,0.56,0.57,0.565,0.43,0.44,0.435,3766.47,1496.23,1541.23,3786.47,0.4313831303323389,-0.42142763293728996,-0.040000000000000036,,,1.01,WAIT,0,TIME FILTER
2026-09-21 12:00:13,1789992012,btc-updown-5m-1789992000,288,0.59,0.6,0.595,0.39,0.4,0.395,2754.45,471.45000000000005,18.77,4523.650000000001,0.7077094764251838,-0.9917356827417982,0.020000000000000018,,,1.0,WAIT,0,TIME FILTER
2026-09-21 12:00:15,1789992014,btc-updown-5m-1789992000,286,0.71,0.72,0.715,0.28,0.29,0.28500000000000003,3836.1099999999997,678.64,1251.5700000000002,4001.3399999999997,0.6993676283293648,-0.5234755592614379,0.16999999999999993,,,1.01,WAIT,0,TIME FILTER
2026-09-21 12:00:16,1789992016,btc-updown-5m-1789992000,284,0.71,0.72,0.715,0.28,0.29,0.28500000000000003,4971.59,1385.51,2029.94,2653.15,0.5641062748737632,-0.1330766651932805,0.15000000000000002,0.04999999999999993,,1.01,WAIT,3,"UP5+,UP_BOOK"
2026-09-21 12:00:18,1789992017,btc-updown-5m-1789992000,283,0.71,0.72,0.715,0.28,0.29,0.28500000000000003,3232.8799999999997,1730.99,1617.87,2777.95,0.30256432984747783,-0.2639052554472203,0.12,0.06999999999999995,,1.01,UP WATCH,6,"UP5+,UP15+,UP_BOOK,DOWN_BOOK_WEAK"
2026-09-21 12:00:20,1789992019,btc-updown-5m-1789992000,281,0.69,0.7,0.695,0.33,0.35,0.33999999999999997,515.0,3751.35,3283.52,754.69,-0.7585758318000163,0.6262254810918699,-0.020000000000000018,0.07999999999999996,,1.0499999999999998,WAIT,0,"UP15+,UP_BOOK_WEAK,DOWN_BOOK"
2026-09-21 12:00:21,1789992021,btc-updown-5m-1789992000,279,0.54,0.55,0.545,0.43,0.44,0.435,1249.08,1691.12,1125.1200000000001,2794.3500000000004,-0.1503435140466635,-0.4258815605171108,-0.16999999999999993,-0.05999999999999994,,0.99,WAIT,-3,"UP5-,UP15-,DOWN_BOOK_WEAK"
2026-09-21 12:00:23,1789992022,btc-updown-5m-1789992000,278,0.62,0.63,0.625,0.37,0.38,0.375,2430.8199999999997,1264.41,1474.41,3585.79,0.31565288222925225,-0.41725228251847757,-0.08999999999999997,0.050000000000000044,,1.01,WAIT,2,"UP5-,UP15+,UP_BOOK,DOWN_BOOK_WEAK"
2026-09-21 12:00:25,1789992024,btc-updown-5m-1789992000,276,0.66,0.67,0.665,0.33,0.34,0.335,1939.82,2304.5299999999997,1958.62,1939.82,-0.0859283518088753,0.004822441797231702,-0.029999999999999916,0.12,,1.01,WAIT,2,UP15+
2026-09-21 12:00:27,1789992026,btc-updown-5m-1789992000,274,0.6,0.61,0.605,0.39,0.4,0.395,1485.26,2511.34,2511.34,1485.26,-0.2567382274933694,0.2567382274933694,0.05999999999999994,0.040000000000000036,,1.01,WAIT,0,"UP5+,UP_BOOK_WEAK,DOWN_BOOK"
2026-09-21 12:00:28,1789992028,btc-updown-5m-1789992000,272,0.57,0.58,0.575,0.42,0.43,0.425,2152.55,2316.13,2340.54,1767.5500000000002,-0.03660588809223304,0.1394784437536665,-0.050000000000000044,-0.020000000000000018,,1.01,WAIT,-2,UP5-
2026-09-21 12:00:30,1789992029,btc-updown-5m-1789992000,271,0.55,0.56,0.555,0.44,0.45,0.445,2261.19,2533.77,2338.95,937.59,-0.05684718954902646,0.42769506857843936,-0.10999999999999999,-0.15999999999999992,,1.01,DOWN WATCH,-5,"UP5-,UP15-,DOWN_BOOK"
2026-09-21 12:00:32,1789992031,btc-updown-5m-1789992000,269,0.51,0.52,0.515,0.47,0.48,0.475,3508.22,2826.71,3207.6800000000003,1566.5800000000002,0.10757972069146773,0.3437391344417774,-0.08999999999999997,-0.19999999999999996,-0.15000000000000002,1.0,DOWN WATCH,-6,"UP5-,UP15-,UP30-,DOWN_BOOK"
2026-09-21 12:00:34,1789992033,btc-updown-5m-1789992000,267,0.48,0.49,0.485,0.52,0.53,0.525,384.0,3284.6000000000004,3129.93,1067.75,-0.7906558360137382,0.491266604410055,-0.08999999999999997,-0.22999999999999998,-0.13,1.02,DOWN WATCH,-7,"UP5-,UP15-,UP30-,UP_BOOK_WEAK,DOWN_BOOK"
2026-09-21 12:00:35,1789992035,btc-updown-5m-1789992000,265,0.46,0.47,0.46499999999999997,0.53,0.54,0.535,441.0,4202.39,4168.39,641.0,-0.8100525693512713,0.7334381283281248,-0.09000000000000008,-0.22999999999999998,-0.14,1.01,DOWN WATCH,-7,"UP5-,UP15-,UP30-,UP_BOOK_WEAK,DOWN_BOOK"
2026-09-21 12:00:37,1789992036,btc-updown-5m-1789992000,264,0.52,0.53,0.525,0.46,0.47,0.46499999999999997,1489.48,286.99,646.01,2350.1499999999996,0.6768985685094597,-0.5687746982804656,0.010000000000000009,-0.020000000000000018,-0.07999999999999996,1.0,WAIT,1,"UP30-,UP_BOOK,DOWN_BOOK_WEAK"
2026-09-21 12:00:39,1789992038,btc-updown-5m-1789992000,262,0.52,0.53,0.525,0.47,0.48,0.475,2770.92,1920.4499999999998,1704.54,3016.92,0.18128393198575263,-0.2779606308218221,0.040000000000000036,-0.09999999999999998,-0.04999999999999993,1.01,WAIT,1,"UP5+,UP15-,DOWN_BOOK_WEAK"
2026-09-21 12:00:40,1789992040,btc-updown-5m-1789992000,260,0.53,0.54,0.535,0.47,0.48,0.475,1123.2,2937.9,3413.92,1427.2,-0.4468493757848858,0.41038437386389925,0.07000000000000006,-0.13,-0.010000000000000009,1.02,WAIT,-2,"UP5+,UP15-,UP_BOOK_WEAK,DOWN_BOOK"
2026-09-21 12:00:42,1789992041,btc-updown-5m-1789992000,259,0.51,0.52,0.515,0.48,0.49,0.485,1080.6,3648.12,3873.2699999999995,1448.0,-0.5429630005582907,0.45576901754656307,-0.010000000000000009,-0.08999999999999997,-0.04999999999999993,1.01,DOWN WATCH,-4,"UP15-,UP_BOOK_WEAK,DOWN_BOOK"
2026-09-21 12:00:44,1789992043,btc-updown-5m-1789992000,257,0.51,0.52,0.515,0.48,0.49,0.485,2422.28,3009.48,3074.48,2428.28,-0.10810492363432843,0.11743197958842468,-0.010000000000000009,-0.05999999999999994,-0.07999999999999996,1.01,WAIT,-3,"UP15-,UP30-"
2026-09-21 12:00:45,1789992045,btc-updown-5m-1789992000,255,0.51,0.52,0.515,0.48,0.49,0.485,2387.8700000000003,3086.9,3076.9,2377.8700000000003,-0.12768207614201138,0.1281502244824254,-0.020000000000000018,-0.040000000000000036,-0.19999999999999996,1.01,WAIT,-1,UP30-
2026-09-21 12:00:47,1789992046,btc-updown-5m-1789992000,254,0.53,0.54,0.535,0.46,0.47,0.46499999999999997,3063.05,1580.1000000000001,1222.82,3336.66,0.3193844695949947,-0.46361427180292497,0.020000000000000018,0.020000000000000018,-0.17999999999999994,1.01,WAIT,1,"UP30-,UP_BOOK,DOWN_BOOK_WEAK"
2026-09-21 12:00:49,1789992048,btc-updown-5m-1789992000,252,0.53,0.54,0.535,0.46,0.47,0.46499999999999997,3443.2499999999995,1875.1,1166.82,3576.99,0.2948564874444141,-0.5080663011376932,0.020000000000000018,0.050000000000000044,-0.17999999999999994,1.01,WAIT,3,"UP15+,UP30-,UP_BOOK,DOWN_BOOK_WEAK"
2026-09-21 12:00:50,1789992050,btc-updown-5m-1789992000,250,0.52,0.53,0.525,0.47,0.48,0.475,1020.8100000000001,3458.13,3384.94,1075.81,-0.5441733981701027,0.5176551028414504,0.010000000000000009,0.06000000000000005,-0.16999999999999993,1.01,WAIT,-1,"UP15+,UP30-,UP_BOOK_WEAK,DOWN_BOOK"
2026-09-21 12:00:52,1789992051,btc-updown-5m-1789992000,249,0.53,0.54,0.535,0.46,0.47,0.46499999999999997,4662.179999999999,1644.63,1827.63,3731.8599999999997,0.47845899908194467,-0.34251882816589285,0.0,0.010000000000000009,-0.010000000000000009,1.01,WAIT,2,"UP_BOOK,DOWN_BOOK_WEAK"
2026-09-21 12:00:54,1789992053,btc-updown-5m-1789992000,247,0.53,0.54,0.535,0.46,0.47,0.46499999999999997,3132.97,1765.24,949.24,3132.97,0.27923057606758384,-0.5349381829940154,0.0,0.010000000000000009,-0.08999999999999997,1.01,WAIT,1,"UP30-,UP_BOOK,DOWN_BOOK_WEAK"
2026-09-21 12:00:55,1789992055,btc-updown-5m-1789992000,245,0.53,0.54,0.535,0.46,0.47,0.46499999999999997,2460.22,2520.98,1984.3899999999999,1967.48,-0.012197863968521686,0.004278986909994472,0.010000000000000009,0.0,-0.13,1.01,WAIT,-1,UP30-
2026-09-21 12:00:57,1789992056,btc-updown-5m-1789992000,244,0.64,0.66,0.65,0.28,0.29,0.28500000000000003,320.17999999999995,290.26,330.69000000000005,430.22,0.049013826092654415,-0.1308039058495748,0.11499999999999999,0.135,0.04500000000000004,0.95,UP WATCH,4,"UP5+,UP15+"
2026-09-21 12:00:59,1789992058,btc-updown-5m-1789992000,242,0.73,0.74,0.735,0.26,0.27,0.265,4137.92,1669.7700000000002,1806.2000000000003,3884.96,0.42497963906475716,-0.36526121212547175,0.19999999999999996,0.21999999999999997,0.16000000000000003,1.01,UP WATCH,7,"UP5+,UP15+,UP30+,UP_BOOK,DOWN_BOOK_WEAK"
2026-09-21 12:01:00,1789992060,btc-updown-5m-1789992000,240,0.73,0.74,0.735,0.25,0.27,0.26,2842.21,2491.9599999999996,885.89,3605.2799999999997,0.06566157434052541,-0.605497008574603,0.19999999999999996,0.21999999999999997,0.17999999999999994,1.01,UP WATCH,6,"UP5+,UP15+,UP30+,DOWN_BOOK_WEAK"
2026-09-21 12:01:02,1789992061,btc-updown-5m-1789992000,239,0.76,0.77,0.765,0.23,0.24,0.235,3125.74,921.26,446.76,4697.73,0.5447195453422287,-0.826315144941481,0.11499999999999999,0.22999999999999998,0.25,1.01,UP WATCH,7,"UP5+,UP15+,UP30+,UP_BOOK,DOWN_BOOK_WEAK"
2026-09-21 12:01:03,1789992063,btc-updown-5m-1789992000,237,0.85,0.86,0.855,0.14,0.15,0.14500000000000002,2512.3,1817.3500000000001,476.25000000000006,2556.73,0.1605095100065825,-0.6859524296236704,0.12,0.31999999999999995,0.37,1.01,UP WATCH,6,"UP5+,UP15+,UP30+,DOWN_BOOK_WEAK"
2026-09-21 12:01:05,1789992064,btc-updown-5m-1789992000,236,0.86,0.88,0.87,0.12,0.13,0.125,1747.28,1222.67,3174.73,2610.48,0.17663933736258183,0.09753319239923874,0.135,0.33499999999999996,0.385,1.01,UP WATCH,5,"UP5+,UP15+,UP30+"
2026-09-21 12:01:07,1789992066,btc-updown-5m-1789992000,234,0.83,0.84,0.835,0.16,0.17,0.165,1777.9299999999998,3967.87,2886.39,2296.67,-0.38113752654112576,0.1137783471539978,0.06999999999999995,0.29999999999999993,0.30999999999999994,1.01,UP WATCH,4,"UP5+,UP15+,UP30+,UP_BOOK_WEAK"
2026-09-21 12:01:09,1789992068,btc-updown-5m-1789992000,232,0.83,0.84,0.835,0.16,0.17,0.165,2064.29,4328.59,4269.04,1900.64,-0.3541909123900339,0.38387728374891394,-0.020000000000000018,0.29999999999999993,0.30999999999999994,1.01,WAIT,1,"UP15+,UP30+,UP_BOOK_WEAK,DOWN_BOOK"
2026-09-21 12:01:10,1789992070,btc-updown-5m-1789992000,230,0.83,0.84,0.835,0.16,0.17,0.165,1742.55,4529.32,4862.36,934.6600000000001,-0.44432840604157925,0.6775377694056601,-0.03500000000000003,0.29999999999999993,0.29999999999999993,1.01,WAIT,-1,"UP5-,UP15+,UP30+,UP_BOOK_WEAK,DOWN_BOOK"
2026-09-21 12:01:12,1789992071,btc-updown-5m-1789992000,229,0.78,0.79,0.785,0.22,0.23,0.225,688.3199999999999,3071.58,2775.36,971.9,-0.6338626027287961,0.4812743177681826,-0.04999999999999993,0.135,0.27,1.02,WAIT,-1,"UP5-,UP15+,UP30+,UP_BOOK_WEAK,DOWN_BOOK"
2026-09-21 12:01:13,1789992073,btc-updown-5m-1789992000,227,0.77,0.78,0.775,0.22,0.23,0.225,1596.57,1649.3600000000001,2457.27,2337.2799999999997,-0.01626344375879954,0.025026331981103597,-0.05999999999999994,0.040000000000000036,0.26,1.01,WAIT,-1,"UP5-,UP30+"
2026-09-21 12:01:15,1789992074,btc-updown-5m-1789992000,226,0.71,0.72,0.715,0.25,0.26,0.255,3005.85,169.0,612.69,2549.3,0.8935382773989322,-0.6124655675697899,-0.12,-0.020000000000000018,0.19999999999999996,0.98,WAIT,1,"UP5-,UP30+,UP_BOOK,DOWN_BOOK_WEAK"
2026-09-21 12:01:17,1789992076,btc-updown-5m-1789992000,224,0.77,0.78,0.775,0.22,0.23,0.225,3381.8199999999997,3495.7599999999998,3555.7599999999998,3343.8199999999997,-0.016566873813172664,0.03071781180883475,-0.010000000000000009,0.010000000000000009,0.24,1.01,WAIT,1,UP30+
2026-09-21 12:01:18,1789992078,btc-updown-5m-1789992000,222,0.84,0.85,0.845,0.15,0.16,0.155,2741.8,1278.6499999999999,1296.8799999999999,2547.6499999999996,0.3639269236030794,-0.32533755751678356,0.06999999999999995,-0.010000000000000009,0.30999999999999994,1.01,UP WATCH,5,"UP5+,UP30+,UP_BOOK,DOWN_BOOK_WEAK"
2026-09-21 12:01:20,1789992079,btc-updown-5m-1789992000,221,0.84,0.85,0.845,0.15,0.16,0.155,1605.15,2799.5,2316.4500000000003,1790.19,-0.27115661857355294,0.12814855940622996,0.13,-0.025000000000000022,0.30999999999999994,1.01,WAIT,2,"UP5+,UP30+,UP_BOOK_WEAK"
2026-09-21 12:01:22,1789992081,btc-updown-5m-1789992000,219,0.84,0.85,0.845,0.15,0.16,0.155,2329.19,1919.4099999999999,2279.27,1776.85,0.09645059549027919,0.12386714397009953,0.06999999999999995,0.010000000000000009,0.30999999999999994,1.01,WAIT,3,"UP5+,UP30+"
2026-09-21 12:01:23,1789992083,btc-updown-5m-1789992000,217,0.83,0.85,0.84,0.15,0.16,0.155,717.0,3658.71,3167.74,1625.6799999999998,-0.6722817554179779,0.3217035018838324,-0.0050000000000000044,0.0050000000000000044,0.30499999999999994,1.01,WAIT,-1,"UP30+,UP_BOOK_WEAK,DOWN_BOOK"
2026-09-21 12:01:25,1789992084,btc-updown-5m-1789992000,216,0.82,0.83,0.825,0.17,0.18,0.175,1837.9899999999998,3045.08,3170.08,1924.06,-0.24719899571376208,0.2445986957563004,-0.020000000000000018,-0.010000000000000009,0.2899999999999999,1.01,WAIT,-1,"UP30+,UP_BOOK_WEAK,DOWN_BOOK"
2026-09-21 12:01:27,1789992086,btc-updown-5m-1789992000,214,0.82,0.83,0.825,0.17,0.18,0.175,2666.95,2968.3199999999997,3004.35,2777.8599999999997,-0.05347924766692633,0.03917014428739189,-0.020000000000000018,0.039999999999999925,0.17499999999999993,1.01,WAIT,1,UP30+
2026-09-21 12:01:29,1789992088,btc-updown-5m-1789992000,212,0.88,0.89,0.885,0.15,0.17,0.16,1078.0,4827.89,3179.8599999999997,483.82,-0.6349407117301542,0.7358830465542842,0.04500000000000004,0.10999999999999999,0.15000000000000002,1.06,WAIT,3,"UP5+,UP15+,UP30+,UP_BOOK_WEAK,DOWN_BOOK"
2026-09-21 12:01:30,1789992090,btc-updown-5m-1789992000,210,0.78,0.79,0.785,0.21,0.22,0.215,202.82,3711.62,1954.61,1242.31,-0.8963734276167216,0.2228082028952867,-0.039999999999999925,0.07000000000000006,0.050000000000000044,1.01,WAIT,-2,"UP5-,UP15+,UP_BOOK_WEAK,DOWN_BOOK"
2026-09-21 12:01:32,1789992091,btc-updown-5m-1789992000,209,0.78,0.79,0.785,0.2,0.21,0.20500000000000002,2762.56,2529.71,2953.2799999999997,2532.2799999999997,0.04399813312623881,0.07674695017464034,-0.039999999999999925,0.010000000000000009,0.020000000000000018,1.0,WAIT,-2,UP5-
2026-09-21 12:01:34,1789992093,btc-updown-5m-1789992000,207,0.82,0.84,0.83,0.17,0.18,0.175,3089.98,2619.88,2586.55,554.42,0.08233126556518021,0.6469752974399628,-0.05500000000000005,-0.015000000000000013,-0.025000000000000022,1.02,WAIT,-3,"UP5-,DOWN_BOOK"
2026-09-21 12:01:35,1789992095,btc-updown-5m-1789992000,205,0.83,0.84,0.835,0.16,0.17,0.165,941.0,4763.43,4249.3099999999995,1058.98,-0.6700809721567274,0.6010089878284721,0.04999999999999993,-0.010000000000000009,-0.03500000000000003,1.01,WAIT,0,"UP5+,UP_BOOK_WEAK,DOWN_BOOK"
2026-09-21 12:01:37,1789992096,btc-updown-5m-1789992000,204,0.78,0.79,0.785,0.2,0.21,0.20500000000000002,2535.17,877.2,1664.02,2904.76,0.4858705240053101,-0.2715692154141806,0.0,-0.05999999999999994,-0.04999999999999993,1.0,WAIT,0,"UP15-,UP_BOOK,DOWN_BOOK_WEAK"
2026-09-21 12:01:38,1789992098,btc-updown-5m-1789992000,202,0.82,0.83,0.825,0.17,0.18,0.175,1932.07,2109.03,2061.4500000000003,2055.63,-0.043790057162653793,0.0014136232475444159,-0.0050000000000000044,-0.015000000000000013,-0.010000000000000009,1.01,WAIT,0,
2026-09-21 12:01:40,1789992099,btc-updown-5m-1789992000,201,0.8,0.81,0.805,0.16,0.18,0.16999999999999998,1526.94,1629.18,408.02,975.21,-0.03239420554351546,-0.41004749752391145,-0.02499999999999991,-0.019999999999999907,-0.029999999999999916,0.99,WAIT,1,DOWN_BOOK_WEAK
2026-09-21 12:01:42,1789992101,btc-updown-5m-1789992000,199,0.86,0.87,0.865,0.13,0.14,0.135,2668.1,4601.070000000001,3584.0699999999997,3137.98,-0.26591343991129673,0.06636219605626256,0.07999999999999996,0.040000000000000036,0.07999999999999996,1.01,WAIT,2,"UP5+,UP30+,UP_BOOK_WEAK"
2026-09-21 12:01:43,1789992103,btc-updown-5m-1789992000,197,0.86,0.87,0.865,0.13,0.14,0.135,2888.13,3065.45,3095.45,3020.98,-0.029783760359313172,0.012175402971995068,0.040000000000000036,-0.020000000000000018,0.08999999999999997,1.01,WAIT,3,"UP5+,UP30+"
2026-09-21 12:01:45,1789992104,btc-updown-5m-1789992000,196,0.87,0.88,0.875,0.12,0.13,0.125,2412.85,3792.58,2578.18,2821.6400000000003,-0.22234236789392514,-0.04508668807478777,0.06999999999999995,-0.010000000000000009,0.16000000000000003,1.01,WAIT,2,"UP5+,UP30+,UP_BOOK_WEAK"
2026-09-21 12:01:47,1789992106,btc-updown-5m-1789992000,194,0.88,0.89,0.885,0.11,0.12,0.11499999999999999,4600.719999999999,2779.85,2925.85,4605.719999999999,0.24671129736592154,-0.22304380096049023,0.020000000000000018,0.09999999999999998,0.10999999999999999,1.01,UP WATCH,5,"UP15+,UP30+,UP_BOOK,DOWN_BOOK_WEAK"
2026-09-21 12:01:48,1789992108,btc-updown-5m-1789992000,192,0.88,0.89,0.885,0.11,0.12,0.11499999999999999,4775.46,3378.88,3413.02,4616.04,0.1712683062025866,-0.1498332307891584,0.020000000000000018,0.05500000000000005,0.040000000000000036,1.01,WAIT,2,UP15+
2026-09-21 12:01:50,1789992109,btc-updown-5m-1789992000,191,0.88,0.89,0.885,0.11,0.12,0.11499999999999999,3842.14,4994.73,4923.17,3806.14,-0.13042966570742806,0.12796314943563697,0.010000000000000009,0.05500000000000005,0.040000000000000036,1.01,WAIT,2,UP15+
2026-09-21 12:01:52,1789992111,btc-updown-5m-1789992000,189,0.87,0.88,0.875,0.12,0.13,0.125,1629.22,4840.97,5747.28,1348.52,-0.496391914302362,0.6199103695143607,-0.010000000000000009,0.08999999999999997,0.030000000000000027,1.01,WAIT,0,"UP15+,UP_BOOK_WEAK,DOWN_BOOK"
2026-09-21 12:01:53,1789992113,btc-updown-5m-1789992000,187,0.86,0.87,0.865,0.13,0.14,0.135,2163.96,5854.160000000001,5818.01,2178.96,-0.460232573221653,0.4550536015515877,-0.020000000000000018,0.040000000000000036,0.025000000000000022,1.01,WAIT,-2,"UP_BOOK_WEAK,DOWN_BOOK"
2026-09-21 12:01:55,1789992114,btc-updown-5m-1789992000,186,0.81,0.82,0.815,0.15,0.16,0.155,2930.71,325.0,564.0,2411.76,0.8003507683423893,-0.6209371723526091,-0.07000000000000006,0.009999999999999898,-0.010000000000000009,0.98,WAIT,0,"UP5-,UP_BOOK,DOWN_BOOK_WEAK"
2026-09-21 12:01:57,1789992116,btc-updown-5m-1789992000,184,0.84,0.85,0.845,0.15,0.16,0.155,3257.69,1113.84,1123.84,3377.6899999999996,0.4904118237779451,-0.5006853225458898,-0.030000000000000027,-0.020000000000000018,0.020000000000000018,1.01,WAIT,0,"UP5-,UP_BOOK,DOWN_BOOK_WEAK"
2026-09-21 12:01:58,1789992118,btc-updown-5m-1789992000,182,0.87,0.88,0.875,0.12,0.13,0.125,3217.21,3334.8300000000004,3493.1500000000005,3092.24,-0.017951660856771377,0.06087870270401612,0.010000000000000009,0.010000000000000009,-0.010000000000000009,1.01,WAIT,0,
2026-09-21 12:02:00,1789992119,btc-updown-5m-1789992000,181,0.83,0.84,0.835,0.16,0.17,0.165,1747.9099999999999,3469.96,3644.96,1807.61,-0.33002930314476986,0.3369695391347567,0.020000000000000018,-0.040000000000000036,-0.050000000000000044,1.01,WAIT,-2,"UP_BOOK_WEAK,DOWN_BOOK"
2026-09-21 12:02:02,1789992121,btc-updown-5m-1789992000,179,0.81,0.82,0.815,0.18,0.19,0.185,2197.72,3637.2699999999995,3658.8199999999997,2220.3199999999997,-0.24670993437863642,0.2446786434750661,-0.030000000000000027,-0.07000000000000006,0.029999999999999916,1.01,DOWN WATCH,-6,"UP5-,UP15-,UP_BOOK_WEAK,DOWN_BOOK"
2026-09-21 12:02:03,1789992123,btc-updown-5m-1789992000,177,0.75,0.76,0.755,0.24,0.25,0.245,326.28999999999996,2595.22,2662.92,266.28999999999996,-0.7766292088680169,0.8181830595962735,-0.12,-0.13,-0.07499999999999996,1.01,DOWN WATCH,-7,"UP5-,UP15-,UP30-,UP_BOOK_WEAK,DOWN_BOOK"
2026-09-21 12:02:05,1789992124,btc-updown-5m-1789992000,176,0.8,0.81,0.805,0.19,0.2,0.195,2037.7199999999998,1616.37,1536.35,2057.72,0.11530914673694406,-0.1450639525663106,-0.029999999999999916,-0.07999999999999996,-0.02499999999999991,1.01,WAIT,-2,UP15-
2026-09-21 12:02:06,1789992126,btc-updown-5m-1789992000,174,0.81,0.82,0.815,0.18,0.19,0.185,2370.89,2735.4700000000003,2335.4700000000003,2243.5699999999997,-0.07139723795423752,0.02006970893462397,0.0,-0.06000000000000005,0.029999999999999916,1.01,WAIT,-2,UP15-
2026-09-21 12:02:08,1789992127,btc-updown-5m-1789992000,173,0.8,0.81,0.805,0.19,0.2,0.195,1961.87,3650.9500000000003,4161.4400000000005,1241.75,-0.3009325080797176,0.5403641182338582,-0.009999999999999898,-0.06999999999999995,0.020000000000000018,1.01,DOWN WATCH,-4,"UP15-,UP_BOOK_WEAK,DOWN_BOOK"
2026-09-21 12:02:10,1789992129,btc-updown-5m-1789992000,171,0.78,0.79,0.785,0.21,0.22,0.215,1615.8999999999999,2656.56,2188.66,2431.66,-0.24357395973280033,-0.05259375973958514,-0.020000000000000018,-0.029999999999999916,-0.020000000000000018,1.01,WAIT,-1,UP_BOOK_WEAK
2026-09-21 12:02:12,1789992131,btc-updown-5m-1789992000,169,0.79,0.8,0.795,0.2,0.21,0.20500000000000002,2711.09,2832.76,2962.76,2711.45,-0.021946841996085764,0.04428986590203753,-0.019999999999999907,-0.04999999999999993,-0.06999999999999995,1.01,WAIT,0,
2026-09-21 12:02:13,1789992133,btc-updown-5m-1789992000,167,0.85,0.86,0.855,0.14,0.15,0.14500000000000002,3290.33,2354.74,700.0,3105.26,0.1657357658983857,-0.6320882147343414,0.04999999999999993,-0.020000000000000018,-0.010000000000000009,1.01,WAIT,3,"UP5+,DOWN_BOOK_WEAK"
2026-09-21 12:02:15,1789992134,btc-updown-5m-1789992000,166,0.8,0.81,0.805,0.18,0.19,0.185,1620.3399999999997,2888.66,2351.3399999999997,2637.58,-0.2812863162563762,-0.05737514331759183,0.020000000000000018,-0.029999999999999916,-0.06999999999999995,1.0,WAIT,-1,UP_BOOK_WEAK
2026-09-21 12:02:17,1789992136,btc-updown-5m-1789992000,164,0.83,0.84,0.835,0.16,0.17,0.165,2792.19,3814.1500000000005,1777.92,3085.12,-0.15469382441715088,-0.2688030532341909,0.039999999999999925,0.020000000000000018,-0.050000000000000044,1.01,WAIT,3,"UP5+,DOWN_BOOK_WEAK"
2026-09-21 12:02:19,1789992138,btc-updown-5m-1789992000,162,0.84,0.85,0.845,0.15,0.16,0.155,3515.7,1115.3700000000001,1113.64,3590.7,0.5183100233855243,-0.5265478260499877,-0.010000000000000009,0.08999999999999997,-0.040000000000000036,1.01,UP WATCH,4,"UP15+,UP_BOOK,DOWN_BOOK_WEAK"
2026-09-21 12:02:20,1789992140,btc-updown-5m-1789992000,160,0.87,0.88,0.875,0.12,0.13,0.125,3225.1800000000003,4845.65,4785.65,3315.08,-0.20078108447334406,0.18153549124585067,0.06999999999999995,0.06999999999999995,-0.010000000000000009,1.01,WAIT,3,"UP5+,UP15+,UP_BOOK_WEAK"
2026-09-21 12:02:22,1789992141,btc-updown-5m-1789992000,159,0.88,0.89,0.885,0.11,0.12,0.11499999999999999,2733.1,3377.25,3504.88,2728.24,-0.1054194931550566,0.12459891675437025,0.050000000000000044,0.07000000000000006,0.010000000000000009,1.01,UP WATCH,4,"UP5+,UP15+"
2026-09-21 12:02:24,1789992143,btc-updown-5m-1789992000,157,0.88,0.89,0.885,0.11,0.12,0.11499999999999999,2742.13,3818.49,4354.92,2327.2,-0.16406376226637112,0.3034545922551526,0.040000000000000036,0.07999999999999996,0.020000000000000018,1.01,WAIT,3,"UP5+,UP15+,DOWN_BOOK"
2026-09-21 12:02:25,1789992145,btc-updown-5m-1789992000,155,0.88,0.89,0.885,0.11,0.12,0.11499999999999999,2670.55,3842.8399999999992,3414.3900000000003,2996.95,-0.17998154570814878,0.06510963386749112,0.010000000000000009,0.09999999999999998,0.07000000000000006,1.01,WAIT,3,"UP15+,UP30+"
2026-09-21 12:02:27,1789992146,btc-updown-5m-1789992000,154,0.88,0.89,0.885,0.11,0.12,0.11499999999999999,3021.51,3218.3900000000003,3203.3900000000003,2986.38,-0.031551787688905285,0.03505946101389877,0.0,0.08999999999999997,0.040000000000000036,1.01,WAIT,2,UP15+
2026-09-21 12:02:29,1789992148,btc-updown-5m-1789992000,152,0.88,0.89,0.885,0.11,0.12,0.11499999999999999,2314.37,4109.64,3556.35,2425.5899999999997,-0.27946251640330577,0.18902897722143658,0.0,0.030000000000000027,0.010000000000000009,1.01,WAIT,-1,UP_BOOK_WEAK
2026-09-21 12:02:30,1789992150,btc-updown-5m-1789992000,150,0.88,0.89,0.885,0.11,0.12,0.11499999999999999,2690.49,3471.02,3439.3500000000004,2686.47,-0.1266783629337614,0.1229027297569959,0.0,0.07999999999999996,0.050000000000000044,1.01,WAIT,2,UP15+
2026-09-21 12:02:37,1789992151,btc-updown-5m-1789992000,149,0.84,0.85,0.845,0.15,0.16,0.155,1662.27,2335.04,1847.92,2556.99,-0.16830568557354822,-0.16097264189279684,-0.040000000000000036,0.010000000000000009,0.030000000000000027,1.01,WAIT,-2,UP5-
2026-09-21 12:02:39,1789992158,btc-updown-5m-1789992000,142,0.86,0.87,0.865,0.13,0.14,0.135,3704.23,2663.95,5283.959999999999,369.6,0.16335593529077383,0.8692505253327105,0.020000000000000018,-0.020000000000000018,0.05999999999999994,1.01,WAIT,-1,DOWN_BOOK
2026-09-21 12:02:41,1789992160,btc-updown-5m-1789992000,140,0.66,0.67,0.665,0.32,0.33,0.325,2119.5099999999998,1427.27,548.62,2658.91,0.19517421435781182,-0.6579174629699489,-0.17999999999999994,-0.21999999999999997,-0.12,1.0,DOWN WATCH,-4,"UP5-,UP15-,UP30-,DOWN_BOOK_WEAK"
2026-09-21 12:02:42,1789992162,btc-updown-5m-1789992000,138,0.68,0.69,0.685,0.31,0.32,0.315,3176.08,2107.01,3960.13,956.0,0.20235695397958386,0.611076192045369,-0.15999999999999992,-0.19999999999999996,-0.10999999999999999,1.01,DOWN WATCH,-5,"UP5-,UP15-,UP30-,UP_BOOK,DOWN_BOOK"
2026-09-21 12:02:44,1789992163,btc-updown-5m-1789992000,137,0.67,0.68,0.675,0.32,0.33,0.325,1852.73,1848.31,1676.3799999999999,2095.89,0.0011942589110088171,-0.11120890074146338,-0.18999999999999995,-0.20999999999999996,-0.17999999999999994,1.01,DOWN WATCH,-5,"UP5-,UP15-,UP30-"
2026-09-21 12:02:46,1789992165,btc-updown-5m-1789992000,135,0.7,0.71,0.705,0.29,0.3,0.295,2668.69,779.0,1770.52,1900.05,0.5481032227375431,-0.03528879710780614,0.039999999999999925,-0.18000000000000005,-0.10000000000000009,1.01,WAIT,0,"UP5+,UP15-,UP30-,UP_BOOK"
2026-09-21 12:02:47,1789992167,btc-updown-5m-1789992000,133,0.79,0.8,0.795,0.19,0.2,0.195,2638.5,1496.03,1076.81,2730.26,0.27632403199396305,-0.4343103751704067,0.10999999999999999,-0.04999999999999993,-0.039999999999999925,1.0,UP WATCH,4,"UP5+,UP_BOOK,DOWN_BOOK_WEAK"
2026-09-21 12:02:49,1789992168,btc-updown-5m-1789992000,132,0.69,0.7,0.695,0.3,0.31,0.305,1719.76,1675.73,242.0,1908.16,0.012967200610221198,-0.7749004725229751,0.019999999999999907,-0.15000000000000002,-0.15000000000000002,1.01,WAIT,-2,"UP15-,UP30-,DOWN_BOOK_WEAK"
2026-09-21 12:02:50,1789992170,btc-updown-5m-1789992000,130,0.48,0.51,0.495,0.5,0.57,0.5349999999999999,495.0,316.69,1703.34,414.35,0.2196774630708768,0.6086773795975803,-0.20999999999999996,-0.35,-0.38,1.08,DOWN WATCH,-5,"UP5-,UP15-,UP30-,UP_BOOK,DOWN_BOOK"
2026-09-21 12:02:53,1789992171,btc-updown-5m-1789992000,129,0.63,0.64,0.635,0.33,0.34,0.335,2496.25,188.04,1054.72,2668.61,0.8598959128857165,-0.43345338715612103,-0.06999999999999995,-0.20999999999999996,-0.25,0.98,WAIT,-3,"UP5-,UP15-,UP30-,UP_BOOK,DOWN_BOOK_WEAK"
2026-09-21 12:02:55,1789992174,btc-updown-5m-1789992000,126,0.72,0.74,0.73,0.22,0.24,0.22999999999999998,388.11,282.18,451.91999999999996,160.66,0.1580360739381462,0.4754644291357864,0.03500000000000003,-0.135,-0.15500000000000003,0.98,WAIT,-2,"UP5+,UP15-,UP30-,DOWN_BOOK"
2026-09-21 12:02:56,1789992176,btc-updown-5m-1789992000,124,0.79,0.8,0.795,0.2,0.21,0.20500000000000002,1723.32,2253.89,2016.78,2033.64,-0.13340256109182064,-0.004162531293051122,0.16000000000000003,0.13,-0.08999999999999997,1.01,WAIT,3,"UP5+,UP15+,UP30-"
2026-09-21 12:02:58,1789992177,btc-updown-5m-1789992000,123,0.77,0.78,0.775,0.22,0.23,0.225,2188.71,2214.57,1424.57,2720.3599999999997,-0.005872894751185508,-0.31262047851230296,0.14,0.08999999999999997,-0.10999999999999999,1.01,UP WATCH,4,"UP5+,UP15+,UP30-,DOWN_BOOK_WEAK"
2026-09-21 12:03:00,1789992179,btc-updown-5m-1789992000,121,0.76,0.77,0.765,0.23,0.24,0.235,2030.1,2576.98,1936.81,2507.66,-0.11870425518983828,-0.12844051146705907,0.03500000000000003,0.08999999999999997,-0.12,1.01,WAIT,3,"UP5+,UP15+,UP30-"
2026-09-21 12:03:01,1789992181,btc-updown-5m-1789992000,119,0.88,0.89,0.885,0.11,0.12,0.11499999999999999,36.0,1408.6100000000001,1057.48,900.56,-0.9501595586352026,0.08014136585565161,0.08999999999999997,0.18000000000000005,0.040000000000000036,1.01,WAIT,3,"UP5+,UP15+,UP_BOOK_WEAK"
2026-09-21 12:03:03,1789992182,btc-updown-5m-1789992000,118,0.94,0.95,0.945,0.07,0.08,0.07500000000000001,619.16,5979.09,2269.02,1957.42,-0.8123259955291177,0.07372635125543008,0.16999999999999993,0.1499999999999999,0.09999999999999998,1.03,UP WATCH,4,"UP5+,UP15+,UP30+,UP_BOOK_WEAK"
2026-09-21 12:03:05,1789992184,btc-updown-5m-1789992000,116,0.9,0.91,0.905,0.09,0.1,0.095,3637.24,1752.32,1639.19,3689.08,0.34973541439375383,-0.3847196181875167,0.14,0.21000000000000008,0.06000000000000005,1.01,UP WATCH,6,"UP5+,UP15+,UP_BOOK,DOWN_BOOK_WEAK"
2026-09-21 12:03:06,1789992186,btc-updown-5m-1789992000,114,0.91,0.92,0.915,0.08,0.09,0.08499999999999999,2645.52,2197.88,2234.8599999999997,2590.52,0.09242267828385017,-0.07370611226473363,0.030000000000000027,0.28,0.07000000000000006,1.01,UP WATCH,5,"UP5+,UP15+,UP30+"
2026-09-21 12:03:08,1789992187,btc-updown-5m-1789992000,113,0.94,0.95,0.945,0.04,0.05,0.045,2389.1499999999996,4125.69,2816.77,2933.82,-0.2665514425526951,-0.020354433197289353,0.0,0.30999999999999994,0.09999999999999998,1.0,WAIT,2,"UP15+,UP30+,UP_BOOK_WEAK"
2026-09-21 12:03:10,1789992189,btc-updown-5m-1789992000,111,0.95,0.96,0.955,0.04,0.05,0.045,2543.1400000000003,7520.62,3516.75,1802.7500000000002,-0.494594465686781,0.32221073409154993,0.04999999999999993,0.22499999999999998,0.08999999999999997,1.01,WAIT,3,"UP5+,UP15+,UP30+,UP_BOOK_WEAK,DOWN_BOOK"
2026-09-21 12:03:11,1789992191,btc-updown-5m-1789992000,109,0.94,0.95,0.945,0.05,0.06,0.055,2235.27,3279.2400000000002,3037.42,1840.27,-0.18931328440786221,0.2454338016561118,0.029999999999999916,0.1499999999999999,0.2799999999999999,1.01,WAIT,2,"UP15+,UP30+,DOWN_BOOK"
2026-09-21 12:03:20,1789992192,btc-updown-5m-1789992000,108,0.95,0.96,0.955,0.04,0.05,0.045,2944.9300000000003,9518.09,2984.44,2626.27,-0.5274130989118208,0.06383684061375478,0.010000000000000009,0.17999999999999994,0.2699999999999999,1.01,WAIT,2,"UP15+,UP30+,UP_BOOK_WEAK"
2026-09-21 12:03:22,1789992201,btc-updown-5m-1789992000,99,0.96,0.97,0.965,0.03,0.04,0.035,2455.84,8954.41,8933.75,2480.79,-0.569537915470739,0.5653280815521255,0.010000000000000009,0.04999999999999993,0.32999999999999996,1.01,WAIT,-1,"UP30+,UP_BOOK_WEAK,DOWN_BOOK"
2026-09-21 12:03:23,1789992203,btc-updown-5m-1789992000,97,0.96,0.97,0.965,0.03,0.04,0.035,4180.84,4854.86,4894.490000000001,3915.99,-0.07459521675133077,0.11106091836086127,0.010000000000000009,0.020000000000000018,0.32999999999999996,1.01,WAIT,1,UP30+
2026-09-21 12:03:25,1789992204,btc-updown-5m-1789992000,96,0.97,0.98,0.975,0.02,0.03,0.025,2878.7400000000002,1239.5300000000002,1229.5300000000002,2835.6400000000003,0.39803364033926864,-0.3950904882206648,0.020000000000000018,0.020000000000000018,0.245,1.01,WAIT,3,"UP30+,UP_BOOK,DOWN_BOOK_WEAK"
2026-09-21 12:03:27,1789992206,btc-updown-5m-1789992000,94,0.98,0.99,0.985,0.01,0.02,0.015,2565.2,1035.71,833.43,2835.92,0.42475096572810755,-0.5457342581111096,0.020000000000000018,0.040000000000000036,0.18999999999999995,1.01,WAIT,3,"UP30+,UP_BOOK,DOWN_BOOK_WEAK"
2026-09-21 12:03:29,1789992208,btc-updown-5m-1789992000,92,0.99,,,,0.01,,3701.81,0,0,2737.3799999999997,1.0,-1.0,,,,,WAIT,2,"UP_BOOK,DOWN_BOOK_WEAK"
2026-09-21 12:03:30,1789992210,btc-updown-5m-1789992000,90,0.95,0.96,0.955,0.06,0.07,0.065,822.58,4762.85,3887.08,915.39,-0.7054550858215035,0.6187836675710624,-0.020000000000000018,0.0,0.18999999999999995,1.03,WAIT,-1,"UP30+,UP_BOOK_WEAK,DOWN_BOOK"
2026-09-21 12:03:32,1789992211,btc-updown-5m-1789992000,89,0.93,0.94,0.935,0.06,0.07,0.065,1902.87,3831.12,3864.1,1934.96,-0.3362841581516536,0.33266425937996846,-0.04999999999999993,-0.019999999999999907,0.050000000000000044,1.01,DOWN WATCH,-4,"UP5-,UP_BOOK_WEAK,DOWN_BOOK"
2026-09-21 12:03:35,1789992213,btc-updown-5m-1789992000,87,0.93,0.94,0.935,0.05,0.06,0.055,2813.44,2754.94,3525.79,1927.44,0.010505748530093133,0.29310151964982223,,-0.019999999999999907,-0.009999999999999898,1.0,WAIT,-1,DOWN_BOOK
2026-09-21 12:03:37,1789992216,btc-updown-5m-1789992000,84,0.94,0.95,0.945,0.04,0.05,0.045,2007.45,2378.7799999999997,1587.1,2588.45,-0.08465812326302992,-0.23981271928248976,0.009999999999999898,-0.020000000000000018,0.029999999999999916,1.0,WAIT,1,DOWN_BOOK_WEAK
2026-09-21 12:03:38,1789992218,btc-updown-5m-1789992000,82,0.96,0.97,0.965,0.03,0.04,0.035,2125.12,5790.070000000001,5972.93,2110.12,-0.46302741943023484,0.4778901528507185,0.029999999999999916,0.0,0.020000000000000018,1.01,WAIT,-2,"UP_BOOK_WEAK,DOWN_BOOK"
2026-09-21 12:03:40,1789992219,btc-updown-5m-1789992000,81,0.97,0.98,0.975,0.02,0.03,0.025,3161.23,460.65999999999997,519.66,3370.59,0.7456245220037053,-0.7328397917871603,0.039999999999999925,0.0,0.020000000000000018,1.01,UP WATCH,4,"UP5+,UP_BOOK,DOWN_BOOK_WEAK"
2026-09-21 12:03:42,1789992221,btc-updown-5m-1789992000,79,0.81,0.83,0.8200000000000001,0.19,0.2,0.195,696.08,454.33,1320.56,223.34,0.21014247094514132,0.7106807435714749,-0.12499999999999989,-0.16499999999999992,-0.12499999999999989,1.03,DOWN WATCH,-5,"UP5-,UP15-,UP30-,UP_BOOK,DOWN_BOOK"
2026-09-21 12:03:44,1789992223,btc-updown-5m-1789992000,77,0.8,0.82,0.81,0.18,0.19,0.185,980.96,1773.0,2208.25,386.2,-0.28760040087728217,0.7022875754013375,-0.15499999999999992,,-0.1449999999999999,1.01,DOWN WATCH,-5,"UP5-,UP30-,UP_BOOK_WEAK,DOWN_BOOK"
2026-09-21 12:03:45,1789992225,btc-updown-5m-1789992000,75,0.94,0.96,0.95,0.05,0.06,0.055,554.77,3360.1399999999994,1092.8600000000001,1100.0,-0.7165860773300025,-0.0032560218162581618,-0.025000000000000022,-0.0050000000000000044,-0.0050000000000000044,1.02,WAIT,-1,UP_BOOK_WEAK
2026-09-21 12:03:47,1789992226,btc-updown-5m-1789992000,74,0.98,0.99,0.985,,0.01,,1954.31,331.14,0,1055.05,0.7102189940711896,-1.0,0.16499999999999992,0.04999999999999993,0.030000000000000027,1.0,UP WATCH,4,"UP5+,UP_BOOK,DOWN_BOOK_WEAK"
2026-09-21 12:03:49,1789992228,btc-updown-5m-1789992000,72,0.97,0.98,0.975,0.02,0.03,0.025,1992.72,1912.19,2773.74,2058.7200000000003,0.020622754429679552,0.14796190759985586,0.16499999999999992,0.039999999999999925,0.020000000000000018,1.01,WAIT,2,UP5+
2026-09-21 12:03:51,1789992230,btc-updown-5m-1789992000,70,0.95,0.97,0.96,0.02,0.03,0.025,1513.49,4351.98,1506.31,1676.0,-0.4839322339045294,-0.05332290066021225,0.010000000000000009,0.02499999999999991,0.0050000000000000044,1.0,WAIT,-1,UP_BOOK_WEAK
2026-09-21 12:03:52,1789992232,btc-updown-5m-1789992000,68,0.93,0.94,0.935,0.06,0.07,0.065,2909.08,1294.6,1284.6,2729.08,0.38406348723023637,-0.3598891790077934,-0.04999999999999993,-0.009999999999999898,-0.029999999999999916,1.01,WAIT,0,"UP5-,UP_BOOK,DOWN_BOOK_WEAK"
2026-09-21 12:03:54,1789992233,btc-updown-5m-1789992000,67,0.89,0.9,0.895,0.1,0.11,0.10500000000000001,1596.35,1816.26,2945.1800000000003,1244.66,-0.06444041364234417,0.40586752716094177,-0.07999999999999996,-0.06999999999999995,-0.06999999999999995,1.01,DOWN WATCH,-5,"UP5-,UP15-,DOWN_BOOK"
2026-09-21 12:03:56,1789992235,btc-updown-5m-1789992000,65,0.91,0.92,0.915,0.08,0.09,0.08499999999999999,1362.31,2230.4700000000003,1982.62,1297.92,-0.24164017835770635,0.20871563827906375,-0.04499999999999993,-0.05999999999999994,-0.05999999999999994,1.01,DOWN WATCH,-6,"UP5-,UP15-,UP_BOOK_WEAK,DOWN_BOOK"
2026-09-21 12:03:57,1789992237,btc-updown-5m-1789992000,63,0.89,0.9,0.895,0.11,0.12,0.11499999999999999,1098.1399999999999,1487.6599999999999,2145.71,436.0,-0.15063810039446207,0.6622393684805807,-0.040000000000000036,0.07499999999999996,-0.08999999999999997,1.02,WAIT,-2,"UP5-,UP15+,UP30-,DOWN_BOOK"
2026-09-21 12:03:59,1789992238,btc-updown-5m-1789992000,62,0.88,0.89,0.885,0.11,0.12,0.11499999999999999,1914.47,879.45,1209.96,1710.3199999999997,0.3704544153017982,-0.17133973454600235,-0.010000000000000009,0.07499999999999996,,1.01,WAIT,3,"UP15+,UP_BOOK"
2026-09-21 12:04:01,1789992240,btc-updown-5m-1789992000,60,0.91,0.92,0.915,0.08,0.09,0.08499999999999999,1690.76,979.4200000000001,1713.98,1484.2900000000002,0.2664015160026664,0.07181695103915547,0.0,-0.03499999999999992,-0.039999999999999925,1.01,WAIT,1,UP_BOOK
2026-09-21 12:04:02,1789992242,btc-updown-5m-1789992000,58,0.9,0.91,0.905,0.09,0.1,0.095,635.13,886.04,1589.1299999999999,566.58,-0.16494540386676043,0.4743448794132791,0.010000000000000009,-0.07999999999999996,-0.030000000000000027,1.01,WAIT,-3,"UP15-,DOWN_BOOK"
2026-09-21 12:04:04,1789992243,btc-updown-5m-1789992000,57,0.96,0.97,0.965,0.03,0.04,0.035,1598.98,2016.6200000000001,2106.62,1625.98,-0.11551056532802302,0.1287681508867813,0.07999999999999996,-0.010000000000000009,0.029999999999999916,1.01,WAIT,2,UP5+
2026-09-21 12:04:06,1789992245,btc-updown-5m-1789992000,55,0.97,0.98,0.975,0.06,0.07,0.065,317.0,1543.73,2933.35,451.0,-0.6592735109338808,0.7334791023387061,0.05999999999999994,0.015000000000000013,0.039999999999999925,1.05,WAIT,0,"UP5+,UP_BOOK_WEAK,DOWN_BOOK"
2026-09-21 12:04:07,1789992247,btc-updown-5m-1789992000,53,0.98,0.99,0.985,0.01,0.02,0.015,2171.7799999999997,270.0,238.98,2336.8,0.7788498554333314,-0.8144406742811886,0.07999999999999996,0.04999999999999993,0.040000000000000036,1.01,UP WATCH,4,"UP5+,UP_BOOK,DOWN_BOOK_WEAK"
2026-09-21 12:04:09,1789992248,btc-updown-5m-1789992000,52,0.98,0.99,0.985,,0.01,,5068.25,61.81,0,5570.4,0.9759028159514702,-1.0,0.020000000000000018,0.08999999999999997,0.020000000000000018,1.0,UP WATCH,4,"UP15+,UP_BOOK,DOWN_BOOK_WEAK"
2026-09-21 12:04:11,1789992250,btc-updown-5m-1789992000,50,0.99,,,,0.01,,17792.46,0,0,17774.46,1.0,-1.0,,,,,WAIT,2,"UP_BOOK,DOWN_BOOK_WEAK"
2026-09-21 12:04:12,1789992252,btc-updown-5m-1789992000,48,0.99,,,,0.01,,19366.55,0,0,18889.78,1.0,-1.0,,,,,WAIT,2,"UP_BOOK,DOWN_BOOK_WEAK"
2026-09-21 12:04:14,1789992253,btc-updown-5m-1789992000,47,0.99,,,,0.01,,20072.899999999998,0,0,20043.03,1.0,-1.0,,,,,WAIT,2,"UP_BOOK,DOWN_BOOK_WEAK"
2026-09-21 12:04:16,1789992255,btc-updown-5m-1789992000,45,0.99,,,,0.01,,22515.96,0,0,25515.96,1.0,-1.0,,,,,WAIT,2,"UP_BOOK,DOWN_BOOK_WEAK"
2026-09-21 12:04:17,1789992257,btc-updown-5m-1789992000,43,0.99,,,,0.01,,25532.68,0,0,25547.940000000002,1.0,-1.0,,,,,WAIT,2,"UP_BOOK,DOWN_BOOK_WEAK"
2026-09-21 12:04:19,1789992258,btc-updown-5m-1789992000,42,0.99,,,,0.01,,25478.46,0,0,25472.579999999998,1.0,-1.0,,,,,WAIT,2,"UP_BOOK,DOWN_BOOK_WEAK"
2026-09-21 12:04:21,1789992260,btc-updown-5m-1789992000,40,0.99,,,,0.01,,25617.58,0,0,25611.68,1.0,-1.0,,,,,WAIT,2,"UP_BOOK,DOWN_BOOK_WEAK"
2026-09-21 12:04:22,1789992262,btc-updown-5m-1789992000,38,0.99,,,,0.01,,28967.57,0,0,29057.53,1.0,-1.0,,,,,WAIT,2,"UP_BOOK,DOWN_BOOK_WEAK"
2026-09-21 12:04:24,1789992263,btc-updown-5m-1789992000,37,0.99,,,,0.01,,29651.82,0,0,29594.39,1.0,-1.0,,,,,WAIT,2,"UP_BOOK,DOWN_BOOK_WEAK"
2026-09-21 12:04:25,1789992265,btc-updown-5m-1789992000,35,0.99,,,,0.01,,29747.9,0,0,29767.879999999997,1.0,-1.0,,,,,WAIT,2,"UP_BOOK,DOWN_BOOK_WEAK"
2026-09-21 12:04:27,1789992266,btc-updown-5m-1789992000,34,0.99,,,,0.01,,29743.879999999997,0,0,29699.690000000002,1.0,-1.0,,,,,WAIT,2,"UP_BOOK,DOWN_BOOK_WEAK"
2026-09-21 12:04:28,1789992268,btc-updown-5m-1789992000,32,0.99,,,,0.01,,34095.67,0,0,34085.69,1.0,-1.0,,,,,WAIT,2,"UP_BOOK,DOWN_BOOK_WEAK"
2026-09-21 12:04:30,1789992269,btc-updown-5m-1789992000,31,0.99,,,,0.01,,34219.14,0,0,34104.19,1.0,-1.0,,,,,WAIT,2,"UP_BOOK,DOWN_BOOK_WEAK"
2026-09-21 12:04:32,1789992271,btc-updown-5m-1789992000,29,0.99,,,,0.01,,34086.19,0,0,34116.19,1.0,-1.0,,,,,WAIT,2,"UP_BOOK,DOWN_BOOK_WEAK"
2026-09-21 12:04:33,1789992273,btc-updown-5m-1789992000,27,0.99,,,,0.01,,34140.16,0,0,34132.54,1.0,-1.0,,,,,WAIT,2,"UP_BOOK,DOWN_BOOK_WEAK"
2026-09-21 12:04:35,1789992274,btc-updown-5m-1789992000,26,0.99,,,,0.01,,34336.61,0,0,34361.57,1.0,-1.0,,,,,WAIT,2,"UP_BOOK,DOWN_BOOK_WEAK"
2026-09-21 12:04:37,1789992276,btc-updown-5m-1789992000,24,0.99,,,,0.01,,47105.57,0,0,47169.76,1.0,-1.0,,,,,WAIT,2,"UP_BOOK,DOWN_BOOK_WEAK"
2026-09-21 12:04:39,1789992278,btc-updown-5m-1789992000,22,0.99,,,,0.01,,47109.81,0,0,47018.31,1.0,-1.0,,,,,WAIT,2,"UP_BOOK,DOWN_BOOK_WEAK"
2026-09-21 12:04:41,1789992280,btc-updown-5m-1789992000,20,0.99,,,,0.01,,46929.33,0,0,47024.33,1.0,-1.0,,,,,WAIT,2,"UP_BOOK,DOWN_BOOK_WEAK"
2026-09-21 12:04:42,1789992282,btc-updown-5m-1789992000,18,0.99,,,,0.01,,47052.33,0,0,47052.33,1.0,-1.0,,,,,WAIT,0,TIME FILTER
2026-09-21 12:04:44,1789992283,btc-updown-5m-1789992000,17,0.99,,,,0.01,,47067.310000000005,0,0,47020.63,1.0,-1.0,,,,,WAIT,0,TIME FILTER
2026-09-21 12:04:46,1789992285,btc-updown-5m-1789992000,15,0.99,,,,0.01,,51232.74,0,0,51312.74,1.0,-1.0,,,,,WAIT,0,TIME FILTER
2026-09-21 12:04:47,1789992287,btc-updown-5m-1789992000,13,0.99,,,,0.01,,51439.76,0,0,51494.74,1.0,-1.0,,,,,WAIT,0,TIME FILTER
2026-09-21 12:04:49,1789992288,btc-updown-5m-1789992000,12,0.99,,,,0.01,,52103.450000000004,0,0,52128.450000000004,1.0,-1.0,,,,,WAIT,0,TIME FILTER
2026-09-21 12:04:51,1789992290,btc-updown-5m-1789992000,10,0.99,,,,0.01,,52312.840000000004,0,0,52333.31,1.0,-1.0,,,,,WAIT,0,TIME FILTER
2026-09-21 12:04:52,1789992292,btc-updown-5m-1789992000,8,0.99,,,,0.01,,52348.81,0,0,52348.81,1.0,-1.0,,,,,WAIT,0,TIME FILTER
2026-09-21 12:04:54,1789992293,btc-updown-5m-1789992000,7,0.99,,,,0.01,,60452.840000000004,0,0,60398.840000000004,1.0,-1.0,,,,,WAIT,0,TIME FILTER
2026-09-21 12:04:55,1789992295,btc-updown-5m-1789992000,5,0.99,,,,0.01,,60359.840000000004,0,0,60365.57,1.0,-1.0,,,,,WAIT,0,TIME FILTER
2026-09-21 12:04:57,1789992296,btc-updown-5m-1789992000,4,0.99,,,,0.01,,60085.840000000004,0,0,60085.840000000004,1.0,-1.0,,,,,WAIT,0,TIME FILTER
2026-09-21 12:04:59,1789992298,btc-updown-5m-1789992000,2,0.99,,,,0.01,,71606.0,0,0,71616.0,1.0,-1.0,,,,,WAIT,0,TIME FILTER
2026-09-21 12:05:01,1789992300,btc-updown-5m-1789992300,300,0.58,0.59,0.585,0.41,0.42,0.415,1831.76,391.27,314.32,784.76,0.6479849574679605,-0.42803071659933767,,,,1.01,WAIT,0,TIME FILTER
2026-09-21 12:05:02,1789992302,btc-updown-5m-1789992300,298,0.53,0.54,0.535,0.46,0.47,0.46499999999999997,3425.1899999999996,2695.0,2058.0,3448.0599999999995,0.11930838748470221,-0.25246001678150976,,,,1.01,WAIT,0,TIME FILTER
2026-09-21 12:05:04,1789992303,btc-updown-5m-1789992300,297,0.57,0.58,0.575,0.42,0.43,0.425,4321.320000000001,1219.65,1415.65,4013.4300000000003,0.5597702207375242,-0.4784935937580585,,,,1.01,WAIT,0,TIME FILTER
2026-09-21 12:05:06,1789992305,btc-updown-5m-1789992300,295,0.58,0.59,0.585,0.41,0.42,0.415,4903.02,2018.37,1756.97,2869.2,0.4167732204080395,-0.24042134206049492,0.0,,,1.01,WAIT,0,TIME FILTER
2026-09-21 12:05:07,1789992307,btc-updown-5m-1789992300,293,0.61,0.62,0.615,0.38,0.39,0.385,3565.8,2036.7600000000002,1962.5100000000002,3625.8,0.2729180945853324,-0.29763738947910906,0.07999999999999996,,,1.01,WAIT,0,TIME FILTER
2026-09-21 12:05:09,1789992308,btc-updown-5m-1789992300,292,0.61,0.62,0.615,0.38,0.39,0.385,3006.2000000000003,2696.5200000000004,2918.9,2837.59,0.054303911116098946,0.014124926821726424,0.040000000000000036,,,1.01,WAIT,0,TIME FILTER
2026-09-21 12:05:11,1789992310,btc-updown-5m-1789992300,290,0.61,0.62,0.615,0.38,0.39,0.385,2903.59,3214.13,3896.6000000000004,1594.5900000000001,-0.05076074092962737,0.41921878499924425,0.030000000000000027,,,1.01,WAIT,0,TIME FILTER
2026-09-21 12:05:12,1789992312,btc-updown-5m-1789992300,288,0.6,0.61,0.605,0.39,0.4,0.395,1569.76,4620.41,4510.33,1607.76,-0.49282168341095633,0.47442420755497217,-0.010000000000000009,,,1.01,WAIT,0,TIME FILTER
2026-09-21 12:05:14,1789992313,btc-updown-5m-1789992300,287,0.63,0.64,0.635,0.36,0.37,0.365,3102.34,1103.49,966.66,3297.34,0.4752569647370436,-0.546594746716698,0.020000000000000018,,,1.01,WAIT,0,TIME FILTER
2026-09-21 12:05:15,1789992315,btc-updown-5m-1789992300,285,0.64,0.65,0.645,0.35,0.36,0.355,3223.43,3886.66,3921.48,3232.97,-0.09328011319125355,0.09623521025375818,0.030000000000000027,0.06000000000000005,,1.01,UP WATCH,4,"UP5+,UP15+"
2026-09-21 12:05:17,1789992316,btc-updown-5m-1789992300,284,0.65,0.66,0.655,0.34,0.35,0.345,2641.07,4916.370000000001,4283.55,2771.07,-0.30106755726806966,0.214395672623047,0.040000000000000036,0.07000000000000006,,1.01,WAIT,2,"UP5+,UP15+,UP_BOOK_WEAK,DOWN_BOOK"
2026-09-21 12:05:19,1789992318,btc-updown-5m-1789992300,282,0.66,0.67,0.665,0.34,0.35,0.345,1198.0,5225.43,4557.780000000001,951.0,-0.6269905642312597,0.6547329898816072,0.030000000000000027,0.09000000000000008,,1.02,WAIT,2,"UP5+,UP15+,UP_BOOK_WEAK,DOWN_BOOK"
2026-09-21 12:05:21,1789992320,btc-updown-5m-1789992300,280,0.65,0.66,0.655,0.34,0.35,0.345,3286.1100000000006,4214.009999999999,3650.0000000000005,1528.59,-0.12371802051167165,0.40965011711682153,0.010000000000000009,0.07000000000000006,,1.01,WAIT,1,"UP15+,DOWN_BOOK"
2026-09-21 12:05:22,1789992322,btc-updown-5m-1789992300,278,0.64,0.65,0.645,0.35,0.36,0.355,1767.98,5630.91,5600.91,1906.98,-0.5220958819498601,0.49200640925746114,-0.010000000000000009,0.030000000000000027,,1.01,WAIT,-2,"UP_BOOK_WEAK,DOWN_BOOK"
2026-09-21 12:05:24,1789992323,btc-updown-5m-1789992300,277,0.57,0.61,0.59,0.39,0.43,0.41000000000000003,1756.0,826.55,1061.85,740.0,0.3598962265977425,0.17862197186225265,-0.07500000000000007,-0.025000000000000022,,1.04,WAIT,-1,"UP5-,UP_BOOK"
2026-09-21 12:05:25,1789992325,btc-updown-5m-1789992300,275,0.61,0.62,0.615,0.38,0.39,0.385,3475.1400000000003,2289.53,560.53,3781.1400000000003,0.20566832099669194,-0.7417906013123984,-0.040000000000000036,0.0,,1.01,WAIT,0,"UP5-,UP_BOOK,DOWN_BOOK_WEAK"
2026-09-21 12:05:27,1789992326,btc-updown-5m-1789992300,274,0.61,0.62,0.615,0.38,0.39,0.385,2356.13,1857.29,1842.29,2350.9700000000003,0.11839313431843969,-0.12130895770832247,-0.040000000000000036,0.0,,1.01,WAIT,-2,UP5-
2026-09-21 12:05:29,1789992328,btc-updown-5m-1789992300,272,0.64,0.65,0.645,0.35,0.36,0.355,3381.1400000000003,1218.19,2911.66,3808.6099999999997,0.4702750183178855,-0.13346933977355074,0.05500000000000005,0.010000000000000009,,1.01,WAIT,3,"UP5+,UP_BOOK"
2026-09-21 12:05:30,1789992330,btc-updown-5m-1789992300,270,0.64,0.65,0.645,0.35,0.36,0.355,3317.44,3636.21,3686.21,3235.55,-0.04584211169673481,0.06510771826818611,0.030000000000000027,0.0,0.06000000000000005,1.01,WAIT,2,UP5+
2026-09-21 12:05:32,1789992331,btc-updown-5m-1789992300,269,0.65,0.66,0.655,0.34,0.35,0.345,2616.07,4209.52,2770.4,2601.0,-0.233452346244061,0.03153740179469042,0.040000000000000036,0.0,0.07000000000000006,1.01,WAIT,2,"UP5+,UP30+,UP_BOOK_WEAK"
2026-09-21 12:05:34,1789992333,btc-updown-5m-1789992300,267,0.65,0.66,0.655,0.32,0.33,0.325,2893.73,3341.03,234.0,2737.5,-0.07174293797997039,-0.8425037859666835,0.010000000000000009,-0.010000000000000009,0.08000000000000007,0.99,WAIT,2,"UP30+,DOWN_BOOK_WEAK"
2026-09-21 12:05:35,1789992335,btc-updown-5m-1789992300,265,0.68,0.69,0.685,0.3,0.32,0.31,3495.92,2082.63,2832.2400000000002,3507.92,0.2533436107949198,-0.10657144299197495,0.040000000000000036,0.030000000000000027,0.10000000000000009,1.01,UP WATCH,4,"UP5+,UP30+,UP_BOOK"
2026-09-21 12:05:37,1789992336,btc-updown-5m-1789992300,264,0.71,0.72,0.715,0.28,0.29,0.28500000000000003,2541.14,5427.6,4858.92,1946.6,-0.3622228859267589,0.4279349704357639,0.05999999999999994,0.05999999999999994,0.13,1.01,WAIT,3,"UP5+,UP15+,UP30+,UP_BOOK_WEAK,DOWN_BOOK"
2026-09-21 12:05:39,1789992338,btc-updown-5m-1789992300,262,0.7,0.71,0.705,0.29,0.3,0.295,2547.86,3515.0,3564.96,1977.32,-0.1595187749675895,0.28645972415684523,0.04999999999999993,0.11499999999999999,0.08999999999999997,1.01,UP WATCH,4,"UP5+,UP15+,UP30+,DOWN_BOOK"
2026-09-21 12:05:41,1789992340,btc-updown-5m-1789992300,260,0.67,0.68,0.675,0.32,0.33,0.325,2733.48,3107.02,2027.74,2436.95,-0.06395685300916017,-0.0916547397467685,-0.010000000000000009,0.06000000000000005,0.06000000000000005,1.01,WAIT,2,UP15+
2026-09-21 12:05:42,1789992342,btc-updown-5m-1789992300,258,0.69,0.7,0.695,0.3,0.31,0.305,3042.23,1031.0,2119.0,2177.69,0.4937678451744684,-0.01365935173354374,-0.020000000000000018,0.07999999999999996,0.08999999999999997,1.01,UP WATCH,4,"UP15+,UP30+,UP_BOOK"
2026-09-21 12:05:44,1789992343,btc-updown-5m-1789992300,257,0.7,0.71,0.705,0.29,0.3,0.295,2268.96,3157.41,3317.86,1732.0,-0.16372823821449695,0.3140403892385135,0.0,0.05999999999999994,0.06999999999999995,1.01,WAIT,1,"UP15+,DOWN_BOOK"
2026-09-21 12:05:45,1789992345,btc-updown-5m-1789992300,255,0.72,0.73,0.725,0.27,0.28,0.275,1742.17,4866.120000000001,4698.26,2410.0,-0.47273197756151747,0.3219156305481229,0.04999999999999993,0.07999999999999996,0.07999999999999996,1.01,WAIT,3,"UP5+,UP15+,UP30+,UP_BOOK_WEAK,DOWN_BOOK"
2026-09-21 12:05:47,1789992346,btc-updown-5m-1789992300,254,0.72,0.73,0.725,0.27,0.28,0.275,2528.7799999999997,5306.400000000001,4344.05,2467.7,-0.35450621427969753,0.2754578485704849,0.04999999999999993,0.06999999999999995,0.06999999999999995,1.01,WAIT,2,"UP5+,UP15+,UP_BOOK_WEAK,DOWN_BOOK"
2026-09-21 12:05:49,1789992348,btc-updown-5m-1789992300,252,0.73,0.74,0.735,0.26,0.27,0.265,2316.0,5722.759999999999,5697.759999999999,2326.0,-0.423791729072643,0.42022194083571784,0.030000000000000027,0.07999999999999996,0.06999999999999995,1.01,WAIT,2,"UP5+,UP15+,UP_BOOK_WEAK,DOWN_BOOK"
2026-09-21 12:05:50,1789992350,btc-updown-5m-1789992300,250,0.73,0.74,0.735,0.26,0.27,0.265,2665.23,5369.78,5379.42,2766.32,-0.336595722967364,0.32079344540827476,0.010000000000000009,0.04999999999999993,0.07999999999999996,1.01,WAIT,-1,"UP30+,UP_BOOK_WEAK,DOWN_BOOK"
2026-09-21 12:05:52,1789992351,btc-updown-5m-1789992300,249,0.71,0.72,0.715,0.3,0.31,0.305,771.0,6140.49,4075.76,688.0,-0.7768932603534114,0.7111525349723747,-0.010000000000000009,0.0,0.05999999999999994,1.03,WAIT,-2,"UP_BOOK_WEAK,DOWN_BOOK"
2026-09-21 12:05:54,1789992353,btc-updown-5m-1789992300,247,0.67,0.69,0.6799999999999999,0.32,0.33,0.325,2511.1800000000003,2648.0,866.8399999999999,1929.99,-0.026519718249799328,-0.3801267863974572,-0.05500000000000005,-0.025000000000000022,0.08999999999999997,1.02,WAIT,0,"UP5-,UP30+,DOWN_BOOK_WEAK"
2026-09-21 12:05:55,1789992355,btc-updown-5m-1789992300,245,0.67,0.68,0.675,0.32,0.33,0.325,2526.45,2452.64,1047.6399999999999,2521.45,0.014823993942668227,-0.4129371912728455,-0.05999999999999994,0.0,0.06000000000000005,1.01,WAIT,-1,"UP5-,DOWN_BOOK_WEAK"
2026-09-21 12:05:57,1789992356,btc-updown-5m-1789992300,244,0.7,0.71,0.705,0.27,0.28,0.275,3746.4500000000003,843.3,4098.25,2201.05,0.6325290048477588,0.3011763211785436,-0.010000000000000009,0.029999999999999916,0.08999999999999997,0.99,WAIT,1,"UP30+,UP_BOOK,DOWN_BOOK"
2026-09-21 12:05:58,1789992358,btc-updown-5m-1789992300,242,0.71,0.72,0.715,0.28,0.29,0.28500000000000003,3092.43,3987.53,3895.53,2523.43,-0.12642726795066644,0.21375736879494503,0.03500000000000003,0.010000000000000009,0.06999999999999995,1.01,WAIT,1,"UP5+,DOWN_BOOK"
2026-09-21 12:06:00,1789992359,btc-updown-5m-1789992300,241,0.73,0.74,0.735,0.26,0.27,0.265,3341.8599999999997,4881.34,4788.22,3464.7,-0.1872117910302559,0.16036990543952934,0.05500000000000005,0.030000000000000027,0.08999999999999997,1.01,WAIT,3,"UP5+,UP30+"
2026-09-21 12:06:08,1789992361,btc-updown-5m-1789992300,239,0.73,0.74,0.735,0.26,0.27,0.265,3033.38,4436.29,3589.75,3628.0299999999997,-0.18781418723986465,-0.005303569795698919,0.030000000000000027,0.010000000000000009,0.07999999999999996,1.01,WAIT,3,"UP5+,UP30+"
2026-09-21 12:06:09,1789992369,btc-updown-5m-1789992300,231,0.74,0.75,0.745,0.25,0.26,0.255,3339.16,2973.08,3577.4800000000005,3375.8999999999996,0.05799526000278822,0.028990217707072077,0.010000000000000009,0.06500000000000006,0.040000000000000036,1.01,WAIT,2,UP15+
2026-09-21 12:06:11,1789992370,btc-updown-5m-1789992300,230,0.74,0.75,0.745,0.25,0.26,0.255,3741.2000000000003,3205.16,3471.2200000000003,3623.12,0.07716847384817377,-0.021411435031306596,0.010000000000000009,0.06999999999999995,0.06999999999999995,1.01,WAIT,2,UP15+
2026-09-21 12:06:13,1789992372,btc-updown-5m-1789992300,228,0.74,0.75,0.745,0.25,0.26,0.255,2967.74,3366.33,4051.55,2196.41,-0.0629279436444498,0.2969193144642412,0.010000000000000009,0.040000000000000036,0.050000000000000044,1.01,WAIT,-1,DOWN_BOOK
2026-09-21 12:06:14,1789992374,btc-updown-5m-1789992300,226,0.74,0.75,0.745,0.25,0.26,0.255,3197.22,3085.01,3120.05,3227.72,0.017861491858782566,-0.016961862197275517,0.0,0.010000000000000009,0.040000000000000036,1.01,WAIT,0,
2026-09-21 12:06:16,1789992375,btc-updown-5m-1789992300,225,0.74,0.75,0.745,0.25,0.26,0.255,2588.5699999999997,3755.26,3688.54,2590.87,-0.1839094048863227,0.17480463928936,0.0,0.010000000000000009,0.020000000000000018,1.01,WAIT,0,
2026-09-21 12:06:18,1789992377,btc-updown-5m-1789992300,223,0.74,0.75,0.745,0.25,0.26,0.255,2233.91,4016.83,3645.2000000000003,2309.08,-0.28523342836208193,0.22439656851877982,0.0,0.010000000000000009,0.020000000000000018,1.01,WAIT,-2,"UP_BOOK_WEAK,DOWN_BOOK"
2026-09-21 12:06:19,1789992379,btc-updown-5m-1789992300,221,0.79,0.8,0.795,0.2,0.21,0.20500000000000002,2296.03,3888.4700000000003,4907.02,2435.86,-0.2574888834990703,0.3365382520210054,0.050000000000000044,0.06000000000000005,0.06000000000000005,1.01,WAIT,2,"UP5+,UP15+,UP_BOOK_WEAK,DOWN_BOOK"
2026-09-21 12:06:21,1789992380,btc-updown-5m-1789992300,220,0.79,0.8,0.795,0.2,0.21,0.20500000000000002,1994.0500000000002,5180.139999999999,5156.09,1944.0500000000002,-0.4441044912387321,0.4523910796125147,0.050000000000000044,0.06000000000000005,0.06000000000000005,1.01,WAIT,2,"UP5+,UP15+,UP_BOOK_WEAK,DOWN_BOOK"
2026-09-21 12:06:24,1789992382,btc-updown-5m-1789992300,218,0.79,0.8,0.795,0.2,0.21,0.20500000000000002,2976.7400000000002,4729.57,5568.7699999999995,1984.8600000000001,-0.22745386572821488,0.4744619474345447,0.050000000000000044,0.06000000000000005,0.08000000000000007,1.01,WAIT,3,"UP5+,UP15+,UP30+,UP_BOOK_WEAK,DOWN_BOOK"
2026-09-21 12:06:26,1789992385,btc-updown-5m-1789992300,215,0.81,0.82,0.815,0.18,0.19,0.185,2060.4700000000003,2637.55,2717.55,2023.37,-0.12283472611866272,0.1464230571281524,0.019999999999999907,0.06999999999999995,0.1399999999999999,1.01,WAIT,3,"UP15+,UP30+"
2026-09-21 12:06:28,1789992387,btc-updown-5m-1789992300,213,0.81,0.82,0.815,0.19,0.2,0.195,833.5699999999999,5073.82,5043.13,1332.5,-0.717787381567833,0.582002092342247,0.019999999999999907,0.06999999999999995,0.10999999999999999,1.02,WAIT,1,"UP15+,UP30+,UP_BOOK_WEAK,DOWN_BOOK"
2026-09-21 12:06:29,1789992389,btc-updown-5m-1789992300,211,0.83,0.84,0.835,0.18,0.19,0.185,1445.33,3503.9900000000002,3908.76,641.33,-0.41594804942901253,0.7181022792955745,0.039999999999999925,0.08999999999999997,0.09999999999999998,1.03,WAIT,3,"UP5+,UP15+,UP30+,UP_BOOK_WEAK,DOWN_BOOK"
2026-09-21 12:06:31,1789992390,btc-updown-5m-1789992300,210,0.82,0.83,0.825,0.17,0.18,0.175,1750.04,4448.53,4502.11,1743.87,-0.4353407318139506,0.44160243868856447,0.010000000000000009,0.07999999999999996,0.08999999999999997,1.01,WAIT,1,"UP15+,UP30+,UP_BOOK_WEAK,DOWN_BOOK"
2026-09-21 12:06:33,1789992392,btc-updown-5m-1789992300,208,0.82,0.83,0.825,0.16,0.17,0.165,3019.21,1628.02,3493.22,2360.9,0.29935897297960296,0.19342275183972993,0.010000000000000009,0.07999999999999996,0.08999999999999997,1.0,UP WATCH,4,"UP15+,UP30+,UP_BOOK"
2026-09-21 12:06:34,1789992394,btc-updown-5m-1789992300,206,0.84,0.85,0.845,0.15,0.16,0.155,1905.0,4749.29,4899.5,1501.31,-0.4274370368589286,0.5308999954693234,0.010000000000000009,0.04999999999999993,0.10999999999999999,1.01,WAIT,-1,"UP30+,UP_BOOK_WEAK,DOWN_BOOK"
2026-09-21 12:06:36,1789992395,btc-updown-5m-1789992300,205,0.84,0.85,0.845,0.14,0.15,0.14500000000000002,2892.19,2167.87,3381.29,2202.17,0.1431445476931104,0.21118088067255786,0.020000000000000018,0.04999999999999993,0.10999999999999999,1.0,WAIT,0,"UP30+,DOWN_BOOK"
2026-09-21 12:06:38,1789992397,btc-updown-5m-1789992300,203,0.85,0.86,0.855,0.14,0.15,0.14500000000000002,2128.81,4111.96,2701.9600000000005,2191.2,-0.31777328759111456,0.10438244406477627,0.030000000000000027,0.05999999999999994,0.12,1.01,UP WATCH,4,"UP5+,UP15+,UP30+,UP_BOOK_WEAK"
2026-09-21 12:06:39,1789992399,btc-updown-5m-1789992300,201,0.85,0.86,0.855,0.16,0.17,0.165,886.04,5437.93,3185.51,1688.31,-0.7197836169368292,0.3071923050092126,0.010000000000000009,0.05999999999999994,0.10999999999999999,1.03,WAIT,1,"UP15+,UP30+,UP_BOOK_WEAK,DOWN_BOOK"
2026-09-21 12:06:41,1789992400,btc-updown-5m-1789992300,200,0.85,0.86,0.855,0.14,0.15,0.14500000000000002,2012.2000000000003,4517.49,3199.9300000000003,1957.5900000000001,-0.383676713595898,0.24087933735593853,0.010000000000000009,0.040000000000000036,0.10999999999999999,1.01,WAIT,-1,"UP30+,UP_BOOK_WEAK,DOWN_BOOK"
2026-09-21 12:06:43,1789992402,btc-updown-5m-1789992300,198,0.84,0.85,0.845,0.15,0.16,0.155,2214.02,3898.6400000000003,3740.84,2252.1800000000003,-0.2755952400427965,0.24839897080270043,-0.010000000000000009,0.030000000000000027,0.09999999999999998,1.01,WAIT,-1,"UP30+,UP_BOOK_WEAK,DOWN_BOOK"
2026-09-21 12:06:44,1789992404,btc-updown-5m-1789992300,196,0.85,0.86,0.855,0.14,0.15,0.14500000000000002,2968.53,3512.0299999999997,4720.6900000000005,1884.0900000000001,-0.08386620909304128,0.42947683344486876,0.0,0.020000000000000018,0.10999999999999999,1.01,WAIT,0,"UP30+,DOWN_BOOK"
2026-09-21 12:06:46,1789992405,btc-updown-5m-1789992300,195,0.85,0.86,0.855,0.14,0.15,0.14500000000000002,2407.25,3816.65,1926.02,2369.28,-0.22644965375407705,-0.10319651712336744,0.0,0.030000000000000027,0.10999999999999999,1.01,WAIT,0,"UP30+,UP_BOOK_WEAK"
2026-09-21 12:06:48,1789992407,btc-updown-5m-1789992300,193,0.87,0.88,0.875,0.12,0.13,0.125,2172.14,3832.52,3066.29,2214.9,-0.27651523983039844,0.1612117723467627,0.030000000000000027,0.050000000000000044,0.13,1.01,UP WATCH,4,"UP5+,UP15+,UP30+,UP_BOOK_WEAK"
2026-09-21 12:06:49,1789992409,btc-updown-5m-1789992300,191,0.87,0.88,0.875,0.12,0.13,0.125,2978.8799999999997,2946.91,2927.91,3029.41,0.005395061249217371,-0.017037862663076685,0.020000000000000018,0.030000000000000027,0.07999999999999996,1.01,WAIT,1,UP30+
2026-09-21 12:06:51,1789992410,btc-updown-5m-1789992300,190,0.88,0.89,0.885,0.11,0.12,0.11499999999999999,3476.13,1969.38,1965.68,3486.16,0.27669584667000885,-0.27889299759347297,0.030000000000000027,0.040000000000000036,0.08999999999999997,1.01,UP WATCH,5,"UP5+,UP30+,UP_BOOK,DOWN_BOOK_WEAK"
2026-09-21 12:06:53,1789992412,btc-updown-5m-1789992300,188,0.92,0.93,0.925,0.07,0.08,0.07500000000000001,2598.1899999999996,1632.6,903.5999999999999,3152.3700000000003,0.22822924323826044,-0.5544345742202236,0.050000000000000044,0.07000000000000006,0.13,1.01,UP WATCH,7,"UP5+,UP15+,UP30+,UP_BOOK,DOWN_BOOK_WEAK"
2026-09-21 12:06:54,1789992414,btc-updown-5m-1789992300,186,0.91,0.92,0.915,0.08,0.09,0.08499999999999999,3098.52,2372.8,2362.4,3344.52,0.1326407521402513,-0.17209282765484707,0.040000000000000036,0.06000000000000005,0.12,1.01,UP WATCH,5,"UP5+,UP15+,UP30+"
2026-09-21 12:06:56,1789992415,btc-updown-5m-1789992300,185,0.92,0.93,0.925,0.07,0.08,0.07500000000000001,3162.17,2225.3,1590.69,3129.3500000000004,0.17389795209996525,-0.3259845255548682,0.040000000000000036,0.07000000000000006,0.1100000000000001,1.01,UP WATCH,6,"UP5+,UP15+,UP30+,DOWN_BOOK_WEAK"
2026-09-21 12:06:57,1789992417,btc-updown-5m-1789992300,183,0.92,0.93,0.925,0.07,0.08,0.07500000000000001,1960.34,3819.53,2449.2400000000002,2060.3399999999997,-0.3216664042616876,0.08623862976153002,0.0,0.08000000000000007,0.1100000000000001,1.01,WAIT,2,"UP15+,UP30+,UP_BOOK_WEAK"
2026-09-21 12:06:59,1789992418,btc-updown-5m-1789992300,182,0.91,0.92,0.915,0.08,0.09,0.08499999999999999,1601.24,4824.969999999999,4260.88,1897.67,-0.5016533851212457,0.3837283126710021,-0.010000000000000009,0.07000000000000006,0.10000000000000009,1.01,WAIT,1,"UP15+,UP30+,UP_BOOK_WEAK,DOWN_BOOK"
2026-09-21 12:07:01,1789992420,btc-updown-5m-1789992300,180,0.88,0.89,0.885,0.11,0.12,0.11499999999999999,2204.34,1421.65,1473.7,2440.31,0.21585553186853798,-0.24696155605121087,-0.040000000000000036,0.030000000000000027,0.06000000000000005,1.01,WAIT,0,"UP5-,UP_BOOK,DOWN_BOOK_WEAK"
2026-09-21 12:07:02,1789992422,btc-updown-5m-1789992300,178,0.84,0.85,0.845,0.15,0.16,0.155,570.0,2586.46,3251.1400000000003,814.0,-0.6388359111156169,0.599521787687509,-0.08000000000000007,-0.030000000000000027,0.020000000000000018,1.01,DOWN WATCH,-4,"UP5-,UP_BOOK_WEAK,DOWN_BOOK"
2026-09-21 12:07:04,1789992423,btc-updown-5m-1789992300,177,0.78,0.79,0.785,0.21,0.22,0.215,2082.0,3657.19,2800.08,2172.87,-0.2744620756587602,0.12612433263958014,-0.13,-0.08999999999999997,-0.039999999999999925,1.01,DOWN WATCH,-5,"UP5-,UP15-,UP_BOOK_WEAK"
2026-09-21 12:07:06,1789992425,btc-updown-5m-1789992300,175,0.69,0.7,0.695,0.3,0.31,0.305,970.5699999999999,775.79,800.0,1862.64,0.11153484963008771,-0.39909262987110533,-0.19000000000000006,-0.19000000000000006,-0.15000000000000002,1.01,DOWN WATCH,-4,"UP5-,UP15-,UP30-,DOWN_BOOK_WEAK"
2026-09-21 12:07:08,1789992427,btc-updown-5m-1789992300,173,0.78,0.79,0.785,0.21,0.22,0.215,2749.35,2644.8900000000003,2663.84,2866.28,0.019365100551699516,-0.03660680057575605,-0.05999999999999994,-0.14,-0.06999999999999995,1.01,DOWN WATCH,-4,"UP5-,UP15-"
2026-09-21 12:07:09,1789992429,btc-updown-5m-1789992300,171,0.77,0.78,0.775,0.24,0.25,0.245,895.23,3008.31,1367.5900000000001,1869.0,-0.5413240289583301,-0.15491922053766458,-0.010000000000000009,-0.14,-0.07999999999999996,1.03,DOWN WATCH,-4,"UP15-,UP30-,UP_BOOK_WEAK"
2026-09-21 12:07:11,1789992430,btc-updown-5m-1789992300,170,0.82,0.83,0.825,0.17,0.18,0.175,637.0,5086.34,5086.34,637.0,-0.7774027054132727,0.7774027054132727,0.13,-0.10000000000000009,-0.030000000000000027,1.01,WAIT,-2,"UP5+,UP15-,UP_BOOK_WEAK,DOWN_BOOK"
2026-09-21 12:07:12,1789992432,btc-updown-5m-1789992300,168,0.81,0.82,0.815,0.18,0.19,0.185,1409.12,4352.7300000000005,4421.51,1551.94,-0.5108793182745126,0.48038738082682536,0.029999999999999916,-0.1100000000000001,-0.030000000000000027,1.01,DOWN WATCH,-4,"UP15-,UP_BOOK_WEAK,DOWN_BOOK"
2026-09-21 12:07:14,1789992433,btc-updown-5m-1789992300,167,0.85,0.86,0.855,0.14,0.15,0.14500000000000002,1955.3500000000001,4197.1900000000005,3246.94,1973.51,-0.3643763388779268,0.24393107873842296,0.06999999999999995,-0.06000000000000005,0.010000000000000009,1.01,WAIT,-2,"UP5+,UP15-,UP_BOOK_WEAK,DOWN_BOOK"
2026-09-21 12:07:16,1789992435,btc-updown-5m-1789992300,165,0.88,0.89,0.885,0.09,0.1,0.095,2364.99,2066.46,1459.29,2819.75,0.0673662119622245,-0.31793579868381694,0.06000000000000005,0.0,0.030000000000000027,0.99,WAIT,3,"UP5+,DOWN_BOOK_WEAK"
2026-09-21 12:07:18,1789992437,btc-updown-5m-1789992300,163,0.87,0.88,0.875,0.12,0.13,0.125,1639.81,3416.9,1864.0,3201.4,-0.35143205760267054,-0.2640265329490268,0.06000000000000005,0.030000000000000027,0.0,1.01,WAIT,2,"UP5+,UP_BOOK_WEAK,DOWN_BOOK_WEAK"
2026-09-21 12:07:19,1789992439,btc-updown-5m-1789992300,161,0.88,0.89,0.885,0.1,0.11,0.10500000000000001,3036.4199999999996,1778.7,2438.99,2779.79,0.2612022130289587,-0.06530261861967743,0.030000000000000027,0.09999999999999998,0.010000000000000009,1.0,UP WATCH,5,"UP5+,UP15+,UP_BOOK"
2026-09-21 12:07:21,1789992440,btc-updown-5m-1789992300,160,0.93,0.94,0.935,0.06,0.07,0.065,2917.54,4879.799999999999,5003.49,2972.42,-0.2516576165718052,0.2546505665184286,0.050000000000000044,0.2400000000000001,0.050000000000000044,1.01,WAIT,2,"UP5+,UP15+,UP_BOOK_WEAK,DOWN_BOOK"
2026-09-21 12:07:22,1789992442,btc-updown-5m-1789992300,158,0.93,0.94,0.935,0.06,0.07,0.065,3458.2799999999997,4309.48,4309.48,3498.2799999999997,-0.10958114050897555,0.10389663616709528,0.06000000000000005,0.15000000000000002,0.010000000000000009,1.01,UP WATCH,4,"UP5+,UP15+"
2026-09-21 12:07:24,1789992443,btc-updown-5m-1789992300,157,0.93,0.94,0.935,0.06,0.07,0.065,3132.2400000000002,4770.15,4759.83,3112.6000000000004,-0.2072676747161301,0.2092403489138677,0.06000000000000005,0.15000000000000002,0.010000000000000009,1.01,WAIT,2,"UP5+,UP15+,UP_BOOK_WEAK,DOWN_BOOK"
2026-09-21 12:07:26,1789992445,btc-updown-5m-1789992300,155,0.93,0.94,0.935,0.06,0.07,0.065,3205.07,4840.799999999999,4870.469999999999,3218.51,-0.20330057532622317,0.20422352385591253,0.0,0.1100000000000001,0.010000000000000009,1.01,WAIT,0,"UP15+,UP_BOOK_WEAK,DOWN_BOOK"
2026-09-21 12:07:27,1789992447,btc-updown-5m-1789992300,153,0.93,0.94,0.935,0.06,0.07,0.065,4321.4800000000005,4936.2,4966.129999999999,4437.59,-0.06640108536912048,0.056205416579821504,0.0,0.1200000000000001,0.010000000000000009,1.01,WAIT,2,UP15+
2026-09-21 12:07:29,1789992448,btc-updown-5m-1789992300,152,0.93,0.94,0.935,0.06,0.07,0.065,4372.93,3324.94,3444.6,4341.93,0.13614025698017765,-0.11524132058824667,0.0,0.08000000000000007,0.020000000000000018,1.01,WAIT,2,UP15+
2026-09-21 12:07:30,1789992450,btc-updown-5m-1789992300,150,0.94,0.95,0.945,0.04,0.05,0.045,5927.469999999999,2860.55,2901.25,4707.74,0.3489887369396063,-0.23741521542280905,0.009999999999999898,0.05999999999999994,0.05999999999999994,1.0,UP WATCH,4,"UP15+,UP_BOOK,DOWN_BOOK_WEAK"
2026-09-21 12:07:32,1789992451,btc-updown-5m-1789992300,149,0.94,0.95,0.945,0.05,0.06,0.055,1757.23,4146.41,1523.34,3004.48,-0.40469608580469,-0.3271198943420896,0.009999999999999898,0.05999999999999994,0.05999999999999994,1.01,WAIT,2,"UP15+,UP_BOOK_WEAK,DOWN_BOOK_WEAK"
2026-09-21 12:07:34,1789992453,btc-updown-5m-1789992300,147,0.94,0.95,0.945,0.05,0.06,0.055,2854.4,3823.8199999999997,2251.61,2868.4,-0.1451614352327416,-0.12046656158874688,0.009999999999999898,0.06999999999999995,0.15999999999999992,1.01,WAIT,3,"UP15+,UP30+"
2026-09-21 12:07:35,1789992455,btc-updown-5m-1789992300,145,0.95,0.96,0.955,0.04,0.05,0.045,2477.27,10774.0,2640.12,3131.23,-0.6261082899978643,-0.0850944752960746,0.010000000000000009,0.019999999999999907,0.26,1.01,WAIT,0,"UP30+,UP_BOOK_WEAK"
2026-09-21 12:07:37,1789992456,btc-updown-5m-1789992300,144,0.94,0.95,0.945,0.05,0.06,0.055,4319.42,3309.02,1407.81,4322.29,0.13245172014199497,-0.5086263765030279,0.0,0.009999999999999898,0.25,1.01,WAIT,2,"UP30+,DOWN_BOOK_WEAK"
2026-09-21 12:07:38,1789992458,btc-updown-5m-1789992300,142,0.95,0.96,0.955,0.04,0.05,0.045,2961.66,10754.720000000001,3365.8999999999996,2811.61,-0.5681571959948617,0.08972709068864308,0.010000000000000009,0.019999999999999907,0.16999999999999993,1.01,WAIT,0,"UP30+,UP_BOOK_WEAK"
2026-09-21 12:07:40,1789992459,btc-updown-5m-1789992300,141,0.95,0.96,0.955,0.04,0.05,0.045,3365.7799999999997,10356.86,2923.12,3365.7799999999997,-0.5094559064436581,-0.07038750814927887,0.010000000000000009,0.019999999999999907,0.17999999999999994,1.01,WAIT,0,"UP30+,UP_BOOK_WEAK"
2026-09-21 12:07:42,1789992461,btc-updown-5m-1789992300,139,0.95,0.96,0.955,0.04,0.05,0.045,3820.04,10445.86,3108.9500000000003,3824.52,-0.4644515943613792,-0.10320517720564157,0.010000000000000009,0.019999999999999907,0.13,1.01,WAIT,0,"UP30+,UP_BOOK_WEAK"
2026-09-21 12:07:43,1789992463,btc-updown-5m-1789992300,137,0.96,0.97,0.965,0.03,0.04,0.035,2742.52,9505.810000000001,9537.82,2731.36,-0.5521805829855988,0.5547607908596988,0.010000000000000009,0.029999999999999916,0.10999999999999999,1.01,WAIT,-1,"UP30+,UP_BOOK_WEAK,DOWN_BOOK"
2026-09-21 12:07:45,1789992464,btc-updown-5m-1789992300,136,0.96,0.97,0.965,0.03,0.04,0.035,2939.59,9410.470000000001,8992.12,2939.59,-0.5239553492047813,0.5072642563387812,0.010000000000000009,0.029999999999999916,0.10999999999999999,1.01,WAIT,-1,"UP30+,UP_BOOK_WEAK,DOWN_BOOK"
2026-09-21 12:07:47,1789992466,btc-updown-5m-1789992300,134,0.96,0.97,0.965,0.03,0.04,0.035,4190.9400000000005,8451.78,6504.0,4291.2,-0.33701924902236224,0.20497999110715873,0.010000000000000009,0.020000000000000018,0.07999999999999996,1.01,WAIT,-1,"UP30+,UP_BOOK_WEAK,DOWN_BOOK"
2026-09-21 12:07:49,1789992468,btc-updown-5m-1789992300,132,0.96,0.97,0.965,0.03,0.04,0.035,4769.75,6289.72,4795.08,5615.66,-0.13743606158342128,-0.07882052572631724,0.0,0.020000000000000018,0.08999999999999997,1.01,WAIT,1,UP30+
2026-09-21 12:07:50,1789992470,btc-updown-5m-1789992300,130,0.96,0.97,0.965,0.03,0.04,0.035,2673.29,8310.03,8877.800000000001,3000.29,-0.5132091207394486,0.49481945329594246,0.0,0.010000000000000009,0.029999999999999916,1.01,WAIT,-2,"UP_BOOK_WEAK,DOWN_BOOK"
2026-09-21 12:07:52,1789992471,btc-updown-5m-1789992300,129,0.96,0.97,0.965,0.03,0.04,0.035,3340.84,8733.720000000001,9370.52,3760.84,-0.4466315956854743,0.42719718292697784,0.0,0.020000000000000018,0.029999999999999916,1.01,WAIT,-2,"UP_BOOK_WEAK,DOWN_BOOK"
2026-09-21 12:07:53,1789992473,btc-updown-5m-1789992300,127,0.94,0.95,0.945,0.05,0.06,0.055,2109.57,7142.11,1658.68,2089.57,-0.543959583556716,-0.11495764690188758,-0.020000000000000018,-0.010000000000000009,0.009999999999999898,1.01,WAIT,-1,UP_BOOK_WEAK
2026-09-21 12:07:55,1789992474,btc-updown-5m-1789992300,126,0.93,0.94,0.935,0.06,0.07,0.065,3354.74,2299.84,2796.8,2234.59,0.1865567380778059,0.11174049318379216,-0.029999999999999916,-0.019999999999999907,0.0,1.01,WAIT,0,
2026-09-21 12:07:57,1789992476,btc-updown-5m-1789992300,124,0.94,0.95,0.945,0.05,0.06,0.055,2418.16,7719.48,2424.94,2425.16,-0.5229343318563295,-4.5359889486773445e-05,-0.020000000000000018,-0.010000000000000009,0.009999999999999898,1.01,WAIT,-1,UP_BOOK_WEAK
2026-09-21 12:07:58,1789992478,btc-updown-5m-1789992300,122,0.94,0.95,0.945,0.05,0.06,0.055,3473.62,6730.66,1883.52,3486.62,-0.3191837150685791,-0.29852108138707745,0.0,-0.020000000000000018,0.009999999999999898,1.01,WAIT,0,"UP_BOOK_WEAK,DOWN_BOOK_WEAK"
2026-09-21 12:08:00,1789992479,btc-updown-5m-1789992300,121,0.95,0.96,0.955,0.04,0.05,0.045,3088.95,7960.5599999999995,4505.77,4784.76,-0.4408892340022318,-0.030029503160745378,0.019999999999999907,-0.010000000000000009,0.019999999999999907,1.01,WAIT,-1,UP_BOOK_WEAK
2026-09-21 12:08:02,1789992481,btc-updown-5m-1789992300,119,0.94,0.95,0.945,0.06,0.07,0.065,1343.7,6361.620000000001,2283.2599999999998,2485.58,-0.6512279827443896,-0.04242541163050137,0.0,-0.020000000000000018,0.0,1.02,WAIT,-1,UP_BOOK_WEAK
2026-09-21 12:08:03,1789992483,btc-updown-5m-1789992300,117,0.93,0.94,0.935,0.06,0.07,0.065,2791.05,2476.94,1717.94,3284.12,0.059626157225051706,-0.3131069999160346,-0.009999999999999898,-0.029999999999999916,-0.009999999999999898,1.01,WAIT,1,DOWN_BOOK_WEAK
2026-09-21 12:08:05,1789992484,btc-updown-5m-1789992300,116,0.93,0.94,0.935,0.05,0.06,0.055,2889.79,2559.94,2754.33,2248.67,0.060525934312342065,0.10107135718568856,-0.019999999999999907,-0.029999999999999916,-0.009999999999999898,1.0,WAIT,0,
2026-09-21 12:08:07,1789992486,btc-updown-5m-1789992300,114,0.94,0.95,0.945,0.05,0.06,0.055,1995.67,6751.08,2320.94,2150.67,-0.5436773658787549,0.03807800769745125,0.0,-0.020000000000000018,0.0,1.01,WAIT,-1,UP_BOOK_WEAK
2026-09-21 12:08:09,1789992488,btc-updown-5m-1789992300,112,0.95,0.96,0.955,0.04,0.05,0.045,1658.3200000000002,10607.02,3102.9400000000005,1695.3200000000002,-0.7295924939708154,0.29336050985148787,0.019999999999999907,0.010000000000000009,0.0,1.01,WAIT,-2,"UP_BOOK_WEAK,DOWN_BOOK"
2026-09-21 12:08:10,1789992490,btc-updown-5m-1789992300,110,0.96,0.97,0.965,0.03,0.04,0.035,4209.72,6133.660000000001,6105.660000000001,4430.4800000000005,-0.18600689523153943,0.15899371116936564,0.029999999999999916,0.029999999999999916,0.010000000000000009,1.01,WAIT,0,
2026-09-21 12:08:12,1789992491,btc-updown-5m-1789992300,109,0.97,0.98,0.975,0.02,0.03,0.025,3542.1800000000003,4941.36,4875.36,3545.17,-0.16492879151863482,0.15796986650483993,0.030000000000000027,0.030000000000000027,0.020000000000000018,1.01,WAIT,2,UP5+
2026-09-21 12:08:14,1789992493,btc-updown-5m-1789992300,107,0.98,0.99,0.985,0.01,0.02,0.015,3377.6499999999996,1699.43,1641.56,3394.5499999999997,0.33054826790202235,-0.34808413636715635,0.030000000000000027,0.040000000000000036,0.020000000000000018,1.01,UP WATCH,4,"UP5+,UP_BOOK,DOWN_BOOK_WEAK"
2026-09-21 12:08:15,1789992495,btc-updown-5m-1789992300,105,0.99,,,,0.01,,3959.72,0,0,5209.280000000001,1.0,-1.0,,,,,WAIT,2,"UP_BOOK,DOWN_BOOK_WEAK"
2026-09-21 12:08:17,1789992496,btc-updown-5m-1789992300,104,0.99,,,,0.01,,6202.200000000001,0,0,6222.200000000001,1.0,-1.0,,,,,WAIT,2,"UP_BOOK,DOWN_BOOK_WEAK"
2026-09-21 12:08:19,1789992498,btc-updown-5m-1789992300,102,0.99,,,,0.01,,8883.36,0,0,9173.36,1.0,-1.0,,,,,WAIT,2,"UP_BOOK,DOWN_BOOK_WEAK"
2026-09-21 12:08:20,1789992500,btc-updown-5m-1789992300,100,0.99,,,,0.01,,9321.189999999999,0,0,9351.189999999999,1.0,-1.0,,,,,WAIT,2,"UP_BOOK,DOWN_BOOK_WEAK"
2026-09-21 12:08:22,1789992501,btc-updown-5m-1789992300,99,0.99,,,,0.01,,9324.310000000001,0,0,8801.55,1.0,-1.0,,,,,WAIT,2,"UP_BOOK,DOWN_BOOK_WEAK"
2026-09-21 12:08:24,1789992503,btc-updown-5m-1789992300,97,0.99,,,,0.01,,9481.95,0,0,9481.95,1.0,-1.0,,,,,WAIT,2,"UP_BOOK,DOWN_BOOK_WEAK"
2026-09-21 12:08:25,1789992505,btc-updown-5m-1789992300,95,0.99,,,,0.01,,12343.11,0,0,12363.11,1.0,-1.0,,,,,WAIT,2,"UP_BOOK,DOWN_BOOK_WEAK"
2026-09-21 12:08:30,1789992506,btc-updown-5m-1789992300,94,0.99,,,,0.01,,11763.42,0,0,11703.42,1.0,-1.0,,,,,WAIT,2,"UP_BOOK,DOWN_BOOK_WEAK"
2026-09-21 12:08:31,1789992511,btc-updown-5m-1789992300,89,0.99,,,,0.01,,12010.990000000002,0,0,12010.990000000002,1.0,-1.0,,,,,WAIT,2,"UP_BOOK,DOWN_BOOK_WEAK"
2026-09-21 12:08:33,1789992512,btc-updown-5m-1789992300,88,0.99,,,,0.01,,12815.779999999999,0,0,12820.779999999999,1.0,-1.0,,,,,WAIT,2,"UP_BOOK,DOWN_BOOK_WEAK"
2026-09-21 12:08:34,1789992514,btc-updown-5m-1789992300,86,0.99,,,,0.01,,12859.84,0,0,12829.84,1.0,-1.0,,,,,WAIT,2,"UP_BOOK,DOWN_BOOK_WEAK"
2026-09-21 12:08:36,1789992515,btc-updown-5m-1789992300,85,0.99,,,,0.01,,12877.21,0,0,12663.21,1.0,-1.0,,,,,WAIT,2,"UP_BOOK,DOWN_BOOK_WEAK"
2026-09-21 12:08:38,1789992517,btc-updown-5m-1789992300,83,0.99,,,,0.01,,8602.37,0,0,8648.460000000001,1.0,-1.0,,,,,WAIT,2,"UP_BOOK,DOWN_BOOK_WEAK"
2026-09-21 12:08:39,1789992519,btc-updown-5m-1789992300,81,0.99,,,,0.01,,9188.76,0,0,9231.43,1.0,-1.0,,,,,WAIT,2,"UP_BOOK,DOWN_BOOK_WEAK"
2026-09-21 12:08:41,1789992520,btc-updown-5m-1789992300,80,0.99,,,,0.01,,10266.51,0,0,10266.51,1.0,-1.0,,,,,WAIT,2,"UP_BOOK,DOWN_BOOK_WEAK"
2026-09-21 12:08:42,1789992522,btc-updown-5m-1789992300,78,0.99,,,,0.01,,10271.51,0,0,10271.51,1.0,-1.0,,,,,WAIT,2,"UP_BOOK,DOWN_BOOK_WEAK"
2026-09-21 12:08:44,1789992523,btc-updown-5m-1789992300,77,0.99,,,,0.01,,10282.51,0,0,10307.51,1.0,-1.0,,,,,WAIT,2,"UP_BOOK,DOWN_BOOK_WEAK"
2026-09-21 12:08:45,1789992525,btc-updown-5m-1789992300,75,0.99,,,,0.01,,12822.51,0,0,12822.51,1.0,-1.0,,,,,WAIT,2,"UP_BOOK,DOWN_BOOK_WEAK"
2026-09-21 12:08:47,1789992526,btc-updown-5m-1789992300,74,0.99,,,,0.01,,12822.51,0,0,12712.51,1.0,-1.0,,,,,WAIT,2,"UP_BOOK,DOWN_BOOK_WEAK"
2026-09-21 12:08:55,1789992528,btc-updown-5m-1789992300,72,0.99,,,,0.01,,12722.51,0,0,12947.51,1.0,-1.0,,,,,WAIT,2,"UP_BOOK,DOWN_BOOK_WEAK"
2026-09-21 12:08:59,1789992536,btc-updown-5m-1789992300,64,0.99,,,,0.01,,12826.64,0,0,12796.64,1.0,-1.0,,,,,WAIT,2,"UP_BOOK,DOWN_BOOK_WEAK"
2026-09-21 12:09:00,1789992540,btc-updown-5m-1789992300,60,0.99,,,,0.01,,15967.18,0,0,16487.28,1.0,-1.0,,,,,WAIT,2,"UP_BOOK,DOWN_BOOK_WEAK"
2026-09-21 12:09:02,1789992541,btc-updown-5m-1789992300,59,0.99,,,,0.01,,16225.58,0,0,16285.58,1.0,-1.0,,,,,WAIT,2,"UP_BOOK,DOWN_BOOK_WEAK"
2026-09-21 12:09:03,1789992543,btc-updown-5m-1789992300,57,0.99,,,,0.01,,16654.32,0,0,16715.62,1.0,-1.0,,,,,WAIT,2,"UP_BOOK,DOWN_BOOK_WEAK"
2026-09-21 12:09:05,1789992544,btc-updown-5m-1789992300,56,0.99,,,,0.01,,16682.25,0,0,16700.07,1.0,-1.0,,,,,WAIT,2,"UP_BOOK,DOWN_BOOK_WEAK"
2026-09-21 12:09:07,1789992546,btc-updown-5m-1789992300,54,0.99,,,,0.01,,17965.0,0,0,18030.0,1.0,-1.0,,,,,WAIT,2,"UP_BOOK,DOWN_BOOK_WEAK"
2026-09-21 12:09:08,1789992548,btc-updown-5m-1789992300,52,0.99,,,,0.01,,18034.92,0,0,18078.71,1.0,-1.0,,,,,WAIT,2,"UP_BOOK,DOWN_BOOK_WEAK"
2026-09-21 12:09:10,1789992549,btc-updown-5m-1789992300,51,0.99,,,,0.01,,18188.64,0,0,22531.64,1.0,-1.0,,,,,WAIT,2,"UP_BOOK,DOWN_BOOK_WEAK"
2026-09-21 12:09:12,1789992551,btc-updown-5m-1789992300,49,0.99,,,,0.01,,22456.71,0,0,22480.71,1.0,-1.0,,,,,WAIT,2,"UP_BOOK,DOWN_BOOK_WEAK"
2026-09-21 12:09:14,1789992553,btc-updown-5m-1789992300,47,0.99,,,,0.01,,23835.71,0,0,23835.71,1.0,-1.0,,,,,WAIT,2,"UP_BOOK,DOWN_BOOK_WEAK"
2026-09-21 12:09:16,1789992555,btc-updown-5m-1789992300,45,0.99,,,,0.01,,29512.4,0,0,29522.5,1.0,-1.0,,,,,WAIT,2,"UP_BOOK,DOWN_BOOK_WEAK"
2026-09-21 12:09:18,1789992557,btc-updown-5m-1789992300,43,0.99,,,,0.01,,29532.5,0,0,29532.5,1.0,-1.0,,,,,WAIT,2,"UP_BOOK,DOWN_BOOK_WEAK"
2026-09-21 12:09:19,1789992559,btc-updown-5m-1789992300,41,0.99,,,,0.01,,29015.75,0,0,28981.75,1.0,-1.0,,,,,WAIT,2,"UP_BOOK,DOWN_BOOK_WEAK"
2026-09-21 12:09:21,1789992560,btc-updown-5m-1789992300,40,0.99,,,,0.01,,28985.75,0,0,29025.75,1.0,-1.0,,,,,WAIT,2,"UP_BOOK,DOWN_BOOK_WEAK"
2026-09-21 12:09:22,1789992562,btc-updown-5m-1789992300,38,0.99,,,,0.01,,29155.9,0,0,29655.9,1.0,-1.0,,,,,WAIT,2,"UP_BOOK,DOWN_BOOK_WEAK"
2026-09-21 12:09:24,1789992563,btc-updown-5m-1789992300,37,0.999,,,,0.001,,38131.96,0,0,38106.96,1.0,-1.0,,,,,WAIT,2,"UP_BOOK,DOWN_BOOK_WEAK"
2026-09-21 12:09:26,1789992565,btc-updown-5m-1789992300,35,0.999,,,,0.001,,38061.96,0,0,38175.89,1.0,-1.0,,,,,WAIT,2,"UP_BOOK,DOWN_BOOK_WEAK"
2026-09-21 12:09:27,1789992567,btc-updown-5m-1789992300,33,0.999,,,,0.001,,38130.89,0,0,38140.89,1.0,-1.0,,,,,WAIT,2,"UP_BOOK,DOWN_BOOK_WEAK"
2026-09-21 12:09:29,1789992568,btc-updown-5m-1789992300,32,0.999,,,,0.001,,37905.89,0,0,37905.89,1.0,-1.0,,,,,WAIT,2,"UP_BOOK,DOWN_BOOK_WEAK"
2026-09-21 12:09:30,1789992570,btc-updown-5m-1789992300,30,0.999,,,,0.001,,39063.94,0,0,39040.18,1.0,-1.0,,,,,WAIT,2,"UP_BOOK,DOWN_BOOK_WEAK"
2026-09-21 12:09:32,1789992571,btc-updown-5m-1789992300,29,0.999,,,,0.001,,39296.31,0,0,39829.25,1.0,-1.0,,,,,WAIT,2,"UP_BOOK,DOWN_BOOK_WEAK"
2026-09-21 12:09:34,1789992573,btc-updown-5m-1789992300,27,0.999,,,,0.001,,40201.99,0,0,40168.99,1.0,-1.0,,,,,WAIT,2,"UP_BOOK,DOWN_BOOK_WEAK"
2026-09-21 12:09:36,1789992575,btc-updown-5m-1789992300,25,0.999,,,,0.001,,39716.99,0,0,39666.99,1.0,-1.0,,,,,WAIT,2,"UP_BOOK,DOWN_BOOK_WEAK"
2026-09-21 12:09:37,1789992577,btc-updown-5m-1789992300,23,0.999,,,,0.001,,38620.25,0,0,38625.25,1.0,-1.0,,,,,WAIT,2,"UP_BOOK,DOWN_BOOK_WEAK"
2026-09-21 12:09:39,1789992578,btc-updown-5m-1789992300,22,0.999,,,,0.001,,51568.48999999999,0,0,51613.48999999999,1.0,-1.0,,,,,WAIT,2,"UP_BOOK,DOWN_BOOK_WEAK"
2026-09-21 12:09:40,1789992580,btc-updown-5m-1789992300,20,0.999,,,,0.001,,51664.48999999999,0,0,51603.439999999995,1.0,-1.0,,,,,WAIT,2,"UP_BOOK,DOWN_BOOK_WEAK"
2026-09-21 12:09:42,1789992581,btc-updown-5m-1789992300,19,0.999,,,,0.001,,49890.439999999995,0,0,49854.439999999995,1.0,-1.0,,,,,WAIT,0,TIME FILTER
2026-09-21 12:09:43,1789992583,btc-updown-5m-1789992300,17,0.999,,,,0.001,,49859.439999999995,0,0,49829.439999999995,1.0,-1.0,,,,,WAIT,0,TIME FILTER
2026-09-21 12:09:45,1789992584,btc-updown-5m-1789992300,16,0.999,,,,0.001,,49829.439999999995,0,0,49959.439999999995,1.0,-1.0,,,,,WAIT,0,TIME FILTER
2026-09-21 12:09:47,1789992586,btc-updown-5m-1789992300,14,0.999,,,,0.001,,49924.34,0,0,49924.34,1.0,-1.0,,,,,WAIT,0,TIME FILTER
2026-09-21 12:09:48,1789992588,btc-updown-5m-1789992300,12,0.999,,,,0.001,,49045.34,0,0,49040.34,1.0,-1.0,,,,,WAIT,0,TIME FILTER
2026-09-21 12:09:50,1789992589,btc-updown-5m-1789992300,11,0.999,,,,0.001,,47971.34,0,0,47956.34,1.0,-1.0,,,,,WAIT,0,TIME FILTER
2026-09-21 12:09:52,1789992591,btc-updown-5m-1789992300,9,0.999,,,,0.001,,46983.08,0,0,46983.08,1.0,-1.0,,,,,WAIT,0,TIME FILTER
2026-09-21 12:09:53,1789992593,btc-updown-5m-1789992300,7,0.999,,,,0.001,,50406.08,0,0,50430.97,1.0,-1.0,,,,,WAIT,0,TIME FILTER
2026-09-21 12:09:55,1789992594,btc-updown-5m-1789992300,6,0.999,,,,0.001,,50235.65,0,0,50245.65,1.0,-1.0,,,,,WAIT,0,TIME FILTER
2026-09-21 12:09:56,1789992596,btc-updown-5m-1789992300,4,0.999,,,,0.001,,50191.65,0,0,50191.65,1.0,-1.0,,,,,WAIT,0,TIME FILTER
2026-09-21 12:09:58,1789992597,btc-updown-5m-1789992300,3,0.999,,,,0.001,,50543.840000000004,0,0,50543.840000000004,1.0,-1.0,,,,,WAIT,0,TIME FILTER
2026-09-21 12:09:59,1789992599,btc-updown-5m-1789992300,1,0.999,,,,0.001,,43432.72,0,0,43717.72,1.0,-1.0,,,,,WAIT,0,TIME FILTER
2026-09-21 12:10:01,1789992600,btc-updown-5m-1789992600,300,0.22,0.23,0.225,0.79,0.8,0.795,824.09,2406.46,1477.06,2623.3399999999997,-0.4898144278837968,-0.2795532143205541,,,,1.03,WAIT,0,TIME FILTER
2026-09-21 12:10:02,1789992602,btc-updown-5m-1789992600,298,0.21,0.22,0.215,0.78,0.79,0.785,3863.1,2237.48,2726.01,1345.67,0.2664697454996082,0.339009941842188,,,,1.01,WAIT,0,TIME FILTER
2026-09-21 12:10:04,1789992603,btc-updown-5m-1789992600,297,0.2,0.21,0.20500000000000002,0.79,0.8,0.795,3706.6299999999997,2088.88,2336.91,3363.0299999999997,0.27913850549822183,-0.18002294760997484,,,,1.01,WAIT,0,TIME FILTER
2026-09-21 12:10:06,1789992605,btc-updown-5m-1789992600,295,0.2,0.21,0.20500000000000002,0.79,0.8,0.795,3154.5299999999997,3282.78,2868.03,3308.5299999999997,-0.01992291811331138,-0.07131801520587505,-0.01999999999999999,,,1.01,WAIT,0,TIME FILTER
2026-09-21 12:10:08,1789992607,btc-updown-5m-1789992600,293,0.19,0.2,0.195,0.8,0.81,0.805,3845.63,2643.6600000000003,2843.83,3833.7000000000003,0.18522365312692138,-0.14823894463970963,-0.01999999999999999,,,1.01,WAIT,0,TIME FILTER
2026-09-21 12:10:09,1789992609,btc-updown-5m-1789992600,291,0.19,0.2,0.195,0.8,0.81,0.805,3626.53,2583.63,2568.63,3603.38,0.1679344815592513,-0.16765202907966772,-0.010000000000000009,,,1.01,WAIT,0,TIME FILTER
2026-09-21 12:10:11,1789992610,btc-updown-5m-1789992600,290,0.19,0.2,0.195,0.8,0.81,0.805,4756.650000000001,1649.8400000000001,1694.8400000000001,5175.470000000001,0.48494729563302214,-0.506619060857516,-0.010000000000000009,,,1.01,WAIT,0,TIME FILTER
2026-09-21 12:10:12,1789992612,btc-updown-5m-1789992600,288,0.19,0.2,0.195,0.8,0.81,0.805,4973.650000000001,1665.17,1961.2199999999998,4735.620000000001,0.4983536230836203,-0.4142849463328975,0.0,,,1.01,WAIT,0,TIME FILTER
2026-09-21 12:10:18,1789992613,btc-updown-5m-1789992600,287,0.21,0.22,0.215,0.77,0.78,0.775,3960.42,2408.46,2467.69,3812.75,0.2436786373742322,-0.214166523364605,0.01999999999999999,,,1.0,WAIT,0,TIME FILTER
2026-09-21 12:10:19,1789992619,btc-updown-5m-1789992600,281,0.17,0.18,0.175,0.82,0.83,0.825,4514.07,1979.0900000000001,2011.7200000000003,4447.9,0.39040775215765505,-0.37713983175480903,-0.04000000000000001,-0.030000000000000027,,1.01,WAIT,0,"UP5-,UP_BOOK,DOWN_BOOK_WEAK"
2026-09-21 12:10:21,1789992620,btc-updown-5m-1789992600,280,0.19,0.2,0.195,0.78,0.79,0.785,5096.030000000001,1420.81,3125.41,1228.38,0.563957378115774,0.4357192239405207,-0.01999999999999999,-0.010000000000000009,,0.99,WAIT,0,"UP_BOOK,DOWN_BOOK"
2026-09-21 12:10:22,1789992622,btc-updown-5m-1789992600,278,0.17,0.18,0.175,0.82,0.83,0.825,4499.41,2721.19,2313.54,4803.83,0.24627039304212942,-0.34988907419454096,-0.04000000000000001,-0.020000000000000018,,1.01,WAIT,0,"UP5-,UP_BOOK,DOWN_BOOK_WEAK"
2026-09-21 12:10:24,1789992623,btc-updown-5m-1789992600,277,0.18,0.19,0.185,0.81,0.82,0.815,3605.97,3218.6,3229.0,3721.5499999999997,0.056761085313799975,-0.07086489558380268,-0.03,-0.010000000000000009,,1.01,WAIT,-2,UP5-
2026-09-21 12:10:26,1789992625,btc-updown-5m-1789992600,275,0.17,0.18,0.175,0.82,0.83,0.825,2574.82,3661.95,3706.5,2532.82,-0.17430977894006025,0.18811024278286734,-0.020000000000000018,-0.020000000000000018,,1.01,WAIT,0,
2026-09-21 12:10:27,1789992627,btc-updown-5m-1789992600,273,0.16,0.17,0.165,0.85,0.87,0.86,974.49,3065.96,3778.04,1942.9400000000003,-0.5176329369253425,0.3207667217854283,-0.009999999999999981,-0.03,,1.04,WAIT,-2,"UP_BOOK_WEAK,DOWN_BOOK"
2026-09-21 12:10:29,1789992628,btc-updown-5m-1789992600,272,0.13,0.14,0.135,0.86,0.87,0.865,2276.7,4205.77,4217.91,2209.8,-0.2975825572659805,0.31241453021371524,-0.04999999999999999,-0.07999999999999999,,1.01,DOWN WATCH,-6,"UP5-,UP15-,UP_BOOK_WEAK,DOWN_BOOK"
2026-09-21 12:10:31,1789992630,btc-updown-5m-1789992600,270,0.13,0.14,0.135,0.86,0.87,0.865,2161.25,4133.280000000001,3741.06,2233.19,-0.3132926525094011,0.2523948612796585,-0.03999999999999998,-0.07999999999999999,-0.09,1.01,DOWN WATCH,-7,"UP5-,UP15-,UP30-,UP_BOOK_WEAK,DOWN_BOOK"
2026-09-21 12:10:33,1789992632,btc-updown-5m-1789992600,268,0.12,0.13,0.125,0.88,0.89,0.885,1247.66,6034.889999999999,4203.24,1847.17,-0.6573562831700435,0.3894066683084286,-0.04000000000000001,-0.09,-0.09,1.02,DOWN WATCH,-7,"UP5-,UP15-,UP30-,UP_BOOK_WEAK,DOWN_BOOK"
2026-09-21 12:10:37,1789992634,btc-updown-5m-1789992600,266,0.18,0.19,0.185,0.82,0.83,0.825,3475.7799999999997,1742.02,3350.67,929.15,0.33227797155889455,0.5657994962404961,0.04999999999999999,0.010000000000000009,-0.020000000000000018,1.02,WAIT,2,"UP5+,UP_BOOK,DOWN_BOOK"
2026-09-21 12:10:39,1789992638,btc-updown-5m-1789992600,262,0.19,0.2,0.195,0.8,0.81,0.805,2961.59,2362.38,2337.38,2934.59,0.11254946966267654,-0.1132802349027024,0.07,0.010000000000000009,0.0,1.01,WAIT,2,UP5+
2026-09-21 12:10:41,1789992640,btc-updown-5m-1789992600,260,0.19,0.2,0.195,0.79,0.8,0.795,3070.83,2513.91,1414.32,4235.8099999999995,0.09972174174625857,-0.49936727119553004,0.010000000000000009,0.020000000000000018,0.0,1.0,WAIT,1,DOWN_BOOK_WEAK
2026-09-21 12:10:42,1789992642,btc-updown-5m-1789992600,258,0.16,0.17,0.165,0.83,0.84,0.835,1252.2,2833.8500000000004,3017.15,1393.98,-0.38708532690495717,0.3679714721624618,-0.01999999999999999,0.0,-0.03,1.01,WAIT,-2,"UP_BOOK_WEAK,DOWN_BOOK"
2026-09-21 12:10:44,1789992643,btc-updown-5m-1789992600,257,0.16,0.17,0.165,0.83,0.84,0.835,2382.9300000000003,1923.51,1733.81,2500.9300000000003,0.10668208543483719,-0.18114925591653805,-0.03,0.03,-0.04999999999999999,1.01,WAIT,-2,UP5-
2026-09-21 12:10:46,1789992645,btc-updown-5m-1789992600,255,0.17,0.18,0.175,0.82,0.83,0.825,1578.78,2856.04,2511.49,2610.71,-0.2880071795473097,-0.019370582952637588,-0.020000000000000018,0.03999999999999998,-0.04000000000000001,1.01,WAIT,-1,UP_BOOK_WEAK
2026-09-21 12:10:48,1789992647,btc-updown-5m-1789992600,253,0.17,0.18,0.175,0.82,0.83,0.825,4276.37,2623.84,2633.79,3294.28,0.23948981262889096,-0.11141737530089899,0.009999999999999981,0.04999999999999999,-0.04000000000000001,1.01,WAIT,1,UP_BOOK
2026-09-21 12:10:49,1789992649,btc-updown-5m-1789992600,251,0.17,0.18,0.175,0.82,0.83,0.825,4024.14,2678.0099999999998,2676.5,3955.87,0.20085047335556502,-0.19289786305649412,0.009999999999999981,-0.010000000000000009,0.0,1.01,WAIT,1,UP_BOOK
2026-09-21 12:10:51,1789992650,btc-updown-5m-1789992600,250,0.15,0.16,0.155,0.84,0.85,0.845,1770.1299999999999,3763.87,3707.5999999999995,2327.63,-0.3602710516805204,0.22865242915348702,-0.01999999999999999,-0.03,-0.04000000000000001,1.01,WAIT,-2,"UP_BOOK_WEAK,DOWN_BOOK"
2026-09-21 12:10:53,1789992652,btc-updown-5m-1789992600,248,0.14,0.15,0.14500000000000002,0.85,0.86,0.855,1538.1599999999999,4507.89,4684.62,1391.44,-0.49118515394348383,0.5419926728834146,-0.02999999999999997,-0.03999999999999998,-0.02999999999999997,1.01,WAIT,-2,"UP_BOOK_WEAK,DOWN_BOOK"
2026-09-21 12:10:55,1789992654,btc-updown-5m-1789992600,246,0.13,0.14,0.135,0.86,0.87,0.865,2917.34,2169.01,2046.5700000000002,3440.6899999999996,0.1471251486822574,-0.25406487026311847,-0.03999999999999998,-0.06,-0.04999999999999999,1.01,WAIT,-3,"UP5-,UP15-,DOWN_BOOK_WEAK"
2026-09-21 12:10:56,1789992656,btc-updown-5m-1789992600,244,0.13,0.14,0.135,0.86,0.87,0.865,3459.2599999999998,3389.15,3382.0,3422.1099999999997,0.010237412771723608,-0.00589496642470502,-0.01999999999999999,-0.06,-0.03999999999999998,1.01,WAIT,-2,UP15-
2026-09-21 12:10:58,1789992657,btc-updown-5m-1789992600,243,0.13,0.14,0.135,0.86,0.87,0.865,2522.07,3703.84,3682.34,2759.57,-0.1898148222508838,0.14324478299137988,-0.010000000000000009,-0.03,-0.03,1.01,WAIT,0,
2026-09-21 12:11:00,1789992659,btc-updown-5m-1789992600,241,0.13,0.14,0.135,0.86,0.87,0.865,2586.02,4343.32,4158.32,2559.52,-0.25360279622590315,0.23799316446953184,0.0,-0.03,0.0,1.01,WAIT,-2,"UP_BOOK_WEAK,DOWN_BOOK"
2026-09-21 12:11:01,1789992661,btc-updown-5m-1789992600,239,0.12,0.13,0.125,0.87,0.88,0.875,3029.9600000000005,5154.0,5195.0,3029.9600000000005,-0.25953694788342063,0.2632280278566703,-0.010000000000000009,-0.04999999999999999,-0.010000000000000009,1.01,WAIT,-2,"UP_BOOK_WEAK,DOWN_BOOK"
2026-09-21 12:11:03,1789992662,btc-updown-5m-1789992600,238,0.11,0.12,0.11499999999999999,0.88,0.89,0.885,1676.09,4340.12,4003.05,2095.59,-0.4428086785534414,0.31276809255834087,-0.020000000000000018,-0.06,-0.010000000000000009,1.01,DOWN WATCH,-4,"UP15-,UP_BOOK_WEAK,DOWN_BOOK"
2026-09-21 12:11:05,1789992664,btc-updown-5m-1789992600,236,0.1,0.11,0.10500000000000001,0.89,0.9,0.895,1685.8,4295.99,4212.75,1650.8,-0.43635600714836187,0.43692814080207376,-0.03,-0.06999999999999998,-0.07999999999999999,1.01,DOWN WATCH,-7,"UP5-,UP15-,UP30-,UP_BOOK_WEAK,DOWN_BOOK"
2026-09-21 12:11:06,1789992666,btc-updown-5m-1789992600,234,0.12,0.13,0.125,0.87,0.88,0.875,4963.14,2036.1399999999999,1517.74,5141.41,0.4181858705466848,-0.5441640449606933,0.0,-0.03,-0.06,1.01,WAIT,2,"UP_BOOK,DOWN_BOOK_WEAK"
2026-09-21 12:11:08,1789992667,btc-updown-5m-1789992600,233,0.13,0.14,0.135,0.86,0.87,0.865,2543.38,2649.17,2440.95,2338.46,-0.020373419610788524,0.021444069456271753,0.020000000000000018,-0.010000000000000009,-0.04999999999999999,1.01,WAIT,0,
2026-09-21 12:11:09,1789992669,btc-updown-5m-1789992600,231,0.15,0.16,0.155,0.84,0.85,0.845,3634.48,3278.2200000000003,3435.5,3613.9,0.0515370260534957,-0.025307118336312325,0.04999999999999999,0.01999999999999999,-0.04000000000000001,1.01,WAIT,2,UP5+
2026-09-21 12:11:11,1789992670,btc-updown-5m-1789992600,230,0.15,0.16,0.155,0.84,0.85,0.845,3570.98,3579.65,1999.31,3439.61,-0.0012124805786343403,-0.26481360270053617,0.04999999999999999,0.01999999999999999,-0.04000000000000001,1.01,WAIT,3,"UP5+,DOWN_BOOK_WEAK"
2026-09-21 12:11:13,1789992672,btc-updown-5m-1789992600,228,0.18,0.19,0.185,0.81,0.82,0.815,3952.62,2823.99,2863.39,3902.62,0.1665478757077654,-0.15359569376929683,0.04999999999999999,0.04999999999999999,0.01999999999999999,1.01,WAIT,2,UP5+
2026-09-21 12:11:15,1789992674,btc-updown-5m-1789992600,226,0.18,0.19,0.185,0.84,0.86,0.85,515.34,1708.02,1586.76,1378.0800000000002,-0.536431347150259,0.07038491115878086,0.03,0.04999999999999999,0.01999999999999999,1.05,WAIT,1,"UP5+,UP_BOOK_WEAK"
2026-09-21 12:11:17,1789992676,btc-updown-5m-1789992600,224,0.2,0.21,0.20500000000000002,0.79,0.8,0.795,1947.52,1447.42,1962.24,2402.8,0.14730746346032622,-0.1009292011069773,0.05000000000000002,0.08000000000000002,0.030000000000000027,1.01,UP WATCH,4,"UP5+,UP15+"
2026-09-21 12:11:19,1789992678,btc-updown-5m-1789992600,222,0.24,0.25,0.245,0.75,0.76,0.755,3846.85,2958.96,2646.71,3808.2900000000004,0.13046059175909994,-0.17995042602633624,0.06,0.13,0.07,1.01,UP WATCH,5,"UP5+,UP15+,UP30+"
2026-09-21 12:11:20,1789992680,btc-updown-5m-1789992600,220,0.22,0.23,0.225,0.77,0.78,0.775,1965.6000000000001,3112.6,3367.9,1899.16,-0.2258674333425229,0.2788538577498642,0.04000000000000001,0.12,0.07,1.01,WAIT,3,"UP5+,UP15+,UP30+,UP_BOOK_WEAK,DOWN_BOOK"
2026-09-21 12:11:22,1789992681,btc-updown-5m-1789992600,219,0.24,0.25,0.245,0.75,0.76,0.755,3578.94,1338.06,1895.52,2893.0299999999997,0.4557413056741916,-0.2083114930406908,0.03999999999999998,0.12,0.09,1.01,UP WATCH,7,"UP5+,UP15+,UP30+,UP_BOOK,DOWN_BOOK_WEAK"
2026-09-21 12:11:24,1789992683,btc-updown-5m-1789992600,217,0.25,0.26,0.255,0.74,0.75,0.745,3881.9900000000002,1253.06,1388.82,4875.32,0.5119580140407591,-0.5565807916170457,0.010000000000000009,0.12,0.10999999999999999,1.01,UP WATCH,5,"UP15+,UP30+,UP_BOOK,DOWN_BOOK_WEAK"
2026-09-21 12:11:25,1789992685,btc-updown-5m-1789992600,215,0.25,0.26,0.255,0.74,0.75,0.745,4010.77,2788.16,2788.16,4010.77,0.17982388405234354,-0.17982388405234354,0.03,0.1,0.12,1.01,UP WATCH,5,"UP5+,UP15+,UP30+"
2026-09-21 12:11:27,1789992686,btc-updown-5m-1789992600,214,0.29,0.3,0.295,0.71,0.72,0.715,2499.24,2118.83,4883.54,185.0,0.0823742385888477,0.9270006747505198,0.04999999999999999,0.13999999999999999,0.15999999999999998,1.02,UP WATCH,4,"UP5+,UP15+,UP30+,DOWN_BOOK"
2026-09-21 12:11:28,1789992688,btc-updown-5m-1789992600,212,0.25,0.26,0.255,0.74,0.75,0.745,2231.76,2695.27,2725.27,2281.76,-0.09407492952143577,0.08857746009111184,0.0,0.07,0.12,1.01,WAIT,3,"UP15+,UP30+"
2026-09-21 12:11:30,1789992689,btc-updown-5m-1789992600,211,0.23,0.25,0.24,0.77,0.78,0.775,1005.0,2980.67,2022.86,2390.8,-0.49569332132364197,-0.0833639201932184,-0.015000000000000013,0.05499999999999999,0.10499999999999998,1.03,WAIT,2,"UP15+,UP30+,UP_BOOK_WEAK"
2026-09-21 12:11:32,1789992691,btc-updown-5m-1789992600,209,0.22,0.23,0.225,0.77,0.78,0.775,3834.46,2488.4399999999996,2307.4399999999996,3431.9,0.21288016574673022,-0.1959214822610266,-0.06999999999999998,0.01999999999999999,0.1,1.01,WAIT,0,"UP5-,UP30+,UP_BOOK"
2026-09-21 12:11:33,1789992693,btc-updown-5m-1789992600,207,0.21,0.22,0.215,0.78,0.79,0.785,3717.2,3373.98,3383.98,3758.2,0.0484009713475049,-0.052395767118722826,-0.04000000000000001,-0.03,0.1,1.01,WAIT,-1,"UP5-,UP30+"
2026-09-21 12:11:35,1789992694,btc-updown-5m-1789992600,206,0.18,0.19,0.185,0.81,0.82,0.815,3670.0,4156.22,3776.79,3769.49,-0.06212705495117697,0.0009673640522217811,-0.05499999999999999,-0.06,0.07999999999999999,1.01,WAIT,-3,"UP5-,UP15-,UP30+"
2026-09-21 12:11:36,1789992696,btc-updown-5m-1789992600,204,0.18,0.19,0.185,0.8,0.81,0.805,4332.9,2321.23,2571.57,3939.77,0.3023190108999974,-0.21012571913001007,-0.04000000000000001,-0.06,0.06,1.0,WAIT,-2,"UP5-,UP15-,UP_BOOK,DOWN_BOOK_WEAK"
2026-09-21 12:11:38,1789992697,btc-updown-5m-1789992600,203,0.19,0.2,0.195,0.79,0.8,0.795,4810.21,1318.0,2143.46,3521.11,0.5698580825395997,-0.24320469161825173,-0.03,-0.04999999999999999,0.06,1.0,WAIT,0,"UP5-,UP_BOOK,DOWN_BOOK_WEAK"
2026-09-21 12:11:40,1789992699,btc-updown-5m-1789992600,201,0.21,0.22,0.215,0.78,0.79,0.785,2706.01,3076.56,2135.37,3349.71,-0.06408050399735753,-0.2213896606795161,0.03,-0.04000000000000001,0.06,1.01,WAIT,3,"UP5+,DOWN_BOOK_WEAK"
2026-09-21 12:11:41,1789992701,btc-updown-5m-1789992600,199,0.22,0.23,0.225,0.77,0.78,0.775,3527.75,2465.0,2479.2000000000003,3648.12,0.17733928496933796,-0.1907718219384657,0.04000000000000001,-0.06999999999999998,0.07,1.01,WAIT,1,"UP5+,UP15-,UP30+"
2026-09-21 12:11:43,1789992702,btc-updown-5m-1789992600,198,0.22,0.23,0.225,0.77,0.78,0.775,1588.0,3361.2599999999998,3182.2599999999998,1949.0,-0.35828790566670565,0.2403425279560965,0.03,-0.06999999999999998,0.04000000000000001,1.01,WAIT,-2,"UP5+,UP15-,UP_BOOK_WEAK,DOWN_BOOK"
2026-09-21 12:11:44,1789992704,btc-updown-5m-1789992600,196,0.26,0.27,0.265,0.73,0.74,0.735,2794.31,2745.91,2990.1099999999997,2194.31,0.008736115172321694,0.15349836625890645,0.05000000000000002,0.025000000000000022,0.08000000000000002,1.01,WAIT,3,"UP5+,UP30+"
2026-09-21 12:11:46,1789992705,btc-updown-5m-1789992600,195,0.26,0.27,0.265,0.73,0.74,0.735,2006.18,3254.3199999999997,3119.62,2135.58,-0.23726641954186858,0.18725072309331708,0.05000000000000002,0.025000000000000022,0.08000000000000002,1.01,WAIT,2,"UP5+,UP30+,UP_BOOK_WEAK"
2026-09-21 12:11:47,1789992707,btc-updown-5m-1789992600,193,0.26,0.27,0.265,0.73,0.74,0.735,3826.35,1554.83,1730.53,3771.35,0.42212302877807467,-0.370931390724625,0.04000000000000001,0.04000000000000001,0.06,1.01,UP WATCH,4,"UP5+,UP_BOOK,DOWN_BOOK_WEAK"
2026-09-21 12:11:49,1789992709,btc-updown-5m-1789992600,191,0.26,0.27,0.265,0.73,0.74,0.735,2807.48,3035.66,3103.85,2817.48,-0.03905092125124503,0.04836244559921502,0.0,0.08000000000000002,0.020000000000000018,1.01,WAIT,2,UP15+
2026-09-21 12:11:51,1789992710,btc-updown-5m-1789992600,190,0.27,0.28,0.275,0.72,0.73,0.725,1439.24,3239.63,2846.45,2903.38,-0.3847916270381524,-0.009901162295233128,0.010000000000000009,0.09000000000000002,0.05000000000000002,1.01,WAIT,1,"UP15+,UP_BOOK_WEAK"
2026-09-21 12:11:52,1789992712,btc-updown-5m-1789992600,188,0.35,0.36,0.355,0.63,0.64,0.635,2945.38,941.0,1447.45,4016.04,0.5157447290280416,-0.4701372199820994,0.08999999999999997,0.15999999999999998,0.10999999999999999,1.0,UP WATCH,7,"UP5+,UP15+,UP30+,UP_BOOK,DOWN_BOOK_WEAK"
2026-09-21 12:11:54,1789992713,btc-updown-5m-1789992600,187,0.4,0.41,0.405,0.58,0.59,0.585,2680.7799999999997,456.1,922.5,3351.89,0.7092014995791998,-0.5683594618179436,0.14,0.21000000000000002,0.15000000000000002,1.0,UP WATCH,7,"UP5+,UP15+,UP30+,UP_BOOK,DOWN_BOOK_WEAK"
2026-09-21 12:11:55,1789992715,btc-updown-5m-1789992600,185,0.42,0.43,0.425,0.57,0.58,0.575,2084.51,1479.32,2314.42,2023.45,0.1698144973245077,0.06707669893288642,0.14999999999999997,0.21,0.16999999999999998,1.01,UP WATCH,5,"UP5+,UP15+,UP30+"
2026-09-21 12:11:57,1789992716,btc-updown-5m-1789992600,184,0.36,0.4,0.38,0.6,0.64,0.62,928.0,703.38,1365.1999999999998,640.47,0.13768711152521176,0.36134059940069896,0.10499999999999998,0.155,0.08500000000000002,1.04,UP WATCH,4,"UP5+,UP15+,UP30+,DOWN_BOOK"
2026-09-21 12:11:59,1789992718,btc-updown-5m-1789992600,182,0.39,0.4,0.395,0.6,0.61,0.605,2438.71,1056.8899999999999,1207.53,2688.81,0.39530266620894844,-0.380172161567009,-0.010000000000000009,0.17,0.14,1.01,UP WATCH,5,"UP15+,UP30+,UP_BOOK,DOWN_BOOK_WEAK"
2026-09-21 12:12:01,1789992720,btc-updown-5m-1789992600,180,0.42,0.43,0.425,0.57,0.58,0.575,1900.97,1579.74,1632.5900000000001,2075.9700000000003,0.09228864225976885,-0.11955583838470998,0.0,0.15999999999999998,0.185,1.01,WAIT,3,"UP15+,UP30+"
2026-09-21 12:12:02,1789992722,btc-updown-5m-1789992600,178,0.41,0.42,0.415,0.58,0.59,0.585,3418.06,994.14,1583.49,3369.34,0.5493676623906442,-0.36057163278368126,0.034999999999999976,0.14999999999999997,0.18999999999999997,1.01,UP WATCH,7,"UP5+,UP15+,UP30+,UP_BOOK,DOWN_BOOK_WEAK"
2026-09-21 12:12:04,1789992723,btc-updown-5m-1789992600,177,0.4,0.41,0.405,0.59,0.6,0.595,1781.3,2589.3900000000003,3062.07,1491.3,-0.18488842722773757,0.34496867155535355,0.010000000000000009,0.14,0.19000000000000003,1.01,WAIT,2,"UP15+,UP30+,DOWN_BOOK"
2026-09-21 12:12:05,1789992725,btc-updown-5m-1789992600,175,0.36,0.37,0.365,0.63,0.64,0.635,3296.83,1574.0,1554.07,3244.83,0.35370357824025883,-0.35232240721832087,-0.06,0.08999999999999997,0.18,1.01,WAIT,3,"UP5-,UP15+,UP30+,UP_BOOK,DOWN_BOOK_WEAK"
2026-09-21 12:12:07,1789992726,btc-updown-5m-1789992600,174,0.36,0.37,0.365,0.63,0.64,0.635,3323.4700000000003,2373.14,2434.95,3322.84,0.16682377765021658,-0.15420673557041856,-0.06,0.08999999999999997,0.18,1.01,WAIT,1,"UP5-,UP15+,UP30+"
2026-09-21 12:12:08,1789992728,btc-updown-5m-1789992600,172,0.37,0.38,0.375,0.62,0.63,0.625,4795.63,998.0,1021.0,4955.63,0.6554836950236725,-0.6583358849385021,-0.030000000000000027,-0.030000000000000027,0.18,1.01,WAIT,1,"UP5-,UP30+,UP_BOOK,DOWN_BOOK_WEAK"
2026-09-21 12:12:10,1789992729,btc-updown-5m-1789992600,171,0.38,0.39,0.385,0.61,0.62,0.615,4378.0599999999995,1554.0,2086.19,4428.65,0.476067335799031,-0.35955756396166283,-0.020000000000000018,-0.020000000000000018,0.17,1.01,WAIT,3,"UP30+,UP_BOOK,DOWN_BOOK_WEAK"
2026-09-21 12:12:11,1789992731,btc-updown-5m-1789992600,169,0.38,0.39,0.385,0.61,0.62,0.615,3378.01,2873.4700000000003,2967.53,3086.1400000000003,0.08070728851407985,-0.019593073292729885,0.020000000000000018,0.0050000000000000044,0.16,1.01,WAIT,1,UP30+
2026-09-21 12:12:13,1789992732,btc-updown-5m-1789992600,168,0.35,0.36,0.355,0.64,0.65,0.645,4221.29,2909.51,2653.73,4454.64,0.18395972401413582,-0.25335062749969406,-0.010000000000000009,-0.025000000000000022,0.12999999999999998,1.01,WAIT,2,"UP30+,DOWN_BOOK_WEAK"
2026-09-21 12:12:14,1789992734,btc-updown-5m-1789992600,166,0.37,0.38,0.375,0.62,0.63,0.625,2354.34,1924.14,2129.87,2287.0,0.10054972794076401,-0.03557496598269818,-0.010000000000000009,-0.020000000000000018,0.10999999999999999,1.01,WAIT,1,UP30+
2026-09-21 12:12:16,1789992735,btc-updown-5m-1789992600,165,0.34,0.35,0.345,0.65,0.66,0.655,390.0,3595.51,3535.9700000000003,884.0,-0.8042910443080058,0.599997285049446,-0.040000000000000036,-0.08000000000000002,0.07999999999999996,1.01,DOWN WATCH,-5,"UP5-,UP15-,UP30+,UP_BOOK_WEAK,DOWN_BOOK"
2026-09-21 12:12:17,1789992737,btc-updown-5m-1789992600,163,0.33,0.34,0.335,0.67,0.68,0.675,653.0,3959.37,3008.46,1383.0,-0.7168483881388527,0.37014113757155936,-0.019999999999999962,-0.07999999999999996,0.07,1.02,WAIT,-3,"UP15-,UP30+,UP_BOOK_WEAK,DOWN_BOOK"
2026-09-21 12:12:19,1789992738,btc-updown-5m-1789992600,162,0.33,0.34,0.335,0.66,0.67,0.665,1932.6499999999999,1997.82,145.0,4833.3099999999995,-0.016580714265723967,-0.9417472997864738,-0.019999999999999962,-0.07,0.07,1.01,WAIT,0,"UP15-,UP30+,DOWN_BOOK_WEAK"
2026-09-21 12:12:20,1789992740,btc-updown-5m-1789992600,160,0.36,0.37,0.365,0.63,0.64,0.635,4006.3,2222.4900000000002,2270.5800000000004,3873.8900000000003,0.28638146413669424,-0.26093544276398123,0.020000000000000018,0.0,0.08999999999999997,1.01,WAIT,3,"UP30+,UP_BOOK,DOWN_BOOK_WEAK"
2026-09-21 12:12:22,1789992741,btc-updown-5m-1789992600,159,0.31,0.32,0.315,0.68,0.69,0.685,2001.93,1635.6599999999999,2288.0,2859.6800000000003,0.10069029219895595,-0.11105585428775687,-0.02999999999999997,-0.04999999999999999,0.03999999999999998,1.01,WAIT,0,
2026-09-21 12:12:24,1789992743,btc-updown-5m-1789992600,157,0.31,0.32,0.315,0.68,0.69,0.685,2790.23,2432.31,2324.3,2884.0,0.06853370199175116,-0.10746308776376165,-0.020000000000000018,-0.06,-0.09000000000000002,1.01,WAIT,-3,"UP15-,UP30-"
2026-09-21 12:12:25,1789992745,btc-updown-5m-1789992600,155,0.31,0.32,0.315,0.68,0.69,0.685,2829.64,2683.15,2873.31,2854.0,0.026572751728253713,0.0033715653596539993,-0.04999999999999999,-0.07,-0.10999999999999999,1.01,DOWN WATCH,-5,"UP5-,UP15-,UP30-"
2026-09-21 12:12:27,1789992746,btc-updown-5m-1789992600,154,0.32,0.33,0.325,0.67,0.68,0.675,873.6,3166.9,3152.9,1423.73,-0.5675782700160872,0.37782604230623845,0.010000000000000009,-0.06,-0.05499999999999999,1.01,DOWN WATCH,-4,"UP15-,UP_BOOK_WEAK,DOWN_BOOK"
2026-09-21 12:12:28,1789992748,btc-updown-5m-1789992600,152,0.32,0.33,0.325,0.67,0.68,0.675,2690.77,1697.84,1658.84,3469.77,0.22625159218978222,-0.35310347248084767,0.010000000000000009,-0.02999999999999997,-0.07,1.01,WAIT,1,"UP30-,UP_BOOK,DOWN_BOOK_WEAK"
2026-09-21 12:12:30,1789992749,btc-updown-5m-1789992600,151,0.48,0.49,0.485,0.5,0.51,0.505,2482.51,1016.05,509.1,2769.1,0.4191610262508004,-0.6894027210054299,0.16999999999999998,0.10999999999999999,0.08999999999999997,1.0,UP WATCH,7,"UP5+,UP15+,UP30+,UP_BOOK,DOWN_BOOK_WEAK"
2026-09-21 12:12:31,1789992751,btc-updown-5m-1789992600,149,0.54,0.55,0.545,0.45,0.46,0.455,2818.7699999999995,3433.4,2239.19,2759.1,-0.09830666792489656,-0.1040175740103115,0.22000000000000003,0.20000000000000007,0.12000000000000005,1.01,UP WATCH,5,"UP5+,UP15+,UP30+"
2026-09-21 12:12:33,1789992752,btc-updown-5m-1789992600,148,0.53,0.55,0.54,0.51,0.52,0.515,95.0,3895.6000000000004,302.15,887.7,-0.9523881120633488,-0.49212085557002994,0.21500000000000002,0.20500000000000002,0.12500000000000006,1.07,UP WATCH,5,"UP5+,UP15+,UP30+,UP_BOOK_WEAK,DOWN_BOOK_WEAK"
2026-09-21 12:12:34,1789992754,btc-updown-5m-1789992600,146,0.49,0.5,0.495,0.5,0.51,0.505,1993.59,2378.32,4699.38,30.0,-0.08800043916732052,0.9873133476269617,0.010000000000000009,0.15999999999999998,0.08999999999999997,1.01,WAIT,2,"UP15+,UP30+,DOWN_BOOK"
2026-09-21 12:12:36,1789992755,btc-updown-5m-1789992600,145,0.44,0.45,0.445,0.56,0.57,0.565,570.73,2915.38,2117.04,1212.0,-0.6725691386674546,0.2718621584600966,-0.03999999999999998,0.08000000000000002,0.08000000000000002,1.02,WAIT,-1,"UP5-,UP15+,UP30+,UP_BOOK_WEAK,DOWN_BOOK"
2026-09-21 12:12:37,1789992757,btc-updown-5m-1789992600,143,0.58,0.59,0.585,0.41,0.42,0.415,934.46,2063.1099999999997,2301.97,853.21,-0.3765216492025206,0.4591687320533218,0.04499999999999993,0.26999999999999996,0.21999999999999997,1.01,WAIT,3,"UP5+,UP15+,UP30+,UP_BOOK_WEAK,DOWN_BOOK"
2026-09-21 12:12:39,1789992758,btc-updown-5m-1789992600,142,0.56,0.57,0.565,0.43,0.44,0.435,1556.0,2763.0299999999997,2763.0299999999997,1556.0,-0.27946784347411335,0.27946784347411335,0.02499999999999991,0.24999999999999994,0.18999999999999995,1.01,WAIT,1,"UP15+,UP30+,UP_BOOK_WEAK,DOWN_BOOK"
2026-09-21 12:12:40,1789992760,btc-updown-5m-1789992600,140,0.56,0.57,0.565,0.43,0.44,0.435,2264.13,1598.03,1605.03,2269.4,0.17246825610539185,-0.17147554608032667,0.11999999999999994,0.24999999999999994,0.17999999999999994,1.01,UP WATCH,5,"UP5+,UP15+,UP30+"
2026-09-21 12:12:42,1789992761,btc-updown-5m-1789992600,139,0.51,0.52,0.515,0.48,0.49,0.485,761.1899999999999,2229.38,2244.59,861.5899999999999,-0.4909398542752719,0.4452414219394884,0.07,0.19,0.13,1.01,WAIT,3,"UP5+,UP15+,UP30+,UP_BOOK_WEAK,DOWN_BOOK"
2026-09-21 12:12:44,1789992763,btc-updown-5m-1789992600,137,0.5,0.51,0.505,0.49,0.5,0.495,2241.87,2199.64,2489.19,2534.83,0.009508027675272602,-0.009084358740610083,-0.05999999999999994,0.18,0.15000000000000002,1.01,WAIT,1,"UP5-,UP15+,UP30+"
2026-09-21 12:12:45,1789992765,btc-updown-5m-1789992600,135,0.5,0.51,0.505,0.49,0.5,0.495,2966.65,1531.04,1639.09,2993.3,0.31918829443558805,-0.2923350581449317,-0.05999999999999994,0.020000000000000018,0.16000000000000003,1.01,WAIT,1,"UP5-,UP30+,UP_BOOK,DOWN_BOOK_WEAK"
2026-09-21 12:12:47,1789992766,btc-updown-5m-1789992600,134,0.52,0.53,0.525,0.47,0.48,0.475,2412.27,2111.68,2080.68,2564.79,0.06644414726069037,-0.10421119929738007,0.010000000000000009,-0.020000000000000018,0.18000000000000005,1.01,WAIT,1,UP30+
2026-09-21 12:12:48,1789992768,btc-updown-5m-1789992600,132,0.52,0.53,0.525,0.47,0.48,0.475,1734.0,2618.17,2589.17,1724.0,-0.20315612671380026,0.20058796662315653,0.020000000000000018,-0.015000000000000013,0.19,1.01,WAIT,-1,"UP30+,UP_BOOK_WEAK,DOWN_BOOK"
2026-09-21 12:12:50,1789992769,btc-updown-5m-1789992600,131,0.46,0.47,0.46499999999999997,0.53,0.54,0.535,1384.51,1973.78,1992.65,1769.51,-0.1754672765008382,0.05931167201820234,-0.040000000000000036,-0.030000000000000027,0.12999999999999995,1.01,WAIT,-1,"UP5-,UP30+"
2026-09-21 12:12:51,1789992771,btc-updown-5m-1789992600,129,0.44,0.45,0.445,0.55,0.56,0.555,1889.8,1907.94,1911.38,2561.41,-0.004776524985912701,-0.1453298724062609,-0.08000000000000002,0.0,0.13,1.01,WAIT,-1,"UP5-,UP30+"
2026-09-21 12:12:53,1789992772,btc-updown-5m-1789992600,128,0.45,0.46,0.455,0.54,0.55,0.545,1525.0,2674.4599999999996,3887.2799999999997,105.0,-0.2737161444566682,0.9473984790645946,-0.07,-0.12999999999999995,0.14,1.01,DOWN WATCH,-5,"UP5-,UP15-,UP30+,UP_BOOK_WEAK,DOWN_BOOK"
2026-09-21 12:12:54,1789992774,btc-updown-5m-1789992600,126,0.34,0.35,0.345,0.65,0.66,0.655,2480.85,1850.36,2079.5,3137.9700000000003,0.14556902112804504,-0.20287035670545306,-0.12,-0.21999999999999997,0.02999999999999997,1.01,WAIT,-3,"UP5-,UP15-,DOWN_BOOK_WEAK"
2026-09-21 12:12:56,1789992775,btc-updown-5m-1789992600,125,0.39,0.4,0.395,0.6,0.61,0.605,1840.44,1336.08,1751.8899999999999,1014.0,0.15877753012730916,0.2667821207640217,-0.06999999999999995,-0.16999999999999993,0.08000000000000002,1.01,DOWN WATCH,-4,"UP5-,UP15-,UP30+,DOWN_BOOK"
2026-09-21 12:12:57,1789992777,btc-updown-5m-1789992600,123,0.38,0.39,0.385,0.61,0.62,0.615,3573.0899999999997,2347.65,2199.34,3482.5099999999998,0.20697412823397068,-0.22583665531473016,-0.07,-0.13,0.06,1.01,WAIT,-2,"UP5-,UP15-,UP_BOOK,DOWN_BOOK_WEAK"
2026-09-21 12:12:59,1789992778,btc-updown-5m-1789992600,122,0.38,0.39,0.385,0.61,0.62,0.615,1618.99,3117.32,3320.1800000000003,1588.99,-0.3163496477215385,0.3526441333260002,-0.07,-0.12,0.06,1.01,DOWN WATCH,-6,"UP5-,UP15-,UP_BOOK_WEAK,DOWN_BOOK"
2026-09-21 12:13:00,1789992780,btc-updown-5m-1789992600,120,0.38,0.39,0.385,0.61,0.62,0.615,1070.74,2367.92,2330.8,1011.74,-0.3772341551650934,0.3946280373608095,-0.010000000000000009,-0.12,-0.09999999999999998,1.01,DOWN WATCH,-5,"UP15-,UP30-,UP_BOOK_WEAK,DOWN_BOOK"
2026-09-21 12:13:02,1789992781,btc-updown-5m-1789992600,119,0.38,0.41,0.395,0.61,0.62,0.615,389.01,1672.01,2087.3999999999996,903.0799999999999,-0.6225073022095855,0.39603006875150476,0.0,-0.13,-0.15000000000000002,1.03,DOWN WATCH,-5,"UP15-,UP30-,UP_BOOK_WEAK,DOWN_BOOK"
2026-09-21 12:13:04,1789992783,btc-updown-5m-1789992600,117,0.38,0.39,0.385,0.61,0.62,0.615,1749.59,3417.06,3409.1,1490.11,-0.32273717011990366,0.3916937628719732,0.0,-0.14,-0.15500000000000003,1.01,DOWN WATCH,-5,"UP15-,UP30-,UP_BOOK_WEAK,DOWN_BOOK"
2026-09-21 12:13:05,1789992785,btc-updown-5m-1789992600,115,0.35,0.36,0.355,0.67,0.68,0.675,884.53,2234.4700000000003,2031.8,1274.0,-0.4328117986534146,0.22923346844939196,-0.030000000000000027,-0.10999999999999999,-0.09000000000000002,1.04,DOWN WATCH,-7,"UP5-,UP15-,UP30-,UP_BOOK_WEAK,DOWN_BOOK"
2026-09-21 12:13:07,1789992786,btc-updown-5m-1789992600,114,0.39,0.4,0.395,0.6,0.61,0.605,1288.48,2352.08,2502.37,1139.06,-0.2921528556046322,0.3743886330370212,0.0,-0.04999999999999999,-0.04999999999999999,1.01,WAIT,-2,"UP_BOOK_WEAK,DOWN_BOOK"
2026-09-21 12:13:08,1789992788,btc-updown-5m-1789992600,112,0.38,0.39,0.385,0.61,0.62,0.615,1020.53,2497.63,2733.01,941.48,-0.4198501489414922,0.48755881768626397,0.0,-0.07,-0.17999999999999994,1.01,DOWN WATCH,-5,"UP15-,UP30-,UP_BOOK_WEAK,DOWN_BOOK"
2026-09-21 12:13:10,1789992789,btc-updown-5m-1789992600,111,0.39,0.4,0.395,0.6,0.61,0.605,1663.12,2137.86,2352.86,1778.6399999999999,-0.1248993680577115,0.13898584049376747,0.010000000000000009,0.050000000000000044,-0.16999999999999993,1.01,WAIT,1,"UP15+,UP30-"
2026-09-21 12:13:11,1789992791,btc-updown-5m-1789992600,109,0.4,0.41,0.405,0.54,0.56,0.55,2685.3199999999997,510.51,491.0,1687.33,0.6805149210064364,-0.5491959436816276,0.010000000000000009,0.010000000000000009,-0.10999999999999999,0.97,WAIT,1,"UP30-,UP_BOOK,DOWN_BOOK_WEAK"
2026-09-21 12:13:13,1789992792,btc-updown-5m-1789992600,108,0.49,0.5,0.495,0.5,0.51,0.505,1262.3,1421.08,1346.67,1537.15,-0.05917164173542322,-0.06605127920605308,0.09999999999999998,0.10999999999999999,-0.020000000000000018,1.01,UP WATCH,4,"UP5+,UP15+"
2026-09-21 12:13:14,1789992794,btc-updown-5m-1789992600,106,0.52,0.53,0.525,0.47,0.48,0.475,782.91,4193.7699999999995,4336.09,880.83,-0.6853685589589847,0.6623179960589773,0.13,0.14,0.020000000000000018,1.01,WAIT,2,"UP5+,UP15+,UP_BOOK_WEAK,DOWN_BOOK"
2026-09-21 12:13:16,1789992795,btc-updown-5m-1789992600,105,0.52,0.53,0.525,0.47,0.48,0.475,732.77,4451.6900000000005,2970.2700000000004,1557.72,-0.7173206081250506,0.3119596112182227,0.13,0.14,0.020000000000000018,1.01,WAIT,2,"UP5+,UP15+,UP_BOOK_WEAK,DOWN_BOOK"
2026-09-21 12:13:18,1789992797,btc-updown-5m-1789992600,103,0.51,0.52,0.515,0.54,0.55,0.545,22.95,4661.57,939.02,980.79,-0.9902017709391785,-0.021757361405555748,0.020000000000000018,0.12,-0.010000000000000009,1.07,WAIT,1,"UP15+,UP_BOOK_WEAK"
2026-09-21 12:13:19,1789992799,btc-updown-5m-1789992600,101,0.5,0.51,0.505,0.49,0.5,0.495,1229.75,3560.6,3894.89,848.34,-0.48657196238270684,0.6422943858931572,-0.020000000000000018,0.12,0.040000000000000036,1.01,WAIT,0,"UP15+,UP_BOOK_WEAK,DOWN_BOOK"
2026-09-21 12:13:21,1789992800,btc-updown-5m-1789992600,100,0.48,0.49,0.485,0.51,0.52,0.515,1452.48,1919.97,1360.0,1602.44,-0.13862029088644756,-0.08183794439718613,-0.040000000000000036,0.13,0.020000000000000018,1.01,WAIT,0,"UP5-,UP15+"
2026-09-21 12:13:22,1789992802,btc-updown-5m-1789992600,98,0.49,0.5,0.495,0.49,0.5,0.495,2562.12,1794.48,2114.96,2714.9900000000002,0.17620162512050677,-0.12423109970082508,-0.020000000000000018,0.09999999999999998,0.03999999999999998,1.0,WAIT,2,UP15+
2026-09-21 12:13:24,1789992803,btc-updown-5m-1789992600,97,0.5,0.51,0.505,0.49,0.5,0.495,861.11,3791.14,433.68999999999994,1113.97,-0.6298092320919985,-0.43955390718891757,-0.010000000000000009,0.12,0.04999999999999999,1.01,WAIT,2,"UP15+,UP_BOOK_WEAK,DOWN_BOOK_WEAK"
2026-09-21 12:13:25,1789992805,btc-updown-5m-1789992600,95,0.56,0.57,0.565,0.41,0.43,0.42,1643.9299999999998,842.23,1747.1100000000001,1552.1,0.3224651671654278,0.05910808951233787,0.07999999999999996,0.16999999999999993,0.16999999999999993,1.0,UP WATCH,6,"UP5+,UP15+,UP30+,UP_BOOK"
2026-09-21 12:13:27,1789992806,btc-updown-5m-1789992600,94,0.62,0.63,0.625,0.37,0.38,0.375,1740.2,2420.9,1814.34,1790.47,-0.16358655163298166,0.0066217082176314125,0.14,0.21999999999999997,0.22999999999999998,1.01,UP WATCH,5,"UP5+,UP15+,UP30+"
2026-09-21 12:13:28,1789992808,btc-updown-5m-1789992600,92,0.58,0.59,0.585,0.41,0.42,0.415,2029.94,1625.08,1766.01,1441.53,0.11076820373075938,0.10116163789072,0.07999999999999996,0.08999999999999997,0.19999999999999996,1.01,UP WATCH,5,"UP5+,UP15+,UP30+"
2026-09-21 12:13:30,1789992809,btc-updown-5m-1789992600,91,0.64,0.65,0.645,0.35,0.36,0.355,878.5,863.5699999999999,1202.3400000000001,2075.92,0.008570264111086273,-0.266476728508416,0.14,0.12,0.26,1.01,UP WATCH,6,"UP5+,UP15+,UP30+,DOWN_BOOK_WEAK"
2026-09-21 12:13:32,1789992811,btc-updown-5m-1789992600,89,0.65,0.66,0.655,0.34,0.35,0.345,2061.41,1398.0100000000002,918.2,1693.45,0.19176624983378707,-0.2968429919782513,0.030000000000000027,0.13,0.26,1.01,UP WATCH,6,"UP5+,UP15+,UP30+,DOWN_BOOK_WEAK"
2026-09-21 12:13:33,1789992813,btc-updown-5m-1789992600,87,0.65,0.66,0.655,0.35,0.36,0.355,685.09,3935.42,4633.14,80.0,-0.7034569776929386,0.9660523557543379,0.07000000000000006,0.14,0.27,1.02,WAIT,3,"UP5+,UP15+,UP30+,UP_BOOK_WEAK,DOWN_BOOK"
2026-09-21 12:13:35,1789992814,btc-updown-5m-1789992600,86,0.64,0.65,0.645,0.34,0.35,0.345,3216.9399999999996,760.4399999999999,824.6,2131.55,0.6176176276845561,-0.4421122067554083,0.0,0.14,0.26,1.0,UP WATCH,5,"UP15+,UP30+,UP_BOOK,DOWN_BOOK_WEAK"
2026-09-21 12:13:36,1789992816,btc-updown-5m-1789992600,84,0.64,0.65,0.645,0.35,0.36,0.355,1772.29,2981.08,3137.99,1046.75,-0.25430168490986393,0.49972997127659063,-0.010000000000000009,0.16000000000000003,0.25,1.01,WAIT,1,"UP15+,UP30+,UP_BOOK_WEAK,DOWN_BOOK"
2026-09-21 12:13:38,1789992817,btc-updown-5m-1789992600,83,0.51,0.52,0.515,0.48,0.49,0.485,295.0,73.07,291.02,487.84999999999997,0.6029559594642324,-0.25271226263689706,-0.14,0.020000000000000018,0.12,1.01,WAIT,1,"UP5-,UP30+,UP_BOOK,DOWN_BOOK_WEAK"
2026-09-21 12:13:39,1789992819,btc-updown-5m-1789992600,81,0.55,0.56,0.555,0.44,0.45,0.445,1188.73,936.11,417.35,1539.73,0.11888895163871162,-0.5734972510066018,-0.08999999999999997,0.050000000000000044,0.16000000000000003,1.01,WAIT,2,"UP5-,UP15+,UP30+,DOWN_BOOK_WEAK"
2026-09-21 12:13:41,1789992820,btc-updown-5m-1789992600,80,0.55,0.56,0.555,0.33,0.39,0.36,2182.17,241.97,110.0,747.29,0.8003663154768289,-0.7433773868819186,-0.08999999999999997,-0.009999999999999898,0.16000000000000003,0.9500000000000001,WAIT,1,"UP5-,UP30+,UP_BOOK,DOWN_BOOK_WEAK"
2026-09-21 12:13:42,1789992822,btc-updown-5m-1789992600,78,0.68,0.69,0.685,0.31,0.32,0.315,1149.22,1565.89,1595.5,1309.22,-0.15346339558986563,0.09855683163953839,0.17000000000000004,0.06000000000000005,0.19000000000000006,1.01,UP WATCH,5,"UP5+,UP15+,UP30+"
2026-09-21 12:13:44,1789992823,btc-updown-5m-1789992600,77,0.68,0.69,0.685,0.31,0.32,0.315,983.38,1646.89,1860.5300000000002,89.08,-0.25225927376276963,0.9086176209600896,0.17000000000000004,0.10000000000000009,0.19000000000000006,1.01,WAIT,3,"UP5+,UP15+,UP30+,UP_BOOK_WEAK,DOWN_BOOK"
2026-09-21 12:13:45,1789992825,btc-updown-5m-1789992600,75,0.48,0.49,0.485,0.51,0.52,0.515,437.35,946.5899999999999,1254.4199999999998,327.98,-0.3679639290720695,0.5854651162790697,-0.07000000000000006,-0.16000000000000003,-0.040000000000000036,1.01,DOWN WATCH,-6,"UP5-,UP15-,UP_BOOK_WEAK,DOWN_BOOK"
2026-09-21 12:13:47,1789992826,btc-updown-5m-1789992600,74,0.48,0.49,0.485,0.52,0.54,0.53,1980.48,812.5500000000001,2257.91,926.44,0.41815877380479255,0.4181292885518237,-0.07000000000000006,-0.17000000000000004,-0.040000000000000036,1.03,DOWN WATCH,-4,"UP5-,UP15-,UP_BOOK,DOWN_BOOK"
2026-09-21 12:13:49,1789992828,btc-updown-5m-1789992600,72,0.47,0.48,0.475,0.52,0.53,0.525,1948.72,1183.0700000000002,600.5500000000001,2047.24,0.24447680080720607,-0.5463764120266336,-0.21000000000000008,-0.18000000000000005,-0.040000000000000036,1.01,WAIT,-2,"UP5-,UP15-,UP_BOOK,DOWN_BOOK_WEAK"
2026-09-21 12:13:50,1789992830,btc-updown-5m-1789992600,70,0.46,0.47,0.46499999999999997,0.53,0.54,0.535,669.14,1566.6399999999999,1049.33,1460.0700000000002,-0.401425900580558,-0.16368056109030055,-0.020000000000000018,-0.18000000000000005,-0.020000000000000018,1.01,WAIT,-3,"UP15-,UP_BOOK_WEAK"
2026-09-21 12:13:52,1789992831,btc-updown-5m-1789992600,69,0.4,0.44,0.42000000000000004,0.63,0.64,0.635,161.0,1871.13,364.67,742.51,-0.8415455704113418,-0.34126338987337196,-0.06499999999999995,-0.22499999999999998,-0.06499999999999995,1.08,DOWN WATCH,-4,"UP5-,UP15-,UP_BOOK_WEAK,DOWN_BOOK_WEAK"
2026-09-21 12:13:53,1789992833,btc-updown-5m-1789992600,67,0.36,0.37,0.365,0.63,0.64,0.635,1468.7700000000002,1337.69,1093.4299999999998,1713.2700000000002,0.0467065270839421,-0.22084298286243645,-0.10999999999999999,-0.15000000000000002,-0.14,1.01,DOWN WATCH,-4,"UP5-,UP15-,UP30-,DOWN_BOOK_WEAK"
2026-09-21 12:13:55,1789992834,btc-updown-5m-1789992600,66,0.38,0.39,0.385,0.61,0.62,0.615,1856.2399999999998,932.2,1072.2,1725.6399999999999,0.3313824217124987,-0.23355159694621558,-0.08999999999999997,-0.17000000000000004,-0.12,1.01,WAIT,-3,"UP5-,UP15-,UP30-,UP_BOOK,DOWN_BOOK_WEAK"
2026-09-21 12:13:56,1789992836,btc-updown-5m-1789992600,64,0.35,0.36,0.355,0.64,0.65,0.645,1398.06,1999.3899999999999,1968.4099999999999,1571.89,-0.17699451058882396,0.11200180775640475,-0.06500000000000006,-0.20000000000000007,-0.27,1.01,DOWN WATCH,-5,"UP5-,UP15-,UP30-"
2026-09-21 12:13:58,1789992837,btc-updown-5m-1789992600,63,0.33,0.34,0.335,0.66,0.67,0.665,1720.48,906.05,814.74,2111.48,0.3100783162575718,-0.44314508136777137,-0.08500000000000002,-0.35000000000000003,-0.29,1.01,WAIT,-3,"UP5-,UP15-,UP30-,UP_BOOK,DOWN_BOOK_WEAK"
2026-09-21 12:13:59,1789992839,btc-updown-5m-1789992600,61,0.36,0.37,0.365,0.64,0.65,0.645,973.22,1352.16,1080.16,1185.22,-0.16295831218983567,-0.04637632538470365,-0.020000000000000018,-0.32000000000000006,-0.28,1.02,WAIT,-3,"UP15-,UP30-"
2026-09-21 12:14:01,1789992840,btc-updown-5m-1789992600,60,0.33,0.34,0.335,0.67,0.68,0.675,699.29,573.0,599.6099999999999,950.5899999999999,0.09926196071650328,-0.22640949554896148,-0.04999999999999999,-0.14999999999999997,-0.31,1.02,DOWN WATCH,-4,"UP5-,UP15-,UP30-,DOWN_BOOK_WEAK"
2026-09-21 12:14:03,1789992842,btc-updown-5m-1789992600,58,0.31,0.32,0.315,0.68,0.69,0.685,557.0,2250.8,1049.8,1195.1,-0.603248094593632,-0.06472448661410307,-0.020000000000000018,-0.16999999999999998,-0.34,1.01,DOWN WATCH,-4,"UP15-,UP30-,UP_BOOK_WEAK"
2026-09-21 12:14:04,1789992844,btc-updown-5m-1789992600,56,0.34,0.35,0.345,0.66,0.67,0.665,561.0,1223.62,1281.62,589.6,-0.37129472941018254,0.3698228962922585,-0.020000000000000018,-0.13,-0.30000000000000004,1.02,DOWN WATCH,-5,"UP15-,UP30-,UP_BOOK_WEAK,DOWN_BOOK"
2026-09-21 12:14:06,1789992845,btc-updown-5m-1789992600,55,0.32,0.33,0.325,0.66,0.67,0.665,1392.22,405.0,1344.48,835.6,0.5493039249507573,0.23342262669259844,-0.010000000000000009,-0.13999999999999996,-0.32,1.0,WAIT,-3,"UP15-,UP30-,UP_BOOK,DOWN_BOOK"
2026-09-21 12:14:07,1789992847,btc-updown-5m-1789992600,53,0.32,0.33,0.325,0.69,0.7,0.695,382.0,1545.17,1362.28,452.06,-0.6035637748615846,0.5016810520630092,0.010000000000000009,-0.09500000000000003,-0.19,1.03,DOWN WATCH,-5,"UP15-,UP30-,UP_BOOK_WEAK,DOWN_BOOK"
2026-09-21 12:14:09,1789992848,btc-updown-5m-1789992600,52,0.14,0.15,0.14500000000000002,0.85,0.86,0.855,461.65,1786.72,758.64,1157.48,-0.5893469491231427,-0.20814980272634284,-0.16999999999999998,-0.21999999999999997,-0.37,1.01,DOWN WATCH,-5,"UP5-,UP15-,UP30-,UP_BOOK_WEAK,DOWN_BOOK_WEAK"
2026-09-21 12:14:11,1789992850,btc-updown-5m-1789992600,50,0.38,0.39,0.385,0.63,0.64,0.635,423.04,726.9100000000001,919.2,254.62,-0.2642462715770251,0.5661685778057964,0.06,0.0,-0.17000000000000004,1.03,WAIT,-1,"UP5+,UP30-,UP_BOOK_WEAK,DOWN_BOOK"
2026-09-21 12:14:12,1789992852,btc-updown-5m-1789992600,48,0.3,0.31,0.305,0.7,0.71,0.705,739.0,749.53,737.47,1041.0,-0.007074093232921051,-0.1706691706916619,-0.020000000000000018,-0.030000000000000027,-0.38000000000000006,1.02,WAIT,-1,UP30-
2026-09-21 12:14:13,1789992853,btc-updown-5m-1789992600,47,0.32,0.33,0.325,0.67,0.68,0.675,434.85,1069.35,1274.35,458.37,-0.42181890706023134,0.4709243270695785,0.18,-0.010000000000000009,-0.36000000000000004,1.01,WAIT,-1,"UP5+,UP30-,UP_BOOK_WEAK,DOWN_BOOK"
2026-09-21 12:14:15,1789992854,btc-updown-5m-1789992600,46,0.33,0.34,0.335,0.65,0.66,0.655,476.01,390.86,1092.1100000000001,651.01,0.09822695444530319,0.253051998714948,0.19,-0.02999999999999997,-0.35000000000000003,1.0,WAIT,0,"UP5+,UP30-,DOWN_BOOK"
2026-09-21 12:14:16,1789992856,btc-updown-5m-1789992600,44,0.3,0.31,0.305,0.69,0.7,0.695,518.0,958.3,1953.3,498.0,-0.2982456140350877,0.5936849834781543,-0.08000000000000002,-0.030000000000000027,-0.18,1.01,DOWN WATCH,-5,"UP5-,UP30-,UP_BOOK_WEAK,DOWN_BOOK"
2026-09-21 12:14:18,1789992857,btc-updown-5m-1789992600,43,0.22,0.23,0.225,0.74,0.75,0.745,104.44,312.47,518.0,404.94000000000005,-0.49898059533232597,0.12249983747589219,-0.07999999999999999,-0.09,-0.26,0.98,DOWN WATCH,-6,"UP5-,UP15-,UP30-,UP_BOOK_WEAK"
2026-09-21 12:14:19,1789992859,btc-updown-5m-1789992600,41,0.35,0.36,0.355,0.64,0.65,0.645,150.09,1308.51,2414.51,39.09,-0.7941999177293296,0.9681366155852623,0.019999999999999962,0.010000000000000009,-0.12,1.01,WAIT,-3,"UP30-,UP_BOOK_WEAK,DOWN_BOOK"
2026-09-21 12:14:21,1789992861,btc-updown-5m-1789992600,39,0.26,0.27,0.265,0.73,0.74,0.735,220.64,1571.1399999999999,225.04000000000002,1246.0,-0.7537197647032561,-0.6940395910376332,-0.03999999999999998,-0.06,-0.15500000000000003,1.01,DOWN WATCH,-5,"UP5-,UP15-,UP30-,UP_BOOK_WEAK,DOWN_BOOK_WEAK"
2026-09-21 12:14:23,1789992862,btc-updown-5m-1789992600,38,0.26,0.27,0.265,0.76,0.77,0.765,474.0,1813.0,3143.0,95.0,-0.5854831657192829,0.9413218035824583,0.04000000000000001,-0.06,-0.15500000000000003,1.04,WAIT,-3,"UP5+,UP15-,UP30-,UP_BOOK_WEAK,DOWN_BOOK"
2026-09-21 12:14:24,1789992864,btc-updown-5m-1789992600,36,0.19,0.2,0.195,0.8,0.81,0.805,348.24,1825.31,1865.31,297.24,-0.6795656874698074,0.7251023097731844,-0.15999999999999998,0.04999999999999999,-0.19,1.01,DOWN WATCH,-5,"UP5-,UP30-,UP_BOOK_WEAK,DOWN_BOOK"
2026-09-21 12:14:26,1789992865,btc-updown-5m-1789992600,35,0.11,0.12,0.11499999999999999,0.88,0.89,0.885,471.0,2376.0,2220.0,430.48,-0.6691253951527925,0.6751682714074432,-0.24,-0.27,-0.27,1.01,DOWN WATCH,-7,"UP5-,UP15-,UP30-,UP_BOOK_WEAK,DOWN_BOOK"
2026-09-21 12:14:27,1789992867,btc-updown-5m-1789992600,33,0.07,0.08,0.07500000000000001,0.93,0.94,0.935,135.16,2419.4300000000003,2220.5,1651.16,-0.8941826281321075,0.14705320198571153,-0.19,-0.22999999999999998,-0.26,1.02,DOWN WATCH,-6,"UP5-,UP15-,UP30-,UP_BOOK_WEAK"
2026-09-21 12:14:29,1789992868,btc-updown-5m-1789992600,32,0.07,0.08,0.07500000000000001,0.92,0.93,0.925,1247.73,1736.19,2101.19,1591.25,-0.1636974181613448,0.13810380128045413,-0.19,-0.25,-0.26,1.01,DOWN WATCH,-5,"UP5-,UP15-,UP30-"
2026-09-21 12:14:30,1789992870,btc-updown-5m-1789992600,30,0.04,0.05,0.045,0.95,0.96,0.955,2912.73,1739.4,1774.66,5855.25,0.25221350220221705,-0.5348149584988552,-0.06999999999999999,-0.29000000000000004,-0.29000000000000004,1.01,WAIT,-3,"UP5-,UP15-,UP30-,UP_BOOK,DOWN_BOOK_WEAK"
2026-09-21 12:14:32,1789992871,btc-updown-5m-1789992600,29,0.07,0.08,0.07500000000000001,0.91,0.92,0.915,376.34000000000003,1566.8899999999999,1303.8,346.13,-0.6126655105159964,0.580430684938149,-0.03999999999999998,-0.22999999999999998,-0.26,1.0,DOWN WATCH,-7,"UP5-,UP15-,UP30-,UP_BOOK_WEAK,DOWN_BOOK"
2026-09-21 12:14:33,1789992873,btc-updown-5m-1789992600,27,0.04,0.05,0.045,0.95,0.96,0.955,2051.4700000000003,1514.56,2559.56,4552.98,0.15056239010888867,-0.2802683710741873,-0.030000000000000013,-0.18,-0.27,1.01,DOWN WATCH,-4,"UP5-,UP15-,UP30-,DOWN_BOOK_WEAK"
2026-09-21 12:14:35,1789992874,btc-updown-5m-1789992600,26,0.03,0.04,0.035,0.97,0.98,0.975,4162.02,3151.3199999999997,2336.61,3891.54,0.13819950938969072,-0.2496616170130777,-0.04000000000000001,-0.31999999999999995,-0.30999999999999994,1.02,DOWN WATCH,-4,"UP5-,UP15-,UP30-,DOWN_BOOK_WEAK"
2026-09-21 12:14:36,1789992876,btc-updown-5m-1789992600,24,0.02,0.03,0.025,0.97,0.98,0.975,3702.8500000000004,2552.24,2503.9,3615.67,0.18394779291744812,-0.18167452941955073,-0.05000000000000001,-0.24000000000000002,-0.3,1.01,DOWN WATCH,-5,"UP5-,UP15-,UP30-"
2026-09-21 12:14:38,1789992877,btc-updown-5m-1789992600,23,0.01,0.02,0.015,0.98,0.99,0.985,2531.83,2722.38,2712.38,2513.78,-0.03626615609197199,0.03800113276286985,-0.06000000000000001,-0.25,-0.31,1.01,DOWN WATCH,-5,"UP5-,UP15-,UP30-"
2026-09-21 12:14:39,1789992879,btc-updown-5m-1789992600,21,0.01,0.02,0.015,0.98,0.99,0.985,1849.83,2621.27,2626.27,1668.35,-0.17253919617096464,0.22305116634300592,-0.020000000000000004,-0.18,-0.13,1.01,DOWN WATCH,-4,"UP15-,UP30-,DOWN_BOOK"
2026-09-21 12:14:41,1789992880,btc-updown-5m-1789992600,20,,0.01,,0.99,,,0,17414.95,19925.0,0,-1.0,1.0,,,,,WAIT,-2,"UP_BOOK_WEAK,DOWN_BOOK"
2026-09-21 12:14:43,1789992882,btc-updown-5m-1789992600,18,,0.01,,0.99,,,0,25078.12,37837.12,0,-1.0,1.0,,,,,WAIT,0,TIME FILTER
2026-09-21 12:14:44,1789992884,btc-updown-5m-1789992600,16,,0.01,,0.99,,,0,37896.91,37867.369999999995,0,-1.0,1.0,,,,,WAIT,0,TIME FILTER
2026-09-21 12:14:46,1789992885,btc-updown-5m-1789992600,15,,0.01,,0.99,,,0,37996.03999999999,37996.03999999999,0,-1.0,1.0,,,,,WAIT,0,TIME FILTER
2026-09-21 12:14:47,1789992887,btc-updown-5m-1789992600,13,,0.01,,0.99,,,0,39225.79,39176.10999999999,0,-1.0,1.0,,,,,WAIT,0,TIME FILTER
2026-09-21 12:14:49,1789992888,btc-updown-5m-1789992600,12,,0.01,,0.99,,,0,39969.299999999996,39944.299999999996,0,-1.0,1.0,,,,,WAIT,0,TIME FILTER
2026-09-21 12:14:50,1789992890,btc-updown-5m-1789992600,10,,0.01,,0.99,,,0,40203.21,40252.29,0,-1.0,1.0,,,,,WAIT,0,TIME FILTER
2026-09-21 12:14:52,1789992891,btc-updown-5m-1789992600,9,,0.01,,0.99,,,0,40290.29,40244.159999999996,0,-1.0,1.0,,,,,WAIT,0,TIME FILTER
2026-09-21 12:14:53,1789992893,btc-updown-5m-1789992600,7,,0.01,,0.99,,,0,48501.159999999996,48521.159999999996,0,-1.0,1.0,,,,,WAIT,0,TIME FILTER
2026-09-21 12:14:55,1789992894,btc-updown-5m-1789992600,6,,0.01,,0.99,,,0,48532.18,48532.18,0,-1.0,1.0,,,,,WAIT,0,TIME FILTER
2026-09-21 12:14:56,1789992896,btc-updown-5m-1789992600,4,,0.01,,0.99,,,0,48538.18,48423.18,0,-1.0,1.0,,,,,WAIT,0,TIME FILTER
2026-09-21 12:14:58,1789992897,btc-updown-5m-1789992600,3,,0.01,,0.99,,,0,59974.18,59974.18,0,-1.0,1.0,,,,,WAIT,0,TIME FILTER
2026-09-21 12:14:59,1789992899,btc-updown-5m-1789992600,1,,0.01,,0.99,,,0,60178.009999999995,59425.97,0,-1.0,1.0,,,,,WAIT,0,TIME FILTER
2026-09-21 12:15:01,1789992900,btc-updown-5m-1789992900,300,0.34,0.37,0.355,0.66,0.67,0.665,357.78,2529.95,1383.0,2773.87,-0.7522067506311187,-0.3345955009418144,,,,1.04,WAIT,0,TIME FILTER
2026-09-21 12:15:03,1789992902,btc-updown-5m-1789992900,298,0.33,0.34,0.335,0.66,0.67,0.665,2374.36,2886.3,1784.3,4343.36,-0.09731478559724446,-0.4176243459983092,,,,1.01,WAIT,0,TIME FILTER
2026-09-21 12:15:04,1789992904,btc-updown-5m-1789992900,296,0.33,0.34,0.335,0.64,0.65,0.645,4242.75,1224.8799999999999,2548.59,3682.75,0.55195212550959,-0.18200900608857803,,,,0.99,WAIT,0,TIME FILTER
2026-09-21 12:15:06,1789992905,btc-updown-5m-1789992900,295,0.39,0.4,0.395,0.6,0.61,0.605,1519.6399999999999,1894.75,1377.98,4077.19,-0.10986149795424663,-0.49479851223701554,0.040000000000000036,,,1.01,WAIT,0,TIME FILTER
2026-09-21 12:15:08,1789992907,btc-updown-5m-1789992900,293,0.39,0.4,0.395,0.6,0.61,0.605,1889.2,3236.19,3009.44,1451.17,-0.2628073180772585,0.3493401126751722,0.06,,,1.01,WAIT,0,TIME FILTER
2026-09-21 12:15:09,1789992909,btc-updown-5m-1789992900,291,0.4,0.41,0.405,0.59,0.6,0.595,2247.36,2407.57,3051.44,2099.38,-0.034417273729143084,0.18483658912561496,0.07,,,1.01,WAIT,0,TIME FILTER
2026-09-21 12:15:11,1789992910,btc-updown-5m-1789992900,290,0.39,0.4,0.395,0.6,0.61,0.605,1953.0,3825.81,3105.51,2079.07,-0.32408229375944186,0.19797939273769524,0.0,,,1.01,WAIT,0,TIME FILTER
2026-09-21 12:15:12,1789992912,btc-updown-5m-1789992900,288,0.45,0.46,0.455,0.53,0.54,0.535,2733.01,583.49,881.7800000000001,5087.089999999999,0.6481290517111414,-0.7045403903921513,0.06,,,1.0,WAIT,0,TIME FILTER
2026-09-21 12:15:14,1789992913,btc-updown-5m-1789992900,287,0.46,0.47,0.46499999999999997,0.53,0.54,0.535,3021.84,1603.1100000000001,1638.1100000000001,4178.1,0.3067557487107968,-0.43670878458652623,0.06999999999999995,,,1.01,WAIT,0,TIME FILTER
2026-09-21 12:15:16,1789992915,btc-updown-5m-1789992900,285,0.47,0.48,0.475,0.52,0.53,0.525,5381.46,2186.7,2000.28,4166.04,0.4221316674066088,-0.35122406881251705,0.07999999999999996,0.12,,1.01,UP WATCH,6,"UP5+,UP15+,UP_BOOK,DOWN_BOOK_WEAK"
2026-09-21 12:15:17,1789992917,btc-updown-5m-1789992900,283,0.49,0.5,0.495,0.5,0.51,0.505,4353.37,732.7,156.68,4987.35,0.7118797027960685,-0.9390827813990197,0.03999999999999998,0.15999999999999998,,1.01,UP WATCH,6,"UP5+,UP15+,UP_BOOK,DOWN_BOOK_WEAK"
2026-09-21 12:15:19,1789992918,btc-updown-5m-1789992900,282,0.48,0.49,0.485,0.51,0.52,0.515,1210.16,1420.27,1420.27,1210.16,-0.07987667415593644,0.07987667415593644,0.020000000000000018,0.14999999999999997,,1.01,WAIT,2,UP15+
2026-09-21 12:15:20,1789992920,btc-updown-5m-1789992900,280,0.43,0.44,0.435,0.56,0.57,0.565,2044.23,2080.7799999999997,2442.44,2464.9900000000002,-0.00886058458040095,-0.004595073184946129,-0.03999999999999998,0.03999999999999998,,1.01,WAIT,-2,UP5-
2026-09-21 12:15:22,1789992921,btc-updown-5m-1789992900,279,0.46,0.47,0.46499999999999997,0.54,0.55,0.545,207.0,4278.93,3617.5,725.63,-0.9077114444496459,0.6658492838114447,-0.010000000000000009,0.06999999999999995,,1.02,WAIT,0,"UP15+,UP_BOOK_WEAK,DOWN_BOOK"
2026-09-21 12:15:23,1789992923,btc-updown-5m-1789992900,277,0.41,0.42,0.415,0.58,0.59,0.585,1929.0400000000002,3152.5699999999997,4287.57,1482.49,-0.24077605325871124,0.4861439915702783,-0.07,0.019999999999999962,,1.01,DOWN WATCH,-4,"UP5-,UP_BOOK_WEAK,DOWN_BOOK"
2026-09-21 12:15:25,1789992924,btc-updown-5m-1789992900,276,0.4,0.41,0.405,0.59,0.6,0.595,1608.23,3169.88,3696.88,1603.23,-0.32683425036259106,0.3950201033563454,-0.07999999999999996,0.0,,1.01,DOWN WATCH,-4,"UP5-,UP_BOOK_WEAK,DOWN_BOOK"
2026-09-21 12:15:26,1789992926,btc-updown-5m-1789992900,274,0.39,0.4,0.395,0.6,0.61,0.605,3065.6800000000003,1912.26,2653.86,2447.6400000000003,0.23170628814328822,0.040423404880917335,-0.06999999999999995,0.0,,1.01,WAIT,-1,"UP5-,UP_BOOK"
2026-09-21 12:15:28,1789992927,btc-updown-5m-1789992900,273,0.39,0.4,0.395,0.6,0.61,0.605,4634.570000000001,1932.76,1849.76,4638.570000000001,0.41140158938259536,-0.4298193834160716,-0.06999999999999995,-0.06,,1.01,WAIT,-2,"UP5-,UP15-,UP_BOOK,DOWN_BOOK_WEAK"
2026-09-21 12:15:29,1789992929,btc-updown-5m-1789992900,271,0.4,0.41,0.405,0.59,0.6,0.595,5535.7300000000005,1329.76,1916.76,5545.7300000000005,0.6126248818365477,-0.4862947890047424,0.0,-0.05999999999999994,,1.01,WAIT,0,"UP15-,UP_BOOK,DOWN_BOOK_WEAK"
2026-09-21 12:15:31,1789992930,btc-updown-5m-1789992900,270,0.41,0.42,0.415,0.58,0.59,0.585,4865.95,1624.76,1457.8,4824.95,0.499358313651357,-0.5359356969479925,0.009999999999999953,-0.06,0.06,1.01,WAIT,0,"UP15-,UP_BOOK,DOWN_BOOK_WEAK"
2026-09-21 12:15:32,1789992932,btc-updown-5m-1789992900,268,0.42,0.43,0.425,0.61,0.66,0.635,96.01,3278.8500000000004,1428.93,1057.67,-0.9431028250060742,0.149304270891981,0.02999999999999997,-0.07,0.08999999999999997,1.09,WAIT,-2,"UP15-,UP30+,UP_BOOK_WEAK"
2026-09-21 12:15:34,1789992933,btc-updown-5m-1789992900,267,0.32,0.33,0.325,0.67,0.68,0.675,1641.8799999999999,2602.8900000000003,3045.89,3013.99,-0.2263986034579024,0.005264130642851029,-0.07,-0.15999999999999998,-0.010000000000000009,1.01,DOWN WATCH,-5,"UP5-,UP15-,UP_BOOK_WEAK"
2026-09-21 12:15:35,1789992935,btc-updown-5m-1789992900,265,0.31,0.32,0.315,0.68,0.69,0.685,2665.77,3733.3599999999997,3920.3599999999997,2826.77,-0.16683361644473543,0.1620822483040937,-0.09999999999999998,-0.12,-0.08000000000000002,1.01,DOWN WATCH,-5,"UP5-,UP15-,UP30-"
2026-09-21 12:15:37,1789992936,btc-updown-5m-1789992900,264,0.31,0.32,0.315,0.68,0.69,0.685,1670.2,3908.0499999999993,2454.73,2123.75,-0.40117420337919596,0.0722903671087348,-0.09999999999999998,-0.14999999999999997,-0.08000000000000002,1.01,DOWN WATCH,-6,"UP5-,UP15-,UP30-,UP_BOOK_WEAK"
2026-09-21 12:15:38,1789992938,btc-updown-5m-1789992900,262,0.3,0.31,0.305,0.69,0.7,0.695,1497.0,2881.08,4901.81,396.0,-0.31613858129591055,0.8505042649698649,-0.020000000000000018,-0.10999999999999999,-0.09000000000000002,1.01,DOWN WATCH,-5,"UP15-,UP30-,UP_BOOK_WEAK,DOWN_BOOK"
2026-09-21 12:15:40,1789992939,btc-updown-5m-1789992900,261,0.27,0.28,0.275,0.72,0.73,0.725,2076.61,3775.3999999999996,3920.3199999999997,2819.84,-0.2902917117366511,0.16327208849641545,-0.04999999999999999,-0.13,-0.13,1.01,DOWN WATCH,-6,"UP5-,UP15-,UP30-,UP_BOOK_WEAK"
2026-09-21 12:15:42,1789992941,btc-updown-5m-1789992900,259,0.27,0.28,0.275,0.72,0.73,0.725,3297.1899999999996,2571.5000000000005,2657.9200000000005,4367.32,0.12365451233580221,-0.2433226480518814,-0.03999999999999998,-0.12,-0.12,1.01,DOWN WATCH,-4,"UP5-,UP15-,UP30-,DOWN_BOOK_WEAK"
2026-09-21 12:15:43,1789992943,btc-updown-5m-1789992900,257,0.28,0.29,0.28500000000000003,0.71,0.72,0.715,5302.54,985.12,2656.92,4962.54,0.6866497234265212,-0.3025962469781323,-0.019999999999999962,-0.10999999999999999,-0.17999999999999994,1.01,WAIT,-1,"UP15-,UP30-,UP_BOOK,DOWN_BOOK_WEAK"
2026-09-21 12:15:45,1789992944,btc-updown-5m-1789992900,256,0.32,0.33,0.325,0.66,0.67,0.665,2199.99,2500.75,3434.66,1934.99,-0.06398141569199747,0.2792863594461464,0.04999999999999999,-0.08000000000000002,-0.13999999999999996,1.0,WAIT,-2,"UP5+,UP15-,UP30-,DOWN_BOOK"
2026-09-21 12:15:46,1789992946,btc-updown-5m-1789992900,254,0.33,0.34,0.335,0.67,0.68,0.675,686.0,3656.39,3781.1499999999996,2258.77,-0.6840449614152576,0.2520530073246003,0.06,-0.07999999999999996,-0.13999999999999996,1.02,WAIT,-3,"UP5+,UP15-,UP30-,UP_BOOK_WEAK,DOWN_BOOK"
2026-09-21 12:15:48,1789992947,btc-updown-5m-1789992900,253,0.32,0.33,0.325,0.67,0.68,0.675,1694.21,4232.3099999999995,4287.3099999999995,2349.31,-0.42826144179046044,0.292016116637686,0.04999999999999999,-0.09999999999999998,-0.16999999999999998,1.01,WAIT,-3,"UP5+,UP15-,UP30-,UP_BOOK_WEAK,DOWN_BOOK"
2026-09-21 12:15:49,1789992949,btc-updown-5m-1789992900,251,0.26,0.27,0.265,0.73,0.74,0.735,2524.4400000000005,2489.1800000000003,2697.18,2677.4400000000005,0.007032842536929446,0.0036728177992117255,-0.06,-0.06,-0.21999999999999997,1.01,DOWN WATCH,-5,"UP5-,UP15-,UP30-"
2026-09-21 12:15:51,1789992950,btc-updown-5m-1789992900,250,0.41,0.42,0.415,0.58,0.6,0.59,338.76,1316.7800000000002,1945.25,803.16,-0.5907558862969183,0.41554571552279324,0.08999999999999997,0.09999999999999998,-0.020000000000000018,1.02,WAIT,2,"UP5+,UP15+,UP_BOOK_WEAK,DOWN_BOOK"
2026-09-21 12:15:52,1789992952,btc-updown-5m-1789992900,248,0.4,0.41,0.405,0.59,0.6,0.595,4268.09,1949.46,2560.0499999999997,4318.39,0.3729169849860476,-0.2556306371793605,0.08000000000000002,0.09000000000000002,-0.05999999999999994,1.01,UP WATCH,6,"UP5+,UP15+,UP_BOOK,DOWN_BOOK_WEAK"
2026-09-21 12:15:54,1789992953,btc-updown-5m-1789992900,247,0.4,0.41,0.405,0.59,0.6,0.595,3894.4,2238.78,2901.8399999999997,4001.08,0.26994479209806327,-0.1592427552398116,0.08000000000000002,0.10000000000000003,-0.009999999999999953,1.01,UP WATCH,5,"UP5+,UP15+,UP_BOOK"
2026-09-21 12:15:55,1789992955,btc-updown-5m-1789992900,245,0.44,0.45,0.445,0.55,0.56,0.555,2808.03,1644.9299999999998,1458.9299999999998,3473.17,0.26119704645898467,-0.40839399038948926,0.030000000000000027,0.16999999999999998,0.03999999999999998,1.01,UP WATCH,6,"UP5+,UP15+,UP_BOOK,DOWN_BOOK_WEAK"
2026-09-21 12:15:57,1789992956,btc-updown-5m-1789992900,244,0.45,0.46,0.455,0.54,0.55,0.545,1735.2800000000002,1539.5599999999997,1649.4899999999998,2931.5600000000004,0.05976475186574015,-0.27986378668645845,0.040000000000000036,0.18,0.06,1.01,UP WATCH,5,"UP5+,UP15+,DOWN_BOOK_WEAK"
2026-09-21 12:15:58,1789992958,btc-updown-5m-1789992900,242,0.44,0.45,0.445,0.55,0.56,0.555,2628.33,2087.2099999999996,2000.2099999999996,3726.9700000000003,0.11475249918355065,-0.30150265924940384,0.03999999999999998,0.15999999999999998,0.04999999999999999,1.01,UP WATCH,5,"UP5+,UP15+,DOWN_BOOK_WEAK"
2026-09-21 12:16:00,1789992959,btc-updown-5m-1789992900,241,0.46,0.47,0.46499999999999997,0.53,0.54,0.535,3200.8,1424.29,1323.08,4947.48,0.38410279583748647,-0.5780026026383608,0.05999999999999994,0.13999999999999996,0.05999999999999994,1.01,UP WATCH,6,"UP5+,UP15+,UP_BOOK,DOWN_BOOK_WEAK"
2026-09-21 12:16:01,1789992961,btc-updown-5m-1789992900,239,0.46,0.47,0.46499999999999997,0.53,0.54,0.535,3135.67,1529.36,1619.36,4722.8099999999995,0.34433004718083277,-0.4893356690218017,0.009999999999999953,0.12999999999999995,0.04999999999999999,1.01,UP WATCH,4,"UP15+,UP_BOOK,DOWN_BOOK_WEAK"
2026-09-21 12:16:03,1789992962,btc-updown-5m-1789992900,238,0.46,0.47,0.46499999999999997,0.53,0.54,0.535,2392.13,1860.5,1900.5,2842.2400000000002,0.1250120513658607,-0.19856454285919117,0.009999999999999953,0.13999999999999996,0.03999999999999998,1.01,WAIT,2,UP15+
2026-09-21 12:16:05,1789992964,btc-updown-5m-1789992900,236,0.46,0.47,0.46499999999999997,0.53,0.54,0.535,2498.3900000000003,1953.5,2053.39,3045.19,0.12239520742875504,-0.19452475002843933,0.0,0.19999999999999996,0.13999999999999996,1.01,WAIT,3,"UP15+,UP30+"
2026-09-21 12:16:06,1789992966,btc-updown-5m-1789992900,234,0.46,0.47,0.46499999999999997,0.53,0.54,0.535,2263.37,2151.74,2418.1400000000003,2906.0200000000004,0.02528362826747241,-0.09163511239331651,0.0,0.04999999999999999,0.14999999999999997,1.01,WAIT,1,UP30+
2026-09-21 12:16:08,1789992967,btc-updown-5m-1789992900,233,0.46,0.47,0.46499999999999997,0.53,0.54,0.535,2547.2,1999.2500000000002,1949.25,3266.3100000000004,0.1205226055493846,-0.2525251363228494,0.0,0.05999999999999994,0.14999999999999997,1.01,UP WATCH,4,"UP15+,UP30+,DOWN_BOOK_WEAK"
2026-09-21 12:16:09,1789992969,btc-updown-5m-1789992900,231,0.47,0.48,0.475,0.52,0.53,0.525,3504.3100000000004,2383.5299999999997,2427.5299999999997,3580.3100000000004,0.19035503682165286,-0.19187927774374827,0.010000000000000009,0.06999999999999995,0.19999999999999996,1.01,WAIT,3,"UP15+,UP30+"
2026-09-21 12:16:11,1789992970,btc-updown-5m-1789992900,230,0.47,0.48,0.475,0.51,0.52,0.515,4363.280000000001,2044.91,3729.44,3730.45,0.3617823441564624,-0.00013539073632449857,0.010000000000000009,0.02999999999999997,0.19999999999999996,1.0,WAIT,2,"UP30+,UP_BOOK"
2026-09-21 12:16:12,1789992972,btc-updown-5m-1789992900,228,0.48,0.49,0.485,0.5,0.52,0.51,5107.95,1733.09,726.0,3643.66,0.4933255762281758,-0.6677087004480897,0.020000000000000018,0.02999999999999997,0.20999999999999996,1.01,WAIT,3,"UP30+,UP_BOOK,DOWN_BOOK_WEAK"
2026-09-21 12:16:14,1789992973,btc-updown-5m-1789992900,227,0.5,0.51,0.505,0.49,0.5,0.495,3726.96,1883.6399999999999,1863.6399999999999,3681.96,0.32854240188215167,-0.32788517022504327,0.040000000000000036,0.06,0.21999999999999997,1.01,UP WATCH,7,"UP5+,UP15+,UP30+,UP_BOOK,DOWN_BOOK_WEAK"
2026-09-21 12:16:15,1789992975,btc-updown-5m-1789992900,225,0.5,0.51,0.505,0.49,0.5,0.495,3087.18,2047.28,2163.94,2981.9799999999996,0.20253346992673033,-0.15896865866550577,0.030000000000000027,0.040000000000000036,0.18,1.01,UP WATCH,4,"UP5+,UP30+,UP_BOOK"
2026-09-21 12:16:17,1789992976,btc-updown-5m-1789992900,224,0.5,0.51,0.505,0.49,0.5,0.495,3338.14,2085.87,1461.0900000000001,3419.14,0.23087531180805343,-0.4012208440995609,0.030000000000000027,0.040000000000000036,0.16999999999999998,1.01,UP WATCH,5,"UP5+,UP30+,UP_BOOK,DOWN_BOOK_WEAK"
2026-09-21 12:16:18,1789992978,btc-updown-5m-1789992900,222,0.5,0.51,0.505,0.49,0.5,0.495,4261.36,1575.87,1715.87,4273.23,0.4600623926074525,-0.4270023876709355,0.0,0.040000000000000036,0.18,1.01,WAIT,3,"UP30+,UP_BOOK,DOWN_BOOK_WEAK"
2026-09-21 12:16:20,1789992979,btc-updown-5m-1789992900,221,0.5,0.51,0.505,0.49,0.5,0.495,2997.8399999999997,1972.02,2005.9099999999999,2857.8399999999997,0.2064082288032258,-0.17515908506810585,0.0,0.040000000000000036,0.24,1.01,WAIT,2,"UP30+,UP_BOOK"
2026-09-21 12:16:21,1789992981,btc-updown-5m-1789992900,219,0.5,0.51,0.505,0.49,0.5,0.495,2548.7599999999998,1251.0900000000001,834.28,2831.7599999999998,0.34150558574680573,-0.5448603943219386,0.0,0.040000000000000036,0.09000000000000002,1.01,WAIT,3,"UP30+,UP_BOOK,DOWN_BOOK_WEAK"
2026-09-21 12:16:23,1789992982,btc-updown-5m-1789992900,218,0.5,0.51,0.505,0.49,0.5,0.495,3247.5299999999997,1553.97,1578.97,3691.17,0.35271477663230233,-0.4007863168720375,0.0,0.040000000000000036,0.09999999999999998,1.01,WAIT,3,"UP30+,UP_BOOK,DOWN_BOOK_WEAK"
2026-09-21 12:16:24,1789992984,btc-updown-5m-1789992900,216,0.52,0.53,0.525,0.5,0.51,0.505,475.95,2194.3500000000004,267.69,195.34,-0.6435231996404899,0.15625337451137075,0.020000000000000018,0.050000000000000044,0.12,1.04,WAIT,2,"UP15+,UP30+,UP_BOOK_WEAK"
2026-09-21 12:16:26,1789992985,btc-updown-5m-1789992900,215,0.61,0.62,0.615,0.38,0.39,0.385,756.0,2047.0,3563.44,772.0,-0.46057795219407777,0.6438654438765153,0.10999999999999999,0.14,0.16999999999999998,1.01,WAIT,3,"UP5+,UP15+,UP30+,UP_BOOK_WEAK,DOWN_BOOK"
2026-09-21 12:16:28,1789992987,btc-updown-5m-1789992900,213,0.58,0.59,0.585,0.41,0.42,0.415,2293.88,2632.8,2753.99,1534.82,-0.06879277728612374,0.2842676639907107,0.07999999999999996,0.09999999999999998,0.12999999999999995,1.01,UP WATCH,4,"UP5+,UP15+,UP30+,DOWN_BOOK"
2026-09-21 12:16:29,1789992989,btc-updown-5m-1789992900,211,0.58,0.59,0.585,0.4,0.41,0.405,2976.56,2155.1800000000003,2988.59,2585.41,0.1600587714888127,0.07233225690706858,0.05999999999999994,0.07999999999999996,0.12,1.0,UP WATCH,5,"UP5+,UP15+,UP30+"
2026-09-21 12:16:31,1789992990,btc-updown-5m-1789992900,210,0.6,0.61,0.605,0.39,0.4,0.395,3067.1600000000003,3191.9100000000003,3755.7700000000004,2910.73,-0.01993107602247618,0.12675916897922454,-0.010000000000000009,0.09999999999999998,0.14,1.01,WAIT,3,"UP15+,UP30+"
2026-09-21 12:16:32,1789992992,btc-updown-5m-1789992900,208,0.6,0.61,0.605,0.39,0.4,0.395,2987.9,2360.0899999999997,2399.8399999999997,2973.5,0.1173917677482569,-0.1067604134486186,0.020000000000000018,0.09999999999999998,0.14,1.01,WAIT,3,"UP15+,UP30+"
2026-09-21 12:16:34,1789992993,btc-updown-5m-1789992900,207,0.6,0.61,0.605,0.39,0.4,0.395,2794.62,2236.6600000000003,2590.9900000000002,2872.06,0.1108982207311061,-0.051449281994490205,0.020000000000000018,0.09999999999999998,0.14,1.01,WAIT,3,"UP15+,UP30+"
2026-09-21 12:16:35,1789992995,btc-updown-5m-1789992900,205,0.61,0.62,0.615,0.38,0.39,0.385,3802.22,2405.7600000000007,1875.38,3740.22,0.22494595665578804,-0.3320820571265759,0.010000000000000009,0.10999999999999999,0.15000000000000002,1.01,UP WATCH,5,"UP15+,UP30+,UP_BOOK,DOWN_BOOK_WEAK"
2026-09-21 12:16:37,1789992996,btc-updown-5m-1789992900,204,0.64,0.65,0.645,0.36,0.37,0.365,524.35,3079.75,3279.5699999999997,1251.26,-0.7090258316916845,0.44766852872431756,0.040000000000000036,0.14,0.18000000000000005,1.02,WAIT,3,"UP5+,UP15+,UP30+,UP_BOOK_WEAK,DOWN_BOOK"
2026-09-21 12:16:39,1789992998,btc-updown-5m-1789992900,202,0.68,0.69,0.685,0.31,0.32,0.315,2589.75,1224.8,1103.73,2626.2799999999997,0.3578272666500636,-0.4081892541843051,0.08000000000000007,0.18000000000000005,0.22000000000000008,1.01,UP WATCH,7,"UP5+,UP15+,UP30+,UP_BOOK,DOWN_BOOK_WEAK"
2026-09-21 12:16:40,1789993000,btc-updown-5m-1789992900,200,0.7,0.71,0.705,0.28,0.29,0.28500000000000003,3535.09,783.0,1719.76,2139.76,0.6373396571169198,-0.10882182240278589,0.08999999999999997,0.08999999999999997,0.22999999999999998,1.0,UP WATCH,6,"UP5+,UP15+,UP30+,UP_BOOK"
2026-09-21 12:16:42,1789993001,btc-updown-5m-1789992900,199,0.69,0.7,0.695,0.3,0.31,0.305,3122.7200000000003,1668.9699999999998,1005.97,2474.7200000000003,0.3033898269712774,-0.42197093105102723,0.04999999999999993,0.07999999999999996,0.21999999999999997,1.01,UP WATCH,7,"UP5+,UP15+,UP30+,UP_BOOK,DOWN_BOOK_WEAK"
2026-09-21 12:16:43,1789993003,btc-updown-5m-1789992900,197,0.68,0.69,0.685,0.31,0.32,0.315,2606.04,3343.67,3394.1000000000004,2569.2000000000003,-0.1239774711708638,0.13832944845974543,0.0,0.10000000000000009,0.18000000000000005,1.01,WAIT,3,"UP15+,UP30+"
2026-09-21 12:16:45,1789993004,btc-updown-5m-1789992900,196,0.66,0.67,0.665,0.33,0.34,0.335,1932.03,2616.75,1615.69,2163.24,-0.15052827351509637,-0.14489551275096382,-0.020000000000000018,0.08000000000000007,0.16000000000000003,1.01,WAIT,3,"UP15+,UP30+"
2026-09-21 12:16:46,1789993006,btc-updown-5m-1789992900,194,0.57,0.58,0.575,0.42,0.43,0.425,845.9799999999999,1245.6,1662.53,761.8,-0.19106130293844845,0.3715377032004719,-0.12,-0.030000000000000027,0.06999999999999995,1.01,WAIT,-3,"UP5-,DOWN_BOOK"
2026-09-21 12:16:48,1789993007,btc-updown-5m-1789992900,193,0.5,0.51,0.505,0.48,0.5,0.49,2695.68,665.21,837.68,3405.59,0.6041465207132635,-0.6051724259827915,-0.18999999999999995,-0.09999999999999998,0.0,1.01,WAIT,-2,"UP5-,UP15-,UP_BOOK,DOWN_BOOK_WEAK"
2026-09-21 12:16:49,1789993009,btc-updown-5m-1789992900,191,0.58,0.59,0.585,0.41,0.42,0.415,2849.41,2016.54,2221.44,2022.4099999999999,0.17116287672499716,0.046898453055598144,-0.08000000000000007,-0.020000000000000018,0.07999999999999996,1.01,WAIT,-1,"UP5-,UP30+"
2026-09-21 12:16:51,1789993010,btc-updown-5m-1789992900,190,0.58,0.59,0.585,0.41,0.42,0.415,2404.58,1980.1200000000001,2206.2400000000002,1651.8999999999999,0.09680479850388848,0.14368063367322087,-0.08000000000000007,-0.030000000000000027,0.07999999999999996,1.01,WAIT,-1,"UP5-,UP30+"
2026-09-21 12:16:52,1789993012,btc-updown-5m-1789992900,188,0.55,0.56,0.555,0.44,0.45,0.445,1977.69,2388.92,2238.1800000000003,1794.56,-0.09417603129200912,0.11000461224874411,0.050000000000000044,-0.08999999999999997,0.050000000000000044,1.01,WAIT,0,"UP5+,UP15-"
2026-09-21 12:16:54,1789993013,btc-updown-5m-1789992900,187,0.55,0.56,0.555,0.44,0.45,0.445,2985.69,1792.13,1266.2900000000002,2890.69,0.2498126760740254,-0.3907644491914803,0.050000000000000044,-0.13,0.050000000000000044,1.01,WAIT,2,"UP5+,UP15-,UP_BOOK,DOWN_BOOK_WEAK"
2026-09-21 12:16:55,1789993015,btc-updown-5m-1789992900,185,0.55,0.56,0.555,0.43,0.44,0.435,2129.88,2179.1699999999996,3477.7699999999995,2206.9300000000003,-0.011438716190343466,0.22355445318134629,-0.029999999999999916,-0.1499999999999999,-0.05999999999999994,1.0,WAIT,-3,"UP15-,DOWN_BOOK"
2026-09-21 12:16:57,1789993016,btc-updown-5m-1789992900,184,0.55,0.56,0.555,0.47,0.48,0.475,55.0,4398.38,1985.6100000000001,623.3599999999999,-0.9752996600335027,0.5221409215130876,-0.029999999999999916,-0.1399999999999999,-0.05999999999999994,1.04,DOWN WATCH,-4,"UP15-,UP_BOOK_WEAK,DOWN_BOOK"
2026-09-21 12:16:58,1789993018,btc-updown-5m-1789992900,182,0.48,0.49,0.485,0.51,0.52,0.515,1982.67,2005.44,3637.68,655.42,-0.005709471403747635,0.6946635298502248,-0.07000000000000006,-0.20000000000000007,-0.09999999999999998,1.01,DOWN WATCH,-6,"UP5-,UP15-,UP30-,DOWN_BOOK"
2026-09-21 12:17:00,1789993019,btc-updown-5m-1789992900,181,0.46,0.47,0.46499999999999997,0.53,0.54,0.535,1704.8200000000002,1413.23,1151.87,2728.91,0.09351678132165941,-0.40637191492431934,-0.09000000000000008,-0.20000000000000007,-0.12,1.01,DOWN WATCH,-4,"UP5-,UP15-,UP30-,DOWN_BOOK_WEAK"
2026-09-21 12:17:01,1789993021,btc-updown-5m-1789992900,179,0.46,0.47,0.46499999999999997,0.53,0.54,0.535,1344.74,1968.8199999999997,2383.45,1583.3,-0.18834124023708634,0.2017142497006365,-0.09000000000000008,-0.10999999999999999,-0.14,1.01,DOWN WATCH,-6,"UP5-,UP15-,UP30-,DOWN_BOOK"
2026-09-21 12:17:03,1789993022,btc-updown-5m-1789992900,178,0.38,0.39,0.385,0.61,0.62,0.615,876.8199999999999,339.17,975.41,1234.57,0.4421500176810663,-0.11726802957492827,-0.17000000000000004,-0.12,-0.21999999999999997,1.01,DOWN WATCH,-4,"UP5-,UP15-,UP30-,UP_BOOK"
2026-09-21 12:17:05,1789993024,btc-updown-5m-1789992900,176,0.38,0.39,0.385,0.6,0.61,0.605,2291.14,1258.58,95.75,3028.14,0.2908849148665247,-0.9386982256097366,-0.07999999999999996,-0.19999999999999996,-0.21999999999999997,1.0,WAIT,-3,"UP5-,UP15-,UP30-,UP_BOOK,DOWN_BOOK_WEAK"
2026-09-21 12:17:06,1789993026,btc-updown-5m-1789992900,174,0.43,0.44,0.435,0.56,0.57,0.565,2575.04,2232.8199999999997,2221.2799999999997,2651.64,0.07117927726680899,-0.08831665613225748,-0.02999999999999997,-0.14999999999999997,-0.21000000000000002,1.01,WAIT,-3,"UP15-,UP30-"
2026-09-21 12:17:08,1789993027,btc-updown-5m-1789992900,173,0.5,0.51,0.505,0.49,0.5,0.495,2130.79,1477.77,1808.99,2029.0,0.18096415190546922,-0.05732427650931868,0.12,-0.050000000000000044,-0.14,1.01,WAIT,-1,"UP5+,UP15-,UP30-"
2026-09-21 12:17:09,1789993029,btc-updown-5m-1789992900,171,0.5,0.51,0.505,0.49,0.5,0.495,2594.07,2705.24,2571.92,2569.18,-0.020978202822631555,0.000532959872400894,0.12,-0.050000000000000044,-0.18000000000000005,1.01,WAIT,-1,"UP5+,UP15-,UP30-"
2026-09-21 12:17:11,1789993030,btc-updown-5m-1789992900,170,0.5,0.51,0.505,0.49,0.5,0.495,1347.0,4385.5599999999995,2934.38,1835.1100000000001,-0.5300528908550455,0.23047956909438955,0.12,-0.050000000000000044,-0.19999999999999996,1.01,WAIT,-3,"UP5+,UP15-,UP30-,UP_BOOK_WEAK,DOWN_BOOK"
2026-09-21 12:17:12,1789993032,btc-updown-5m-1789992900,168,0.5,0.51,0.505,0.49,0.5,0.495,1827.17,3739.2799999999997,3294.2799999999997,1772.17,-0.34350618437244557,0.3004292946737853,0.0,-0.050000000000000044,-0.18999999999999995,1.01,DOWN WATCH,-5,"UP15-,UP30-,UP_BOOK_WEAK,DOWN_BOOK"
2026-09-21 12:17:14,1789993033,btc-updown-5m-1789992900,167,0.56,0.57,0.565,0.43,0.44,0.435,1124.19,3623.0099999999998,3562.5899999999997,1715.08,-0.5263776541961577,0.35006167494367774,0.05999999999999994,0.07999999999999996,-0.1200000000000001,1.01,WAIT,1,"UP5+,UP15+,UP30-,UP_BOOK_WEAK,DOWN_BOOK"
2026-09-21 12:17:15,1789993035,btc-updown-5m-1789992900,165,0.56,0.57,0.565,0.43,0.44,0.435,1928.35,2655.0699999999997,3612.05,1541.0,-0.1585540927953362,0.40190760811558207,0.05999999999999994,0.09999999999999998,-0.10000000000000009,1.01,WAIT,2,"UP5+,UP15+,UP30-,DOWN_BOOK"
2026-09-21 12:17:17,1789993036,btc-updown-5m-1789992900,164,0.54,0.55,0.545,0.45,0.46,0.455,2435.11,2267.68,2297.83,1151.91,0.03560227014176697,0.3321757581730797,0.040000000000000036,0.08000000000000007,-0.029999999999999916,1.01,WAIT,3,"UP5+,UP15+,DOWN_BOOK"
2026-09-21 12:17:18,1789993038,btc-updown-5m-1789992900,162,0.47,0.48,0.475,0.54,0.55,0.545,118.0,4530.43,3073.74,410.0,-0.949230170186493,0.7646207811145493,-0.08999999999999997,0.08999999999999997,-0.030000000000000027,1.03,WAIT,-2,"UP5-,UP15+,UP_BOOK_WEAK,DOWN_BOOK"
2026-09-21 12:17:20,1789993039,btc-updown-5m-1789992900,161,0.45,0.46,0.455,0.54,0.55,0.545,77.0,1361.53,2418.25,1004.19,-0.8929462715410871,0.4131730578183985,-0.10999999999999993,0.07,-0.12999999999999995,1.01,WAIT,-3,"UP5-,UP15+,UP30-,UP_BOOK_WEAK,DOWN_BOOK"
2026-09-21 12:17:21,1789993041,btc-updown-5m-1789992900,159,0.41,0.42,0.415,0.57,0.59,0.58,2089.94,1658.79,141.69,3752.4,0.11501228416023562,-0.927228184248438,-0.13000000000000006,-0.020000000000000018,-0.16999999999999998,1.01,WAIT,-2,"UP5-,UP30-,DOWN_BOOK_WEAK"
2026-09-21 12:17:23,1789993042,btc-updown-5m-1789992900,158,0.55,0.56,0.555,0.44,0.45,0.445,2428.43,2054.48,1824.82,2464.41,0.083416798463498,-0.1491153423808003,0.010000000000000009,0.050000000000000044,0.0,1.01,WAIT,2,UP15+
2026-09-21 12:17:25,1789993044,btc-updown-5m-1789992900,156,0.53,0.54,0.535,0.46,0.47,0.46499999999999997,1586.44,3871.6000000000004,2833.95,1601.44,-0.41867776711053784,0.27788086278771423,0.08000000000000002,0.030000000000000027,-0.020000000000000018,1.01,WAIT,0,"UP5+,UP_BOOK_WEAK,DOWN_BOOK"
2026-09-21 12:17:26,1789993046,btc-updown-5m-1789992900,154,0.53,0.54,0.535,0.46,0.47,0.46499999999999997,1985.7,3785.13,2228.3199999999997,2037.03,-0.31181476494715665,0.044847433387646914,0.12000000000000005,0.030000000000000027,-0.020000000000000018,1.01,WAIT,1,"UP5+,UP_BOOK_WEAK"
2026-09-21 12:17:28,1789993047,btc-updown-5m-1789992900,153,0.51,0.52,0.515,0.47,0.48,0.475,2572.69,1422.0,1679.0,3257.71,0.2880548928702853,-0.319789900561305,-0.040000000000000036,0.010000000000000009,-0.040000000000000036,1.0,WAIT,0,"UP5-,UP_BOOK,DOWN_BOOK_WEAK"
2026-09-21 12:17:29,1789993049,btc-updown-5m-1789992900,151,0.5,0.51,0.505,0.49,0.5,0.495,1896.19,3062.46,2977.76,2178.32,-0.23519909652828896,0.15504802097717646,-0.030000000000000027,-0.05999999999999994,0.040000000000000036,1.01,DOWN WATCH,-5,"UP5-,UP15-,UP_BOOK_WEAK"
2026-09-21 12:17:31,1789993050,btc-updown-5m-1789992900,150,0.5,0.51,0.505,0.47,0.48,0.475,3988.1000000000004,1467.31,1447.0,3127.41,0.4620715949855282,-0.3673501063525132,-0.030000000000000027,-0.05999999999999994,0.040000000000000036,0.99,WAIT,-2,"UP5-,UP15-,UP_BOOK,DOWN_BOOK_WEAK"
2026-09-21 12:17:32,1789993052,btc-updown-5m-1789992900,148,0.51,0.52,0.515,0.52,0.55,0.535,1096.0,2158.77,1199.13,791.9,-0.3265269128079711,0.20453232748878725,0.0,-0.030000000000000027,0.13,1.07,WAIT,-1,"UP30+,UP_BOOK_WEAK,DOWN_BOOK"
2026-09-21 12:17:34,1789993053,btc-updown-5m-1789992900,147,0.47,0.48,0.475,0.52,0.53,0.525,223.11,715.91,1827.8799999999999,2101.76,-0.5248024536218611,-0.06969595179202175,-0.040000000000000036,0.0,0.08999999999999997,1.01,WAIT,-2,"UP5-,UP30+,UP_BOOK_WEAK"
2026-09-21 12:17:36,1789993055,btc-updown-5m-1789992900,145,0.49,0.5,0.495,0.5,0.51,0.505,2075.48,2243.06,2620.87,834.1800000000001,-0.038804781245513516,0.5171242094904559,-0.010000000000000009,0.03999999999999998,0.10999999999999999,1.01,WAIT,0,"UP30+,DOWN_BOOK"
2026-09-21 12:17:37,1789993057,btc-updown-5m-1789992900,143,0.44,0.45,0.445,0.55,0.56,0.555,1340.79,3307.09,2541.35,2041.4,-0.42305309087153714,0.10909388467623148,-0.07,-0.11000000000000004,-0.06,1.01,DOWN WATCH,-5,"UP5-,UP15-,UP_BOOK_WEAK"
2026-09-21 12:17:39,1789993058,btc-updown-5m-1789992900,142,0.44,0.45,0.445,0.55,0.56,0.555,1002.95,2922.18,2622.3599999999997,986.95,-0.4889596013380448,0.4531087659414126,-0.02999999999999997,-0.11000000000000004,-0.06,1.01,DOWN WATCH,-4,"UP15-,UP_BOOK_WEAK,DOWN_BOOK"
2026-09-21 12:17:40,1789993060,btc-updown-5m-1789992900,140,0.41,0.42,0.415,0.36,0.44,0.4,2414.05,298.28,302.28000000000003,36.0,0.7800562615905884,0.7871585668676836,-0.08000000000000002,-0.12000000000000005,-0.09000000000000002,0.86,DOWN WATCH,-5,"UP5-,UP15-,UP30-,UP_BOOK,DOWN_BOOK"
2026-09-21 12:17:42,1789993061,btc-updown-5m-1789992900,139,0.77,0.78,0.775,0.22,0.23,0.225,429.7,1978.1200000000001,2011.7000000000003,429.7,-0.6430796321984201,0.6479888588514787,0.28,0.24,0.27,1.01,WAIT,3,"UP5+,UP15+,UP30+,UP_BOOK_WEAK,DOWN_BOOK"
2026-09-21 12:17:43,1789993063,btc-updown-5m-1789992900,137,0.82,0.83,0.825,0.17,0.18,0.175,1083.88,2944.1099999999997,3441.0,1156.01,-0.46182587345052983,0.4970600455513474,0.37999999999999995,0.30999999999999994,0.26,1.01,WAIT,3,"UP5+,UP15+,UP30+,UP_BOOK_WEAK,DOWN_BOOK"
2026-09-21 12:17:45,1789993064,btc-updown-5m-1789992900,136,0.82,0.83,0.825,0.17,0.18,0.175,1561.66,3800.6800000000003,4106.54,1428.75,-0.4175453253616892,0.48376688484252856,0.37999999999999995,0.31999999999999995,0.26,1.01,WAIT,3,"UP5+,UP15+,UP30+,UP_BOOK_WEAK,DOWN_BOOK"
2026-09-21 12:17:46,1789993066,btc-updown-5m-1789992900,134,0.8,0.81,0.805,0.19,0.2,0.195,2701.13,1948.57,1577.69,3059.05,0.16185130223455282,-0.31948308509858225,0.030000000000000027,0.30000000000000004,0.26,1.01,UP WATCH,6,"UP5+,UP15+,UP30+,DOWN_BOOK_WEAK"
2026-09-21 12:17:48,1789993067,btc-updown-5m-1789992900,133,0.81,0.82,0.815,0.18,0.19,0.185,3800.9,2261.89,1747.37,3801.4700000000003,0.25384517689050756,-0.3701854802084761,0.039999999999999925,0.29999999999999993,0.2699999999999999,1.01,UP WATCH,7,"UP5+,UP15+,UP30+,UP_BOOK,DOWN_BOOK_WEAK"
2026-09-21 12:17:49,1789993069,btc-updown-5m-1789992900,131,0.83,0.84,0.835,0.16,0.17,0.165,2798.54,1764.57,1680.13,2893.68,0.22659326643451508,-0.26532584431797557,0.010000000000000009,0.36,0.37999999999999995,1.01,UP WATCH,5,"UP15+,UP30+,UP_BOOK,DOWN_BOOK_WEAK"
2026-09-21 12:17:51,1789993070,btc-updown-5m-1789992900,130,0.83,0.86,0.845,0.11,0.12,0.11499999999999999,4602.46,138.3,567.1999999999999,2367.08,0.941654924526869,-0.6133974944449747,0.020000000000000018,0.35,0.38999999999999996,0.98,UP WATCH,5,"UP15+,UP30+,UP_BOOK,DOWN_BOOK_WEAK"
2026-09-21 12:17:53,1789993072,btc-updown-5m-1789992900,128,0.92,0.93,0.925,0.07,0.08,0.07500000000000001,1930.6299999999999,2848.49,2197.44,2372.26,-0.1920562781432565,-0.03825634067881921,0.1100000000000001,0.48000000000000004,0.37,1.01,UP WATCH,5,"UP5+,UP15+,UP30+"
2026-09-21 12:17:54,1789993074,btc-updown-5m-1789992900,126,0.93,0.94,0.935,0.05,0.06,0.055,4209.889999999999,2924.99,2690.25,5101.24,0.18008712129706453,-0.3094388878122156,0.10000000000000009,0.49000000000000005,0.4,1.0,UP WATCH,6,"UP5+,UP15+,UP30+,DOWN_BOOK_WEAK"
2026-09-21 12:17:56,1789993075,btc-updown-5m-1789992900,125,0.95,0.96,0.955,0.04,0.05,0.045,3264.37,16547.05,4571.53,2934.37,-0.6704557270503579,0.21811641508679838,0.10999999999999999,0.54,0.41999999999999993,1.01,WAIT,3,"UP5+,UP15+,UP30+,UP_BOOK_WEAK,DOWN_BOOK"
2026-09-21 12:17:57,1789993077,btc-updown-5m-1789992900,123,0.94,0.95,0.945,0.05,0.06,0.055,4761.01,4823.53,3408.5,4735.01,-0.0065230047555750745,-0.16289167693046366,0.019999999999999907,0.16999999999999993,0.42999999999999994,1.01,WAIT,3,"UP15+,UP30+"
2026-09-21 12:17:59,1789993078,btc-updown-5m-1789992900,122,0.93,0.94,0.935,0.05,0.06,0.055,5210.63,3220.26,3616.42,4445.7,0.23608065103446968,-0.10286128214415063,0.010000000000000009,0.1100000000000001,0.42000000000000004,1.0,UP WATCH,4,"UP15+,UP30+,UP_BOOK"
2026-09-21 12:18:01,1789993080,btc-updown-5m-1789992900,120,0.94,0.95,0.945,0.05,0.06,0.055,4114.67,4852.89,2986.19,4142.82,-0.08232116651575234,-0.16224272374425056,-0.010000000000000009,0.12,0.43999999999999995,1.01,WAIT,3,"UP15+,UP30+"
2026-09-21 12:18:02,1789993082,btc-updown-5m-1789992900,118,0.93,0.94,0.935,0.06,0.07,0.065,4317.97,3893.1200000000003,3685.2200000000003,4349.36,0.05174099906346172,-0.08266020127996727,-0.009999999999999898,0.1200000000000001,0.42000000000000004,1.01,WAIT,3,"UP15+,UP30+"
2026-09-21 12:18:04,1789993083,btc-updown-5m-1789992900,117,0.93,0.94,0.935,0.07,0.08,0.07500000000000001,1623.99,4164.12,2647.31,1706.52,-0.4388530971249683,0.21608331055645258,0.0,0.1200000000000001,0.4600000000000001,1.02,WAIT,1,"UP15+,UP30+,UP_BOOK_WEAK,DOWN_BOOK"
2026-09-21 12:18:06,1789993085,btc-updown-5m-1789992900,115,0.91,0.92,0.915,0.08,0.09,0.08499999999999999,3750.2700000000004,2536.53,2223.8,4204.47,0.1930616529872113,-0.308118669564284,-0.029999999999999916,0.07000000000000006,0.42000000000000004,1.01,UP WATCH,4,"UP15+,UP30+,DOWN_BOOK_WEAK"
2026-09-21 12:18:07,1789993087,btc-updown-5m-1789992900,113,0.93,0.94,0.935,0.06,0.07,0.065,4554.89,2744.62,2654.62,4794.89,0.24799883827818583,-0.28730346022758546,0.0,0.010000000000000009,0.49000000000000005,1.01,WAIT,3,"UP30+,UP_BOOK,DOWN_BOOK_WEAK"
2026-09-21 12:18:09,1789993088,btc-updown-5m-1789992900,112,0.94,0.95,0.945,0.05,0.06,0.055,4671.14,3385.3199999999997,1820.91,4670.14,0.1596011151299703,-0.4389474738293497,0.009999999999999898,0.019999999999999907,0.49999999999999994,1.01,WAIT,2,"UP30+,DOWN_BOOK_WEAK"
2026-09-21 12:18:10,1789993090,btc-updown-5m-1789992900,110,0.95,0.96,0.955,0.04,0.05,0.045,3847.93,10632.79,3154.37,4466.88,-0.46854438177107216,-0.17221715597835005,0.039999999999999925,0.0,0.54,1.01,WAIT,2,"UP5+,UP30+,UP_BOOK_WEAK"
2026-09-21 12:18:12,1789993091,btc-updown-5m-1789992900,109,0.96,0.97,0.965,0.03,0.04,0.035,1972.49,10377.470000000001,7514.62,2428.2400000000002,-0.6805673864530736,0.511561059896247,0.04999999999999993,0.010000000000000009,0.18999999999999995,1.01,WAIT,1,"UP5+,UP30+,UP_BOOK_WEAK,DOWN_BOOK"
2026-09-21 12:18:13,1789993093,btc-updown-5m-1789992900,107,0.95,0.96,0.955,0.04,0.05,0.045,3590.06,7583.45,3827.32,3545.06,-0.3573979886356212,0.03828614368765585,0.010000000000000009,0.019999999999999907,0.13,1.01,WAIT,0,"UP30+,UP_BOOK_WEAK"
2026-09-21 12:18:15,1789993094,btc-updown-5m-1789992900,106,0.95,0.96,0.955,0.04,0.05,0.045,4172.36,10294.36,3545.1600000000003,4187.86,-0.42317816339847597,-0.08311112605424521,0.010000000000000009,0.019999999999999907,0.13,1.01,WAIT,0,"UP30+,UP_BOOK_WEAK"
2026-09-21 12:18:16,1789993096,btc-updown-5m-1789992900,104,0.95,0.96,0.955,0.04,0.05,0.045,4405.42,10166.23,3494.1200000000003,4340.42,-0.39534369820850757,-0.10802165794035128,-0.010000000000000009,0.010000000000000009,0.1499999999999999,1.01,WAIT,0,"UP30+,UP_BOOK_WEAK"
2026-09-21 12:18:18,1789993097,btc-updown-5m-1789992900,103,0.96,0.97,0.965,0.03,0.04,0.035,2976.0699999999997,9502.5,9543.34,3000.5499999999997,-0.5230110501443676,0.5215917869177744,0.0,0.029999999999999916,0.15000000000000002,1.01,WAIT,-1,"UP30+,UP_BOOK_WEAK,DOWN_BOOK"
2026-09-21 12:18:20,1789993099,btc-updown-5m-1789992900,101,0.96,0.97,0.965,0.03,0.04,0.035,2901.31,7704.549999999999,7705.41,2950.85,-0.4528854802910844,0.4461752997768447,0.010000000000000009,0.029999999999999916,0.13,1.01,WAIT,-1,"UP30+,UP_BOOK_WEAK,DOWN_BOOK"
2026-09-21 12:18:21,1789993101,btc-updown-5m-1789992900,99,0.96,0.97,0.965,0.03,0.04,0.035,2942.48,6792.259999999999,6790.19,2807.3,-0.39546818918635723,0.4149928783463176,0.010000000000000009,0.04999999999999993,0.12,1.01,WAIT,-1,"UP30+,UP_BOOK_WEAK,DOWN_BOOK"
2026-09-21 12:18:23,1789993102,btc-updown-5m-1789992900,98,0.96,0.97,0.965,0.03,0.04,0.035,4697.4800000000005,6291.120000000001,6341.08,4681.2,-0.1450266639972335,0.1505931622132626,0.0,0.029999999999999916,0.039999999999999925,1.01,WAIT,0,
2026-09-21 12:18:24,1789993104,btc-updown-5m-1789992900,96,0.96,0.97,0.965,0.03,0.04,0.035,4380.62,6163.24,6092.360000000001,4361.0,-0.16906711583803274,0.16562712850222325,0.0,0.020000000000000018,0.029999999999999916,1.01,WAIT,0,
2026-09-21 12:18:26,1789993105,btc-updown-5m-1789992900,95,0.96,0.97,0.965,0.03,0.04,0.035,4132.05,6224.22,5781.08,4488.530000000001,-0.20201964606948256,0.1258616442104422,0.0,0.010000000000000009,0.010000000000000009,1.01,WAIT,-1,UP_BOOK_WEAK
2026-09-21 12:18:27,1789993107,btc-updown-5m-1789992900,93,0.96,0.97,0.965,0.03,0.04,0.035,4737.55,5569.570000000001,5559.570000000001,4820.55,-0.08072284013381045,0.07119570872013044,0.0,0.0,0.020000000000000018,1.01,WAIT,0,
2026-09-21 12:18:29,1789993108,btc-updown-5m-1789992900,92,0.98,0.99,0.985,0.01,0.02,0.015,2801.06,3853.45,4327.0,2650.3700000000003,-0.15814688083720663,0.2402954121681951,0.020000000000000018,0.030000000000000027,0.04999999999999993,1.01,WAIT,-1,DOWN_BOOK
2026-09-21 12:18:30,1789993110,btc-updown-5m-1789992900,90,0.98,0.99,0.985,0.01,0.02,0.015,2575.64,2201.46,2190.08,2740.77,0.07832785581210354,-0.11168256994230204,0.020000000000000018,0.030000000000000027,0.040000000000000036,1.01,WAIT,0,
2026-09-21 12:18:32,1789993111,btc-updown-5m-1789992900,89,0.99,,,0.01,0.02,0.015,3091.0,0,355.01,2615.34,1.0,-0.7609641961385021,,,,,WAIT,2,"UP_BOOK,DOWN_BOOK_WEAK"
2026-09-21 12:18:33,1789993113,btc-updown-5m-1789992900,87,0.98,0.99,0.985,0.01,0.02,0.015,3055.4600000000005,520.01,509.9,3055.4600000000005,0.7091235557842747,-0.7139699777862544,0.0,0.020000000000000018,0.04999999999999993,1.01,WAIT,2,"UP_BOOK,DOWN_BOOK_WEAK"
2026-09-21 12:18:35,1789993114,btc-updown-5m-1789992900,86,0.98,0.99,0.985,0.02,0.03,0.025,2016.96,497.66,2008.31,2473.32,0.6041867160843388,-0.10375912335467234,0.0,0.020000000000000018,0.04999999999999993,1.02,WAIT,1,UP_BOOK
2026-09-21 12:18:37,1789993116,btc-updown-5m-1789992900,84,0.97,0.98,0.975,0.02,0.03,0.025,2834.2200000000003,1287.3,1292.3,2903.05,0.3753275490595703,-0.38393697784451836,,0.010000000000000009,0.05999999999999994,1.01,WAIT,2,"UP_BOOK,DOWN_BOOK_WEAK"
2026-09-21 12:18:38,1789993118,btc-updown-5m-1789992900,82,0.97,0.98,0.975,0.01,0.02,0.015,3142.88,245.0,370.01,2886.19,0.8553667780440866,-0.772735089982188,-0.010000000000000009,0.010000000000000009,0.030000000000000027,1.0,WAIT,2,"UP_BOOK,DOWN_BOOK_WEAK"
2026-09-21 12:18:40,1789993119,btc-updown-5m-1789992900,81,0.98,0.99,0.985,,0.01,,3124.48,115.0,0,3244.91,0.9290009507698767,-1.0,0.0,0.020000000000000018,0.040000000000000036,1.0,WAIT,2,"UP_BOOK,DOWN_BOOK_WEAK"
2026-09-21 12:18:41,1789993121,btc-updown-5m-1789992900,79,0.99,,,,0.01,,3337.23,0,0,3837.23,1.0,-1.0,,,,,WAIT,2,"UP_BOOK,DOWN_BOOK_WEAK"
2026-09-21 12:18:43,1789993122,btc-updown-5m-1789992900,78,0.99,,,,0.01,,3907.3199999999997,0,0,4921.32,1.0,-1.0,,,,,WAIT,2,"UP_BOOK,DOWN_BOOK_WEAK"
2026-09-21 12:18:44,1789993124,btc-updown-5m-1789992900,76,0.99,,,,0.01,,9177.46,0,0,9031.98,1.0,-1.0,,,,,WAIT,2,"UP_BOOK,DOWN_BOOK_WEAK"
2026-09-21 12:18:46,1789993125,btc-updown-5m-1789992900,75,0.99,,,,0.01,,9105.32,0,0,9105.32,1.0,-1.0,,,,,WAIT,2,"UP_BOOK,DOWN_BOOK_WEAK"
2026-09-21 12:18:47,1789993127,btc-updown-5m-1789992900,73,0.99,,,,0.01,,12023.27,0,0,9030.23,1.0,-1.0,,,,,WAIT,2,"UP_BOOK,DOWN_BOOK_WEAK"
2026-09-21 12:18:49,1789993128,btc-updown-5m-1789992900,72,0.99,,,,0.01,,8902.01,0,0,8897.01,1.0,-1.0,,,,,WAIT,2,"UP_BOOK,DOWN_BOOK_WEAK"
2026-09-21 12:18:50,1789993130,btc-updown-5m-1789992900,70,0.99,,,,0.01,,7249.639999999999,0,0,7314.02,1.0,-1.0,,,,,WAIT,2,"UP_BOOK,DOWN_BOOK_WEAK"
2026-09-21 12:18:52,1789993131,btc-updown-5m-1789992900,69,0.99,,,,0.01,,7345.52,0,0,7289.35,1.0,-1.0,,,,,WAIT,2,"UP_BOOK,DOWN_BOOK_WEAK"
2026-09-21 12:18:53,1789993133,btc-updown-5m-1789992900,67,0.99,,,,0.01,,7290.52,0,0,7310.52,1.0,-1.0,,,,,WAIT,2,"UP_BOOK,DOWN_BOOK_WEAK"
2026-09-21 12:18:55,1789993134,btc-updown-5m-1789992900,66,0.99,,,,0.01,,8316.79,0,0,8321.79,1.0,-1.0,,,,,WAIT,2,"UP_BOOK,DOWN_BOOK_WEAK"
2026-09-21 12:18:56,1789993136,btc-updown-5m-1789992900,64,0.99,,,,0.01,,8388.79,0,0,8348.79,1.0,-1.0,,,,,WAIT,2,"UP_BOOK,DOWN_BOOK_WEAK"
2026-09-21 12:18:58,1789993137,btc-updown-5m-1789992900,63,0.99,,,,0.01,,8190.9,0,0,8190.9,1.0,-1.0,,,,,WAIT,2,"UP_BOOK,DOWN_BOOK_WEAK"
2026-09-21 12:19:00,1789993139,btc-updown-5m-1789992900,61,0.99,,,,0.01,,7750.9,0,0,7760.9,1.0,-1.0,,,,,WAIT,2,"UP_BOOK,DOWN_BOOK_WEAK"
2026-09-21 12:19:01,1789993141,btc-updown-5m-1789992900,59,0.99,,,,0.01,,8346.73,0,0,7955.73,1.0,-1.0,,,,,WAIT,2,"UP_BOOK,DOWN_BOOK_WEAK"
2026-09-21 12:19:03,1789993142,btc-updown-5m-1789992900,58,0.99,,,,0.01,,8212.93,0,0,8212.93,1.0,-1.0,,,,,WAIT,2,"UP_BOOK,DOWN_BOOK_WEAK"
2026-09-21 12:19:04,1789993144,btc-updown-5m-1789992900,56,0.99,,,,0.01,,16855.32,0,0,16875.170000000002,1.0,-1.0,,,,,WAIT,2,"UP_BOOK,DOWN_BOOK_WEAK"
2026-09-21 12:19:06,1789993145,btc-updown-5m-1789992900,55,0.99,,,,0.01,,18495.22,0,0,18643.22,1.0,-1.0,,,,,WAIT,2,"UP_BOOK,DOWN_BOOK_WEAK"
2026-09-21 12:19:07,1789993147,btc-updown-5m-1789992900,53,0.99,,,,0.01,,22068.800000000003,0,0,22068.800000000003,1.0,-1.0,,,,,WAIT,2,"UP_BOOK,DOWN_BOOK_WEAK"
2026-09-21 12:19:09,1789993148,btc-updown-5m-1789992900,52,0.99,,,,0.01,,21938.86,0,0,21943.86,1.0,-1.0,,,,,WAIT,2,"UP_BOOK,DOWN_BOOK_WEAK"
2026-09-21 12:19:10,1789993150,btc-updown-5m-1789992900,50,0.99,,,,0.01,,21750.86,0,0,21750.86,1.0,-1.0,,,,,WAIT,2,"UP_BOOK,DOWN_BOOK_WEAK"
2026-09-21 12:19:12,1789993151,btc-updown-5m-1789992900,49,0.99,,,,0.01,,18747.95,0,0,18776.95,1.0,-1.0,,,,,WAIT,2,"UP_BOOK,DOWN_BOOK_WEAK"
2026-09-21 12:19:13,1789993153,btc-updown-5m-1789992900,47,0.99,,,,0.01,,23993.59,0,0,23863.59,1.0,-1.0,,,,,WAIT,2,"UP_BOOK,DOWN_BOOK_WEAK"
2026-09-21 12:19:15,1789993154,btc-updown-5m-1789992900,46,0.99,,,,0.01,,23945.31,0,0,29216.59,1.0,-1.0,,,,,WAIT,2,"UP_BOOK,DOWN_BOOK_WEAK"
2026-09-21 12:19:16,1789993156,btc-updown-5m-1789992900,44,0.99,,,,0.01,,29282.81,0,0,29027.81,1.0,-1.0,,,,,WAIT,2,"UP_BOOK,DOWN_BOOK_WEAK"
2026-09-21 12:19:18,1789993157,btc-updown-5m-1789992900,43,0.99,,,,0.01,,29078.58,0,0,29139.55,1.0,-1.0,,,,,WAIT,2,"UP_BOOK,DOWN_BOOK_WEAK"
2026-09-21 12:19:19,1789993159,btc-updown-5m-1789992900,41,0.99,,,,0.01,,29134.55,0,0,29134.55,1.0,-1.0,,,,,WAIT,2,"UP_BOOK,DOWN_BOOK_WEAK"
2026-09-21 12:19:21,1789993160,btc-updown-5m-1789992900,40,0.99,,,,0.01,,29149.55,0,0,29173.04,1.0,-1.0,,,,,WAIT,2,"UP_BOOK,DOWN_BOOK_WEAK"
2026-09-21 12:19:22,1789993162,btc-updown-5m-1789992900,38,0.99,,,,0.01,,29189.96,0,0,29224.96,1.0,-1.0,,,,,WAIT,2,"UP_BOOK,DOWN_BOOK_WEAK"
2026-09-21 12:19:24,1789993163,btc-updown-5m-1789992900,37,0.99,,,,0.01,,29334.96,0,0,29339.96,1.0,-1.0,,,,,WAIT,2,"UP_BOOK,DOWN_BOOK_WEAK"
2026-09-21 12:19:25,1789993165,btc-updown-5m-1789992900,35,0.99,,,,0.01,,29305.96,0,0,29405.96,1.0,-1.0,,,,,WAIT,2,"UP_BOOK,DOWN_BOOK_WEAK"
2026-09-21 12:19:27,1789993166,btc-updown-5m-1789992900,34,0.99,,,,0.01,,29390.7,0,0,29410.7,1.0,-1.0,,,,,WAIT,2,"UP_BOOK,DOWN_BOOK_WEAK"
2026-09-21 12:19:28,1789993168,btc-updown-5m-1789992900,32,0.99,,,,0.01,,29299.82,0,0,29249.45,1.0,-1.0,,,,,WAIT,2,"UP_BOOK,DOWN_BOOK_WEAK"
2026-09-21 12:19:30,1789993169,btc-updown-5m-1789992900,31,0.99,,,,0.01,,29180.52,0,0,29020.52,1.0,-1.0,,,,,WAIT,2,"UP_BOOK,DOWN_BOOK_WEAK"
2026-09-21 12:19:31,1789993171,btc-updown-5m-1789992900,29,0.99,,,,0.01,,29047.09,0,0,29057.09,1.0,-1.0,,,,,WAIT,2,"UP_BOOK,DOWN_BOOK_WEAK"
2026-09-21 12:19:33,1789993172,btc-updown-5m-1789992900,28,0.99,,,,0.01,,29037.09,0,0,29052.09,1.0,-1.0,,,,,WAIT,2,"UP_BOOK,DOWN_BOOK_WEAK"
2026-09-21 12:19:35,1789993174,btc-updown-5m-1789992900,26,0.99,,,,0.01,,29097.09,0,0,29097.09,1.0,-1.0,,,,,WAIT,2,"UP_BOOK,DOWN_BOOK_WEAK"
2026-09-21 12:19:36,1789993176,btc-updown-5m-1789992900,24,0.99,,,,0.01,,29169.35,0,0,29139.79,1.0,-1.0,,,,,WAIT,2,"UP_BOOK,DOWN_BOOK_WEAK"
2026-09-21 12:19:38,1789993177,btc-updown-5m-1789992900,23,0.99,,,,0.01,,41868.35,0,0,41893.35,1.0,-1.0,,,,,WAIT,2,"UP_BOOK,DOWN_BOOK_WEAK"
2026-09-21 12:19:39,1789993179,btc-updown-5m-1789992900,21,0.99,,,,0.01,,41933.35,0,0,41881.83,1.0,-1.0,,,,,WAIT,2,"UP_BOOK,DOWN_BOOK_WEAK"
2026-09-21 12:19:41,1789993180,btc-updown-5m-1789992900,20,0.99,,,,0.01,,42108.0,0,0,42127.0,1.0,-1.0,,,,,WAIT,2,"UP_BOOK,DOWN_BOOK_WEAK"
2026-09-21 12:19:42,1789993182,btc-updown-5m-1789992900,18,0.99,,,,0.01,,42147.0,0,0,42147.0,1.0,-1.0,,,,,WAIT,0,TIME FILTER
2026-09-21 12:19:44,1789993183,btc-updown-5m-1789992900,17,0.99,,,,0.01,,42111.13,0,0,42111.13,1.0,-1.0,,,,,WAIT,0,TIME FILTER
2026-09-21 12:19:45,1789993185,btc-updown-5m-1789992900,15,0.99,,,,0.01,,42218.87,0,0,42199.93,1.0,-1.0,,,,,WAIT,0,TIME FILTER
2026-09-21 12:19:47,1789993186,btc-updown-5m-1789992900,14,0.99,,,,0.01,,42382.49,0,0,42412.49,1.0,-1.0,,,,,WAIT,0,TIME FILTER
2026-09-21 12:19:48,1789993188,btc-updown-5m-1789992900,12,0.99,,,,0.01,,42982.49,0,0,42982.49,1.0,-1.0,,,,,WAIT,0,TIME FILTER
2026-09-21 12:19:50,1789993189,btc-updown-5m-1789992900,11,0.99,,,,0.01,,43033.46,0,0,43013.46,1.0,-1.0,,,,,WAIT,0,TIME FILTER
2026-09-21 12:19:52,1789993191,btc-updown-5m-1789992900,9,0.99,,,,0.01,,42996.840000000004,0,0,43016.840000000004,1.0,-1.0,,,,,WAIT,0,TIME FILTER
2026-09-21 12:19:53,1789993193,btc-updown-5m-1789992900,7,0.99,,,,0.01,,51666.590000000004,0,0,51668.33,1.0,-1.0,,,,,WAIT,0,TIME FILTER
2026-09-21 12:19:55,1789993194,btc-updown-5m-1789992900,6,0.99,,,,0.01,,51558.33,0,0,51538.33,1.0,-1.0,,,,,WAIT,0,TIME FILTER
2026-09-21 12:19:56,1789993196,btc-updown-5m-1789992900,4,0.99,,,,0.01,,51520.090000000004,0,0,51469.020000000004,1.0,-1.0,,,,,WAIT,0,TIME FILTER
2026-09-21 12:19:58,1789993197,btc-updown-5m-1789992900,3,0.99,,,,0.01,,63001.520000000004,0,0,62757.520000000004,1.0,-1.0,,,,,WAIT,0,TIME FILTER
2026-09-21 12:19:59,1789993199,btc-updown-5m-1789992900,1,0.99,,,,0.01,,62767.43,0,0,62767.43,1.0,-1.0,,,,,WAIT,0,TIME FILTER
2026-09-21 12:20:01,1789993200,btc-updown-5m-1789993200,300,0.52,0.53,0.525,0.47,0.48,0.475,3017.12,865.1800000000001,1498.0,2250.86,0.5542951343275891,-0.200823717076658,,,,1.01,WAIT,0,TIME FILTER
2026-09-21 12:20:02,1789993202,btc-updown-5m-1789993200,298,0.51,0.52,0.515,0.49,0.5,0.495,3460.18,2295.49,1689.41,3655.3199999999997,0.20235524274324276,-0.36782213507511136,,,,1.02,WAIT,0,TIME FILTER
2026-09-21 12:20:04,1789993203,btc-updown-5m-1789993200,297,0.5,0.51,0.505,0.49,0.5,0.495,3707.5899999999997,1476.44,1005.9399999999999,3742.5899999999997,0.43038909882851756,-0.5763151964923882,,,,1.01,WAIT,0,TIME FILTER
2026-09-21 12:20:06,1789993205,btc-updown-5m-1789993200,295,0.5,0.51,0.505,0.49,0.5,0.495,4061.37,1473.3700000000001,1535.4,4082.37,0.4675919736067096,-0.45337740776144264,-0.020000000000000018,,,1.01,WAIT,0,TIME FILTER
2026-09-21 12:20:07,1789993207,btc-updown-5m-1789993200,293,0.59,0.6,0.595,0.4,0.41,0.405,2352.17,1245.29,1599.1,1355.28,0.30768375464911357,0.08252831389327031,0.07999999999999996,,,1.01,WAIT,0,TIME FILTER
2026-09-21 12:20:09,1789993208,btc-updown-5m-1789993200,292,0.64,0.65,0.645,0.33,0.34,0.335,4436.7,197.57999999999998,1111.71,2500.33,0.9147310909137989,-0.3844420327571123,0.14,,,0.99,WAIT,0,TIME FILTER
2026-09-21 12:20:11,1789993210,btc-updown-5m-1789993200,290,0.63,0.65,0.64,0.38,0.39,0.385,581.0,4486.4400000000005,3672.08,1859.0200000000002,-0.7706928942424578,0.3277937480790439,0.135,,,1.04,WAIT,0,TIME FILTER
2026-09-21 12:20:12,1789993212,btc-updown-5m-1789993200,288,0.6,0.61,0.605,0.4,0.41,0.405,916.77,3804.2200000000003,3550.8599999999997,518.77,-0.6116195967371252,0.7450529900752648,0.010000000000000009,,,1.02,WAIT,0,TIME FILTER
2026-09-21 12:20:14,1789993213,btc-updown-5m-1789993200,287,0.56,0.57,0.565,0.43,0.44,0.435,3829.9500000000003,2535.7200000000003,2400.15,3843.6600000000003,0.2033140266460561,-0.23119057114165872,-0.08000000000000007,,,1.01,WAIT,0,TIME FILTER
2026-09-21 12:20:15,1789993215,btc-updown-5m-1789993200,285,0.55,0.56,0.555,0.44,0.45,0.445,4358.12,2592.7200000000003,2179.2200000000003,2011.17,0.25398369117977104,0.04010366576858005,-0.08499999999999996,0.030000000000000027,,1.01,WAIT,-1,"UP5-,UP_BOOK"
2026-09-21 12:20:17,1789993216,btc-updown-5m-1789993200,284,0.5,0.52,0.51,0.48,0.49,0.485,2834.56,2259.44,2201.7400000000002,1536.71,0.11290145268943853,0.17788923216841207,-0.13,-0.015000000000000013,,1.01,WAIT,-2,UP5-
2026-09-21 12:20:18,1789993218,btc-updown-5m-1789993200,282,0.49,0.5,0.495,0.5,0.51,0.505,2777.7799999999997,3118.6,3133.6,2777.7799999999997,-0.057801566384798844,0.06019237470776709,-0.06999999999999995,-0.010000000000000009,,1.01,WAIT,-2,UP5-
2026-09-21 12:20:20,1789993219,btc-updown-5m-1789993200,281,0.51,0.52,0.515,0.44,0.45,0.445,3155.17,1318.95,334.0,914.24,0.41040919778638035,-0.46484650387745946,-0.04999999999999993,0.010000000000000009,,0.97,WAIT,0,"UP5-,UP_BOOK,DOWN_BOOK_WEAK"
2026-09-21 12:20:21,1789993221,btc-updown-5m-1789993200,279,0.56,0.57,0.565,0.43,0.44,0.435,1552.25,4216.14,4063.13,2075.35,-0.46180823418666217,0.32382283562054454,0.05499999999999994,0.05999999999999994,,1.01,WAIT,2,"UP5+,UP15+,UP_BOOK_WEAK,DOWN_BOOK"
2026-09-21 12:20:23,1789993222,btc-updown-5m-1789993200,278,0.57,0.58,0.575,0.42,0.43,0.425,4929.23,2215.02,2260.02,3363.2,0.37991531651327987,-0.1961829698998083,0.06499999999999995,-0.020000000000000018,,1.01,WAIT,3,"UP5+,UP_BOOK"
2026-09-21 12:20:24,1789993224,btc-updown-5m-1789993200,276,0.58,0.59,0.585,0.41,0.42,0.415,1708.4299999999998,2767.6400000000003,3577.6400000000003,644.17,-0.2366383903736985,0.6948370485644783,0.06999999999999995,-0.06000000000000005,,1.01,WAIT,-2,"UP5+,UP15-,UP_BOOK_WEAK,DOWN_BOOK"
2026-09-21 12:20:26,1789993225,btc-updown-5m-1789993200,275,0.56,0.57,0.565,0.43,0.44,0.435,3011.27,1523.0100000000002,1482.0100000000002,3156.2700000000004,0.3282241061425407,-0.3609657028036255,0.04999999999999993,-0.07500000000000007,,1.01,WAIT,2,"UP5+,UP15-,UP_BOOK,DOWN_BOOK_WEAK"
2026-09-21 12:20:27,1789993227,btc-updown-5m-1789993200,273,0.55,0.56,0.555,0.44,0.45,0.445,2017.54,3053.0299999999997,2788.77,1452.54,-0.20421569961562502,0.3150512459593852,-0.019999999999999907,-0.04999999999999993,,1.01,WAIT,-2,"UP_BOOK_WEAK,DOWN_BOOK"
2026-09-21 12:20:29,1789993228,btc-updown-5m-1789993200,272,0.54,0.55,0.545,0.45,0.46,0.455,4048.7600000000007,2776.14,2077.24,4119.410000000001,0.1864672009846299,-0.32956032695085263,-0.029999999999999916,-0.019999999999999907,,1.01,WAIT,1,DOWN_BOOK_WEAK
2026-09-21 12:20:30,1789993230,btc-updown-5m-1789993200,270,0.53,0.54,0.535,0.46,0.47,0.46499999999999997,3437.16,2046.5900000000001,1289.42,3645.52,0.25358012309095046,-0.47743234973474846,-0.029999999999999916,-0.020000000000000018,0.010000000000000009,1.01,WAIT,2,"UP_BOOK,DOWN_BOOK_WEAK"
2026-09-21 12:20:32,1789993231,btc-updown-5m-1789993200,269,0.56,0.57,0.565,0.43,0.44,0.435,2761.92,1566.98,1836.67,2004.1399999999999,0.2760377925107996,-0.043602781704900735,0.0,0.05499999999999994,0.039999999999999925,1.01,WAIT,3,"UP15+,UP_BOOK"
2026-09-21 12:20:33,1789993233,btc-updown-5m-1789993200,267,0.55,0.56,0.555,0.44,0.45,0.445,1607.4399999999998,2712.8199999999997,2106.95,1691.4399999999998,-0.25585960104252986,0.1093910841172181,0.010000000000000009,0.06000000000000005,0.050000000000000044,1.01,WAIT,1,"UP15+,UP_BOOK_WEAK"
2026-09-21 12:20:35,1789993234,btc-updown-5m-1789993200,266,0.55,0.56,0.555,0.44,0.45,0.445,1921.88,2190.74,1092.65,1790.88,-0.06537438421249707,-0.2421441774491682,0.010000000000000009,0.040000000000000036,0.050000000000000044,1.01,WAIT,1,DOWN_BOOK_WEAK
2026-09-21 12:20:36,1789993236,btc-updown-5m-1789993200,264,0.54,0.55,0.545,0.45,0.46,0.455,996.66,226.0,226.0,1032.66,0.6303142329020334,-0.6408879284318243,-0.019999999999999907,-0.019999999999999907,0.040000000000000036,1.01,WAIT,2,"UP_BOOK,DOWN_BOOK_WEAK"
2026-09-21 12:20:38,1789993237,btc-updown-5m-1789993200,263,0.55,0.56,0.555,0.44,0.45,0.445,1949.34,2401.88,1890.92,2139.34,-0.10400301524629878,-0.06163870321021474,-0.009999999999999898,-0.019999999999999907,-0.039999999999999925,1.01,WAIT,0,
2026-09-21 12:20:39,1789993239,btc-updown-5m-1789993200,261,0.55,0.56,0.555,0.44,0.45,0.445,2705.1,2419.1600000000003,259.92,3587.1499999999996,0.05580122788461155,-0.8648737870639214,0.0,-0.029999999999999916,-0.08999999999999997,1.01,WAIT,0,"UP30-,DOWN_BOOK_WEAK"
2026-09-21 12:20:41,1789993240,btc-updown-5m-1789993200,260,0.57,0.58,0.575,0.42,0.43,0.425,2829.98,2898.35,2674.35,1421.87,-0.011935415731984696,0.3057648270844828,0.019999999999999907,0.010000000000000009,-0.06500000000000006,1.01,WAIT,-1,DOWN_BOOK
2026-09-21 12:20:42,1789993242,btc-updown-5m-1789993200,258,0.57,0.58,0.575,0.41,0.42,0.415,3376.42,874.6300000000001,1733.44,2674.54,0.5885110737347243,-0.2134991538074129,0.019999999999999907,0.019999999999999907,-0.030000000000000027,1.0,WAIT,2,"UP_BOOK,DOWN_BOOK_WEAK"
2026-09-21 12:20:44,1789993243,btc-updown-5m-1789993200,257,0.58,0.59,0.585,0.41,0.42,0.415,1602.22,2604.3500000000004,2137.21,1857.44,-0.23822972160216047,0.07003617338189828,0.029999999999999916,0.039999999999999925,0.020000000000000018,1.01,WAIT,-1,UP_BOOK_WEAK
2026-09-21 12:20:46,1789993245,btc-updown-5m-1789993200,255,0.58,0.59,0.585,0.41,0.42,0.415,3720.43,1858.44,1878.44,2568.21,0.33375755305285837,-0.1551212710692319,0.010000000000000009,0.04999999999999993,0.029999999999999916,1.01,WAIT,1,UP_BOOK
2026-09-21 12:20:47,1789993247,btc-updown-5m-1789993200,253,0.58,0.59,0.585,0.41,0.42,0.415,1985.9,2717.64,2613.79,1983.68,-0.15557218605560913,0.13705581548112328,0.010000000000000009,0.020000000000000018,0.07499999999999996,1.01,WAIT,1,UP30+
2026-09-21 12:20:49,1789993248,btc-updown-5m-1789993200,252,0.58,0.59,0.585,0.43,0.44,0.435,1390.5900000000001,2778.21,2097.77,3203.76,-0.3328583765112262,-0.2086171350534657,0.0,0.029999999999999916,0.08999999999999997,1.03,WAIT,1,"UP30+,UP_BOOK_WEAK,DOWN_BOOK_WEAK"
2026-09-21 12:20:50,1789993250,btc-updown-5m-1789993200,250,0.56,0.57,0.565,0.43,0.44,0.435,2244.26,2372.18,1965.78,2214.26,-0.027709663723561793,-0.05944440723055288,-0.020000000000000018,0.009999999999999898,0.04999999999999993,1.01,WAIT,0,
2026-09-21 12:20:52,1789993251,btc-updown-5m-1789993200,249,0.53,0.54,0.535,0.46,0.47,0.46499999999999997,3375.6499999999996,2006.25,1243.0,3551.31,0.2544454560657017,-0.4814686576379083,-0.04999999999999993,-0.010000000000000009,-0.029999999999999916,1.01,WAIT,0,"UP5-,UP_BOOK,DOWN_BOOK_WEAK"
2026-09-21 12:20:53,1789993253,btc-updown-5m-1789993200,247,0.53,0.54,0.535,0.46,0.47,0.46499999999999997,3397.95,1950.93,1233.48,3522.95,0.2705276618656615,-0.48134209901123315,-0.04999999999999993,-0.020000000000000018,-0.039999999999999925,1.01,WAIT,0,"UP5-,UP_BOOK,DOWN_BOOK_WEAK"
2026-09-21 12:20:55,1789993254,btc-updown-5m-1789993200,246,0.54,0.55,0.545,0.44,0.45,0.445,3653.05,1469.41,1257.0,3502.0,0.42628736974032017,-0.4717377600336205,-0.039999999999999925,-0.010000000000000009,-0.039999999999999925,1.0,WAIT,0,"UP5-,UP_BOOK,DOWN_BOOK_WEAK"
2026-09-21 12:20:56,1789993256,btc-updown-5m-1789993200,244,0.55,0.56,0.555,0.44,0.45,0.445,3569.07,2022.2600000000002,1412.4,3589.07,0.2766443762038728,-0.43520604942147006,0.020000000000000018,-0.019999999999999907,-0.009999999999999898,1.01,WAIT,2,"UP_BOOK,DOWN_BOOK_WEAK"
2026-09-21 12:20:58,1789993257,btc-updown-5m-1789993200,243,0.58,0.59,0.585,0.39,0.4,0.395,4728.58,422.44,1154.8500000000001,5110.57,0.835978116955477,-0.6313575147396343,0.04999999999999993,0.010000000000000009,0.029999999999999916,0.99,UP WATCH,4,"UP5+,UP_BOOK,DOWN_BOOK_WEAK"
2026-09-21 12:21:00,1789993259,btc-updown-5m-1789993200,241,0.59,0.6,0.595,0.4,0.41,0.405,2231.31,2787.55,1480.61,2265.9300000000003,-0.11082994943074725,-0.20961206873542,0.04999999999999993,0.010000000000000009,0.04999999999999993,1.01,WAIT,3,"UP5+,DOWN_BOOK_WEAK"
2026-09-21 12:21:01,1789993261,btc-updown-5m-1789993200,239,0.6,0.61,0.605,0.39,0.4,0.395,5221.23,1152.43,1227.21,5251.23,0.6383773216644753,-0.6211402745105303,0.04999999999999993,0.020000000000000018,0.040000000000000036,1.01,UP WATCH,4,"UP5+,UP_BOOK,DOWN_BOOK_WEAK"
2026-09-21 12:21:03,1789993262,btc-updown-5m-1789993200,238,0.66,0.67,0.665,0.32,0.33,0.325,3724.13,1074.3799999999999,1039.6,3385.24,0.5522026629099449,-0.5301073033149221,0.08000000000000007,0.08000000000000007,0.10000000000000009,1.0,UP WATCH,7,"UP5+,UP15+,UP30+,UP_BOOK,DOWN_BOOK_WEAK"
2026-09-21 12:21:04,1789993264,btc-updown-5m-1789993200,236,0.67,0.68,0.675,0.32,0.33,0.325,4816.68,1159.6799999999998,470.0,4935.68,0.6119109290604984,-0.8261088336712495,0.08000000000000007,0.09000000000000008,0.12,1.01,UP WATCH,7,"UP5+,UP15+,UP30+,UP_BOOK,DOWN_BOOK_WEAK"
2026-09-21 12:21:06,1789993265,btc-updown-5m-1789993200,235,0.68,0.69,0.685,0.31,0.32,0.315,4937.41,1158.6,1257.6499999999999,5127.41,0.619882513316087,-0.6060647824765939,0.09000000000000008,0.1200000000000001,0.13,1.01,UP WATCH,7,"UP5+,UP15+,UP30+,UP_BOOK,DOWN_BOOK_WEAK"
2026-09-21 12:21:07,1789993267,btc-updown-5m-1789993200,233,0.7,0.71,0.705,0.27,0.3,0.28500000000000003,3087.37,212.85,455.06,2249.4300000000003,0.8710085994267049,-0.6634781419047584,0.039999999999999925,0.16999999999999993,0.1499999999999999,1.01,UP WATCH,7,"UP5+,UP15+,UP30+,UP_BOOK,DOWN_BOOK_WEAK"
2026-09-21 12:21:09,1789993268,btc-updown-5m-1789993200,232,0.75,0.78,0.765,0.14,0.18,0.16,2888.9,329.98,139.0,79.16,0.7949721642310369,0.2742940960762743,0.09999999999999998,0.22999999999999998,0.20999999999999996,0.96,UP WATCH,5,"UP5+,UP15+,UP30+,UP_BOOK,DOWN_BOOK"
2026-09-21 12:21:11,1789993270,btc-updown-5m-1789993200,230,0.86,0.87,0.865,0.12,0.13,0.125,4092.54,2239.59,1848.83,4008.45,0.29262665169540103,-0.36870697661713286,0.17999999999999994,0.31999999999999995,0.29000000000000004,1.0,UP WATCH,7,"UP5+,UP15+,UP30+,UP_BOOK,DOWN_BOOK_WEAK"
2026-09-21 12:21:12,1789993272,btc-updown-5m-1789993200,228,0.9,0.91,0.905,0.08,0.09,0.08499999999999999,4262.07,1704.19,1178.9,3146.02,0.4287241923751227,-0.45483384663762566,0.20000000000000007,0.32000000000000006,0.33000000000000007,1.0,UP WATCH,7,"UP5+,UP15+,UP30+,UP_BOOK,DOWN_BOOK_WEAK"
2026-09-21 12:21:14,1789993273,btc-updown-5m-1789993200,227,0.86,0.87,0.865,0.14,0.15,0.14500000000000002,1074.72,2826.6499999999996,1880.55,1798.77,-0.4490550755247515,0.022226933237663477,0.09999999999999998,0.28,0.28,1.02,UP WATCH,4,"UP5+,UP15+,UP30+,UP_BOOK_WEAK"
2026-09-21 12:21:15,1789993275,btc-updown-5m-1789993200,225,0.83,0.84,0.835,0.16,0.17,0.165,1064.76,2211.9399999999996,1022.38,2146.3,-0.3501022370067445,-0.35469659290303845,-0.030000000000000027,0.24,0.25,1.01,WAIT,1,"UP5-,UP15+,UP30+,UP_BOOK_WEAK,DOWN_BOOK_WEAK"
2026-09-21 12:21:17,1789993276,btc-updown-5m-1789993200,224,0.78,0.81,0.795,0.21,0.22,0.215,939.5300000000001,3961.83,1321.5500000000002,401.03,-0.6166247735322441,0.5343844698069176,-0.06999999999999995,0.19000000000000006,0.21000000000000008,1.03,WAIT,-1,"UP5-,UP15+,UP30+,UP_BOOK_WEAK,DOWN_BOOK"
2026-09-21 12:21:18,1789993278,btc-updown-5m-1789993200,222,0.78,0.79,0.785,0.22,0.23,0.225,2249.43,2147.9,3670.89,2481.6400000000003,0.023089010831572738,0.1932944658538844,-0.07999999999999996,0.12,0.20000000000000007,1.02,WAIT,1,"UP5-,UP15+,UP30+"
2026-09-21 12:21:20,1789993279,btc-updown-5m-1789993200,221,0.74,0.78,0.76,0.25,0.26,0.255,1328.44,1440.02,1234.64,828.07,-0.040303995723254056,0.19710477963455844,-0.10499999999999998,0.08499999999999996,0.17500000000000004,1.04,WAIT,1,"UP5-,UP15+,UP30+"
2026-09-21 12:21:21,1789993281,btc-updown-5m-1789993200,219,0.66,0.67,0.665,0.35,0.36,0.355,416.0,1010.31,1072.77,915.0799999999999,-0.4166765990563061,0.07932691098422923,-0.13,-0.020000000000000018,0.13,1.03,WAIT,-2,"UP5-,UP30+,UP_BOOK_WEAK"
2026-09-21 12:21:23,1789993282,btc-updown-5m-1789993200,218,0.59,0.6,0.595,0.41,0.42,0.415,1746.52,2744.81,2331.96,1202.15,-0.22227046331487554,0.3196872762873821,-0.20000000000000007,-0.10999999999999999,0.05999999999999994,1.02,DOWN WATCH,-6,"UP5-,UP15-,UP_BOOK_WEAK,DOWN_BOOK"
2026-09-21 12:21:25,1789993284,btc-updown-5m-1789993200,216,0.58,0.59,0.585,0.41,0.42,0.415,2128.75,1918.51,1745.4099999999999,1026.46,0.05194625499720799,0.259373635848723,-0.17500000000000004,-0.18000000000000005,0.039999999999999925,1.01,DOWN WATCH,-5,"UP5-,UP15-,DOWN_BOOK"
2026-09-21 12:21:26,1789993286,btc-updown-5m-1789993200,214,0.56,0.57,0.565,0.43,0.44,0.435,776.9599999999999,2989.74,2989.74,696.9599999999999,-0.5874585180662117,0.6219057693872568,-0.10000000000000009,-0.30000000000000004,0.009999999999999898,1.01,DOWN WATCH,-6,"UP5-,UP15-,UP_BOOK_WEAK,DOWN_BOOK"
2026-09-21 12:21:28,1789993287,btc-updown-5m-1789993200,213,0.53,0.54,0.535,0.46,0.47,0.46499999999999997,2695.8500000000004,2221.2,1490.02,2345.84,0.09653145686946452,-0.22311033249388668,-0.05999999999999994,-0.37,-0.04999999999999993,1.01,WAIT,-3,"UP5-,UP15-,DOWN_BOOK_WEAK"
2026-09-21 12:21:29,1789993289,btc-updown-5m-1789993200,211,0.51,0.53,0.52,0.49,0.5,0.495,1159.97,3218.24,2830.7599999999998,739.0,-0.47011678288615655,0.5859665635785039,-0.06499999999999995,-0.345,-0.07499999999999996,1.03,DOWN WATCH,-7,"UP5-,UP15-,UP30-,UP_BOOK_WEAK,DOWN_BOOK"
2026-09-21 12:21:31,1789993290,btc-updown-5m-1789993200,210,0.49,0.5,0.495,0.47,0.48,0.475,3622.74,172.0,1748.72,2032.93,0.9093482030389434,-0.07515502492298336,-0.08999999999999997,-0.33999999999999997,-0.09999999999999998,0.98,DOWN WATCH,-4,"UP5-,UP15-,UP30-,UP_BOOK"
2026-09-21 12:21:32,1789993292,btc-updown-5m-1789993200,208,0.5,0.51,0.505,0.49,0.5,0.495,4490.46,953.8,1036.0,2892.4900000000002,0.6496126195295595,-0.47257088601472835,-0.030000000000000027,-0.29000000000000004,-0.16000000000000003,1.01,WAIT,-3,"UP5-,UP15-,UP30-,UP_BOOK,DOWN_BOOK_WEAK"
2026-09-21 12:21:34,1789993293,btc-updown-5m-1789993200,207,0.49,0.5,0.495,0.5,0.51,0.505,1675.21,3206.27,3372.6099999999997,1710.2,-0.3136466809246376,0.32706514703480943,-0.040000000000000036,-0.29000000000000004,-0.17000000000000004,1.01,DOWN WATCH,-7,"UP5-,UP15-,UP30-,UP_BOOK_WEAK,DOWN_BOOK"
2026-09-21 12:21:35,1789993295,btc-updown-5m-1789993200,205,0.45,0.46,0.455,0.54,0.55,0.545,2064.9399999999996,1534.44,214.9,2585.9399999999996,0.1473864943406919,-0.8465460361891431,-0.03999999999999998,-0.305,-0.23000000000000004,1.01,DOWN WATCH,-4,"UP5-,UP15-,UP30-,DOWN_BOOK_WEAK"
2026-09-21 12:21:37,1789993296,btc-updown-5m-1789993200,204,0.59,0.6,0.595,0.4,0.41,0.405,1816.3700000000001,1964.37,597.0,1845.3700000000001,-0.03914577569470521,-0.5111305821804232,0.09999999999999998,-0.07000000000000006,-0.09000000000000008,1.01,WAIT,0,"UP5+,UP15-,UP30-,DOWN_BOOK_WEAK"
2026-09-21 12:21:38,1789993298,btc-updown-5m-1789993200,202,0.67,0.68,0.675,0.3,0.31,0.305,1151.04,1227.9,710.77,1968.69,-0.032308507150243436,-0.469467728572175,0.18000000000000005,0.08000000000000007,-0.08999999999999997,0.99,UP WATCH,4,"UP5+,UP15+,UP30-,DOWN_BOOK_WEAK"
2026-09-21 12:21:40,1789993299,btc-updown-5m-1789993200,201,0.7,0.72,0.71,0.29,0.3,0.295,1114.77,1639.62,1803.2599999999998,690.57,-0.19055035779246945,0.4461771652438216,0.21499999999999997,0.125,-0.05500000000000005,1.02,WAIT,3,"UP5+,UP15+,DOWN_BOOK"
2026-09-21 12:21:42,1789993301,btc-updown-5m-1789993200,199,0.69,0.7,0.695,0.29,0.3,0.295,3027.82,320.15,798.3199999999999,1109.92,0.8087497797172615,-0.1632918291200269,0.09999999999999998,0.13,-0.17000000000000004,1.0,UP WATCH,4,"UP5+,UP15+,UP30-,UP_BOOK"
2026-09-21 12:21:43,1789993303,btc-updown-5m-1789993200,197,0.68,0.69,0.685,0.31,0.32,0.315,2166.8,1864.28,1543.51,3616.25,0.07504688569812562,-0.40171248275113564,0.010000000000000009,0.15000000000000002,-0.17999999999999994,1.01,WAIT,2,"UP15+,UP30-,DOWN_BOOK_WEAK"
2026-09-21 12:21:45,1789993304,btc-updown-5m-1789993200,196,0.68,0.7,0.69,0.3,0.32,0.31,4085.2,304.0,378.0,4085.2,0.8614781736990795,-0.8306148055207027,-0.020000000000000018,0.16999999999999993,-0.17500000000000004,1.02,WAIT,3,"UP15+,UP30-,UP_BOOK,DOWN_BOOK_WEAK"
2026-09-21 12:21:46,1789993306,btc-updown-5m-1789993200,194,0.66,0.67,0.665,0.33,0.34,0.335,3481.88,1120.83,870.0,3750.6800000000003,0.5129695331663303,-0.6234320489624904,-0.029999999999999916,0.17000000000000004,-0.13,1.01,WAIT,3,"UP15+,UP30-,UP_BOOK,DOWN_BOOK_WEAK"
2026-09-21 12:21:48,1789993307,btc-updown-5m-1789993200,193,0.57,0.61,0.59,0.42,0.43,0.425,1156.47,3174.02,1187.8000000000002,660.0,-0.465894159783304,0.28563697369845226,-0.10499999999999998,0.08499999999999996,-0.20500000000000007,1.04,WAIT,-3,"UP5-,UP15+,UP30-,UP_BOOK_WEAK,DOWN_BOOK"
2026-09-21 12:21:49,1789993309,btc-updown-5m-1789993200,191,0.58,0.59,0.585,0.42,0.43,0.425,2639.49,1741.35,3247.08,695.0,0.20501547648396196,0.6473942690153421,-0.10499999999999998,0.08999999999999997,-0.17500000000000004,1.02,WAIT,-1,"UP5-,UP15+,UP30-,UP_BOOK,DOWN_BOOK"
2026-09-21 12:21:51,1789993310,btc-updown-5m-1789993200,190,0.56,0.57,0.565,0.43,0.44,0.435,1444.6100000000001,2903.9700000000003,3145.4200000000005,1380.59,-0.33559460789499107,0.3899306453145266,-0.125,0.10999999999999993,-0.19500000000000006,1.01,WAIT,-3,"UP5-,UP15+,UP30-,UP_BOOK_WEAK,DOWN_BOOK"
2026-09-21 12:21:52,1789993312,btc-updown-5m-1789993200,188,0.54,0.55,0.545,0.46,0.47,0.46499999999999997,891.3499999999999,2838.93,2478.95,662.89,-0.5221002176780295,0.578024342423548,-0.04499999999999993,-0.04999999999999993,-0.04999999999999993,1.02,DOWN WATCH,-4,"UP5-,UP_BOOK_WEAK,DOWN_BOOK"
2026-09-21 12:21:54,1789993314,btc-updown-5m-1789993200,186,0.49,0.5,0.495,0.51,0.52,0.515,1633.84,2063.3199999999997,3112.09,2949.25,-0.11616484003938153,0.026865346606525974,-0.08999999999999997,-0.21499999999999997,-0.08999999999999997,1.02,DOWN WATCH,-5,"UP5-,UP15-,UP30-"
2026-09-21 12:21:56,1789993315,btc-updown-5m-1789993200,185,0.51,0.52,0.515,0.48,0.49,0.485,2713.77,2333.47,2492.5699999999997,2750.5,0.07534811104682959,-0.04919446049738041,-0.04999999999999993,-0.19499999999999995,-0.06999999999999995,1.01,DOWN WATCH,-4,"UP5-,UP15-"
2026-09-21 12:21:57,1789993317,btc-updown-5m-1789993200,183,0.49,0.5,0.495,0.5,0.51,0.505,3259.5,2220.78,1920.08,3335.73,0.18953776084433635,-0.26934953889124613,-0.050000000000000044,-0.19999999999999996,-0.040000000000000036,1.01,WAIT,-3,"UP5-,UP15-,DOWN_BOOK_WEAK"
2026-09-21 12:21:59,1789993318,btc-updown-5m-1789993200,182,0.43,0.44,0.435,0.56,0.57,0.565,1114.53,1802.05,1647.62,877.53,-0.23572814735066414,0.3049680217016811,-0.11000000000000004,-0.25000000000000006,-0.10000000000000003,1.01,DOWN WATCH,-7,"UP5-,UP15-,UP30-,UP_BOOK_WEAK,DOWN_BOOK"
2026-09-21 12:22:00,1789993320,btc-updown-5m-1789993200,180,0.46,0.47,0.46499999999999997,0.54,0.55,0.545,1039.03,2037.02,1525.13,2712.07,-0.32443880951219906,-0.2801236665722647,-0.050000000000000044,-0.22499999999999998,-0.030000000000000027,1.02,DOWN WATCH,-4,"UP5-,UP15-,UP_BOOK_WEAK,DOWN_BOOK_WEAK"
2026-09-21 12:22:02,1789993321,btc-updown-5m-1789993200,179,0.42,0.43,0.425,0.59,0.6,0.595,1201.99,2417.76,2216.43,2992.55,-0.33587126182747434,-0.14899654058952047,-0.09000000000000002,-0.24000000000000005,-0.07,1.03,DOWN WATCH,-6,"UP5-,UP15-,UP30-,UP_BOOK_WEAK"
2026-09-21 12:22:03,1789993323,btc-updown-5m-1789993200,177,0.38,0.39,0.385,0.61,0.62,0.615,5120.700000000001,1391.89,1391.89,5120.700000000001,0.572554083705561,-0.572554083705561,-0.04999999999999999,-0.20499999999999996,-0.10999999999999999,1.01,WAIT,-3,"UP5-,UP15-,UP30-,UP_BOOK,DOWN_BOOK_WEAK"
2026-09-21 12:22:05,1789993324,btc-updown-5m-1789993200,176,0.28,0.29,0.28500000000000003,0.72,0.73,0.725,1121.9500000000003,967.23,2322.1,575.16,0.07405776429029583,0.6029627993345438,-0.14999999999999997,-0.29999999999999993,-0.20999999999999996,1.02,DOWN WATCH,-6,"UP5-,UP15-,UP30-,DOWN_BOOK"
2026-09-21 12:22:06,1789993326,btc-updown-5m-1789993200,174,0.26,0.27,0.265,0.74,0.75,0.745,888.1200000000001,3155.58,3158.29,439.0,-0.5607389272201202,0.7559273786656066,-0.15999999999999998,-0.29999999999999993,-0.32999999999999996,1.02,DOWN WATCH,-7,"UP5-,UP15-,UP30-,UP_BOOK_WEAK,DOWN_BOOK"
2026-09-21 12:22:08,1789993327,btc-updown-5m-1789993200,173,0.22,0.23,0.225,0.76,0.77,0.765,3187.1800000000003,1091.81,589.12,3556.39,0.4896879871184556,-0.7157792406724384,-0.19999999999999998,-0.32000000000000006,-0.37,1.0,WAIT,-3,"UP5-,UP15-,UP30-,UP_BOOK,DOWN_BOOK_WEAK"
2026-09-21 12:22:09,1789993329,btc-updown-5m-1789993200,171,0.24,0.25,0.245,0.75,0.76,0.755,2533.42,1106.97,1432.53,1957.5499999999997,0.3918398852870159,-0.15486950160468183,-0.040000000000000036,-0.25,-0.46499999999999997,1.01,DOWN WATCH,-4,"UP5-,UP15-,UP30-,UP_BOOK"
2026-09-21 12:22:11,1789993330,btc-updown-5m-1789993200,170,0.21,0.22,0.215,0.78,0.79,0.785,3590.5199999999995,1588.92,1923.67,2978.0099999999998,0.38645104490060694,-0.21509768079515587,-0.07000000000000003,-0.30000000000000004,-0.495,1.01,WAIT,-3,"UP5-,UP15-,UP30-,UP_BOOK,DOWN_BOOK_WEAK"
2026-09-21 12:22:13,1789993332,btc-updown-5m-1789993200,168,0.23,0.24,0.235,0.76,0.77,0.765,2428.7,1275.6599999999999,1250.9299999999998,2552.7799999999997,0.3112656437279314,-0.3422579534191618,0.009999999999999981,-0.26,-0.45999999999999996,1.01,WAIT,-1,"UP15-,UP30-,UP_BOOK,DOWN_BOOK_WEAK"
2026-09-21 12:22:14,1789993334,btc-updown-5m-1789993200,166,0.19,0.2,0.195,0.81,0.82,0.815,1506.95,3175.19,2854.0299999999997,2079.16,-0.35629861559030696,0.15707280684506372,-0.04999999999999999,-0.24,-0.49499999999999994,1.02,DOWN WATCH,-6,"UP5-,UP15-,UP30-,UP_BOOK_WEAK"
2026-09-21 12:22:16,1789993335,btc-updown-5m-1789993200,165,0.19,0.2,0.195,0.8,0.81,0.805,2141.34,2884.9,2908.68,1489.69,-0.14793563379384986,0.322617242296578,-0.01999999999999999,-0.26999999999999996,-0.49499999999999994,1.01,DOWN WATCH,-4,"UP15-,UP30-,DOWN_BOOK"
2026-09-21 12:22:17,1789993337,btc-updown-5m-1789993200,163,0.18,0.19,0.185,0.81,0.82,0.815,2502.35,2849.7799999999997,2905.7099999999996,2586.35,-0.06491434251410184,0.058149401135457315,-0.04999999999999999,-0.24,-0.40499999999999997,1.01,DOWN WATCH,-5,"UP5-,UP15-,UP30-"
2026-09-21 12:22:19,1789993338,btc-updown-5m-1789993200,162,0.19,0.2,0.195,0.81,0.83,0.8200000000000001,1123.56,1956.79,1855.52,2846.95,-0.2704984823153213,-0.2108317543758918,-0.03999999999999998,-0.19,-0.39499999999999996,1.03,DOWN WATCH,-5,"UP5-,UP15-,UP30-,UP_BOOK_WEAK,DOWN_BOOK_WEAK"
2026-09-21 12:22:20,1789993340,btc-updown-5m-1789993200,160,0.14,0.15,0.14500000000000002,0.85,0.86,0.855,1398.8799999999999,3002.2,3246.77,2557.31,-0.3643014896343625,0.1187888519799865,-0.04999999999999999,-0.14,-0.41999999999999993,1.01,DOWN WATCH,-6,"UP5-,UP15-,UP30-,UP_BOOK_WEAK"
2026-09-21 12:37:40,1789994259,btc-updown-5m-1789994100,141,0.9,0.91,0.905,0.09,0.1,0.095,4192.16,3656.69,3518.0,2657.16,0.06822273326665687,0.1394036753703548,,,,1.01,WAIT,0,
2026-09-21 12:37:42,1789994261,btc-updown-5m-1789994100,139,0.89,0.9,0.895,0.1,0.11,0.10500000000000001,5031.34,2764.45,2789.45,5076.34,0.2907838718077322,-0.29073875605628935,,,,1.01,WAIT,2,"UP_BOOK,DOWN_BOOK_WEAK"
2026-09-21 12:37:43,1789994263,btc-updown-5m-1789994100,137,0.89,0.9,0.895,0.09,0.1,0.095,4632.59,2669.45,3984.72,4202.56,0.2688481575011915,-0.026607127153340376,,,,1.0,WAIT,1,UP_BOOK
2026-09-21 12:37:45,1789994264,btc-updown-5m-1789994100,136,0.9,0.91,0.905,0.09,0.1,0.095,4932.96,2587.6099999999997,3281.38,4626.6,0.31185801076248215,-0.1701091808527589,0.0,,,1.01,WAIT,1,UP_BOOK
2026-09-21 12:37:46,1789994266,btc-updown-5m-1789994100,134,0.89,0.9,0.895,0.1,0.11,0.10500000000000001,3331.6600000000003,4295.33,3944.81,3517.46,-0.1263499755473653,0.05726809670515807,0.0,,,1.01,WAIT,0,
2026-09-21 12:37:48,1789994267,btc-updown-5m-1789994100,133,0.9,0.91,0.905,0.09,0.1,0.095,3241.3199999999997,2759.42,1563.02,3794.4399999999996,0.08030676216599947,-0.41650707611442733,0.010000000000000009,,,1.01,WAIT,1,DOWN_BOOK_WEAK
2026-09-21 12:37:50,1789994269,btc-updown-5m-1789994100,131,0.9,0.91,0.905,0.09,0.1,0.095,3398.86,3654.56,3840.83,1874.67,-0.03625191750952018,0.3440048989589712,0.0,,,1.01,WAIT,-1,DOWN_BOOK
2026-09-21 12:37:57,1789994271,btc-updown-5m-1789994100,129,0.92,0.93,0.925,0.07,0.08,0.07500000000000001,4260.26,2942.03,2033.4099999999999,4097.04,0.18302928651859338,-0.33661966087318224,0.030000000000000027,,,1.01,WAIT,3,"UP5+,DOWN_BOOK_WEAK"
2026-09-21 12:37:58,1789994278,btc-updown-5m-1789994100,122,0.92,0.93,0.925,0.07,0.08,0.07500000000000001,3855.14,3303.36,2327.4300000000003,3855.14,0.07708039393727732,-0.24709950716287882,0.0,0.030000000000000027,,1.01,WAIT,1,DOWN_BOOK_WEAK
2026-09-21 12:38:00,1789994279,btc-updown-5m-1789994100,121,0.92,0.93,0.925,0.07,0.08,0.07500000000000001,3484.35,3546.46,2365.84,2904.71,-0.008833975032748735,-0.1022417015302008,0.0,0.020000000000000018,,1.01,WAIT,0,
2026-09-21 12:38:01,1789994281,btc-updown-5m-1789994100,119,0.91,0.92,0.915,0.08,0.09,0.08499999999999999,3960.81,1881.19,1846.3600000000001,3990.81,0.3559774049982882,-0.36737836999779,-0.010000000000000009,0.020000000000000018,,1.01,WAIT,2,"UP_BOOK,DOWN_BOOK_WEAK"
2026-09-21 12:38:03,1789994282,btc-updown-5m-1789994100,118,0.91,0.92,0.915,0.08,0.09,0.08499999999999999,3868.95,1965.23,1865.41,3883.95,0.3263046392123657,-0.3510895125718341,-0.010000000000000009,0.010000000000000009,,1.01,WAIT,2,"UP_BOOK,DOWN_BOOK_WEAK"
2026-09-21 12:38:04,1789994284,btc-updown-5m-1789994100,116,0.91,0.92,0.915,0.08,0.09,0.08499999999999999,2528.93,2967.84,2913.67,2634.82,-0.0798487111521858,0.050256916746718464,-0.010000000000000009,0.010000000000000009,,1.01,WAIT,0,
2026-09-21 12:38:05,1789994285,btc-updown-5m-1789994100,115,0.91,0.92,0.915,0.1,0.11,0.10500000000000001,276.0,3444.8599999999997,2576.26,770.0,-0.851647199840897,0.539784714875712,-0.010000000000000009,0.010000000000000009,,1.03,WAIT,-2,"UP_BOOK_WEAK,DOWN_BOOK"
2026-09-21 12:38:07,1789994287,btc-updown-5m-1789994100,113,0.85,0.86,0.855,0.14,0.15,0.14500000000000002,3764.1099999999997,1162.67,589.31,3887.06,0.5280203297082475,-0.7367018365327264,-0.06000000000000005,-0.07000000000000006,,1.01,WAIT,-2,"UP5-,UP15-,UP_BOOK,DOWN_BOOK_WEAK"
2026-09-21 12:38:08,1789994288,btc-updown-5m-1789994100,112,0.84,0.85,0.845,0.15,0.16,0.155,646.0,3283.4,3312.0699999999997,541.0,-0.6711966203491627,0.7191849616020471,-0.07000000000000006,-0.08000000000000007,,1.01,DOWN WATCH,-6,"UP5-,UP15-,UP_BOOK_WEAK,DOWN_BOOK"
2026-09-21 12:38:10,1789994290,btc-updown-5m-1789994100,110,0.83,0.84,0.835,0.16,0.17,0.165,1310.0,2237.4300000000003,2326.98,1581.41,-0.26143715309393,0.19076141326735557,-0.08000000000000007,-0.09000000000000008,-0.07000000000000006,1.01,DOWN WATCH,-6,"UP5-,UP15-,UP30-,UP_BOOK_WEAK"
2026-09-21 12:38:12,1789994291,btc-updown-5m-1789994100,109,0.78,0.79,0.785,0.21,0.22,0.215,3574.41,1077.07,1099.8,3881.1499999999996,0.5368914840007912,-0.5583974944538691,-0.13,-0.14,-0.10999999999999999,1.01,WAIT,-3,"UP5-,UP15-,UP30-,UP_BOOK,DOWN_BOOK_WEAK"
2026-09-21 12:38:13,1789994293,btc-updown-5m-1789994100,107,0.8,0.81,0.805,0.19,0.2,0.195,3330.06,1073.78,1362.44,3281.05,0.5123437727074552,-0.41318275693497786,-0.039999999999999925,-0.12,-0.08999999999999997,1.01,WAIT,-3,"UP5-,UP15-,UP30-,UP_BOOK,DOWN_BOOK_WEAK"
2026-09-21 12:38:15,1789994294,btc-updown-5m-1789994100,106,0.78,0.79,0.785,0.22,0.23,0.225,255.0,3328.51,4117.71,1371.04,-0.8576814352408672,0.5004181279890686,-0.05999999999999994,-0.14,-0.12,1.02,DOWN WATCH,-7,"UP5-,UP15-,UP30-,UP_BOOK_WEAK,DOWN_BOOK"
2026-09-21 12:38:16,1789994296,btc-updown-5m-1789994100,104,0.78,0.79,0.785,0.21,0.22,0.215,2237.12,1735.2199999999998,1946.1599999999999,1326.19,0.12634870126927708,0.18945711797332188,0.0,-0.13,-0.10999999999999999,1.01,WAIT,-3,"UP15-,UP30-"
2026-09-21 12:38:18,1789994297,btc-updown-5m-1789994100,103,0.82,0.83,0.825,0.16,0.17,0.165,1834.17,1240.8600000000001,1696.7800000000002,2747.23,0.19294445907844798,-0.2363743555932592,0.039999999999999925,-0.09000000000000008,-0.08000000000000007,1.0,WAIT,0,"UP5+,UP15-,UP30-,DOWN_BOOK_WEAK"
2026-09-21 12:38:19,1789994299,btc-updown-5m-1789994100,101,0.83,0.84,0.835,0.15,0.16,0.155,3443.91,1601.6699999999998,1569.44,1996.88,0.3651195699998811,-0.11985464007716638,0.04999999999999993,-0.08000000000000007,-0.07000000000000006,1.0,WAIT,0,"UP5+,UP15-,UP30-,UP_BOOK"
2026-09-21 12:38:21,1789994300,btc-updown-5m-1789994100,100,0.84,0.85,0.845,0.15,0.16,0.155,1190.23,2549.65,2717.71,1165.23,-0.3634929462977422,0.39982075437683817,0.05999999999999994,-0.07000000000000006,-0.06000000000000005,1.01,WAIT,-2,"UP5+,UP15-,UP_BOOK_WEAK,DOWN_BOOK"
2026-09-21 12:38:22,1789994302,btc-updown-5m-1789994100,98,0.8,0.81,0.805,0.19,0.2,0.195,954.71,1827.0300000000002,2166.29,1277.71,-0.3135878982219762,0.2580081300813008,-0.019999999999999907,-0.04999999999999993,-0.12,1.01,WAIT,-3,"UP30-,UP_BOOK_WEAK,DOWN_BOOK"
2026-09-21 12:38:24,1789994303,btc-updown-5m-1789994100,97,0.8,0.81,0.805,0.17,0.18,0.175,3123.37,625.64,1512.65,2719.17,0.6662372199594027,-0.28510664442249434,-0.019999999999999907,-0.039999999999999925,-0.12,0.99,WAIT,1,"UP30-,UP_BOOK,DOWN_BOOK_WEAK"
2026-09-21 12:38:25,1789994305,btc-updown-5m-1789994100,95,0.85,0.86,0.855,0.11,0.12,0.11499999999999999,3926.96,475.86,595.29,4277.01,0.7838385398449176,-0.7556431254233114,0.010000000000000009,0.020000000000000018,-0.07000000000000006,0.98,WAIT,1,"UP30-,UP_BOOK,DOWN_BOOK_WEAK"
2026-09-21 12:38:27,1789994306,btc-updown-5m-1789994100,94,0.91,0.92,0.915,0.08,0.09,0.08499999999999999,2604.08,2152.53,1675.31,3105.66,0.09493105383876325,-0.29917569028879076,0.07000000000000006,0.13,-0.010000000000000009,1.01,UP WATCH,5,"UP5+,UP15+,DOWN_BOOK_WEAK"
2026-09-21 12:38:28,1789994308,btc-updown-5m-1789994100,92,0.92,0.93,0.925,0.06,0.07,0.065,3937.71,1439.1599999999999,3011.85,2662.42,0.4646848445285083,0.06158148977753963,0.12,0.12,0.0,1.0,UP WATCH,5,"UP5+,UP15+,UP_BOOK"
2026-09-21 12:38:30,1789994309,btc-updown-5m-1789994100,91,0.93,0.94,0.935,0.11,0.12,0.11499999999999999,2945.04,2940.47,237.22,820.0,0.0007764832614336164,-0.5512381528915458,0.13,0.15000000000000002,0.010000000000000009,1.06,UP WATCH,5,"UP5+,UP15+,DOWN_BOOK_WEAK"
2026-09-21 12:38:31,1789994311,btc-updown-5m-1789994100,89,0.9,0.91,0.905,0.09,0.1,0.095,2642.33,2076.8,2564.8,49.0,0.1198377667069989,0.9625066952329941,-0.010000000000000009,0.12,-0.010000000000000009,1.01,WAIT,1,"UP15+,DOWN_BOOK"
2026-09-21 12:38:33,1789994312,btc-updown-5m-1789994100,88,0.81,0.83,0.8200000000000001,0.17,0.18,0.175,1663.98,831.15,1485.1200000000001,1524.97,0.33378220774067885,-0.013238806813085292,-0.09499999999999997,-0.004999999999999893,-0.09499999999999997,1.01,WAIT,-2,"UP5-,UP30-,UP_BOOK"
2026-09-21 12:38:34,1789994314,btc-updown-5m-1789994100,86,0.8,0.81,0.805,0.16,0.17,0.165,2353.56,427.04,824.78,2405.93,0.6928432712364239,-0.4894125439918779,-0.13,-0.029999999999999916,-0.10999999999999999,0.9800000000000001,WAIT,-1,"UP5-,UP30-,UP_BOOK,DOWN_BOOK_WEAK"
2026-09-21 12:38:36,1789994315,btc-updown-5m-1789994100,85,0.86,0.87,0.865,0.11,0.12,0.11499999999999999,3542.25,976.0,1390.5,2309.8599999999997,0.5679743263431638,-0.24845150201602,-0.07000000000000006,0.020000000000000018,-0.050000000000000044,0.99,WAIT,0,"UP5-,UP_BOOK,DOWN_BOOK_WEAK"
2026-09-21 12:38:38,1789994317,btc-updown-5m-1789994100,83,0.91,0.92,0.915,0.07,0.08,0.07500000000000001,3528.2200000000003,1189.5900000000001,1319.3000000000002,2333.0699999999997,0.49570245516457845,-0.27756497835651905,0.09499999999999997,0.10999999999999999,0.06000000000000005,1.0,UP WATCH,6,"UP5+,UP15+,UP_BOOK,DOWN_BOOK_WEAK"
2026-09-21 12:38:39,1789994319,btc-updown-5m-1789994100,81,0.91,0.92,0.915,0.08,0.09,0.08499999999999999,2977.44,2200.53,2174.6600000000003,3148.74,0.15004142550072708,-0.1829808017432467,0.10999999999999999,0.10999999999999999,0.07000000000000006,1.01,UP WATCH,5,"UP5+,UP15+,UP30+"
2026-09-21 12:38:41,1789994320,btc-updown-5m-1789994100,80,0.91,0.92,0.915,0.08,0.09,0.08499999999999999,1565.7,1866.5200000000002,1329.5900000000001,2578.75,-0.08764589682479565,-0.3196139537501855,0.050000000000000044,0.06000000000000005,0.08000000000000007,1.01,UP WATCH,6,"UP5+,UP15+,UP30+,DOWN_BOOK_WEAK"
2026-09-21 12:38:42,1789994322,btc-updown-5m-1789994100,78,0.91,0.92,0.915,0.08,0.09,0.08499999999999999,981.7,1987.0500000000002,1771.7800000000002,1618.7,-0.3386442105263158,0.04514994926971996,0.0,0.0,0.13,1.01,WAIT,0,"UP30+,UP_BOOK_WEAK"
2026-09-21 12:54:15,1789995254,btc-updown-5m-1789995000,46,,0.01,,0.99,,,0,8731.21,9072.49,0,-1.0,1.0,,,,,WAIT,-2,"UP_BOOK_WEAK,DOWN_BOOK"
2026-09-21 12:54:16,1789995256,btc-updown-5m-1789995000,44,,0.01,,0.99,,,0,16950.11,16460.11,0,-1.0,1.0,,,,,WAIT,-2,"UP_BOOK_WEAK,DOWN_BOOK"
2026-09-21 12:54:18,1789995257,btc-updown-5m-1789995000,43,,0.01,,0.99,,,0,18199.4,18280.71,0,-1.0,1.0,,,,,WAIT,-2,"UP_BOOK_WEAK,DOWN_BOOK"
2026-09-21 12:54:19,1789995259,btc-updown-5m-1789995000,41,,0.01,,0.99,,,0,19313.32,19298.32,0,-1.0,1.0,,,,,WAIT,-2,"UP_BOOK_WEAK,DOWN_BOOK"
2026-09-21 12:54:21,1789995260,btc-updown-5m-1789995000,40,,0.01,,0.99,,,0,19559.39,19559.39,0,-1.0,1.0,,,,,WAIT,-2,"UP_BOOK_WEAK,DOWN_BOOK"
2026-09-21 12:54:22,1789995262,btc-updown-5m-1789995000,38,,0.01,,0.99,,,0,19061.35,19096.07,0,-1.0,1.0,,,,,WAIT,-2,"UP_BOOK_WEAK,DOWN_BOOK"
2026-09-21 12:54:24,1789995263,btc-updown-5m-1789995000,37,,0.01,,0.99,,,0,18879.79,18869.79,0,-1.0,1.0,,,,,WAIT,-2,"UP_BOOK_WEAK,DOWN_BOOK"
2026-09-21 12:54:36,1789995265,btc-updown-5m-1789995000,35,,0.01,,0.99,,,0,22353.45,22306.809999999998,0,-1.0,1.0,,,,,WAIT,-2,"UP_BOOK_WEAK,DOWN_BOOK"
2026-09-21 12:54:37,1789995277,btc-updown-5m-1789995000,23,,0.01,,0.99,,,0,38582.62,38572.62,0,-1.0,1.0,,,,,WAIT,-2,"UP_BOOK_WEAK,DOWN_BOOK"
2026-09-21 12:54:38,1789995278,btc-updown-5m-1789995000,22,,0.01,,0.99,,,0,38749.04,38749.04,0,-1.0,1.0,,,,,WAIT,-2,"UP_BOOK_WEAK,DOWN_BOOK"
2026-09-21 12:54:40,1789995279,btc-updown-5m-1789995000,21,,0.01,,0.99,,,0,39112.82,38950.32,0,-1.0,1.0,,,,,WAIT,-2,"UP_BOOK_WEAK,DOWN_BOOK"
2026-09-21 12:54:41,1789995281,btc-updown-5m-1789995000,19,,0.01,,0.99,,,0,39962.32,40479.32,0,-1.0,1.0,,,,,WAIT,0,TIME FILTER
2026-09-21 12:54:43,1789995282,btc-updown-5m-1789995000,18,,0.01,,0.99,,,0,40684.32,40694.32,0,-1.0,1.0,,,,,WAIT,0,TIME FILTER
2026-09-21 12:54:44,1789995284,btc-updown-5m-1789995000,16,,0.01,,0.99,,,0,41119.75,41134.75,0,-1.0,1.0,,,,,WAIT,0,TIME FILTER
2026-09-21 12:54:45,1789995285,btc-updown-5m-1789995000,15,,0.01,,0.99,,,0,40544.75,40574.75,0,-1.0,1.0,,,,,WAIT,0,TIME FILTER
2026-09-21 12:54:47,1789995286,btc-updown-5m-1789995000,14,,0.01,,0.99,,,0,40860.75,40853.25,0,-1.0,1.0,,,,,WAIT,0,TIME FILTER
2026-09-21 12:54:48,1789995288,btc-updown-5m-1789995000,12,,0.01,,0.99,,,0,44743.26,52273.26,0,-1.0,1.0,,,,,WAIT,0,TIME FILTER
2026-09-21 13:11:24,1789996283,btc-updown-5m-1789996200,217,0.15,0.16,0.155,0.84,0.85,0.845,1485.46,4215.76,4440.56,1454.58,-0.47889749913176477,0.5065155365266983,,,,1.01,WAIT,-2,"UP_BOOK_WEAK,DOWN_BOOK"
2026-09-21 13:11:25,1789996285,btc-updown-5m-1789996200,215,0.14,0.15,0.14500000000000002,0.85,0.86,0.855,1232.76,3899.2400000000002,3933.11,1828.6399999999999,-0.5195791114575216,0.36524840543237735,,,,1.01,WAIT,-2,"UP_BOOK_WEAK,DOWN_BOOK"
2026-09-21 13:11:27,1789996286,btc-updown-5m-1789996200,214,0.2,0.21,0.20500000000000002,0.77,0.78,0.775,4230.47,670.57,700.0,2982.6400000000003,0.7263560387183129,-0.6198379423457085,,,,0.99,WAIT,2,"UP_BOOK,DOWN_BOOK_WEAK"
2026-09-21 13:11:29,1789996288,btc-updown-5m-1789996200,212,0.21,0.22,0.215,0.76,0.77,0.765,3950.7300000000005,792.0,1061.35,4643.23,0.666015143177031,-0.6278954804735843,0.06,,,0.99,UP WATCH,4,"UP5+,UP_BOOK,DOWN_BOOK_WEAK"
2026-09-21 13:11:30,1789996290,btc-updown-5m-1789996200,210,0.25,0.26,0.255,0.76,0.77,0.765,2540.0,2411.54,3562.4800000000005,1515.7,0.025943443857870487,0.4030538500013785,0.10999999999999999,,,1.03,WAIT,1,"UP5+,DOWN_BOOK"
2026-09-21 13:11:32,1789996291,btc-updown-5m-1789996200,209,0.23,0.24,0.235,0.76,0.77,0.765,1569.72,4116.96,4374.96,1276.7200000000003,-0.447930954440904,0.5481980579225999,0.02999999999999997,,,1.01,WAIT,-2,"UP_BOOK_WEAK,DOWN_BOOK"
2026-09-21 13:11:34,1789996293,btc-updown-5m-1789996200,207,0.25,0.26,0.255,0.74,0.75,0.745,3060.14,3138.61,3134.61,3023.93,-0.012659003831417666,0.017971792015640118,0.04000000000000001,,,1.01,WAIT,2,UP5+
2026-09-21 13:11:36,1789996295,btc-updown-5m-1789996200,205,0.25,0.26,0.255,0.74,0.75,0.745,2009.4799999999998,3502.53,3497.53,2014.4799999999998,-0.2708721500868105,0.2690579298658748,0.0,,,1.01,WAIT,-2,"UP_BOOK_WEAK,DOWN_BOOK"
2026-09-21 13:11:38,1789996297,btc-updown-5m-1789996200,203,0.27,0.28,0.275,0.72,0.73,0.725,1676.73,2329.75,1635.56,2974.2299999999996,-0.1629909546534614,-0.2903971764440462,0.040000000000000036,,,1.01,WAIT,3,"UP5+,DOWN_BOOK_WEAK"
2026-09-21 13:11:39,1789996299,btc-updown-5m-1789996200,201,0.29,0.3,0.295,0.7,0.71,0.705,1398.0,3729.25,4438.06,840.0,-0.4546784338583061,0.6817012311341667,0.03999999999999998,0.13999999999999999,,1.01,WAIT,2,"UP5+,UP15+,UP_BOOK_WEAK,DOWN_BOOK"
2026-09-21 13:11:41,1789996300,btc-updown-5m-1789996200,200,0.22,0.23,0.225,0.77,0.8,0.785,2880.08,2478.2200000000003,3623.54,201.76999999999998,0.07499766717055777,0.8945078960920815,-0.03,0.07999999999999999,,1.03,WAIT,-1,"UP5-,UP15+,DOWN_BOOK"
2026-09-21 13:11:42,1789996302,btc-updown-5m-1789996200,198,0.17,0.18,0.175,0.82,0.83,0.825,1940.91,4020.04,4124.04,1950.91,-0.3487917194406932,0.35771981662400515,-0.10000000000000003,-0.030000000000000027,,1.01,DOWN WATCH,-4,"UP5-,UP_BOOK_WEAK,DOWN_BOOK"
2026-09-21 13:11:44,1789996303,btc-updown-5m-1789996200,197,0.17,0.18,0.175,0.82,0.83,0.825,2319.9,3715.03,3688.3900000000003,2526.0800000000004,-0.23117583799646393,0.18703284431335251,-0.10000000000000003,-0.04000000000000001,,1.01,WAIT,-3,"UP5-,UP_BOOK_WEAK"
2026-09-21 13:11:45,1789996305,btc-updown-5m-1789996200,195,0.16,0.18,0.16999999999999998,0.85,0.87,0.86,802.0,4334.28,2785.0499999999997,3231.02,-0.6877117291113413,-0.07412978904833226,-0.05500000000000002,-0.08500000000000002,,1.05,DOWN WATCH,-5,"UP5-,UP15-,UP_BOOK_WEAK"
2026-09-21 13:11:47,1789996306,btc-updown-5m-1789996200,194,0.13,0.14,0.135,0.86,0.87,0.865,2743.66,3012.5400000000004,2982.5400000000004,2769.66,-0.04671137208575111,0.03700844894127474,-0.09,-0.09999999999999998,,1.01,DOWN WATCH,-4,"UP5-,UP15-"
2026-09-21 13:11:48,1789996308,btc-updown-5m-1789996200,192,0.14,0.15,0.14500000000000002,0.85,0.86,0.855,1168.17,4045.2400000000002,4079.2400000000002,1815.69,-0.5518595314774783,0.3839825070017795,-0.02999999999999997,-0.10999999999999999,,1.01,DOWN WATCH,-4,"UP15-,UP_BOOK_WEAK,DOWN_BOOK"
2026-09-21 13:11:50,1789996309,btc-updown-5m-1789996200,191,0.14,0.15,0.14500000000000002,0.85,0.86,0.855,1385.95,3365.1600000000003,3380.1600000000003,2024.4,-0.41657844166942043,0.2508548336959901,-0.02999999999999997,-0.10999999999999999,,1.01,DOWN WATCH,-4,"UP15-,UP_BOOK_WEAK,DOWN_BOOK"
2026-09-21 13:11:51,1789996311,btc-updown-5m-1789996200,189,0.15,0.16,0.155,0.84,0.85,0.845,2810.29,3157.1,3180.1,2833.15,-0.05811753547195675,0.05769758450089383,0.01999999999999999,-0.1,,1.01,WAIT,-2,UP15-
2026-09-21 13:11:53,1789996312,btc-updown-5m-1789996200,188,0.15,0.16,0.155,0.84,0.85,0.845,2805.43,3491.1,3486.1,2793.66,-0.10889648743037833,0.1102653604596354,0.01999999999999999,-0.12000000000000002,,1.01,WAIT,-2,UP15-
2026-09-21 13:11:54,1789996314,btc-updown-5m-1789996200,186,0.15,0.16,0.155,0.84,0.85,0.845,1652.3700000000001,4263.74,4339.36,1342.88,-0.44139983874539185,0.5273413301796475,0.009999999999999981,-0.13999999999999999,0.0,1.01,DOWN WATCH,-4,"UP15-,UP_BOOK_WEAK,DOWN_BOOK"
2026-09-21 13:11:56,1789996315,btc-updown-5m-1789996200,185,0.14,0.15,0.14500000000000002,0.85,0.86,0.855,1334.63,3728.6799999999994,3758.68,2011.48,-0.47282311373390123,0.3027992291374936,0.0,-0.07999999999999999,0.0,1.01,DOWN WATCH,-4,"UP15-,UP_BOOK_WEAK,DOWN_BOOK"
2026-09-21 13:11:57,1789996317,btc-updown-5m-1789996200,183,0.14,0.15,0.14500000000000002,0.85,0.86,0.855,879.07,3847.45,3550.3900000000003,1822.3500000000001,-0.628026539610538,0.3216310485897326,-0.009999999999999981,-0.02999999999999997,-0.06,1.01,WAIT,-2,"UP_BOOK_WEAK,DOWN_BOOK"
2026-09-21 13:11:59,1789996318,btc-updown-5m-1789996200,182,0.13,0.14,0.135,0.86,0.87,0.865,2612.35,2349.67,2394.67,2582.35,0.05293811794390184,-0.03770931199794251,-0.01999999999999999,-0.03999999999999998,-0.07999999999999999,1.01,WAIT,-1,UP30-
2026-09-21 13:12:00,1789996320,btc-updown-5m-1789996200,180,0.14,0.15,0.14500000000000002,0.85,0.86,0.855,2530.86,3004.19,3130.1899999999996,3141.78,-0.08551503599786811,-0.0018479042469910732,0.0,-0.024999999999999967,-0.10999999999999999,1.01,WAIT,-1,UP30-
2026-09-21 13:12:02,1789996321,btc-updown-5m-1789996200,179,0.16,0.17,0.165,0.83,0.84,0.835,3313.34,1940.76,3585.3199999999997,2990.2900000000004,0.2612397936849318,0.09049046400257911,0.01999999999999999,0.03,-0.06999999999999998,1.01,WAIT,1,UP_BOOK
2026-09-21 13:12:03,1789996323,btc-updown-5m-1789996200,177,0.14,0.15,0.14500000000000002,0.85,0.86,0.855,3232.59,2098.9700000000003,1912.2,3825.06,0.21262444762883656,-0.33341002499450956,0.010000000000000009,0.0,-0.10999999999999999,1.01,WAIT,1,"UP30-,UP_BOOK,DOWN_BOOK_WEAK"
2026-09-21 13:12:05,1789996324,btc-updown-5m-1789996200,176,0.13,0.14,0.135,0.86,0.87,0.865,1397.0,3762.15,4863.37,1523.0,-0.4584379209753545,0.5230467386011145,0.0,-0.010000000000000009,-0.12,1.01,WAIT,-3,"UP30-,UP_BOOK_WEAK,DOWN_BOOK"
2026-09-21 13:12:06,1789996326,btc-updown-5m-1789996200,174,0.13,0.14,0.135,0.86,0.87,0.865,1895.7,4574.22,4661.22,1890.7,-0.4139958453891239,0.42285620093041437,-0.03,-0.01999999999999999,-0.12,1.01,DOWN WATCH,-5,"UP5-,UP30-,UP_BOOK_WEAK,DOWN_BOOK"
2026-09-21 13:12:08,1789996327,btc-updown-5m-1789996200,173,0.13,0.14,0.135,0.86,0.87,0.865,1450.25,4721.21,4721.21,1428.25,-0.5300139675214617,0.5354876688359629,-0.03,-0.01999999999999999,-0.14,1.01,DOWN WATCH,-5,"UP5-,UP30-,UP_BOOK_WEAK,DOWN_BOOK"
2026-09-21 13:12:09,1789996329,btc-updown-5m-1789996200,171,0.13,0.14,0.135,0.86,0.87,0.865,2919.62,3318.3100000000004,3781.3100000000004,3331.42,-0.06391383038924779,0.06325138167764,0.0,-0.01999999999999999,-0.15999999999999998,1.01,WAIT,-1,UP30-
2026-09-21 13:12:11,1789996330,btc-updown-5m-1789996200,170,0.13,0.14,0.135,0.86,0.87,0.865,3303.16,3568.3100000000004,3824.4100000000003,3135.58,-0.038587085441688686,0.09896996978443941,0.0,-0.010000000000000009,-0.09,1.01,WAIT,-1,UP30-
2026-09-21 13:12:13,1789996332,btc-updown-5m-1789996200,168,0.09,0.1,0.095,0.91,0.92,0.915,2785.71,4507.63,2657.9100000000003,3952.21,-0.2360948481765556,-0.19580582500771537,-0.04000000000000001,-0.05000000000000002,-0.07999999999999999,1.02,DOWN WATCH,-6,"UP5-,UP15-,UP30-,UP_BOOK_WEAK"
2026-09-21 13:12:14,1789996334,btc-updown-5m-1789996200,166,0.11,0.12,0.11499999999999999,0.88,0.89,0.885,2894.22,1940.16,2595.4800000000005,1282.95,0.1973489878743499,0.3384178649608219,-0.020000000000000018,-0.020000000000000018,-0.06,1.01,WAIT,-1,DOWN_BOOK
2026-09-21 13:12:16,1789996335,btc-updown-5m-1789996200,165,0.1,0.11,0.10500000000000001,0.89,0.9,0.895,2368.96,4711.39,4726.39,2358.96,-0.33083534006087273,0.3341302829076898,-0.03,-0.04000000000000001,-0.06499999999999997,1.01,DOWN WATCH,-4,"UP5-,UP_BOOK_WEAK,DOWN_BOOK"
2026-09-21 13:12:17,1789996337,btc-updown-5m-1789996200,163,0.09,0.1,0.095,0.9,0.91,0.905,2481.29,4760.6,4660.6,2428.29,-0.3147396605029903,0.31490261521902585,0.0,-0.07,-0.04000000000000001,1.01,DOWN WATCH,-4,"UP15-,UP_BOOK_WEAK,DOWN_BOOK"
2026-09-21 13:12:18,1789996338,btc-updown-5m-1789996200,162,0.08,0.09,0.08499999999999999,0.91,0.92,0.915,4953.349999999999,3494.6800000000003,3520.1499999999996,4002.07,0.17266392283171336,-0.06406619322487252,-0.010000000000000009,-0.060000000000000026,-0.060000000000000026,1.01,WAIT,-2,UP15-
2026-09-21 13:12:20,1789996340,btc-updown-5m-1789996200,160,0.08,0.09,0.08499999999999999,0.91,0.92,0.915,4951.45,3278.1800000000003,3431.85,3026.4500000000003,0.203322628113293,0.06277193688741614,-0.020000000000000018,-0.05000000000000002,-0.060000000000000026,1.01,WAIT,-1,"UP15-,UP_BOOK"
2026-09-21 13:12:22,1789996341,btc-updown-5m-1789996200,159,0.08,0.09,0.08499999999999999,0.91,0.92,0.915,2840.6600000000003,5093.58,5068.58,2855.6600000000003,-0.2839490612837524,0.27925958830121245,-0.020000000000000018,-0.05000000000000002,-0.07,1.01,DOWN WATCH,-5,"UP15-,UP30-,UP_BOOK_WEAK,DOWN_BOOK"
2026-09-21 13:12:23,1789996343,btc-updown-5m-1789996200,157,0.07,0.08,0.07500000000000001,0.92,0.93,0.925,2745.05,5000.0199999999995,5006.51,3721.9300000000003,-0.2911490793498315,0.1471717741085463,-0.009999999999999981,-0.06,-0.07999999999999999,1.01,DOWN WATCH,-4,"UP15-,UP30-,UP_BOOK_WEAK"
2026-09-21 13:12:25,1789996344,btc-updown-5m-1789996200,156,0.07,0.08,0.07500000000000001,0.92,0.93,0.925,2866.45,4322.89,4474.03,4710.179999999999,-0.2025832691178885,-0.02571260892335864,-0.009999999999999981,-0.06,-0.07999999999999999,1.01,DOWN WATCH,-4,"UP15-,UP30-,UP_BOOK_WEAK"
2026-09-21 13:12:26,1789996346,btc-updown-5m-1789996200,154,0.07,0.08,0.07500000000000001,0.92,0.93,0.925,3503.95,3813.76,2795.69,5088.549999999999,-0.04233701526843786,-0.29081560175742993,-0.009999999999999981,-0.06,-0.07,1.01,WAIT,-2,"UP15-,UP30-,DOWN_BOOK_WEAK"
2026-09-21 13:28:53,1789997332,btc-updown-5m-1789997100,68,,0.01,,0.99,,,0,11924.31,9430.64,0,-1.0,1.0,,,,,WAIT,-2,"UP_BOOK_WEAK,DOWN_BOOK"
2026-09-21 13:28:54,1789997334,btc-updown-5m-1789997100,66,,0.01,,0.99,,,0,12403.92,12409.13,0,-1.0,1.0,,,,,WAIT,-2,"UP_BOOK_WEAK,DOWN_BOOK"
2026-09-21 13:28:56,1789997335,btc-updown-5m-1789997100,65,,0.01,,0.99,,,0,11305.15,11320.15,0,-1.0,1.0,,,,,WAIT,-2,"UP_BOOK_WEAK,DOWN_BOOK"
2026-09-21 13:28:57,1789997337,btc-updown-5m-1789997100,63,,0.01,,0.99,,,0,12103.42,12133.42,0,-1.0,1.0,,,,,WAIT,-2,"UP_BOOK_WEAK,DOWN_BOOK"
2026-09-21 13:28:59,1789997338,btc-updown-5m-1789997100,62,,0.01,,0.99,,,0,11942.71,11942.71,0,-1.0,1.0,,,,,WAIT,-2,"UP_BOOK_WEAK,DOWN_BOOK"
2026-09-21 13:29:01,1789997340,btc-updown-5m-1789997100,60,,0.01,,0.99,,,0,12364.5,8749.720000000001,0,-1.0,1.0,,,,,WAIT,-2,"UP_BOOK_WEAK,DOWN_BOOK"
2026-09-21 13:29:03,1789997342,btc-updown-5m-1789997100,58,,0.01,,0.99,,,0,1943.71,6087.11,0,-1.0,1.0,,,,,WAIT,-2,"UP_BOOK_WEAK,DOWN_BOOK"
2026-09-21 13:29:05,1789997344,btc-updown-5m-1789997100,56,,0.01,,0.99,,,0,9593.46,9538.46,0,-1.0,1.0,,,,,WAIT,-2,"UP_BOOK_WEAK,DOWN_BOOK"
2026-09-21 13:29:06,1789997346,btc-updown-5m-1789997100,54,,0.01,,0.99,,,0,10069.6,9673.130000000001,0,-1.0,1.0,,,,,WAIT,-2,"UP_BOOK_WEAK,DOWN_BOOK"
2026-09-21 13:29:08,1789997347,btc-updown-5m-1789997100,53,,0.01,,0.99,,,0,11258.33,11228.33,0,-1.0,1.0,,,,,WAIT,-2,"UP_BOOK_WEAK,DOWN_BOOK"
2026-09-21 13:29:09,1789997349,btc-updown-5m-1789997100,51,,0.01,,0.99,,,0,11128.33,10698.33,0,-1.0,1.0,,,,,WAIT,-2,"UP_BOOK_WEAK,DOWN_BOOK"
2026-09-21 13:29:11,1789997350,btc-updown-5m-1789997100,50,,0.01,,0.99,,,0,16910.33,16910.33,0,-1.0,1.0,,,,,WAIT,-2,"UP_BOOK_WEAK,DOWN_BOOK"
2026-09-21 13:29:12,1789997352,btc-updown-5m-1789997100,48,,0.01,,0.99,,,0,19680.98,19695.98,0,-1.0,1.0,,,,,WAIT,-2,"UP_BOOK_WEAK,DOWN_BOOK"
2026-09-21 13:29:14,1789997353,btc-updown-5m-1789997100,47,,0.01,,0.99,,,0,19694.97,19654.97,0,-1.0,1.0,,,,,WAIT,-2,"UP_BOOK_WEAK,DOWN_BOOK"
2026-09-21 13:29:15,1789997355,btc-updown-5m-1789997100,45,,0.01,,0.99,,,0,31254.97,32254.97,0,-1.0,1.0,,,,,WAIT,-2,"UP_BOOK_WEAK,DOWN_BOOK"
2026-09-21 13:29:17,1789997356,btc-updown-5m-1789997100,44,,0.01,,0.99,,,0,32415.07,32915.07,0,-1.0,1.0,,,,,WAIT,-2,"UP_BOOK_WEAK,DOWN_BOOK"
2026-09-21 13:29:18,1789997358,btc-updown-5m-1789997100,42,,0.01,,0.99,,,0,33055.5,33055.5,0,-1.0,1.0,,,,,WAIT,-2,"UP_BOOK_WEAK,DOWN_BOOK"
2026-09-21 13:29:20,1789997359,btc-updown-5m-1789997100,41,,0.01,,0.99,,,0,36129.64,36094.64,0,-1.0,1.0,,,,,WAIT,-2,"UP_BOOK_WEAK,DOWN_BOOK"
2026-09-21 13:29:21,1789997361,btc-updown-5m-1789997100,39,,0.01,,0.99,,,0,36268.79,36268.79,0,-1.0,1.0,,,,,WAIT,-2,"UP_BOOK_WEAK,DOWN_BOOK"
2026-09-21 13:29:23,1789997362,btc-updown-5m-1789997100,38,,0.01,,0.99,,,0,36292.91,36317.03,0,-1.0,1.0,,,,,WAIT,-2,"UP_BOOK_WEAK,DOWN_BOOK"
2026-09-21 13:29:24,1789997364,btc-updown-5m-1789997100,36,,0.01,,0.99,,,0,41253.98,41248.98,0,-1.0,1.0,,,,,WAIT,-2,"UP_BOOK_WEAK,DOWN_BOOK"
2026-09-21 13:45:50,1789998349,btc-updown-5m-1789998300,251,0.76,0.77,0.765,0.23,0.24,0.235,3544.5600000000004,3482.19,1656.03,3715.78,0.008876080691642701,-0.3834368676479622,,,,1.01,WAIT,1,DOWN_BOOK_WEAK
2026-09-21 13:45:51,1789998351,btc-updown-5m-1789998300,249,0.77,0.78,0.775,0.22,0.23,0.225,3395.12,3548.85,3512.19,3520.45,-0.022138632511373182,-0.0011745233653364547,,,,1.01,WAIT,0,
2026-09-21 13:45:53,1789998352,btc-updown-5m-1789998300,248,0.78,0.79,0.785,0.21,0.22,0.215,3653.44,3725.6800000000003,3819.84,2865.51,-0.009789785231843394,0.1427494446812807,,,,1.01,WAIT,0,
2026-09-21 13:45:54,1789998354,btc-updown-5m-1789998300,246,0.78,0.79,0.785,0.21,0.22,0.215,3223.2000000000003,3151.5800000000004,3236.5800000000004,3167.9100000000003,0.011234897518031977,0.010722165230955169,0.020000000000000018,,,1.01,WAIT,0,
2026-09-21 13:45:56,1789998355,btc-updown-5m-1789998300,245,0.79,0.8,0.795,0.2,0.21,0.20500000000000002,2619.57,4220.45,4089.8899999999994,2881.57,-0.2340460992804114,0.17332380878610784,0.030000000000000027,,,1.01,WAIT,1,"UP5+,UP_BOOK_WEAK"
2026-09-21 13:45:58,1789998357,btc-updown-5m-1789998300,243,0.81,0.82,0.815,0.18,0.19,0.185,2953.0,4524.84,4684.71,2763.73,-0.21019973682239793,0.2579036684191589,0.029999999999999916,,,1.01,WAIT,-2,"UP_BOOK_WEAK,DOWN_BOOK"
2026-09-21 13:46:00,1789998359,btc-updown-5m-1789998300,241,0.86,0.87,0.865,0.13,0.14,0.135,3448.1099999999997,2815.45,3740.62,3504.41,0.10100645639221144,0.032603039600940235,0.07999999999999996,,,1.01,WAIT,2,UP5+
2026-09-21 13:46:02,1789998361,btc-updown-5m-1789998300,239,0.86,0.87,0.865,0.12,0.13,0.125,4329.41,2811.0600000000004,3647.8500000000004,3206.07,0.21264006430949214,0.06445654457595072,0.06999999999999995,,,1.0,WAIT,3,"UP5+,UP_BOOK"
2026-09-21 13:46:04,1789998363,btc-updown-5m-1789998300,237,0.88,0.89,0.885,0.11,0.12,0.11499999999999999,2964.0600000000004,3868.9900000000002,4061.5,2674.0600000000004,-0.13243427166492264,0.2059873269631626,0.07000000000000006,,,1.01,WAIT,1,"UP5+,DOWN_BOOK"
2026-09-21 13:46:05,1789998365,btc-updown-5m-1789998300,235,0.87,0.88,0.875,0.12,0.13,0.125,3777.59,2585.1299999999997,2923.9399999999996,3600.41,0.1874135589810648,-0.10368389188194997,0.010000000000000009,0.10999999999999999,,1.01,WAIT,2,UP15+
2026-09-21 13:46:07,1789998366,btc-updown-5m-1789998300,234,0.87,0.88,0.875,0.12,0.13,0.125,4359.26,2740.8399999999997,2770.8399999999997,4315.26,0.2279432684046704,-0.21795063575168294,0.010000000000000009,0.09999999999999998,,1.01,UP WATCH,4,"UP15+,UP_BOOK,DOWN_BOOK_WEAK"
2026-09-21 13:46:08,1789998368,btc-updown-5m-1789998300,232,0.87,0.88,0.875,0.12,0.13,0.125,5205.5,4027.9900000000002,3889.96,4694.76,0.12752599504629342,-0.09374796149437606,-0.010000000000000009,0.08999999999999997,,1.01,WAIT,2,UP15+
2026-09-21 13:46:10,1789998369,btc-updown-5m-1789998300,231,0.87,0.88,0.875,0.12,0.13,0.125,4460.280000000001,3767.58,3712.58,4510.280000000001,0.08418957055662113,-0.0970100427345231,-0.010000000000000009,0.08999999999999997,,1.01,WAIT,2,UP15+
2026-09-21 13:46:11,1789998371,btc-updown-5m-1789998300,229,0.87,0.88,0.875,0.12,0.13,0.125,4518.950000000001,3110.77,2925.85,4590.25,0.18456509544255892,-0.2214446321895664,0.0,0.07999999999999996,,1.01,WAIT,3,"UP15+,DOWN_BOOK_WEAK"
2026-09-21 13:46:13,1789998372,btc-updown-5m-1789998300,228,0.88,0.89,0.885,0.11,0.12,0.11499999999999999,2855.7,4201.19,4075.63,3176.7,-0.19066330919144267,0.12395050969826253,0.010000000000000009,0.07000000000000006,,1.01,WAIT,2,UP15+
2026-09-21 13:46:15,1789998374,btc-updown-5m-1789998300,226,0.87,0.88,0.875,0.12,0.13,0.125,2889.3900000000003,3628.99,4137.4,1643.32,-0.1134637747415768,0.4314479857180421,0.0,0.010000000000000009,,1.01,WAIT,-1,DOWN_BOOK
2026-09-21 13:46:16,1789998376,btc-updown-5m-1789998300,224,0.88,0.89,0.885,0.1,0.11,0.10500000000000001,3860.84,3263.32,3667.1000000000004,3531.6899999999996,0.08387234424830436,0.018810105587189065,0.010000000000000009,0.020000000000000018,,1.0,WAIT,0,
2026-09-21 13:46:18,1789998377,btc-updown-5m-1789998300,223,0.88,0.89,0.885,0.11,0.12,0.11499999999999999,4949.610000000001,2651.48,3186.0299999999997,4881.62,0.30234216408436165,-0.21017148736001193,0.0,0.020000000000000018,,1.01,WAIT,2,"UP_BOOK,DOWN_BOOK_WEAK"
2026-09-21 13:46:19,1789998379,btc-updown-5m-1789998300,221,0.9,0.91,0.905,0.09,0.1,0.095,4316.400000000001,3929.38,4056.36,4063.06,0.04693552338286983,-0.0008251820942875006,0.030000000000000027,0.020000000000000018,0.14,1.01,WAIT,3,"UP5+,UP30+"
2026-09-21 13:46:21,1789998380,btc-updown-5m-1789998300,220,0.9,0.91,0.905,0.09,0.1,0.095,4896.150000000001,4323.96,4330.05,4746.150000000001,0.06205891252924319,-0.04584517749719049,0.030000000000000027,0.030000000000000027,0.14,1.01,WAIT,3,"UP5+,UP30+"
2026-09-21 13:46:22,1789998382,btc-updown-5m-1789998300,218,0.9,0.91,0.905,0.09,0.1,0.095,4753.150000000001,4168.37,4068.96,4691.75,0.06554712649862363,-0.07108898707981431,0.020000000000000018,0.030000000000000027,0.12,1.01,WAIT,1,UP30+
2026-09-21 14:02:10,1789999329,btc-updown-5m-1789999200,171,0.65,0.66,0.655,0.34,0.35,0.345,2966.7000000000003,4350.25,1757.1100000000001,3513.25,-0.1890883496538858,-0.33321063456765754,,,,1.01,WAIT,1,DOWN_BOOK_WEAK
2026-09-21 14:02:11,1789999331,btc-updown-5m-1789999200,169,0.7,0.71,0.705,0.28,0.3,0.29000000000000004,1846.65,643.71,1899.7800000000002,2464.2,0.48303859682937406,-0.12933606478489812,,,,1.01,WAIT,1,UP_BOOK
2026-09-21 14:02:13,1789999332,btc-updown-5m-1789999200,168,0.67,0.68,0.675,0.32,0.33,0.325,1118.91,5415.99,4101.1,1173.09,-0.6575586466510582,0.5551582328281689,,,,1.01,WAIT,-2,"UP_BOOK_WEAK,DOWN_BOOK"
2026-09-21 14:02:14,1789999334,btc-updown-5m-1789999200,166,0.66,0.67,0.665,0.33,0.34,0.335,2632.91,4047.15,2345.0,2672.29,-0.21171067325742587,-0.06523242626995848,0.010000000000000009,,,1.01,WAIT,-1,UP_BOOK_WEAK
2026-09-21 14:02:16,1789999335,btc-updown-5m-1789999200,165,0.64,0.65,0.645,0.34,0.35,0.345,3481.5,3574.69,2273.5,3206.3,-0.013206843920019168,-0.17022519070039055,-0.010000000000000009,,,1.0,WAIT,0,
2026-09-21 14:02:17,1789999337,btc-updown-5m-1789999200,163,0.69,0.7,0.695,0.32,0.34,0.33,117.0,3367.4399999999996,3034.76,764.9,-0.932844302097324,0.597385029186822,0.019999999999999907,,,1.04,WAIT,-2,"UP_BOOK_WEAK,DOWN_BOOK"
2026-09-21 14:02:19,1789999338,btc-updown-5m-1789999200,162,0.67,0.68,0.675,0.32,0.33,0.325,3552.1499999999996,1340.9999999999998,2899.12,2660.97,0.45188682137273534,0.042832040488553255,0.0,,,1.01,WAIT,1,UP_BOOK
2026-09-21 14:02:21,1789999340,btc-updown-5m-1789999200,160,0.68,0.69,0.685,0.27,0.28,0.275,3361.5,1399.0,3326.65,1112.02,0.41224661275076147,0.49893999779213144,0.040000000000000036,,,0.97,WAIT,2,"UP5+,UP_BOOK,DOWN_BOOK"
2026-09-21 14:02:23,1789999342,btc-updown-5m-1789999200,158,0.7,0.71,0.705,0.31,0.32,0.315,1739.0,2592.27,4926.860000000001,1369.27,-0.19700226492460637,0.5650439238071641,0.010000000000000009,,,1.03,WAIT,-1,DOWN_BOOK
2026-09-21 14:02:24,1789999344,btc-updown-5m-1789999200,156,0.7,0.74,0.72,0.26,0.27,0.265,2581.65,1274.57,1030.57,1411.8799999999999,0.33895369040148127,-0.15611783250424777,0.04499999999999993,0.06499999999999995,,1.01,UP WATCH,5,"UP5+,UP15+,UP_BOOK"
2026-09-21 14:02:26,1789999345,btc-updown-5m-1789999200,155,0.67,0.69,0.6799999999999999,0.32,0.33,0.325,1969.3,4278.91,3191.2799999999997,1751.55,-0.36964346588863045,0.2912764549863135,-0.0050000000000001155,0.02499999999999991,,1.02,WAIT,-2,"UP_BOOK_WEAK,DOWN_BOOK"
2026-09-21 14:02:27,1789999347,btc-updown-5m-1789999200,153,0.68,0.69,0.685,0.31,0.32,0.315,2603.95,3928.37,3894.0,2733.5,-0.20274879369044996,0.175103734439834,-0.019999999999999907,0.010000000000000009,,1.01,WAIT,-1,UP_BOOK_WEAK
2026-09-21 14:02:29,1789999349,btc-updown-5m-1789999200,151,0.68,0.69,0.685,0.31,0.32,0.315,2846.78,3947.54,3385.0,2917.75,-0.1620117980901694,0.0741343064535322,-0.03499999999999992,0.020000000000000018,,1.01,WAIT,-2,UP5-
2026-09-21 14:02:31,1789999350,btc-updown-5m-1789999200,150,0.7,0.71,0.705,0.29,0.3,0.295,2784.44,3208.51,3237.63,2239.11,-0.07076147807006568,0.18232013935297275,0.025000000000000022,0.05999999999999994,,1.01,WAIT,2,UP15+
2026-09-21 14:02:32,1789999352,btc-updown-5m-1789999200,148,0.7,0.71,0.705,0.29,0.3,0.295,3095.35,3877.3900000000003,3348.3900000000003,2495.66,-0.11215677050915429,0.14591422044643704,0.019999999999999907,0.010000000000000009,,1.01,WAIT,0,
2026-09-21 14:02:33,1789999353,btc-updown-5m-1789999200,147,0.69,0.7,0.695,0.32,0.33,0.325,1082.7,3921.16,3095.92,1688.76,-0.5672540798503556,0.29409699290234664,0.009999999999999898,0.019999999999999907,,1.03,WAIT,-2,"UP_BOOK_WEAK,DOWN_BOOK"
2026-09-21 14:02:35,1789999354,btc-updown-5m-1789999200,146,0.68,0.69,0.685,0.31,0.32,0.315,2542.1499999999996,3276.85,2910.55,2950.18,-0.12625880735521572,-0.006761956275071477,0.0,0.010000000000000009,,1.01,WAIT,0,
2026-09-21 14:02:37,1789999356,btc-updown-5m-1789999200,144,0.63,0.64,0.635,0.35,0.36,0.355,1811.67,2965.87,3153.34,2477.2200000000003,-0.24158876744098423,0.12008041828876699,-0.06999999999999995,-0.050000000000000044,,1.0,DOWN WATCH,-5,"UP5-,UP15-,UP_BOOK_WEAK"
2026-09-21 14:02:38,1789999358,btc-updown-5m-1789999200,142,0.64,0.65,0.645,0.36,0.39,0.375,358.6,4437.15,4090.8199999999997,685.0,-0.8504509200854923,0.7131382673551349,-0.04999999999999993,-0.05999999999999994,,1.04,DOWN WATCH,-6,"UP5-,UP15-,UP_BOOK_WEAK,DOWN_BOOK"
2026-09-21 14:02:39,1789999359,btc-updown-5m-1789999200,141,0.6,0.61,0.605,0.39,0.4,0.395,1724.32,1882.71,1360.71,2169.12,-0.04391147287380479,-0.22902236085023922,-0.08000000000000007,-0.11499999999999999,-0.050000000000000044,1.01,WAIT,-3,"UP5-,UP15-,DOWN_BOOK_WEAK"
2026-09-21 14:02:41,1789999360,btc-updown-5m-1789999200,140,0.62,0.63,0.625,0.37,0.38,0.375,2899.74,342.0,2257.32,1908.33,0.7890022025208684,0.08377804184220956,-0.06000000000000005,-0.05499999999999994,-0.030000000000000027,1.01,WAIT,-3,"UP5-,UP15-,UP_BOOK"
2026-09-21 14:02:43,1789999362,btc-updown-5m-1789999200,138,0.62,0.63,0.625,0.32,0.36,0.33999999999999997,1806.9099999999999,83.53999999999999,440.1,2291.1000000000004,0.9116189267105715,-0.6777240773286468,-0.010000000000000009,-0.06000000000000005,-0.050000000000000044,0.99,WAIT,0,"UP15-,UP_BOOK,DOWN_BOOK_WEAK"
2026-09-21 14:18:18,1790000298,btc-updown-5m-1790000100,102,0.91,0.92,0.915,0.08,0.09,0.08499999999999999,2148.6099999999997,4167.16,4192.06,2799.59,-0.31960473544793433,0.19916185735842043,,,,1.01,WAIT,-1,UP_BOOK_WEAK
2026-09-21 14:18:20,1790000299,btc-updown-5m-1790000100,101,0.92,0.93,0.925,0.07,0.08,0.07500000000000001,2496.91,4389.7,3803.84,2586.5,-0.27485076111468487,0.19049690626789811,,,,1.01,WAIT,-1,UP_BOOK_WEAK
2026-09-21 14:18:21,1790000301,btc-updown-5m-1790000100,99,0.92,0.93,0.925,0.06,0.07,0.065,3165.92,1910.67,4784.410000000001,3254.0299999999997,0.24726243403544504,0.19038271107329294,,,,1.0,WAIT,1,UP_BOOK
2026-09-21 14:18:23,1790000302,btc-updown-5m-1790000100,98,0.93,0.94,0.935,0.06,0.07,0.065,2253.8199999999997,5572.960000000001,5533.120000000001,2223.87,-0.4240747791556682,0.4266152205945864,,,,1.01,WAIT,-2,"UP_BOOK_WEAK,DOWN_BOOK"
2026-09-21 14:18:24,1790000304,btc-updown-5m-1790000100,96,0.93,0.94,0.935,0.06,0.07,0.065,2713.2999999999997,5115.65,4957.9400000000005,2759.8199999999997,-0.3068546867715339,0.28481321005058474,0.010000000000000009,,,1.01,WAIT,-2,"UP_BOOK_WEAK,DOWN_BOOK"
2026-09-21 14:18:26,1790000305,btc-updown-5m-1790000100,95,0.93,0.94,0.935,0.07,0.08,0.07500000000000001,1881.06,5679.81,2145.15,2889.9900000000002,-0.5024223402862369,-0.14792835948950775,0.010000000000000009,,,1.02,WAIT,-1,UP_BOOK_WEAK
2026-09-21 14:18:28,1790000307,btc-updown-5m-1790000100,93,0.94,0.95,0.945,0.05,0.06,0.055,2710.1899999999996,6332.31,4700.26,2677.3799999999997,-0.400566215095383,0.27419066259671127,0.009999999999999898,,,1.01,WAIT,-2,"UP_BOOK_WEAK,DOWN_BOOK"
2026-09-21 14:18:30,1790000309,btc-updown-5m-1790000100,91,0.91,0.92,0.915,0.08,0.09,0.08499999999999999,2382.12,3477.1400000000003,3561.37,2558.11,-0.18688708130378245,0.16394530254204603,-0.020000000000000018,,,1.01,WAIT,0,
2026-09-21 14:18:31,1790000311,btc-updown-5m-1790000100,89,0.91,0.92,0.915,0.08,0.09,0.08499999999999999,2434.84,3597.14,3902.87,2710.84,-0.19268963093378955,0.180236206304782,-0.020000000000000018,,,1.01,WAIT,0,
2026-09-21 14:18:33,1790000312,btc-updown-5m-1790000100,88,0.88,0.89,0.885,0.11,0.12,0.11499999999999999,2286.75,2537.52,2457.52,2286.75,-0.051980921465838346,0.03599500028455378,-0.05999999999999994,,,1.01,WAIT,-2,UP5-
2026-09-21 14:18:34,1790000314,btc-updown-5m-1790000100,86,0.9,0.91,0.905,0.09,0.1,0.095,1868.76,4122.92,4067.36,1728.76,-0.3762150181585131,0.40347680862370006,-0.010000000000000009,-0.020000000000000018,,1.01,WAIT,-2,"UP_BOOK_WEAK,DOWN_BOOK"
2026-09-21 14:18:36,1790000315,btc-updown-5m-1790000100,85,0.9,0.91,0.905,0.1,0.11,0.10500000000000001,3154.5699999999997,3227.0,4893.95,1231.0,-0.011349871583325153,0.5980375350002857,-0.010000000000000009,-0.020000000000000018,,1.02,WAIT,-1,DOWN_BOOK
2026-09-21 14:18:37,1790000317,btc-updown-5m-1790000100,83,0.88,0.89,0.885,0.1,0.11,0.10500000000000001,2798.07,2425.38,3428.12,2472.7,0.07134939551445883,0.1619130900451124,0.0,-0.050000000000000044,,1.0,WAIT,-2,UP15-
2026-09-21 14:18:39,1790000318,btc-updown-5m-1790000100,82,0.9,0.91,0.905,0.09,0.1,0.095,1659.0,3879.95,3147.0,2440.0699999999997,-0.40096949782901087,0.12652964791921353,0.020000000000000018,-0.030000000000000027,,1.01,WAIT,-1,UP_BOOK_WEAK
2026-09-21 14:18:40,1790000320,btc-updown-5m-1790000100,80,0.91,0.92,0.915,0.08,0.09,0.08499999999999999,1648.69,4248.43,3749.74,1524.88,-0.44084909243834275,0.42180479352067063,0.010000000000000009,-0.020000000000000018,,1.01,WAIT,-2,"UP_BOOK_WEAK,DOWN_BOOK"
2026-09-21 14:18:42,1790000321,btc-updown-5m-1790000100,79,0.92,0.93,0.925,0.07,0.08,0.07500000000000001,1861.9,3487.7200000000003,2224.37,1568.18,-0.3039131751414119,0.17302079076083368,0.020000000000000018,-0.010000000000000009,,1.01,WAIT,-1,UP_BOOK_WEAK
2026-09-21 14:18:43,1790000323,btc-updown-5m-1790000100,77,0.93,0.94,0.935,0.06,0.07,0.065,1777.0,4482.91,4456.86,1950.76,-0.4322602082138561,0.3911124567312043,0.030000000000000027,-0.009999999999999898,,1.01,WAIT,0,"UP5+,UP_BOOK_WEAK,DOWN_BOOK"
2026-09-21 14:18:45,1790000324,btc-updown-5m-1790000100,76,0.93,0.94,0.935,0.06,0.07,0.065,2625.37,4160.12,3967.5299999999997,2937.45,-0.22618116009308098,0.1491792879921448,0.030000000000000027,0.020000000000000018,,1.01,WAIT,1,"UP5+,UP_BOOK_WEAK"
2026-09-21 14:18:46,1790000326,btc-updown-5m-1790000100,74,0.93,0.94,0.935,0.05,0.06,0.055,2759.45,4024.83,3644.5699999999997,2625.1,-0.18651647632468002,0.16260345440828622,0.010000000000000009,0.020000000000000018,,1.0,WAIT,0,
2026-09-21 14:18:48,1790000327,btc-updown-5m-1790000100,73,0.86,0.87,0.865,0.13,0.14,0.135,1524.43,1495.71,1206.71,2219.4300000000003,0.009509492937413506,-0.2955862866082531,-0.06000000000000005,-0.020000000000000018,,1.01,WAIT,-1,"UP5-,DOWN_BOOK_WEAK"
2026-09-21 14:18:49,1790000329,btc-updown-5m-1790000100,71,0.88,0.89,0.885,0.11,0.12,0.11499999999999999,1906.69,3801.8100000000004,3761.26,1903.45,-0.33198213190855747,0.3279620669019244,-0.050000000000000044,-0.020000000000000018,-0.040000000000000036,1.01,DOWN WATCH,-4,"UP5-,UP_BOOK_WEAK,DOWN_BOOK"
2026-09-21 14:18:51,1790000330,btc-updown-5m-1790000100,70,0.9,0.91,0.905,0.08,0.09,0.08499999999999999,2870.66,3142.0,3958.07,1743.1399999999999,-0.045128113014871976,0.3885017391045059,-0.030000000000000027,0.0,-0.020000000000000018,1.0,WAIT,-3,"UP5-,DOWN_BOOK"
2026-09-21 14:34:25,1790001265,btc-updown-5m-1790001000,35,0.99,,,,0.01,,43770.75,0,0,43775.75,1.0,-1.0,,,,,WAIT,2,"UP_BOOK,DOWN_BOOK_WEAK"
2026-09-21 14:34:27,1790001266,btc-updown-5m-1790001000,34,0.99,,,,0.01,,43720.75,0,0,43730.75,1.0,-1.0,,,,,WAIT,2,"UP_BOOK,DOWN_BOOK_WEAK"
2026-09-21 14:34:28,1790001268,btc-updown-5m-1790001000,32,0.99,,,,0.01,,48050.75,0,0,48830.75,1.0,-1.0,,,,,WAIT,2,"UP_BOOK,DOWN_BOOK_WEAK"
2026-09-21 14:34:30,1790001269,btc-updown-5m-1790001000,31,0.99,,,,0.01,,48790.75,0,0,48800.75,1.0,-1.0,,,,,WAIT,2,"UP_BOOK,DOWN_BOOK_WEAK"
2026-09-21 14:34:31,1790001271,btc-updown-5m-1790001000,29,0.99,,,,0.01,,61481.75,0,0,61446.75,1.0,-1.0,,,,,WAIT,2,"UP_BOOK,DOWN_BOOK_WEAK"
2026-09-21 14:34:33,1790001272,btc-updown-5m-1790001000,28,0.99,,,,0.01,,61546.75,0,0,61476.75,1.0,-1.0,,,,,WAIT,2,"UP_BOOK,DOWN_BOOK_WEAK"
2026-09-21 14:34:35,1790001274,btc-updown-5m-1790001000,26,0.99,,,,0.01,,61486.21,0,0,61532.73,1.0,-1.0,,,,,WAIT,2,"UP_BOOK,DOWN_BOOK_WEAK"
2026-09-21 14:34:37,1790001276,btc-updown-5m-1790001000,24,0.99,,,,0.01,,61547.73,0,0,61532.73,1.0,-1.0,,,,,WAIT,2,"UP_BOOK,DOWN_BOOK_WEAK"
2026-09-21 14:34:39,1790001278,btc-updown-5m-1790001000,22,0.99,,,,0.01,,61584.73,0,0,61564.73,1.0,-1.0,,,,,WAIT,2,"UP_BOOK,DOWN_BOOK_WEAK"
2026-09-21 14:34:40,1790001280,btc-updown-5m-1790001000,20,0.99,,,,0.01,,61573.21,0,0,61593.21,1.0,-1.0,,,,,WAIT,2,"UP_BOOK,DOWN_BOOK_WEAK"
2026-09-21 14:34:42,1790001281,btc-updown-5m-1790001000,19,0.99,,,,0.01,,61645.21,0,0,61645.21,1.0,-1.0,,,,,WAIT,0,TIME FILTER
2026-09-21 14:34:43,1790001283,btc-updown-5m-1790001000,17,0.99,,,,0.01,,61632.22,0,0,61642.22,1.0,-1.0,,,,,WAIT,0,TIME FILTER
2026-09-21 14:34:45,1790001284,btc-updown-5m-1790001000,16,0.99,,,,0.01,,61807.22,0,0,61817.22,1.0,-1.0,,,,,WAIT,0,TIME FILTER
2026-09-21 14:34:46,1790001286,btc-updown-5m-1790001000,14,0.99,,,,0.01,,61887.22,0,0,61844.22,1.0,-1.0,,,,,WAIT,0,TIME FILTER
2026-09-21 14:34:48,1790001287,btc-updown-5m-1790001000,13,0.99,,,,0.01,,62089.22,0,0,62094.22,1.0,-1.0,,,,,WAIT,0,TIME FILTER
2026-09-21 14:34:50,1790001289,btc-updown-5m-1790001000,11,0.99,,,,0.01,,62094.22,0,0,62295.27,1.0,-1.0,,,,,WAIT,0,TIME FILTER
2026-09-21 14:34:51,1790001291,btc-updown-5m-1790001000,9,0.99,,,,0.01,,62285.27,0,0,62290.27,1.0,-1.0,,,,,WAIT,0,TIME FILTER
2026-09-21 14:34:53,1790001292,btc-updown-5m-1790001000,8,0.99,,,,0.01,,62159.27,0,0,70164.26999999999,1.0,-1.0,,,,,WAIT,0,TIME FILTER
2026-09-21 14:34:54,1790001294,btc-updown-5m-1790001000,6,0.99,,,,0.01,,70234.26999999999,0,0,70254.26999999999,1.0,-1.0,,,,,WAIT,0,TIME FILTER
2026-09-21 14:34:56,1790001295,btc-updown-5m-1790001000,5,0.99,,,,0.01,,70314.14,0,0,70329.14,1.0,-1.0,,,,,WAIT,0,TIME FILTER
2026-09-21 14:34:57,1790001297,btc-updown-5m-1790001000,3,0.99,,,,0.01,,70079.14,0,0,69845.14,1.0,-1.0,,,,,WAIT,0,TIME FILTER
2026-09-21 14:52:19,1790002339,btc-updown-5m-1790002200,161,0.79,0.8,0.795,0.2,0.21,0.20500000000000002,1861.24,6080.68,4670.049999999999,1330.64,-0.5312871446703065,0.5565043353347697,,,,1.01,WAIT,-2,"UP_BOOK_WEAK,DOWN_BOOK"
2026-09-21 14:52:21,1790002340,btc-updown-5m-1790002200,160,0.8,0.81,0.805,0.19,0.2,0.195,3414.59,1423.85,994.85,3682.4900000000007,0.4114425310637313,-0.5746086450845994,,,,1.01,WAIT,2,"UP_BOOK,DOWN_BOOK_WEAK"
2026-09-21 14:52:22,1790002342,btc-updown-5m-1790002200,158,0.81,0.82,0.815,0.17,0.18,0.175,3711.9500000000003,3391.99,4331.65,3154.55,0.04503979481808693,0.15723598087147012,,,,1.0,WAIT,0,
2026-09-21 14:52:24,1790002343,btc-updown-5m-1790002200,157,0.82,0.83,0.825,0.17,0.18,0.175,2536.0699999999997,4191.19,4180.85,2526.0699999999997,-0.24603181681695074,0.24672726079929397,,,,1.01,WAIT,-2,"UP_BOOK_WEAK,DOWN_BOOK"
2026-09-21 14:52:25,1790002345,btc-updown-5m-1790002200,155,0.8,0.81,0.805,0.19,0.2,0.195,2272.15,4524.889999999999,4571.03,2545.21,-0.33142956345703417,0.28467561521252793,0.0,,,1.01,WAIT,-2,"UP_BOOK_WEAK,DOWN_BOOK"
2026-09-21 14:52:27,1790002346,btc-updown-5m-1790002200,154,0.8,0.81,0.805,0.15,0.16,0.155,3510.8199999999997,3096.2799999999997,2021.19,2767.2,0.06274159616170483,-0.15579558056048062,0.0,,,0.9700000000000001,WAIT,0,
2026-09-21 14:52:29,1790002348,btc-updown-5m-1790002200,152,0.86,0.87,0.865,0.13,0.14,0.135,2311.54,4351.45,3665.0,3637.5299999999997,-0.3061553446725869,0.003761709982704659,0.040000000000000036,,,1.01,WAIT,1,"UP5+,UP_BOOK_WEAK"
2026-09-21 14:52:31,1790002350,btc-updown-5m-1790002200,150,0.86,0.87,0.865,0.13,0.14,0.135,2690.71,4772.64,5498.15,1897.0,-0.27895382100531263,0.48696104879549434,0.05999999999999994,,,1.01,WAIT,0,"UP5+,UP_BOOK_WEAK,DOWN_BOOK"
2026-09-21 14:52:33,1790002352,btc-updown-5m-1790002200,148,0.84,0.85,0.845,0.15,0.16,0.155,1032.84,5703.2,5670.66,1722.2,-0.6933391131881639,0.5340910013174874,0.039999999999999925,,,1.01,WAIT,0,"UP5+,UP_BOOK_WEAK,DOWN_BOOK"
2026-09-21 14:52:34,1790002354,btc-updown-5m-1790002200,146,0.87,0.88,0.875,0.12,0.13,0.125,3263.87,3460.0,3605.44,3333.9,-0.029169213563022503,0.03913052249925785,0.010000000000000009,0.07999999999999996,,1.01,WAIT,2,UP15+
2026-09-21 14:52:36,1790002355,btc-updown-5m-1790002200,145,0.88,0.89,0.885,0.11,0.12,0.11499999999999999,3368.16,3000.02,4558.09,2373.99,0.05780929559151906,0.3150713782876136,0.020000000000000018,0.07999999999999996,,1.01,WAIT,1,"UP15+,DOWN_BOOK"
2026-09-21 14:52:37,1790002357,btc-updown-5m-1790002200,143,0.88,0.89,0.885,0.11,0.12,0.11499999999999999,3232.8500000000004,3935.15,763.15,3724.9300000000003,-0.09797712053571425,-0.6599213917755478,0.040000000000000036,0.07000000000000006,,1.01,UP WATCH,5,"UP5+,UP15+,DOWN_BOOK_WEAK"
2026-09-21 14:52:39,1790002358,btc-updown-5m-1790002200,142,0.89,0.9,0.895,0.1,0.11,0.10500000000000001,2539.36,5058.38,4562.39,3036.13,-0.3315485920813295,0.20086279959781644,0.050000000000000044,0.07000000000000006,,1.01,WAIT,2,"UP5+,UP15+,UP_BOOK_WEAK,DOWN_BOOK"
2026-09-21 14:52:40,1790002360,btc-updown-5m-1790002200,140,0.9,0.91,0.905,0.09,0.1,0.095,2665.55,4440.95,4573.860000000001,2236.95,-0.24982762259902902,0.3431177789425928,0.020000000000000018,0.09999999999999998,,1.01,WAIT,0,"UP15+,UP_BOOK_WEAK,DOWN_BOOK"
2026-09-21 14:52:42,1790002361,btc-updown-5m-1790002200,139,0.9,0.91,0.905,0.09,0.1,0.095,2737.19,4865.110000000001,4912.3,2726.79,-0.2799047656630231,0.28609559515596755,0.020000000000000018,0.09999999999999998,,1.01,WAIT,0,"UP15+,UP_BOOK_WEAK,DOWN_BOOK"
2026-09-21 14:52:43,1790002363,btc-updown-5m-1790002200,137,0.9,0.91,0.905,0.09,0.1,0.095,2770.77,4760.46,5379.71,1970.6,-0.26419190490796324,0.4638049279554196,0.010000000000000009,0.040000000000000036,,1.01,WAIT,-2,"UP_BOOK_WEAK,DOWN_BOOK"
2026-09-21 14:52:45,1790002364,btc-updown-5m-1790002200,136,0.9,0.91,0.905,0.09,0.1,0.095,2265.6,4912.17,4952.97,2380.6,-0.36871758220171447,0.3507664070841351,0.010000000000000009,0.040000000000000036,,1.01,WAIT,-2,"UP_BOOK_WEAK,DOWN_BOOK"
2026-09-21 14:52:46,1790002366,btc-updown-5m-1790002200,134,0.91,0.92,0.915,0.08,0.09,0.08499999999999999,2739.75,4304.86,4325.92,2848.94,-0.2221712770472744,0.20585488776087615,0.010000000000000009,0.050000000000000044,,1.01,WAIT,0,"UP15+,UP_BOOK_WEAK,DOWN_BOOK"
2026-09-21 14:52:48,1790002367,btc-updown-5m-1790002200,133,0.91,0.94,0.925,0.05,0.06,0.055,3038.52,2330.75,2412.27,2794.39,0.13181866436219447,-0.0733906189380524,0.020000000000000018,0.08000000000000007,,1.0,WAIT,2,UP15+
2026-09-21 14:52:49,1790002369,btc-updown-5m-1790002200,131,0.96,0.97,0.965,0.03,0.04,0.035,3439.63,8283.76,9128.68,3316.55,-0.4132021539844704,0.4670166802863427,0.05999999999999994,0.08999999999999997,0.16999999999999993,1.01,WAIT,3,"UP5+,UP15+,UP30+,UP_BOOK_WEAK,DOWN_BOOK"
2026-09-21 14:52:51,1790002370,btc-updown-5m-1790002200,130,0.96,0.97,0.965,0.03,0.04,0.035,3466.42,9449.52,9421.43,3437.46,-0.4632338025726351,0.4653566520904993,0.05999999999999994,0.07999999999999996,0.15999999999999992,1.01,WAIT,3,"UP5+,UP15+,UP30+,UP_BOOK_WEAK,DOWN_BOOK"
2026-09-21 15:08:04,1790003282,btc-updown-5m-1790003100,118,0.98,0.99,0.985,0.01,0.02,0.015,4979.73,1465.34,1405.0,4681.49,0.5452834492100163,-0.538321758517635,,,,1.01,WAIT,2,"UP_BOOK,DOWN_BOOK_WEAK"
2026-09-21 15:08:05,1790003285,btc-updown-5m-1790003100,115,0.98,0.99,0.985,0.01,0.02,0.015,4801.24,1132.92,1010.07,4901.55,0.618170052711757,-0.6582764115420139,,,,1.01,WAIT,2,"UP_BOOK,DOWN_BOOK_WEAK"
2026-09-21 15:08:07,1790003286,btc-updown-5m-1790003100,114,0.99,,,,0.01,,8606.130000000001,0,0,8293.94,1.0,-1.0,,,,,WAIT,2,"UP_BOOK,DOWN_BOOK_WEAK"
2026-09-21 15:08:08,1790003288,btc-updown-5m-1790003100,112,0.99,,,,0.01,,9166.67,0,0,9176.67,1.0,-1.0,,,,,WAIT,2,"UP_BOOK,DOWN_BOOK_WEAK"
2026-09-21 15:08:10,1790003289,btc-updown-5m-1790003100,111,0.99,,,,0.01,,8800.49,0,0,8847.64,1.0,-1.0,,,,,WAIT,2,"UP_BOOK,DOWN_BOOK_WEAK"
2026-09-21 15:08:11,1790003291,btc-updown-5m-1790003100,109,0.99,,,,0.01,,8936.880000000001,0,0,8530.39,1.0,-1.0,,,,,WAIT,2,"UP_BOOK,DOWN_BOOK_WEAK"
2026-09-21 15:08:13,1790003292,btc-updown-5m-1790003100,108,0.99,,,,0.01,,8748.970000000001,0,0,8880.35,1.0,-1.0,,,,,WAIT,2,"UP_BOOK,DOWN_BOOK_WEAK"
2026-09-21 15:08:15,1790003294,btc-updown-5m-1790003100,106,0.99,,,,0.01,,8812.67,0,0,8812.67,1.0,-1.0,,,,,WAIT,2,"UP_BOOK,DOWN_BOOK_WEAK"
2026-09-21 15:08:17,1790003296,btc-updown-5m-1790003100,104,0.99,,,,0.01,,11807.669999999998,0,0,11783.279999999999,1.0,-1.0,,,,,WAIT,2,"UP_BOOK,DOWN_BOOK_WEAK"
2026-09-21 15:08:18,1790003298,btc-updown-5m-1790003100,102,0.99,,,,0.01,,14746.29,0,0,14721.29,1.0,-1.0,,,,,WAIT,2,"UP_BOOK,DOWN_BOOK_WEAK"
2026-09-21 15:08:20,1790003299,btc-updown-5m-1790003100,101,0.99,,,,0.01,,15375.3,0,0,15395.3,1.0,-1.0,,,,,WAIT,2,"UP_BOOK,DOWN_BOOK_WEAK"
2026-09-21 15:08:21,1790003301,btc-updown-5m-1790003100,99,0.99,,,,0.01,,15440.3,0,0,15455.3,1.0,-1.0,,,,,WAIT,2,"UP_BOOK,DOWN_BOOK_WEAK"
2026-09-21 15:08:23,1790003302,btc-updown-5m-1790003100,98,0.99,,,,0.01,,12246.3,0,0,12281.3,1.0,-1.0,,,,,WAIT,2,"UP_BOOK,DOWN_BOOK_WEAK"
2026-09-21 15:08:24,1790003304,btc-updown-5m-1790003100,96,0.99,,,,0.01,,12406.3,0,0,12231.3,1.0,-1.0,,,,,WAIT,2,"UP_BOOK,DOWN_BOOK_WEAK"
2026-09-21 15:08:26,1790003305,btc-updown-5m-1790003100,95,0.99,,,,0.01,,8088.049999999999,0,0,8193.05,1.0,-1.0,,,,,WAIT,2,"UP_BOOK,DOWN_BOOK_WEAK"
2026-09-21 15:08:27,1790003307,btc-updown-5m-1790003100,93,0.99,,,,0.01,,8234.42,0,0,8249.42,1.0,-1.0,,,,,WAIT,2,"UP_BOOK,DOWN_BOOK_WEAK"
2026-09-21 15:08:29,1790003308,btc-updown-5m-1790003100,92,0.99,,,,0.01,,8366.15,0,0,8351.15,1.0,-1.0,,,,,WAIT,2,"UP_BOOK,DOWN_BOOK_WEAK"
2026-09-21 15:08:30,1790003310,btc-updown-5m-1790003100,90,0.99,,,,0.01,,8586.33,0,0,8606.33,1.0,-1.0,,,,,WAIT,2,"UP_BOOK,DOWN_BOOK_WEAK"
2026-09-21 15:08:32,1790003311,btc-updown-5m-1790003100,89,0.99,,,,0.01,,8941.92,0,0,8973.29,1.0,-1.0,,,,,WAIT,2,"UP_BOOK,DOWN_BOOK_WEAK"
2026-09-21 15:08:33,1790003313,btc-updown-5m-1790003100,87,0.99,,,,0.01,,8869.98,0,0,8939.98,1.0,-1.0,,,,,WAIT,2,"UP_BOOK,DOWN_BOOK_WEAK"
2026-09-21 15:08:35,1790003314,btc-updown-5m-1790003100,86,0.99,,,,0.01,,8864.34,0,0,8960.71,1.0,-1.0,,,,,WAIT,2,"UP_BOOK,DOWN_BOOK_WEAK"
2026-09-21 15:08:36,1790003316,btc-updown-5m-1790003100,84,0.99,,,,0.01,,9935.71,0,0,10001.970000000001,1.0,-1.0,,,,,WAIT,2,"UP_BOOK,DOWN_BOOK_WEAK"
2026-09-21 15:08:38,1790003317,btc-updown-5m-1790003100,83,0.99,,,,0.01,,10008.52,0,0,10003.52,1.0,-1.0,,,,,WAIT,2,"UP_BOOK,DOWN_BOOK_WEAK"
2026-09-21 15:08:39,1790003319,btc-updown-5m-1790003100,81,0.99,,,,0.01,,10065.19,0,0,10065.19,1.0,-1.0,,,,,WAIT,2,"UP_BOOK,DOWN_BOOK_WEAK"
2026-09-21 15:08:40,1790003320,btc-updown-5m-1790003100,80,0.99,,,,0.01,,10330.76,0,0,10340.76,1.0,-1.0,,,,,WAIT,2,"UP_BOOK,DOWN_BOOK_WEAK"
2026-09-21 15:08:42,1790003321,btc-updown-5m-1790003100,79,0.99,,,,0.01,,11040.16,0,0,10965.72,1.0,-1.0,,,,,WAIT,2,"UP_BOOK,DOWN_BOOK_WEAK"
2026-09-21 15:08:44,1790003323,btc-updown-5m-1790003100,77,0.99,,,,0.01,,10995.439999999999,0,0,10894.35,1.0,-1.0,,,,,WAIT,2,"UP_BOOK,DOWN_BOOK_WEAK"
2026-09-21 15:08:45,1790003325,btc-updown-5m-1790003100,75,0.99,,,,0.01,,11076.98,0,0,11106.98,1.0,-1.0,,,,,WAIT,2,"UP_BOOK,DOWN_BOOK_WEAK"
2026-09-21 15:08:47,1790003326,btc-updown-5m-1790003100,74,0.99,,,,0.01,,13554.35,0,0,13630.720000000001,1.0,-1.0,,,,,WAIT,2,"UP_BOOK,DOWN_BOOK_WEAK"
2026-09-21 15:08:48,1790003328,btc-updown-5m-1790003100,72,0.99,,,,0.01,,17329.68,0,0,17398.57,1.0,-1.0,,,,,WAIT,2,"UP_BOOK,DOWN_BOOK_WEAK"
2026-09-21 15:08:50,1790003329,btc-updown-5m-1790003100,71,0.99,,,,0.01,,17378.89,0,0,17381.52,1.0,-1.0,,,,,WAIT,2,"UP_BOOK,DOWN_BOOK_WEAK"
2026-09-21 15:08:51,1790003331,btc-updown-5m-1790003100,69,0.99,,,,0.01,,17383.579999999998,0,0,17409.239999999998,1.0,-1.0,,,,,WAIT,2,"UP_BOOK,DOWN_BOOK_WEAK"
2026-09-21 15:19:18,1790003957,btc-updown-5m-1790003700,43,,0.01,,0.99,,,0,7587.65,7645.65,0,-1.0,1.0,,,,,WAIT,-2,"UP_BOOK_WEAK,DOWN_BOOK"
2026-09-21 15:19:19,1790003959,btc-updown-5m-1790003700,41,,0.01,,0.99,,,0,8847.64,9003.64,0,-1.0,1.0,,,,,WAIT,-2,"UP_BOOK_WEAK,DOWN_BOOK"
2026-09-21 15:19:21,1790003960,btc-updown-5m-1790003700,40,,0.01,,0.99,,,0,7465.64,7403.15,0,-1.0,1.0,,,,,WAIT,-2,"UP_BOOK_WEAK,DOWN_BOOK"
2026-09-21 15:19:22,1790003962,btc-updown-5m-1790003700,38,,0.01,,0.99,,,0,7481.39,7476.39,0,-1.0,1.0,,,,,WAIT,-2,"UP_BOOK_WEAK,DOWN_BOOK"
2026-09-21 15:19:23,1790003963,btc-updown-5m-1790003700,37,,0.01,,0.99,,,0,7958.820000000001,7937.820000000001,0,-1.0,1.0,,,,,WAIT,-2,"UP_BOOK_WEAK,DOWN_BOOK"
2026-09-21 15:19:25,1790003964,btc-updown-5m-1790003700,36,,0.01,,0.99,,,0,8010.35,8010.35,0,-1.0,1.0,,,,,WAIT,-2,"UP_BOOK_WEAK,DOWN_BOOK"
2026-09-21 15:19:27,1790003966,btc-updown-5m-1790003700,34,,0.01,,0.99,,,0,9249.04,9146.93,0,-1.0,1.0,,,,,WAIT,-2,"UP_BOOK_WEAK,DOWN_BOOK"
2026-09-21 15:19:28,1790003968,btc-updown-5m-1790003700,32,,0.01,,0.99,,,0,37353.729999999996,37264.53,0,-1.0,1.0,,,,,WAIT,-2,"UP_BOOK_WEAK,DOWN_BOOK"
2026-09-21 15:19:31,1790003969,btc-updown-5m-1790003700,31,,0.01,,0.99,,,0,36551.810000000005,37572.53,0,-1.0,1.0,,,,,WAIT,-2,"UP_BOOK_WEAK,DOWN_BOOK"
2026-09-21 15:19:32,1790003972,btc-updown-5m-1790003700,28,,0.01,,0.99,,,0,38548.53,38543.53,0,-1.0,1.0,,,,,WAIT,-2,"UP_BOOK_WEAK,DOWN_BOOK"
2026-09-21 15:19:34,1790003973,btc-updown-5m-1790003700,27,,0.01,,0.99,,,0,38671.450000000004,39541.450000000004,0,-1.0,1.0,,,,,WAIT,-2,"UP_BOOK_WEAK,DOWN_BOOK"
2026-09-21 15:19:35,1790003975,btc-updown-5m-1790003700,25,,0.01,,0.99,,,0,44658.07,44658.07,0,-1.0,1.0,,,,,WAIT,-2,"UP_BOOK_WEAK,DOWN_BOOK"
2026-09-21 15:19:37,1790003976,btc-updown-5m-1790003700,24,,0.01,,0.99,,,0,46315.86,46315.86,0,-1.0,1.0,,,,,WAIT,-2,"UP_BOOK_WEAK,DOWN_BOOK"
2026-09-21 15:19:38,1790003978,btc-updown-5m-1790003700,22,,0.01,,0.99,,,0,47270.86,47275.86,0,-1.0,1.0,,,,,WAIT,-2,"UP_BOOK_WEAK,DOWN_BOOK"
2026-09-21 15:19:39,1790003979,btc-updown-5m-1790003700,21,,0.01,,0.99,,,0,47265.86,61058.34,0,-1.0,1.0,,,,,WAIT,-2,"UP_BOOK_WEAK,DOWN_BOOK"
2026-09-21 15:19:41,1790003980,btc-updown-5m-1790003700,20,,0.01,,0.99,,,0,62040.34,61995.34,0,-1.0,1.0,,,,,WAIT,-2,"UP_BOOK_WEAK,DOWN_BOOK"
2026-09-21 15:19:42,1790003982,btc-updown-5m-1790003700,18,,0.01,,0.99,,,0,68183.99,68183.99,0,-1.0,1.0,,,,,WAIT,0,TIME FILTER
2026-09-21 15:19:44,1790003983,btc-updown-5m-1790003700,17,,0.01,,0.99,,,0,68198.99,68193.99,0,-1.0,1.0,,,,,WAIT,0,TIME FILTER
2026-09-21 15:19:45,1790003985,btc-updown-5m-1790003700,15,,0.01,,0.99,,,0,68149.53,68164.68000000001,0,-1.0,1.0,,,,,WAIT,0,TIME FILTER
2026-09-21 15:19:47,1790003986,btc-updown-5m-1790003700,14,,0.01,,0.99,,,0,68491.53,68541.53,0,-1.0,1.0,,,,,WAIT,0,TIME FILTER
2026-09-21 15:19:48,1790003988,btc-updown-5m-1790003700,12,,0.01,,0.99,,,0,68701.53,68706.53,0,-1.0,1.0,,,,,WAIT,0,TIME FILTER
2026-09-21 15:19:50,1790003989,btc-updown-5m-1790003700,11,,0.01,,0.99,,,0,68807.58,68812.58,0,-1.0,1.0,,,,,WAIT,0,TIME FILTER
2026-09-21 15:36:24,1790004982,btc-updown-5m-1790004900,218,0.56,0.57,0.565,0.43,0.44,0.435,2702.89,1728.4800000000002,1793.3300000000002,2674.27,0.21988910878577045,-0.19718417047184164,,,,1.01,WAIT,1,UP_BOOK
2026-09-21 15:36:25,1790004985,btc-updown-5m-1790004900,215,0.56,0.57,0.565,0.43,0.44,0.435,4367.04,1157.96,1227.96,4372.93,0.5808289592760181,-0.5615125453276176,,,,1.01,WAIT,2,"UP_BOOK,DOWN_BOOK_WEAK"
2026-09-21 15:36:27,1790004986,btc-updown-5m-1790004900,214,0.56,0.57,0.565,0.43,0.44,0.435,4632.4400000000005,1256.33,1266.33,4575.42,0.5733132725509742,-0.5664552574143022,,,,1.01,WAIT,2,"UP_BOOK,DOWN_BOOK_WEAK"
2026-09-21 15:36:28,1790004988,btc-updown-5m-1790004900,212,0.55,0.56,0.555,0.44,0.45,0.445,4705.4800000000005,2007.26,1327.3799999999999,4924.6900000000005,0.40195508838417693,-0.5753790344637856,-0.009999999999999898,,,1.01,WAIT,2,"UP_BOOK,DOWN_BOOK_WEAK"
2026-09-21 15:36:30,1790004989,btc-updown-5m-1790004900,211,0.55,0.56,0.555,0.44,0.45,0.445,4482.900000000001,2469.4,1937.9299999999998,4419.35,0.2896163859442199,-0.39032730979286745,-0.009999999999999898,,,1.01,WAIT,2,"UP_BOOK,DOWN_BOOK_WEAK"
2026-09-21 15:36:31,1790004991,btc-updown-5m-1790004900,209,0.55,0.56,0.555,0.44,0.45,0.445,4865.74,2410.58,1941.29,4946.74,0.33741781559909406,-0.43632940042363344,-0.009999999999999898,,,1.01,WAIT,2,"UP_BOOK,DOWN_BOOK_WEAK"
2026-09-21 15:36:33,1790004992,btc-updown-5m-1790004900,208,0.6,0.63,0.615,0.36,0.37,0.365,3286.2200000000003,1138.0,4397.03,997.5899999999999,0.485559036395116,0.6301537457689327,0.050000000000000044,,,1.0,WAIT,2,"UP5+,UP_BOOK,DOWN_BOOK"
2026-09-21 15:36:35,1790004994,btc-updown-5m-1790004900,206,0.61,0.62,0.615,0.38,0.39,0.385,3837.5499999999997,2661.63,3890.06,3006.96,0.18093359469963896,0.1280408060292706,0.05999999999999994,,,1.01,WAIT,2,UP5+
2026-09-21 15:36:37,1790004996,btc-updown-5m-1790004900,204,0.61,0.62,0.615,0.38,0.39,0.385,2222.5899999999997,3160.5,4740.52,2158.91,-0.1742326433331043,0.37417728710922504,0.05999999999999994,,,1.01,WAIT,1,"UP5+,DOWN_BOOK"
2026-09-21 15:36:39,1790004998,btc-updown-5m-1790004900,202,0.61,0.62,0.615,0.38,0.39,0.385,3117.42,3999.1,3989.1,3146.42,-0.12389201463636718,0.1180965087337713,0.0,0.050000000000000044,,1.01,WAIT,2,UP15+
2026-09-21 15:36:40,1790005000,btc-updown-5m-1790004900,200,0.7,0.71,0.705,0.31,0.32,0.315,260.15999999999997,1438.83,2444.85,335.69,-0.6937474617272616,0.7585433045379674,0.08999999999999997,0.14,,1.03,WAIT,2,"UP5+,UP15+,UP_BOOK_WEAK,DOWN_BOOK"
2026-09-21 15:36:42,1790005001,btc-updown-5m-1790004900,199,0.6,0.61,0.605,0.39,0.4,0.395,1879.51,2743.48,1995.07,2607.17,-0.18688554377145528,-0.1330004519538312,-0.010000000000000009,0.040000000000000036,,1.01,WAIT,0,
2026-09-21 15:36:43,1790005003,btc-updown-5m-1790004900,197,0.6,0.61,0.605,0.39,0.4,0.395,1373.4,4996.21,4968.21,1394.02,-0.568764806636513,0.5617825825221661,-0.010000000000000009,0.04999999999999993,,1.01,WAIT,-2,"UP_BOOK_WEAK,DOWN_BOOK"
2026-09-21 15:36:45,1790005004,btc-updown-5m-1790004900,196,0.64,0.65,0.645,0.35,0.36,0.355,3371.89,1097.0,1965.15,1142.75,0.5090503458353193,0.26461597863509123,0.030000000000000027,0.08999999999999997,,1.01,UP WATCH,4,"UP5+,UP15+,UP_BOOK,DOWN_BOOK"
2026-09-21 15:36:46,1790005006,btc-updown-5m-1790004900,194,0.6,0.61,0.605,0.39,0.4,0.395,2801.1,2595.3500000000004,2762.88,1254.78,0.03812691676935755,0.37536775137766765,0.0,0.04999999999999993,,1.01,WAIT,-1,DOWN_BOOK
2026-09-21 15:36:48,1790005007,btc-updown-5m-1790004900,193,0.61,0.62,0.615,0.38,0.39,0.385,3086.3399999999997,1924.58,2274.7,2602.52,0.23184564910236038,-0.06721451974690504,0.010000000000000009,0.0,,1.01,WAIT,1,UP_BOOK
2026-09-21 15:36:49,1790005009,btc-updown-5m-1790004900,191,0.6,0.61,0.605,0.39,0.4,0.395,3742.88,1870.23,1888.1100000000001,3963.71,0.3336207556951494,-0.35469306984835486,-0.040000000000000036,-0.010000000000000009,,1.01,WAIT,0,"UP5-,UP_BOOK,DOWN_BOOK_WEAK"
2026-09-21 15:36:51,1790005010,btc-updown-5m-1790004900,190,0.6,0.61,0.605,0.39,0.4,0.395,1714.72,3329.7799999999997,2170.16,1919.8,-0.3201625532758449,0.0612133125996342,-0.040000000000000036,-0.010000000000000009,,1.01,WAIT,-3,"UP5-,UP_BOOK_WEAK"
2026-09-21 15:36:52,1790005012,btc-updown-5m-1790004900,188,0.6,0.61,0.605,0.39,0.4,0.395,3515.0,2391.82,2776.9,2931.0,0.19014969137370022,-0.026997669896108887,-0.010000000000000009,-0.010000000000000009,0.040000000000000036,1.01,WAIT,0,
2026-09-21 15:36:54,1790005013,btc-updown-5m-1790004900,187,0.62,0.63,0.625,0.37,0.38,0.375,3536.86,2058.12,636.92,4587.14,0.26429763823999375,-0.7561590027679621,0.010000000000000009,0.010000000000000009,0.06000000000000005,1.01,WAIT,2,"UP_BOOK,DOWN_BOOK_WEAK"
2026-09-21 15:36:55,1790005015,btc-updown-5m-1790004900,185,0.61,0.62,0.615,0.38,0.39,0.385,1407.0,3350.15,3381.0699999999997,1494.0,-0.4084693566526177,0.38708572389729784,0.010000000000000009,-0.08999999999999997,0.050000000000000044,1.01,DOWN WATCH,-4,"UP15-,UP_BOOK_WEAK,DOWN_BOOK"
2026-09-21 15:36:57,1790005016,btc-updown-5m-1790004900,184,0.49,0.5,0.495,0.5,0.51,0.505,2793.5600000000004,2304.71,2569.29,2717.4700000000003,0.09588546703097331,-0.028028508954444743,-0.10999999999999999,-0.10999999999999999,-0.06999999999999995,1.01,DOWN WATCH,-4,"UP5-,UP15-"
2026-09-21 15:53:36,1790006016,btc-updown-5m-1790005800,84,0.23,0.24,0.235,0.76,0.77,0.765,3594.21,717.0,812.0,3286.76,0.6673787637345432,-0.6037826074227327,,,,1.01,WAIT,2,"UP_BOOK,DOWN_BOOK_WEAK"
2026-09-21 15:53:38,1790006017,btc-updown-5m-1790005800,83,0.38,0.39,0.385,0.61,0.62,0.615,1092.29,238.4,45.0,1802.4299999999998,0.6416896497305908,-0.9512836751595459,,,,1.01,WAIT,2,"UP_BOOK,DOWN_BOOK_WEAK"
2026-09-21 15:53:40,1790006019,btc-updown-5m-1790005800,81,0.42,0.43,0.425,0.59,0.6,0.595,143.0,1398.26,1521.74,1220.0,-0.8144375381181631,0.11005419915819882,,,,1.03,WAIT,-1,UP_BOOK_WEAK
2026-09-21 15:53:42,1790006021,btc-updown-5m-1790005800,79,0.36,0.37,0.365,0.69,0.7,0.695,112.91,3260.0,1110.0,509.09000000000003,-0.9330489102881488,0.37114057896719754,0.13,,,1.0699999999999998,WAIT,0,"UP5+,UP_BOOK_WEAK,DOWN_BOOK"
2026-09-21 15:53:44,1790006023,btc-updown-5m-1790005800,77,0.23,0.24,0.235,0.75,0.76,0.755,1987.7799999999997,1350.0,978.0,431.05,0.19107910047995968,0.38816933394840497,-0.15000000000000002,,,1.0,WAIT,-3,"UP5-,DOWN_BOOK"
2026-09-21 15:53:46,1790006025,btc-updown-5m-1790005800,75,0.13,0.14,0.135,0.86,0.87,0.865,2367.66,1531.79,2112.26,1130.0,0.21435587069971404,0.3029553459623843,-0.29,,,1.01,WAIT,-2,"UP5-,UP_BOOK,DOWN_BOOK"
2026-09-21 15:53:47,1790006027,btc-updown-5m-1790005800,73,0.11,0.12,0.11499999999999999,0.88,0.89,0.885,891.57,1443.13,1596.44,943.3100000000001,-0.23624448537285303,0.2571631066049808,-0.25,,,1.01,DOWN WATCH,-4,"UP5-,UP_BOOK_WEAK,DOWN_BOOK"
2026-09-21 15:53:49,1790006028,btc-updown-5m-1790005800,72,0.09,0.1,0.095,0.89,0.9,0.895,2662.05,1626.4499999999998,3034.8999999999996,1663.13,0.2414830360265828,0.2919883440505913,-0.13999999999999999,,,1.0,WAIT,-2,"UP5-,UP_BOOK,DOWN_BOOK"
2026-09-21 15:53:50,1790006030,btc-updown-5m-1790005800,70,0.13,0.14,0.135,0.85,0.86,0.855,4023.2799999999997,959.91,700.0,3946.95,0.6147407584298411,-0.6987271220908338,0.0,,,1.0,WAIT,2,"UP_BOOK,DOWN_BOOK_WEAK"
2026-09-21 15:53:52,1790006031,btc-updown-5m-1790005800,69,0.13,0.14,0.135,0.86,0.87,0.865,1208.21,2420.0599999999995,1179.0,1568.8899999999999,-0.33400215529715255,-0.14188704788037362,0.0,-0.09999999999999998,,1.01,WAIT,-3,"UP15-,UP_BOOK_WEAK"
2026-09-21 15:53:53,1790006033,btc-updown-5m-1790005800,67,0.22,0.23,0.225,0.77,0.78,0.775,1251.65,1165.0,1913.94,1275.59,0.03585541969254964,0.2001392054628739,0.13,-0.16,,1.01,WAIT,-1,"UP5+,UP15-,DOWN_BOOK"
2026-09-21 15:53:55,1790006034,btc-updown-5m-1790005800,66,0.16,0.17,0.165,0.85,0.86,0.855,430.75,2337.55,2622.36,421.89,-0.6887981793880721,0.7228282828282829,0.07,-0.26,,1.03,WAIT,-2,"UP5+,UP15-,UP_BOOK_WEAK,DOWN_BOOK"
2026-09-21 15:53:56,1790006036,btc-updown-5m-1790005800,64,0.1,0.11,0.10500000000000001,0.89,0.9,0.895,1908.1,1670.8400000000001,1960.8200000000002,1866.1,0.06629337178047125,0.024750974674150557,-0.03,-0.26,,1.01,DOWN WATCH,-4,"UP5-,UP15-"
2026-09-21 15:53:58,1790006037,btc-updown-5m-1790005800,63,0.1,0.11,0.10500000000000001,0.87,0.88,0.875,3478.83,1181.15,3654.25,981.0,0.4930664938476131,0.5767218596623699,-0.03,-0.26,,0.99,DOWN WATCH,-4,"UP5-,UP15-,UP_BOOK,DOWN_BOOK"
2026-09-21 15:53:59,1790006039,btc-updown-5m-1790005800,61,0.07,0.08,0.07500000000000001,0.92,0.93,0.925,1978.47,2567.5299999999997,2715.1000000000004,2823.5600000000004,-0.1295776506819181,-0.019582353854542437,-0.09,-0.15999999999999998,,1.01,DOWN WATCH,-4,"UP5-,UP15-"
2026-09-21 15:54:01,1790006040,btc-updown-5m-1790005800,60,0.12,0.13,0.125,0.88,0.89,0.885,523.86,1159.49,1026.99,515.16,-0.3775982416015683,0.33189378465129854,-0.04000000000000001,-0.010000000000000009,,1.02,DOWN WATCH,-4,"UP5-,UP_BOOK_WEAK,DOWN_BOOK"
2026-09-21 15:54:02,1790006042,btc-updown-5m-1790005800,58,0.16,0.17,0.165,0.84,0.85,0.845,1203.84,1936.63,1883.04,1691.8899999999999,-0.23333768512356434,0.05346957842531185,0.06,0.05000000000000002,,1.02,WAIT,3,"UP5+,UP15+,UP_BOOK_WEAK"
2026-09-21 15:54:04,1790006043,btc-updown-5m-1790005800,57,0.06,0.07,0.065,0.93,0.94,0.935,1945.19,4050.12,3972.26,1863.18,-0.35109610679014097,0.3614260449940364,-0.04000000000000001,-0.03,,1.01,DOWN WATCH,-4,"UP5-,UP_BOOK_WEAK,DOWN_BOOK"
2026-09-21 15:54:05,1790006045,btc-updown-5m-1790005800,55,0.03,0.04,0.035,0.96,0.97,0.965,4334.93,3918.51,3938.98,4313.73,0.050454113678660054,-0.04540932614862264,-0.09,-0.1,,1.01,DOWN WATCH,-4,"UP5-,UP15-"
2026-09-21 16:10:25,1790007024,btc-updown-5m-1790007000,276,0.62,0.63,0.625,0.37,0.38,0.375,4519.33,2490.15,2536.15,3872.33,0.2894908038827417,-0.208501860035453,,,,1.01,WAIT,2,"UP_BOOK,DOWN_BOOK_WEAK"
2026-09-21 16:10:27,1790007026,btc-updown-5m-1790007000,274,0.63,0.64,0.635,0.36,0.37,0.365,2286.0,4808.62,3758.2700000000004,2631.74,-0.3555680219659404,0.17629549875508813,,,,1.01,WAIT,-1,UP_BOOK_WEAK
2026-09-21 16:10:28,1790007028,btc-updown-5m-1790007000,272,0.64,0.65,0.645,0.34,0.35,0.345,4848.21,769.0899999999999,839.3199999999999,4764.18,0.7261709362149075,-0.7004300883376462,,,,1.0,WAIT,2,"UP_BOOK,DOWN_BOOK_WEAK"
2026-09-21 16:10:30,1790007029,btc-updown-5m-1790007000,271,0.67,0.68,0.675,0.3,0.31,0.305,3206.3500000000004,752.38,1010.96,2025.75,0.6198881964670487,-0.3341741555828512,0.050000000000000044,,,0.99,UP WATCH,4,"UP5+,UP_BOOK,DOWN_BOOK_WEAK"
2026-09-21 16:10:31,1790007031,btc-updown-5m-1790007000,269,0.75,0.76,0.755,0.24,0.25,0.245,993.0,4041.39,4241.3,988.0,-0.6055132796624815,0.6221291568661198,0.12,,,1.01,WAIT,0,"UP5+,UP_BOOK_WEAK,DOWN_BOOK"
2026-09-21 16:10:33,1790007032,btc-updown-5m-1790007000,268,0.75,0.76,0.755,0.24,0.25,0.245,1920.95,4558.349999999999,4883.929999999999,1649.0,-0.407050144305712,0.4951729162871789,0.12,,,1.01,WAIT,0,"UP5+,UP_BOOK_WEAK,DOWN_BOOK"
2026-09-21 16:10:34,1790007034,btc-updown-5m-1790007000,266,0.78,0.8,0.79,0.2,0.21,0.20500000000000002,4916.79,1882.1999999999998,3570.3900000000003,3088.57,0.4463295283564177,0.07235664428078861,0.11499999999999999,,,1.01,WAIT,3,"UP5+,UP_BOOK"
2026-09-21 16:10:36,1790007035,btc-updown-5m-1790007000,265,0.8,0.81,0.805,0.19,0.2,0.195,2500.92,5118.03,5123.03,2463.92,-0.34350008859488507,0.35048471388370817,0.13,,,1.01,WAIT,0,"UP5+,UP_BOOK_WEAK,DOWN_BOOK"
2026-09-21 16:10:38,1790007037,btc-updown-5m-1790007000,263,0.77,0.78,0.775,0.22,0.23,0.225,2636.6600000000003,4730.72,4157.72,2360.04,-0.28423401534873993,0.2758125490966222,0.020000000000000018,,,1.01,WAIT,-2,"UP_BOOK_WEAK,DOWN_BOOK"
2026-09-21 16:10:39,1790007039,btc-updown-5m-1790007000,261,0.78,0.79,0.785,0.21,0.22,0.215,2202.13,4669.879999999999,4591.88,2228.32,-0.3591016311093842,0.346552887012111,-0.0050000000000000044,0.16000000000000003,,1.01,WAIT,0,"UP15+,UP_BOOK_WEAK,DOWN_BOOK"
2026-09-21 16:10:41,1790007040,btc-updown-5m-1790007000,260,0.78,0.79,0.785,0.21,0.22,0.215,2208.51,4747.96,4746.5,2237.4900000000002,-0.3650486525493533,0.3592516598677833,-0.020000000000000018,0.16000000000000003,,1.01,WAIT,0,"UP15+,UP_BOOK_WEAK,DOWN_BOOK"
2026-09-21 16:10:42,1790007042,btc-updown-5m-1790007000,258,0.74,0.75,0.745,0.25,0.26,0.255,1888.73,4944.46,4439.48,2961.6399999999994,-0.44718938006992337,0.19967788659013774,-0.030000000000000027,0.10999999999999999,,1.01,WAIT,-1,"UP5-,UP15+,UP_BOOK_WEAK"
2026-09-21 16:10:44,1790007043,btc-updown-5m-1790007000,257,0.76,0.77,0.765,0.23,0.24,0.235,3129.9799999999996,4008.65,4215.43,2905.31,-0.12308664267513524,0.18398649578555043,-0.010000000000000009,0.12,,1.01,WAIT,2,UP15+
2026-09-21 16:10:45,1790007045,btc-updown-5m-1790007000,255,0.76,0.77,0.765,0.23,0.24,0.235,2799.11,3396.3500000000004,3295.36,2844.4300000000003,-0.09639962165844024,0.07344388000241046,-0.020000000000000018,0.08999999999999997,,1.01,WAIT,2,UP15+
2026-09-21 16:10:47,1790007046,btc-updown-5m-1790007000,254,0.76,0.77,0.765,0.23,0.24,0.235,2244.47,4101.32,3825.48,3008.21,-0.29261132183699745,0.11959424556864592,-0.020000000000000018,0.010000000000000009,,1.01,WAIT,-1,UP_BOOK_WEAK
2026-09-21 16:10:48,1790007048,btc-updown-5m-1790007000,252,0.77,0.78,0.775,0.24,0.26,0.25,128.38,5877.599999999999,3855.71,690.0,-0.9572492748893602,0.6964170613611516,0.010000000000000009,0.020000000000000018,,1.04,WAIT,-2,"UP_BOOK_WEAK,DOWN_BOOK"
2026-09-21 16:10:50,1790007049,btc-updown-5m-1790007000,251,0.73,0.74,0.735,0.26,0.27,0.265,2097.28,3895.64,3848.64,2192.28,-0.30008076196578626,0.2741900240360739,-0.030000000000000027,-0.05500000000000005,,1.01,DOWN WATCH,-6,"UP5-,UP15-,UP_BOOK_WEAK,DOWN_BOOK"
2026-09-21 16:10:51,1790007051,btc-updown-5m-1790007000,249,0.73,0.74,0.735,0.26,0.27,0.265,2561.28,3628.6,3582.19,2595.79,-0.17242983708892576,0.15966383834198236,-0.030000000000000027,-0.07000000000000006,,1.01,DOWN WATCH,-4,"UP5-,UP15-"
2026-09-21 16:10:53,1790007052,btc-updown-5m-1790007000,248,0.75,0.76,0.755,0.24,0.25,0.245,2403.66,3155.8,3221.8,3100.63,-0.13529011810499586,0.019165099494972672,-0.010000000000000009,-0.020000000000000018,,1.01,WAIT,0,
2026-09-21 16:10:54,1790007054,btc-updown-5m-1790007000,246,0.79,0.8,0.795,0.2,0.21,0.20500000000000002,2139.63,2443.9,3733.8,759.53,-0.0663833333696954,0.6619300162685582,0.06000000000000005,0.010000000000000009,0.17000000000000004,1.01,WAIT,2,"UP5+,UP30+,DOWN_BOOK"
2026-09-21 16:10:55,1790007055,btc-updown-5m-1790007000,245,0.81,0.82,0.815,0.18,0.19,0.185,2651.06,3714.3500000000004,3348.3500000000004,2715.6400000000003,-0.16704187161549694,0.10433889237943994,0.07999999999999996,0.029999999999999916,0.18999999999999995,1.01,WAIT,3,"UP5+,UP30+"
2026-09-21 16:10:57,1790007056,btc-updown-5m-1790007000,244,0.81,0.82,0.815,0.19,0.2,0.195,1796.74,5178.84,4833.62,1698.56,-0.4848485717316697,0.4799408467004889,0.07999999999999996,0.029999999999999916,0.17999999999999994,1.02,WAIT,1,"UP5+,UP30+,UP_BOOK_WEAK,DOWN_BOOK"
2026-09-21 16:10:58,1790007058,btc-updown-5m-1790007000,242,0.8,0.81,0.805,0.19,0.2,0.195,1973.79,4484.98,4735.82,1814.55,-0.38880313124635185,0.4459702276359961,0.050000000000000044,0.040000000000000036,0.16000000000000003,1.01,WAIT,1,"UP5+,UP30+,UP_BOOK_WEAK,DOWN_BOOK"
2026-09-21 16:11:00,1790007059,btc-updown-5m-1790007000,241,0.81,0.82,0.815,0.18,0.19,0.185,1849.1399999999999,3424.09,2509.1800000000003,3330.14,-0.2986689372547756,-0.1405917127336744,0.019999999999999907,0.04999999999999993,0.1399999999999999,1.01,WAIT,0,"UP30+,UP_BOOK_WEAK"
2026-09-21 16:11:01,1790007061,btc-updown-5m-1790007000,239,0.81,0.82,0.815,0.18,0.19,0.185,3205.6400000000003,2769.93,3512.13,3147.28,0.07291521980329918,0.05478713579731537,0.0,0.04999999999999993,0.05999999999999994,1.01,WAIT,0,
2026-09-21 16:11:03,1790007062,btc-updown-5m-1790007000,238,0.81,0.82,0.815,0.18,0.19,0.185,2036.94,4072.02,4084.6800000000003,2083.94,-0.33313035279327413,0.3243415869351654,0.0,0.04999999999999993,0.05999999999999994,1.01,WAIT,-2,"UP_BOOK_WEAK,DOWN_BOOK"
2026-09-21 16:11:04,1790007064,btc-updown-5m-1790007000,236,0.82,0.83,0.825,0.17,0.18,0.175,3462.5,3731.1600000000003,3694.51,3516.35,-0.03734677479892021,0.024707177784619352,0.010000000000000009,0.08999999999999997,0.03499999999999992,1.01,WAIT,2,UP15+
2026-09-21 16:11:06,1790007065,btc-updown-5m-1790007000,235,0.82,0.83,0.825,0.17,0.18,0.175,3345.79,3879.2500000000005,3884.2500000000005,3335.79,-0.07383488534319539,0.07596356806887503,0.010000000000000009,0.08999999999999997,0.019999999999999907,1.01,WAIT,2,UP15+
2026-09-21 16:11:07,1790007067,btc-updown-5m-1790007000,233,0.82,0.83,0.825,0.17,0.18,0.175,3370.79,3868.9900000000002,3878.2200000000003,3380.79,-0.06881424573674894,0.06852587336289663,0.010000000000000009,0.06999999999999995,0.04999999999999993,1.01,WAIT,2,UP15+
2026-09-21 16:11:09,1790007068,btc-updown-5m-1790007000,232,0.81,0.82,0.815,0.18,0.19,0.185,2187.36,4080.01,3841.5,2247.36,-0.30198472405490656,0.2618125560449739,0.0,0.05999999999999994,0.039999999999999925,1.01,WAIT,0,"UP15+,UP_BOOK_WEAK,DOWN_BOOK"
2026-09-21 16:11:10,1790007070,btc-updown-5m-1790007000,230,0.79,0.8,0.795,0.2,0.21,0.20500000000000002,1427.92,4011.12,3404.9,1144.77,-0.4749367535447432,0.49676789745190314,-0.029999999999999916,-0.019999999999999907,0.010000000000000009,1.01,WAIT,-2,"UP_BOOK_WEAK,DOWN_BOOK"
2026-09-21 16:11:12,1790007071,btc-updown-5m-1790007000,229,0.79,0.8,0.795,0.21,0.22,0.215,1197.1100000000001,3195.2,3388.06,1179.19,-0.4549064159861212,0.4836323827248344,-0.029999999999999916,-0.019999999999999907,0.010000000000000009,1.02,WAIT,-2,"UP_BOOK_WEAK,DOWN_BOOK"
2026-09-21 16:11:13,1790007073,btc-updown-5m-1790007000,227,0.76,0.77,0.765,0.23,0.24,0.235,1706.21,3270.3199999999997,2823.6099999999997,1779.25,-0.31429731158055907,0.22689371390830912,-0.04999999999999993,-0.040000000000000036,0.0,1.01,DOWN WATCH,-4,"UP5-,UP_BOOK_WEAK,DOWN_BOOK"
2026-09-21 16:20:08,1790007607,btc-updown-5m-1790007600,293,0.52,0.53,0.525,0.47,0.48,0.475,3373.2,221.92000000000002,939.81,1383.1299999999999,0.8765437593181868,-0.19084436102525248,,,,1.01,WAIT,0,TIME FILTER
2026-09-21 16:20:10,1790007609,btc-updown-5m-1790007600,291,0.51,0.52,0.515,0.47,0.48,0.475,3334.12,409.08,1192.08,6234.59,0.7814276554819406,-0.6789732141053797,,,,1.0,WAIT,0,TIME FILTER
2026-09-21 16:20:11,1790007611,btc-updown-5m-1790007600,289,0.55,0.56,0.555,0.46,0.49,0.475,714.26,1613.84,2332.46,828.1,-0.3864009277951978,0.4759789404409346,,,,1.05,WAIT,0,TIME FILTER
2026-09-21 16:20:13,1790007612,btc-updown-5m-1790007600,288,0.5,0.51,0.505,0.49,0.5,0.495,3177.1800000000003,3607.58,3732.58,3170.1800000000003,-0.06343628956661689,0.08147465651420585,-0.020000000000000018,,,1.01,WAIT,0,TIME FILTER
2026-09-21 16:20:14,1790007614,btc-updown-5m-1790007600,286,0.51,0.52,0.515,0.48,0.49,0.485,3170.37,3680.48,3740.48,3248.32,-0.07445937365436407,0.0704212454212454,0.0,,,1.01,WAIT,0,TIME FILTER
2026-09-21 16:20:16,1790007615,btc-updown-5m-1790007600,285,0.53,0.54,0.535,0.45,0.46,0.455,3344.96,828.0,1033.8899999999999,3320.92,0.6031593880602738,-0.5251733141055523,0.020000000000000018,,,1.0,WAIT,2,"UP_BOOK,DOWN_BOOK_WEAK"
2026-09-21 16:20:17,1790007617,btc-updown-5m-1790007600,283,0.54,0.55,0.545,0.45,0.46,0.455,2687.09,4025.64,714.52,3563.2799999999997,-0.19940471313459648,-0.6659404366730564,0.040000000000000036,,,1.01,WAIT,3,"UP5+,DOWN_BOOK_WEAK"
2026-09-21 16:20:19,1790007618,btc-updown-5m-1790007600,282,0.53,0.54,0.535,0.46,0.47,0.46499999999999997,851.0,4324.71,1364.6699999999998,2170.91,-0.6711562278412044,-0.22803613551383367,0.030000000000000027,,,1.01,WAIT,2,"UP5+,UP_BOOK_WEAK,DOWN_BOOK_WEAK"
2026-09-21 16:20:20,1790007620,btc-updown-5m-1790007600,280,0.54,0.55,0.545,0.45,0.46,0.455,2620.42,2472.25,1516.69,2620.42,0.029094757759682066,-0.26678768512318984,0.010000000000000009,,,1.01,WAIT,1,DOWN_BOOK_WEAK
2026-09-21 16:20:22,1790007621,btc-updown-5m-1790007600,279,0.5,0.51,0.505,0.49,0.5,0.495,1214.08,5097.26,5099.26,1258.53,-0.6152702912535215,0.6040982794335769,-0.030000000000000027,,,1.01,DOWN WATCH,-4,"UP5-,UP_BOOK_WEAK,DOWN_BOOK"
2026-09-21 16:20:23,1790007623,btc-updown-5m-1790007600,277,0.5,0.51,0.505,0.48,0.49,0.485,3071.9900000000002,2164.2,3997.01,2684.98,0.17336842245984205,0.19635318221068876,-0.030000000000000027,-0.020000000000000018,,1.0,WAIT,-2,UP5-
2026-09-21 16:20:25,1790007624,btc-updown-5m-1790007600,276,0.44,0.45,0.445,0.55,0.56,0.555,642.81,3745.4400000000005,4146.96,2304.18,-0.7070312767048369,0.28565183827974594,-0.09000000000000002,-0.07,,1.01,DOWN WATCH,-6,"UP5-,UP15-,UP_BOOK_WEAK,DOWN_BOOK"
2026-09-21 16:20:26,1790007626,btc-updown-5m-1790007600,274,0.55,0.56,0.555,0.44,0.45,0.445,1281.48,1019.4599999999998,592.66,1414.48,0.1138751988317819,-0.4094482696772523,0.050000000000000044,0.0,,1.01,WAIT,3,"UP5+,DOWN_BOOK_WEAK"
2026-09-21 16:20:28,1790007627,btc-updown-5m-1790007600,273,0.56,0.57,0.565,0.43,0.44,0.435,4088.75,3941.2099999999996,3844.6499999999996,5289.75,0.018373690528969065,-0.15820415133998952,0.05999999999999994,0.05999999999999994,,1.01,UP WATCH,4,"UP5+,UP15+"
2026-09-21 16:20:30,1790007629,btc-updown-5m-1790007600,271,0.55,0.56,0.555,0.44,0.45,0.445,1847.9,5223.87,3560.38,1947.9,-0.47738684940262477,0.2927374788500221,0.11000000000000004,0.040000000000000036,,1.01,WAIT,0,"UP5+,UP_BOOK_WEAK,DOWN_BOOK"
2026-09-21 16:20:32,1790007631,btc-updown-5m-1790007600,269,0.56,0.57,0.565,0.43,0.44,0.435,2971.94,2708.8799999999997,3310.72,3270.67,0.046306695160205816,0.006085340634729097,0.009999999999999898,0.029999999999999916,,1.01,WAIT,0,
2026-09-21 16:20:33,1790007633,btc-updown-5m-1790007600,267,0.55,0.56,0.555,0.44,0.45,0.445,2141.9,5293.91,3747.04,2664.6200000000003,-0.4238959844320928,0.16882055505126592,-0.009999999999999898,0.020000000000000018,,1.01,WAIT,-1,UP_BOOK_WEAK
2026-09-21 16:20:35,1790007634,btc-updown-5m-1790007600,266,0.55,0.56,0.555,0.44,0.45,0.445,2907.9700000000003,3404.3599999999997,1625.59,2987.9700000000003,-0.07863815738404036,-0.2952990749009442,0.0,0.020000000000000018,,1.01,WAIT,1,DOWN_BOOK_WEAK
2026-09-21 16:20:36,1790007636,btc-updown-5m-1790007600,264,0.55,0.56,0.555,0.43,0.44,0.435,3482.2700000000004,2873.8,1361.6299999999999,2606.82,0.09573053789527179,-0.31377237964444565,-0.009999999999999898,0.050000000000000044,,1.0,WAIT,3,"UP15+,DOWN_BOOK_WEAK"
2026-09-21 16:20:38,1790007637,btc-updown-5m-1790007600,263,0.6,0.61,0.605,0.39,0.4,0.395,1852.44,3633.6099999999997,3884.6099999999997,2263.7999999999997,-0.3246725786312556,0.2636144954549225,0.040000000000000036,0.09999999999999998,0.07999999999999996,1.01,WAIT,3,"UP5+,UP15+,UP30+,UP_BOOK_WEAK,DOWN_BOOK"
2026-09-21 16:20:39,1790007639,btc-updown-5m-1790007600,261,0.6,0.61,0.605,0.39,0.4,0.395,3932.4199999999996,2819.27,2917.27,3830.4199999999996,0.1648698325900626,-0.1353277936597561,0.04999999999999993,0.15999999999999998,0.08999999999999997,1.01,UP WATCH,5,"UP5+,UP15+,UP30+"
2026-09-21 16:20:40,1790007640,btc-updown-5m-1790007600,260,0.6,0.61,0.605,0.39,0.4,0.395,2810.09,3895.8599999999997,4408.539999999999,2693.1800000000003,-0.16191143685831233,0.24154148572458486,0.04999999999999993,0.15999999999999998,0.08999999999999997,1.01,UP WATCH,4,"UP5+,UP15+,UP30+,DOWN_BOOK"
2026-09-21 16:20:42,1790007641,btc-updown-5m-1790007600,259,0.58,0.59,0.585,0.41,0.42,0.415,2245.13,4642.84,5916.92,151.89000000000001,-0.34810110961575036,0.9499440582255828,0.029999999999999916,0.029999999999999916,0.029999999999999916,1.01,WAIT,-2,"UP_BOOK_WEAK,DOWN_BOOK"
2026-09-21 16:20:43,1790007643,btc-updown-5m-1790007600,257,0.53,0.54,0.535,0.46,0.47,0.46499999999999997,1965.3400000000001,3059.56,2656.27,1788.22,-0.21775955740412742,0.19530924808020717,-0.06999999999999995,-0.029999999999999916,0.030000000000000027,1.01,WAIT,-3,"UP5-,UP_BOOK_WEAK"
2026-09-21 16:20:45,1790007644,btc-updown-5m-1790007600,256,0.53,0.54,0.535,0.46,0.47,0.46499999999999997,3479.1500000000005,2060.56,1630.56,2762.1500000000005,0.2560765816261141,-0.25760635234285906,-0.06999999999999995,-0.020000000000000018,0.020000000000000018,1.01,WAIT,0,"UP5-,UP_BOOK,DOWN_BOOK_WEAK"
2026-09-21 16:20:46,1790007646,btc-updown-5m-1790007600,254,0.54,0.55,0.545,0.45,0.46,0.455,4175.5,3578.37,1447.2099999999998,4165.5,0.07701057665398055,-0.48430971847823956,-0.039999999999999925,-0.019999999999999907,0.010000000000000009,1.01,WAIT,-1,"UP5-,DOWN_BOOK_WEAK"
2026-09-21 16:20:48,1790007647,btc-updown-5m-1790007600,253,0.55,0.56,0.555,0.45,0.47,0.45999999999999996,3000.0,4368.84,2145.16,2274.1600000000003,-0.18576058104124937,-0.029190011132934582,-0.029999999999999916,-0.009999999999999898,0.010000000000000009,1.03,WAIT,0,
2026-09-21 16:20:49,1790007649,btc-updown-5m-1790007600,251,0.51,0.52,0.515,0.48,0.49,0.485,2831.4700000000003,2642.6400000000003,1982.0900000000001,4974.27,0.03449510514037897,-0.4301358756591091,-0.020000000000000018,-0.040000000000000036,-0.020000000000000018,1.01,WAIT,1,DOWN_BOOK_WEAK
2026-09-21 16:20:51,1790007650,btc-updown-5m-1790007600,250,0.52,0.53,0.525,0.47,0.48,0.475,1878.47,4706.37,4722.37,2078.4700000000003,-0.42945614472029686,0.38876080013645364,-0.010000000000000009,-0.030000000000000027,-0.020000000000000018,1.01,WAIT,-2,"UP_BOOK_WEAK,DOWN_BOOK"
2026-09-21 16:30:14,1790008213,btc-updown-5m-1790008200,287,0.62,0.63,0.625,0.38,0.39,0.385,1555.53,2839.45,2939.75,1445.0,-0.29213329753491485,0.3408974285877188,,,,1.02,WAIT,0,TIME FILTER
2026-09-21 16:30:15,1790008215,btc-updown-5m-1790008200,285,0.57,0.58,0.575,0.42,0.43,0.425,2617.09,2728.6200000000003,2850.0,1723.06,-0.02086345873607064,0.24643018022943067,,,,1.01,WAIT,-1,DOWN_BOOK
2026-09-21 16:30:17,1790008216,btc-updown-5m-1790008200,284,0.57,0.58,0.575,0.42,0.43,0.425,2483.04,1723.54,898.04,2439.01,0.1805504709288781,-0.46177611962661635,,,,1.01,WAIT,1,DOWN_BOOK_WEAK
2026-09-21 16:30:18,1790008218,btc-updown-5m-1790008200,282,0.61,0.62,0.615,0.38,0.39,0.385,3542.34,2062.69,2129.37,1970.97,0.2639860982010801,0.03863094279986534,-0.010000000000000009,,,1.01,WAIT,1,UP_BOOK
2026-09-21 16:30:20,1790008219,btc-updown-5m-1790008200,281,0.6,0.61,0.605,0.39,0.4,0.395,3159.98,1543.98,1443.8200000000002,3068.13,0.34354033622734886,-0.3600017730692937,-0.020000000000000018,,,1.01,WAIT,2,"UP_BOOK,DOWN_BOOK_WEAK"
2026-09-21 16:30:21,1790008221,btc-updown-5m-1790008200,279,0.6,0.61,0.605,0.39,0.4,0.395,2373.96,2030.8999999999999,1968.81,2433.69,0.07788215743519662,-0.10559454855195914,0.030000000000000027,,,1.01,WAIT,2,UP5+
2026-09-21 16:30:23,1790008222,btc-updown-5m-1790008200,278,0.59,0.6,0.595,0.4,0.41,0.405,1792.29,2898.09,3335.09,927.36,-0.235759149578499,0.5648699691491983,0.020000000000000018,,,1.01,WAIT,-2,"UP_BOOK_WEAK,DOWN_BOOK"
2026-09-21 16:30:24,1790008224,btc-updown-5m-1790008200,276,0.57,0.58,0.575,0.42,0.43,0.425,2443.57,2263.77,2272.59,1889.3,0.038195668891560876,0.0920951779119583,-0.030000000000000027,,,1.01,WAIT,-2,UP5-
2026-09-21 16:30:26,1790008225,btc-updown-5m-1790008200,275,0.57,0.58,0.575,0.42,0.43,0.425,3583.38,2182.1,940.02,2784.5299999999997,0.2430465459944359,-0.4952302962774026,-0.030000000000000027,,,1.01,WAIT,0,"UP5-,UP_BOOK,DOWN_BOOK_WEAK"
2026-09-21 16:30:27,1790008227,btc-updown-5m-1790008200,273,0.59,0.6,0.595,0.4,0.41,0.405,3240.25,1036.74,1217.01,2696.24,0.5152011110617515,-0.37800549415447515,0.0,,,1.01,WAIT,2,"UP_BOOK,DOWN_BOOK_WEAK"
2026-09-21 16:30:29,1790008228,btc-updown-5m-1790008200,272,0.59,0.6,0.595,0.4,0.41,0.405,1966.6,2883.64,2908.64,1637.94,-0.1890710562776275,0.279484799563628,0.0,-0.030000000000000027,,1.01,WAIT,-1,DOWN_BOOK
2026-09-21 16:30:31,1790008230,btc-updown-5m-1790008200,270,0.58,0.59,0.585,0.41,0.42,0.415,1904.31,2604.7000000000003,2520.4,1505.98,-0.15533121461252034,0.25194343305897604,0.010000000000000009,0.010000000000000009,,1.01,WAIT,-1,DOWN_BOOK
2026-09-21 16:30:32,1790008232,btc-updown-5m-1790008200,268,0.58,0.59,0.585,0.39,0.4,0.395,2934.42,400.42999999999995,1239.42,2055.27,0.7598512676732088,-0.24762572503027597,-0.010000000000000009,0.010000000000000009,,0.99,WAIT,2,"UP_BOOK,DOWN_BOOK_WEAK"
2026-09-21 16:30:34,1790008233,btc-updown-5m-1790008200,267,0.66,0.67,0.665,0.3,0.32,0.31,1179.21,165.47,584.69,1599.62,0.7538894011958235,-0.46464558602029926,0.07000000000000006,0.050000000000000044,,0.99,UP WATCH,6,"UP5+,UP15+,UP_BOOK,DOWN_BOOK_WEAK"
2026-09-21 16:30:36,1790008235,btc-updown-5m-1790008200,265,0.6,0.61,0.605,0.41,0.42,0.415,487.0,3259.57,2469.5299999999997,1841.87,-0.7400288797486768,0.14558148165329124,0.020000000000000018,0.0,,1.03,WAIT,-1,UP_BOOK_WEAK
2026-09-21 16:30:38,1790008237,btc-updown-5m-1790008200,263,0.57,0.58,0.575,0.42,0.43,0.425,2926.5,1482.12,1552.56,2322.16,0.3276263320494849,-0.19862080356774164,-0.010000000000000009,-0.020000000000000018,,1.01,WAIT,1,UP_BOOK
2026-09-21 16:30:39,1790008239,btc-updown-5m-1790008200,261,0.57,0.58,0.575,0.42,0.43,0.425,2628.56,1953.35,1767.9099999999999,2291.19,0.14736430877079648,-0.1289152767854944,-0.09000000000000008,0.0,,1.01,WAIT,-2,UP5-
2026-09-21 16:30:41,1790008240,btc-updown-5m-1790008200,260,0.58,0.59,0.585,0.41,0.42,0.415,2266.69,1816.46,2101.95,1758.0900000000001,0.11026535885284645,0.08908197842509395,-0.020000000000000018,0.010000000000000009,,1.01,WAIT,0,
2026-09-21 16:30:42,1790008242,btc-updown-5m-1790008200,258,0.56,0.57,0.565,0.43,0.44,0.435,3061.73,1585.3200000000002,830.48,2991.1099999999997,0.3177090842577549,-0.5653746215580425,-0.010000000000000009,-0.030000000000000027,,1.01,WAIT,2,"UP_BOOK,DOWN_BOOK_WEAK"
2026-09-21 16:30:43,1790008243,btc-updown-5m-1790008200,257,0.56,0.57,0.565,0.43,0.44,0.435,2720.2999999999997,601.1600000000001,333.12999999999994,3280.09,0.6380146080338163,-0.8156049174974123,-0.010000000000000009,-0.030000000000000027,-0.06000000000000005,1.01,WAIT,2,"UP_BOOK,DOWN_BOOK_WEAK"
2026-09-21 16:30:45,1790008244,btc-updown-5m-1790008200,256,0.56,0.57,0.565,0.43,0.44,0.435,1999.49,2160.91,2309.92,2213.24,-0.038799153927506935,0.021374437340266603,-0.010000000000000009,-0.030000000000000027,-0.06000000000000005,1.01,WAIT,0,
2026-09-21 16:30:46,1790008246,btc-updown-5m-1790008200,254,0.56,0.57,0.565,0.43,0.44,0.435,1523.48,2578.17,2814.39,1361.39,-0.2571379810564042,0.34795894419725176,-0.020000000000000018,-0.020000000000000018,-0.010000000000000009,1.01,WAIT,-2,"UP_BOOK_WEAK,DOWN_BOOK"
2026-09-21 16:30:48,1790008247,btc-updown-5m-1790008200,253,0.55,0.56,0.555,0.44,0.45,0.445,2884.25,824.45,482.32,2883.34,0.5553967697575971,-0.7133875673716299,-0.009999999999999898,-0.029999999999999916,-0.019999999999999907,1.01,WAIT,2,"UP_BOOK,DOWN_BOOK_WEAK"
2026-09-21 16:30:49,1790008249,btc-updown-5m-1790008200,251,0.56,0.57,0.565,0.43,0.44,0.435,3101.47,1568.0900000000001,2677.38,1070.24,0.32837783431415374,0.42884283892176905,0.0,-0.10000000000000009,-0.040000000000000036,1.01,WAIT,-2,"UP15-,UP_BOOK,DOWN_BOOK"
2026-09-21 16:30:51,1790008250,btc-updown-5m-1790008200,250,0.56,0.57,0.565,0.43,0.44,0.435,2688.37,1106.44,975.54,2628.37,0.4168667205999773,-0.4586213307213554,0.0,-0.040000000000000036,-0.040000000000000036,1.01,WAIT,2,"UP_BOOK,DOWN_BOOK_WEAK"
2026-09-21 16:30:52,1790008252,btc-updown-5m-1790008200,248,0.59,0.6,0.595,0.4,0.41,0.405,2800.05,967.52,1056.52,2278.62,0.48639574049055495,-0.36643139418435206,0.039999999999999925,0.020000000000000018,0.0,1.01,UP WATCH,4,"UP5+,UP_BOOK,DOWN_BOOK_WEAK"
2026-09-21 16:30:54,1790008253,btc-updown-5m-1790008200,247,0.58,0.59,0.585,0.41,0.42,0.415,810.0,2392.9700000000003,1867.0,1583.07,-0.4942194275937646,0.08229688093285066,0.029999999999999916,0.010000000000000009,-0.010000000000000009,1.01,WAIT,-1,UP_BOOK_WEAK
2026-09-21 16:30:55,1790008255,btc-updown-5m-1790008200,245,0.62,0.63,0.625,0.33,0.34,0.335,3963.6,454.62,611.58,1702.24,0.7942067167320775,-0.4713676949805948,0.06000000000000005,0.040000000000000036,0.050000000000000044,0.97,UP WATCH,4,"UP5+,UP_BOOK,DOWN_BOOK_WEAK"
2026-09-21 16:30:57,1790008256,btc-updown-5m-1790008200,244,0.67,0.68,0.675,0.33,0.34,0.335,1157.55,2603.62,2020.12,2174.0,-0.3844734484216347,-0.03668946048277114,0.1100000000000001,0.09000000000000008,0.10000000000000009,1.02,UP WATCH,4,"UP5+,UP15+,UP30+,UP_BOOK_WEAK"
2026-09-21 16:30:58,1790008258,btc-updown-5m-1790008200,242,0.65,0.66,0.655,0.34,0.35,0.345,2565.75,1219.09,847.5699999999999,2443.75,0.3558036799441984,-0.48496651799278107,0.07000000000000006,0.09000000000000008,0.06000000000000005,1.01,UP WATCH,6,"UP5+,UP15+,UP_BOOK,DOWN_BOOK_WEAK"
2026-09-21 16:31:00,1790008259,btc-updown-5m-1790008200,241,0.65,0.66,0.655,0.34,0.35,0.345,2802.65,1392.17,913.56,2865.46,0.3362432714633763,-0.5165095712645078,0.07000000000000006,0.09000000000000008,0.06000000000000005,1.01,UP WATCH,6,"UP5+,UP15+,UP_BOOK,DOWN_BOOK_WEAK"
2026-09-21 16:31:01,1790008261,btc-updown-5m-1790008200,239,0.65,0.66,0.655,0.34,0.35,0.345,1589.74,2233.0,1597.0,1694.93,-0.16827197245954473,-0.029748506195453748,-0.020000000000000018,0.09000000000000008,0.07000000000000006,1.01,WAIT,3,"UP15+,UP30+"
2026-09-21 16:31:03,1790008262,btc-updown-5m-1790008200,238,0.62,0.63,0.625,0.37,0.38,0.375,2349.7999999999997,1523.96,1460.54,2480.41,0.21318822023047368,-0.25878785572006746,-0.050000000000000044,0.06999999999999995,0.040000000000000036,1.01,WAIT,2,"UP5-,UP15+,UP_BOOK,DOWN_BOOK_WEAK"
2026-09-21 16:31:04,1790008264,btc-updown-5m-1790008200,236,0.6,0.62,0.61,0.39,0.4,0.395,1503.0,2055.5,2439.46,66.06,-0.15526204861598988,0.9472684313036815,-0.04500000000000004,0.04500000000000004,-0.05500000000000005,1.02,WAIT,-3,"UP5-,DOWN_BOOK"
2026-09-21 16:31:06,1790008265,btc-updown-5m-1790008200,235,0.59,0.6,0.595,0.4,0.41,0.405,2664.4,576.47,689.8000000000001,1865.94,0.6442498464918371,-0.4601954815435059,-0.06000000000000005,0.030000000000000027,-0.010000000000000009,1.01,WAIT,0,"UP5-,UP_BOOK,DOWN_BOOK_WEAK"
2026-09-21 16:31:07,1790008267,btc-updown-5m-1790008200,233,0.65,0.66,0.655,0.34,0.35,0.345,769.9300000000001,531.63,854.45,1319.6200000000001,0.18308798672362403,-0.2139627518893136,0.030000000000000027,0.06000000000000005,0.08000000000000007,1.01,UP WATCH,6,"UP5+,UP15+,UP30+,DOWN_BOOK_WEAK"
2026-09-21 16:31:09,1790008268,btc-updown-5m-1790008200,232,0.63,0.64,0.635,0.36,0.37,0.365,1760.57,1886.6299999999999,1890.06,1814.45,-0.0345635007677122,0.020410256687119186,0.010000000000000009,0.050000000000000044,0.06000000000000005,1.01,WAIT,2,UP15+
2026-09-21 16:31:10,1790008270,btc-updown-5m-1790008200,230,0.65,0.66,0.655,0.34,0.35,0.345,3618.87,757.96,633.47,3815.05,0.6536488737282462,-0.7151996619100284,0.06000000000000005,0.030000000000000027,0.07000000000000006,1.01,UP WATCH,5,"UP5+,UP30+,UP_BOOK,DOWN_BOOK_WEAK"
2026-09-21 16:31:12,1790008271,btc-updown-5m-1790008200,229,0.69,0.7,0.695,0.3,0.31,0.305,2145.4300000000003,589.64,935.55,1184.62,0.5688300482254569,-0.11747642877693766,0.09999999999999998,0.019999999999999907,0.10999999999999999,1.01,UP WATCH,4,"UP5+,UP30+,UP_BOOK"
2026-09-21 16:31:13,1790008273,btc-updown-5m-1790008200,227,0.66,0.67,0.665,0.33,0.34,0.335,1423.07,2039.4399999999998,1473.88,1638.07,-0.1780124822744194,-0.05276113048088814,0.030000000000000027,0.010000000000000009,0.10000000000000009,1.01,WAIT,3,"UP5+,UP30+"
2026-09-21 16:31:15,1790008274,btc-updown-5m-1790008200,226,0.66,0.67,0.665,0.33,0.34,0.335,2536.18,1112.32,862.48,2442.31,0.39025901055228174,-0.4780424777368607,0.030000000000000027,0.010000000000000009,0.10000000000000009,1.01,UP WATCH,5,"UP5+,UP30+,UP_BOOK,DOWN_BOOK_WEAK"
2026-09-21 16:31:16,1790008276,btc-updown-5m-1790008200,224,0.67,0.68,0.675,0.32,0.33,0.325,2678.18,1382.84,1435.97,1996.38,0.31896912598312743,-0.163272976240768,-0.019999999999999907,0.020000000000000018,0.1100000000000001,1.01,WAIT,2,"UP30+,UP_BOOK"
2026-09-21 16:31:18,1790008277,btc-updown-5m-1790008200,223,0.66,0.67,0.665,0.33,0.34,0.335,2663.3399999999997,1373.1499999999999,998.0,3135.3399999999997,0.3196316601800078,-0.5170975530684627,-0.029999999999999916,0.040000000000000036,0.10999999999999999,1.01,WAIT,3,"UP30+,UP_BOOK,DOWN_BOOK_WEAK"
2026-09-21 16:31:19,1790008279,btc-updown-5m-1790008200,221,0.66,0.67,0.665,0.33,0.34,0.335,2925.8399999999997,1170.88,459.86,3380.49,0.42838172977406314,-0.7605114117202858,0.0,0.05500000000000005,0.10000000000000009,1.01,UP WATCH,5,"UP15+,UP30+,UP_BOOK,DOWN_BOOK_WEAK"
2026-09-21 16:31:21,1790008280,btc-updown-5m-1790008200,220,0.66,0.67,0.665,0.33,0.34,0.335,2852.52,1306.46,1017.97,2852.52,0.3717401862956783,-0.47398391418140856,0.0,0.07000000000000006,0.10000000000000009,1.01,UP WATCH,5,"UP15+,UP30+,UP_BOOK,DOWN_BOOK_WEAK"
2026-09-21 16:31:22,1790008282,btc-updown-5m-1790008200,218,0.66,0.67,0.665,0.33,0.34,0.335,2912.41,1377.4,987.8800000000001,2767.41,0.3578270366286619,-0.4738728566901623,0.0,0.010000000000000009,0.07000000000000006,1.01,WAIT,3,"UP30+,UP_BOOK,DOWN_BOOK_WEAK"
2026-09-21 16:31:24,1790008283,btc-updown-5m-1790008200,217,0.66,0.67,0.665,0.33,0.34,0.335,2732.98,1492.9,1057.38,2625.2,0.2934489384459568,-0.4257395630237496,0.0,0.030000000000000027,0.08000000000000007,1.01,WAIT,3,"UP30+,UP_BOOK,DOWN_BOOK_WEAK"
2026-09-21 16:31:25,1790008285,btc-updown-5m-1790008200,215,0.62,0.63,0.625,0.37,0.38,0.375,1403.21,2066.2200000000003,2201.1400000000003,1643.21,-0.19110055542264873,0.1451298659071105,-0.040000000000000036,-0.030000000000000027,0.0,1.01,WAIT,-2,UP5-
2026-09-21 16:31:27,1790008286,btc-updown-5m-1790008200,214,0.62,0.63,0.625,0.38,0.39,0.385,1114.38,2552.4300000000003,2069.48,1791.0500000000002,-0.39218012386788514,0.07212222156025204,-0.040000000000000036,-0.06999999999999995,-0.050000000000000044,1.02,DOWN WATCH,-5,"UP5-,UP15-,UP_BOOK_WEAK"
2026-09-21 16:31:28,1790008288,btc-updown-5m-1790008200,212,0.63,0.64,0.635,0.36,0.37,0.365,1544.8999999999999,1518.1100000000001,1513.1100000000001,1614.8999999999999,0.008746298575584061,-0.03254145606951376,-0.030000000000000027,-0.030000000000000027,-0.020000000000000018,1.01,WAIT,-2,UP5-
2026-09-21 16:31:30,1790008289,btc-updown-5m-1790008200,211,0.6,0.61,0.605,0.39,0.4,0.395,2302.05,1753.31,1743.07,2027.9600000000003,0.13531227807149063,-0.07554699909573785,-0.06000000000000005,-0.06000000000000005,-0.050000000000000044,1.01,DOWN WATCH,-4,"UP5-,UP15-"
2026-09-21 16:31:31,1790008291,btc-updown-5m-1790008200,209,0.59,0.6,0.595,0.41,0.42,0.415,1095.5300000000002,1464.65,1955.3200000000002,52.269999999999996,-0.1441773625291971,0.9479276147022051,-0.030000000000000027,-0.08000000000000007,-0.06000000000000005,1.02,DOWN WATCH,-5,"UP5-,UP15-,DOWN_BOOK"
2026-09-21 16:31:33,1790008292,btc-updown-5m-1790008200,208,0.6,0.61,0.605,0.39,0.4,0.395,1778.12,277.07,641.8100000000001,1402.9199999999998,0.7303704280382836,-0.3722300743863492,-0.020000000000000018,-0.06000000000000005,-0.020000000000000018,1.01,WAIT,0,"UP15-,UP_BOOK,DOWN_BOOK_WEAK"
2026-09-21 16:31:34,1790008294,btc-updown-5m-1790008200,206,0.58,0.59,0.585,0.41,0.42,0.415,1526.73,928.9499999999999,1194.33,629.75,0.2434274824081314,0.30951493355554577,-0.020000000000000018,-0.08000000000000007,-0.025000000000000022,1.01,WAIT,-2,"UP15-,UP_BOOK,DOWN_BOOK"
2026-09-21 16:31:36,1790008295,btc-updown-5m-1790008200,205,0.59,0.6,0.595,0.4,0.41,0.405,1581.1699999999998,1172.03,1208.5900000000001,1419.6299999999999,0.14860525933459243,-0.08029769197403555,-0.010000000000000009,-0.07000000000000006,0.0,1.01,WAIT,-2,UP15-
2026-09-21 16:31:37,1790008297,btc-updown-5m-1790008200,203,0.63,0.64,0.635,0.36,0.37,0.365,1581.7,933.9000000000001,945.3900000000001,1671.82,0.25751311814278893,-0.27755892725459547,0.030000000000000027,-0.030000000000000027,-0.020000000000000018,1.01,UP WATCH,4,"UP5+,UP_BOOK,DOWN_BOOK_WEAK"
2026-09-21 16:31:39,1790008298,btc-updown-5m-1790008200,202,0.66,0.67,0.665,0.33,0.34,0.335,1491.1799999999998,861.9,538.9200000000001,1311.84,0.2674282217349176,-0.4176230305388056,0.06000000000000005,0.0,0.030000000000000027,1.01,UP WATCH,4,"UP5+,UP_BOOK,DOWN_BOOK_WEAK"
2026-09-21 16:31:40,1790008300,btc-updown-5m-1790008200,200,0.66,0.67,0.665,0.33,0.34,0.335,1411.68,1467.42,974.57,1285.3100000000002,-0.019360216734396165,-0.13750287625891644,0.07000000000000006,0.040000000000000036,0.010000000000000009,1.01,WAIT,2,UP5+
2026-09-21 16:31:42,1790008301,btc-updown-5m-1790008200,199,0.62,0.65,0.635,0.35,0.37,0.36,965.4100000000001,1366.9,1238.68,741.97,-0.17214263970055435,0.25078130916618285,0.040000000000000036,0.010000000000000009,-0.05999999999999994,1.02,WAIT,1,"UP5+,DOWN_BOOK"
2026-09-21 16:31:43,1790008303,btc-updown-5m-1790008200,197,0.64,0.65,0.645,0.36,0.37,0.365,1890.94,781.3899999999999,830.04,1898.71,0.41519947012532143,-0.3916335318369217,-0.020000000000000018,0.010000000000000009,-0.020000000000000018,1.02,WAIT,2,"UP_BOOK,DOWN_BOOK_WEAK"
2026-09-21 16:31:45,1790008304,btc-updown-5m-1790008200,196,0.62,0.63,0.625,0.37,0.38,0.375,2038.73,1209.26,1304.26,1977.8899999999999,0.25537948084815537,-0.20524046737656718,-0.040000000000000036,0.020000000000000018,-0.040000000000000036,1.01,WAIT,0,"UP5-,UP_BOOK,DOWN_BOOK_WEAK"
2026-09-21 16:31:46,1790008306,btc-updown-5m-1790008200,194,0.65,0.66,0.655,0.34,0.35,0.345,2060.34,1103.1899999999998,811.3599999999999,2057.45,0.3025575859878049,-0.43435779992401036,0.020000000000000018,0.06000000000000005,-0.020000000000000018,1.01,UP WATCH,4,"UP15+,UP_BOOK,DOWN_BOOK_WEAK"
2026-09-21 16:32:13,1790008330,btc-updown-5m-1790008200,170,0.68,0.69,0.685,0.35,0.36,0.355,1911.48,266.88,2026.9099999999999,587.54,0.7549716300336031,0.5505440914915183,0.030000000000000027,0.030000000000000027,0.020000000000000018,1.0499999999999998,WAIT,2,"UP5+,UP_BOOK,DOWN_BOOK"
2026-09-21 16:32:14,1790008334,btc-updown-5m-1790008200,166,0.52,0.53,0.525,0.47,0.48,0.475,1244.0,1008.37,1202.37,630.0,0.10461425076696991,0.3123659522912948,-0.13,-0.13,-0.09999999999999998,1.01,DOWN WATCH,-6,"UP5-,UP15-,UP30-,DOWN_BOOK"
2026-09-21 16:32:16,1790008335,btc-updown-5m-1790008200,165,0.53,0.54,0.535,0.46,0.47,0.46499999999999997,1691.62,891.19,688.6800000000001,1756.62,0.3099066520572554,-0.4367316893632682,-0.15000000000000002,-0.12,-0.08999999999999997,1.01,WAIT,-3,"UP5-,UP15-,UP30-,UP_BOOK,DOWN_BOOK_WEAK"
2026-09-21 16:32:17,1790008337,btc-updown-5m-1790008200,163,0.54,0.55,0.545,0.45,0.46,0.455,1627.62,1203.69,882.72,1813.3999999999999,0.1497292772603494,-0.3451923504888506,-0.14,-0.10999999999999999,-0.10999999999999999,1.01,DOWN WATCH,-4,"UP5-,UP15-,UP30-,DOWN_BOOK_WEAK"
2026-09-21 16:32:54,1790008369,btc-updown-5m-1790008200,131,0.34,0.35,0.345,0.65,0.66,0.655,1519.08,532.54,469.99,1747.3799999999999,0.48085902847505874,-0.5760833780559852,-0.20000000000000007,-0.20000000000000007,-0.20000000000000007,1.01,WAIT,-3,"UP5-,UP15-,UP30-,UP_BOOK,DOWN_BOOK_WEAK"
2026-09-21 16:32:56,1790008375,btc-updown-5m-1790008200,125,0.33,0.34,0.335,0.66,0.67,0.665,1183.27,614.24,565.36,2049.3,0.3165656936539991,-0.5675460671750819,-0.009999999999999953,-0.21000000000000002,-0.21000000000000002,1.01,WAIT,-1,"UP15-,UP30-,UP_BOOK,DOWN_BOOK_WEAK"
2026-09-21 16:32:57,1790008377,btc-updown-5m-1790008200,123,0.33,0.34,0.335,0.65,0.66,0.655,1606.48,615.0,878.9599999999999,1880.05,0.44631506923312386,-0.3628439186519803,-0.009999999999999953,-0.21000000000000002,-0.21000000000000002,1.0,WAIT,-1,"UP15-,UP30-,UP_BOOK,DOWN_BOOK_WEAK"
2026-09-21 16:32:59,1790008378,btc-updown-5m-1790008200,122,0.32,0.33,0.325,0.67,0.68,0.675,1465.6,1940.9199999999998,970.2,2331.5,-0.13953242605356786,-0.4123027531271769,-0.019999999999999962,-0.22000000000000003,-0.22000000000000003,1.01,WAIT,-2,"UP15-,UP30-,DOWN_BOOK_WEAK"
2026-09-21 16:33:00,1790008380,btc-updown-5m-1790008200,120,0.38,0.39,0.385,0.61,0.62,0.615,2531.16,142.61,240.41,1499.2900000000002,0.8933266511330442,-0.7236190147726619,0.04999999999999999,-0.16000000000000003,-0.16000000000000003,1.01,WAIT,1,"UP5+,UP15-,UP30-,UP_BOOK,DOWN_BOOK_WEAK"
2026-09-21 16:33:02,1790008381,btc-updown-5m-1790008200,119,0.47,0.48,0.475,0.52,0.53,0.525,2823.5699999999997,170.0,170.0,2123.57,0.8864232337977732,-0.8517594841230047,0.13999999999999996,-0.07000000000000006,-0.07000000000000006,1.01,WAIT,1,"UP5+,UP15-,UP30-,UP_BOOK,DOWN_BOOK_WEAK"
2026-09-21 16:33:03,1790008383,btc-updown-5m-1790008200,117,0.43,0.49,0.45999999999999996,0.56,0.57,0.565,399.8,674.1800000000001,489.19,54.0,-0.255479617869979,0.8011745429775953,0.13499999999999995,-0.08500000000000008,-0.08500000000000008,1.06,WAIT,-3,"UP5+,UP15-,UP30-,UP_BOOK_WEAK,DOWN_BOOK"
2026-09-21 16:33:05,1790008384,btc-updown-5m-1790008200,116,0.36,0.37,0.365,0.58,0.59,0.585,851.0999999999999,53.56,683.4,877.54,0.8815908739194837,-0.12437377477673708,0.03999999999999998,0.020000000000000018,-0.18000000000000005,0.96,WAIT,2,"UP5+,UP30-,UP_BOOK"
2026-09-21 16:33:06,1790008386,btc-updown-5m-1790008200,114,0.35,0.36,0.355,0.62,0.63,0.625,1350.54,1057.14,600.23,1321.26,0.12186004784688988,-0.3752452523822658,-0.12,0.010000000000000009,-0.19000000000000006,0.99,WAIT,-2,"UP5-,UP30-,DOWN_BOOK_WEAK"
2026-09-21 16:33:08,1790008387,btc-updown-5m-1790008200,113,0.39,0.4,0.395,0.6,0.61,0.605,426.32,1565.21,1207.58,432.73,-0.5718668561357348,0.47238022081191966,-0.07999999999999996,0.050000000000000044,-0.15000000000000002,1.01,WAIT,-3,"UP5-,UP15+,UP30-,UP_BOOK_WEAK,DOWN_BOOK"
2026-09-21 16:33:09,1790008389,btc-updown-5m-1790008200,111,0.44,0.45,0.445,0.55,0.56,0.555,595.72,851.9200000000001,1356.54,411.0,-0.17697770163852894,0.5349468753182389,0.08000000000000002,0.10000000000000003,-0.10000000000000003,1.01,WAIT,2,"UP5+,UP15+,UP30-,DOWN_BOOK"
2026-09-21 16:33:11,1790008390,btc-updown-5m-1790008200,110,0.41,0.42,0.415,0.59,0.6,0.595,1144.1299999999999,881.23,512.86,1027.24,0.12980408421218936,-0.3339912992662814,0.04999999999999999,0.07999999999999996,-0.13000000000000006,1.02,UP WATCH,4,"UP5+,UP15+,UP30-,DOWN_BOOK_WEAK"
2026-09-21 16:33:13,1790008392,btc-updown-5m-1790008200,108,0.44,0.45,0.445,0.46,0.48,0.47,913.6899999999999,249.94,173.14,1344.54,0.5704132756976015,-0.7718359601497023,0.04999999999999999,0.10999999999999999,-0.10000000000000003,0.9299999999999999,UP WATCH,5,"UP5+,UP15+,UP30-,UP_BOOK,DOWN_BOOK_WEAK"
2026-09-21 16:33:15,1790008394,btc-updown-5m-1790008200,106,0.58,0.59,0.585,0.41,0.42,0.415,545.17,1106.49,1300.35,339.73,-0.3398520276570239,0.5857153309594654,0.13999999999999996,0.25999999999999995,0.039999999999999925,1.01,WAIT,2,"UP5+,UP15+,UP_BOOK_WEAK,DOWN_BOOK"
2026-09-21 16:33:16,1790008396,btc-updown-5m-1790008200,104,0.55,0.56,0.555,0.41,0.42,0.415,587.45,405.15,143.56,512.98,0.18365907717106594,-0.562677064611448,0.14000000000000007,0.08000000000000007,0.010000000000000009,0.98,UP WATCH,5,"UP5+,UP15+,DOWN_BOOK_WEAK"
2026-09-21 16:33:18,1790008397,btc-updown-5m-1790008200,103,0.58,0.59,0.585,0.41,0.42,0.415,758.0,1124.92,1477.06,245.95,-0.19486754615172183,0.7145112332487913,0.13999999999999996,0.10999999999999999,0.039999999999999925,1.01,WAIT,3,"UP5+,UP15+,DOWN_BOOK"
2026-09-21 16:33:19,1790008399,btc-updown-5m-1790008200,101,0.47,0.48,0.475,0.49,0.5,0.495,615.84,895.0799999999999,443.48,695.04,-0.18481455007545064,-0.22095351860309873,-0.10999999999999999,0.10999999999999999,0.13,0.98,WAIT,2,"UP5-,UP15+,UP30+,DOWN_BOOK_WEAK"
2026-09-21 16:33:21,1790008400,btc-updown-5m-1790008200,100,0.54,0.55,0.545,0.47,0.48,0.475,285.96000000000004,964.53,451.30999999999995,948.79,-0.5426432838327375,-0.3553174773230484,-0.039999999999999925,0.18000000000000005,0.20000000000000007,1.03,WAIT,1,"UP5-,UP15+,UP30+,UP_BOOK_WEAK,DOWN_BOOK_WEAK"
2026-09-21 16:33:22,1790008402,btc-updown-5m-1790008200,98,0.55,0.56,0.555,0.44,0.45,0.445,1273.17,698.1100000000001,527.36,1295.37,0.29171908607605207,-0.42135148924964194,-0.029999999999999916,0.16000000000000003,0.21000000000000008,1.01,UP WATCH,5,"UP15+,UP30+,UP_BOOK,DOWN_BOOK_WEAK"
2026-09-21 16:33:24,1790008403,btc-updown-5m-1790008200,97,0.32,0.33,0.325,0.66,0.67,0.665,560.42,360.34000000000003,327.58,1383.8400000000001,0.21729875320387498,-0.6171833915695739,-0.25999999999999995,-0.07,-0.019999999999999962,1.0,WAIT,-2,"UP5-,UP15-,UP_BOOK,DOWN_BOOK_WEAK"
2026-09-21 16:33:25,1790008405,btc-updown-5m-1790008200,95,0.34,0.37,0.355,0.63,0.64,0.635,1234.6399999999999,736.76,648.31,1166.1100000000001,0.25255148625342394,-0.28538045215550983,-0.19000000000000006,-0.06,0.019999999999999962,1.01,WAIT,-2,"UP5-,UP15-,UP_BOOK,DOWN_BOOK_WEAK"
2026-09-21 16:33:27,1790008406,btc-updown-5m-1790008200,94,0.34,0.35,0.345,0.6,0.61,0.605,1925.5300000000002,182.14,671.8100000000001,1493.68,0.8271645940778206,-0.3795307297655496,-0.20000000000000007,-0.07,0.009999999999999953,0.96,WAIT,-2,"UP5-,UP15-,UP_BOOK,DOWN_BOOK_WEAK"
2026-09-21 16:33:28,1790008408,btc-updown-5m-1790008200,92,0.37,0.38,0.375,0.62,0.63,0.625,1710.31,607.1700000000001,650.4000000000001,1489.3300000000002,0.4760084229421613,-0.3920728316189425,0.04999999999999999,-0.07,0.04999999999999999,1.01,WAIT,2,"UP5+,UP15-,UP_BOOK,DOWN_BOOK_WEAK"
2026-09-21 16:33:30,1790008409,btc-updown-5m-1790008200,91,0.44,0.48,0.45999999999999996,0.52,0.55,0.535,283.02000000000004,519.65,519.65,565.32,-0.2948035930083346,-0.04209332976948678,0.13499999999999995,-0.125,0.13499999999999995,1.03,WAIT,0,"UP5+,UP15-,UP30+,UP_BOOK_WEAK"
2026-09-21 16:33:31,1790008411,btc-updown-5m-1790008200,89,0.44,0.45,0.445,0.55,0.56,0.555,523.74,615.5,604.9200000000001,725.9899999999999,-0.08054492468663318,-0.0909678340383646,0.10000000000000003,-0.11000000000000004,-0.02999999999999997,1.01,WAIT,0,"UP5+,UP15-"
2026-09-21 16:33:33,1790008412,btc-updown-5m-1790008200,88,0.42,0.43,0.425,0.54,0.55,0.545,2392.34,165.93,388.40999999999997,1601.31,0.8702795248351426,-0.6095832579458418,0.08000000000000002,-0.15999999999999998,-0.04999999999999999,0.98,WAIT,2,"UP5+,UP15-,UP_BOOK,DOWN_BOOK_WEAK"
2026-09-21 16:33:34,1790008414,btc-updown-5m-1790008200,86,0.44,0.45,0.445,0.55,0.56,0.555,2115.67,577.1800000000001,554.9200000000001,2272.55,0.571324061867538,-0.6074794781200155,-0.014999999999999958,-0.02999999999999997,0.08000000000000002,1.01,WAIT,3,"UP30+,UP_BOOK,DOWN_BOOK_WEAK"
2026-09-21 16:33:36,1790008415,btc-updown-5m-1790008200,85,0.39,0.4,0.395,0.6,0.61,0.605,783.91,608.9000000000001,784.51,853.5000000000001,0.12565245798062902,-0.042118179986691234,-0.06499999999999995,-0.15000000000000002,0.030000000000000027,1.01,DOWN WATCH,-4,"UP5-,UP15-"
2026-09-21 16:33:37,1790008417,btc-updown-5m-1790008200,83,0.38,0.39,0.385,0.61,0.62,0.615,2370.89,300.73,275.73,2430.43,0.7748706777161423,-0.7962204747686759,-0.03999999999999998,-0.17000000000000004,-0.010000000000000009,1.01,WAIT,-2,"UP5-,UP15-,UP_BOOK,DOWN_BOOK_WEAK"
2026-09-21 16:33:39,1790008418,btc-updown-5m-1790008200,82,0.37,0.38,0.375,0.62,0.63,0.625,2446.77,326.03999999999996,418.24,2106.77,0.7648306230863277,-0.6687221040708748,-0.04999999999999999,0.04999999999999999,-0.020000000000000018,1.01,WAIT,0,"UP5-,UP_BOOK,DOWN_BOOK_WEAK"
2026-09-21 16:33:40,1790008420,btc-updown-5m-1790008200,80,0.4,0.41,0.405,0.59,0.6,0.595,1163.81,534.84,708.3399999999999,1160.3799999999999,0.37027639596149875,-0.24189819769681922,0.010000000000000009,0.050000000000000044,-0.009999999999999953,1.01,UP WATCH,4,"UP15+,UP_BOOK,DOWN_BOOK_WEAK"
2026-09-21 16:33:42,1790008421,btc-updown-5m-1790008200,79,0.38,0.39,0.385,0.61,0.62,0.615,1090.1100000000001,1198.31,671.53,1142.66,-0.047281530488284415,-0.2596916530242147,-0.010000000000000009,0.040000000000000036,-0.02999999999999997,1.01,WAIT,1,DOWN_BOOK_WEAK
2026-09-21 16:33:43,1790008423,btc-updown-5m-1790008200,77,0.26,0.27,0.265,0.73,0.74,0.735,4485.25,361.18,574.49,4758.71,0.8509500807811109,-0.7845608640216006,-0.10999999999999999,-0.10999999999999999,-0.18,1.01,WAIT,-3,"UP5-,UP15-,UP30-,UP_BOOK,DOWN_BOOK_WEAK"
2026-09-21 16:33:45,1790008424,btc-updown-5m-1790008200,76,0.28,0.29,0.28500000000000003,0.71,0.72,0.715,1948.51,349.0,673.55,2125.8,0.6961928348516436,-0.5187811456230911,-0.08999999999999997,-0.17499999999999993,-0.29999999999999993,1.01,WAIT,-3,"UP5-,UP15-,UP30-,UP_BOOK,DOWN_BOOK_WEAK"
2026-09-21 16:33:46,1790008426,btc-updown-5m-1790008200,74,0.26,0.27,0.265,0.73,0.74,0.735,1727.77,1191.29,1190.2700000000002,1675.51,0.1837851911231698,-0.1693221391732791,-0.12,-0.18,-0.29000000000000004,1.01,DOWN WATCH,-5,"UP5-,UP15-,UP30-"
2026-09-21 16:33:48,1790008427,btc-updown-5m-1790008200,73,0.23,0.24,0.235,0.76,0.77,0.765,391.78000000000003,421.14,513.14,322.11,-0.03611671505191157,0.2287099670757258,-0.15000000000000002,-0.19,-0.35,1.01,DOWN WATCH,-6,"UP5-,UP15-,UP30-,DOWN_BOOK"
2026-09-21 16:33:49,1790008429,btc-updown-5m-1790008200,71,0.19,0.2,0.195,0.81,0.82,0.815,1442.3,523.2,1192.71,794.8,0.46761638259984734,0.20020528198600263,-0.09000000000000002,-0.25,-0.27999999999999997,1.02,DOWN WATCH,-5,"UP5-,UP15-,UP30-,UP_BOOK,DOWN_BOOK"
2026-09-21 16:33:51,1790008430,btc-updown-5m-1790008200,70,0.14,0.15,0.14500000000000002,0.85,0.86,0.855,508.83000000000004,727.0,727.77,544.94,-0.17653722599386645,0.14365409244839744,-0.14,-0.25,-0.4,1.01,DOWN WATCH,-5,"UP5-,UP15-,UP30-"
2026-09-21 16:33:52,1790008432,btc-updown-5m-1790008200,68,0.13,0.14,0.135,0.86,0.87,0.865,682.35,659.3199999999999,644.79,789.6700000000001,0.01716517474490753,-0.10099967932183547,-0.09999999999999998,-0.25,-0.42000000000000004,1.01,DOWN WATCH,-5,"UP5-,UP15-,UP30-"
2026-09-21 16:33:54,1790008433,btc-updown-5m-1790008200,67,0.16,0.17,0.165,0.83,0.84,0.835,1822.67,506.74,691.1800000000001,1567.98,0.5649198724140448,-0.3881088546185308,-0.06999999999999998,-0.21,-0.16,1.01,WAIT,-3,"UP5-,UP15-,UP30-,UP_BOOK,DOWN_BOOK_WEAK"
2026-09-21 16:33:55,1790008435,btc-updown-5m-1790008200,65,0.13,0.14,0.135,0.86,0.87,0.865,1459.23,1197.45,1052.55,1512.5700000000002,0.09853651926464607,-0.179336639221557,-0.010000000000000009,-0.27,-0.21999999999999997,1.01,WAIT,-3,"UP15-,UP30-"
2026-09-21 16:33:57,1790008436,btc-updown-5m-1790008200,64,0.14,0.15,0.14500000000000002,0.85,0.86,0.855,1300.81,697.16,826.9000000000001,1082.1,0.3021316636385932,-0.13368255631220524,0.0,-0.24,-0.19999999999999996,1.01,WAIT,-2,"UP15-,UP30-,UP_BOOK"
2026-09-21 16:33:58,1790008438,btc-updown-5m-1790008200,62,0.12,0.13,0.125,0.87,0.88,0.875,316.95000000000005,1037.25,1097.25,337.40999999999997,-0.5319007532122285,0.5296307138973695,-0.04000000000000001,-0.14,-0.25,1.01,DOWN WATCH,-7,"UP5-,UP15-,UP30-,UP_BOOK_WEAK,DOWN_BOOK"
2026-09-21 16:34:00,1790008439,btc-updown-5m-1790008200,61,0.05,0.06,0.055,0.94,0.95,0.945,1078.1,576.24,1135.97,1697.54,0.3033596479562846,-0.1981888188148268,-0.11000000000000001,-0.23000000000000004,-0.40499999999999997,1.01,DOWN WATCH,-4,"UP5-,UP15-,UP30-,UP_BOOK"
2026-09-21 16:34:01,1790008441,btc-updown-5m-1790008200,59,0.03,0.04,0.035,0.96,0.97,0.965,4896.51,1802.19,1916.65,4864.5,0.46192843387522947,-0.43471240128886696,-0.11000000000000001,-0.23,-0.41000000000000003,1.01,WAIT,-3,"UP5-,UP15-,UP30-,UP_BOOK,DOWN_BOOK_WEAK"
2026-09-21 16:34:03,1790008442,btc-updown-5m-1790008200,58,0.03,0.04,0.035,0.96,0.97,0.965,4733.3099999999995,1919.66,1955.66,4625.47,0.4229163817062154,-0.40567653275349375,-0.11000000000000001,-0.19999999999999998,-0.39,1.01,WAIT,-3,"UP5-,UP15-,UP30-,UP_BOOK,DOWN_BOOK_WEAK"
2026-09-21 16:34:04,1790008444,btc-updown-5m-1790008200,56,0.04,0.05,0.045,0.97,0.98,0.975,264.13,2499.39,11689.33,3336.03,-0.8088452408522463,0.555946746034704,-0.010000000000000002,-0.15000000000000002,-0.4,1.03,DOWN WATCH,-5,"UP15-,UP30-,UP_BOOK_WEAK,DOWN_BOOK"
2026-09-21 16:34:06,1790008445,btc-updown-5m-1790008200,55,0.01,0.02,0.015,0.98,0.99,0.985,3961.52,1828.26,10208.92,3966.52,0.3684526873214527,0.4403672831319521,-0.04,-0.13,-0.38,1.01,DOWN WATCH,-5,"UP5-,UP15-,UP30-,UP_BOOK,DOWN_BOOK"
2026-09-21 16:34:07,1790008447,btc-updown-5m-1790008200,53,0.01,0.02,0.015,0.98,0.99,0.985,2415.46,11674.0,11484.0,2383.97,-0.6571252553327098,0.6561904878652032,-0.020000000000000004,-0.12000000000000001,-0.37,1.01,DOWN WATCH,-5,"UP15-,UP30-,UP_BOOK_WEAK,DOWN_BOOK"
2026-09-21 16:34:09,1790008448,btc-updown-5m-1790008200,52,,0.01,,0.99,,,0,10540.2,11560.79,0,-1.0,1.0,,,,,WAIT,-2,"UP_BOOK_WEAK,DOWN_BOOK"
2026-09-21 16:34:10,1790008450,btc-updown-5m-1790008200,50,,0.01,,0.99,,,0,11526.44,9706.46,0,-1.0,1.0,,,,,WAIT,-2,"UP_BOOK_WEAK,DOWN_BOOK"
2026-09-21 16:34:12,1790008451,btc-updown-5m-1790008200,49,,0.01,,0.99,,,0,9710.2,9705.2,0,-1.0,1.0,,,,,WAIT,-2,"UP_BOOK_WEAK,DOWN_BOOK"
2026-09-21 16:34:13,1790008453,btc-updown-5m-1790008200,47,,0.01,,0.99,,,0,9977.18,11958.240000000002,0,-1.0,1.0,,,,,WAIT,-2,"UP_BOOK_WEAK,DOWN_BOOK"
2026-09-21 16:34:15,1790008454,btc-updown-5m-1790008200,46,,0.01,,0.99,,,0,12163.68,16593.68,0,-1.0,1.0,,,,,WAIT,-2,"UP_BOOK_WEAK,DOWN_BOOK"
2026-09-21 16:34:16,1790008456,btc-updown-5m-1790008200,44,,0.01,,0.99,,,0,19885.91,21385.91,0,-1.0,1.0,,,,,WAIT,-2,"UP_BOOK_WEAK,DOWN_BOOK"
2026-09-21 16:34:18,1790008457,btc-updown-5m-1790008200,43,,0.01,,0.99,,,0,32016.4,32016.4,0,-1.0,1.0,,,,,WAIT,-2,"UP_BOOK_WEAK,DOWN_BOOK"
2026-09-21 16:34:19,1790008459,btc-updown-5m-1790008200,41,,0.01,,0.99,,,0,34558.7,34551.7,0,-1.0,1.0,,,,,WAIT,-2,"UP_BOOK_WEAK,DOWN_BOOK"
2026-09-21 16:34:21,1790008460,btc-updown-5m-1790008200,40,,0.01,,0.99,,,0,35473.42,35463.42,0,-1.0,1.0,,,,,WAIT,-2,"UP_BOOK_WEAK,DOWN_BOOK"
2026-09-21 16:34:22,1790008462,btc-updown-5m-1790008200,38,,0.01,,0.99,,,0,35722.47,35722.47,0,-1.0,1.0,,,,,WAIT,-2,"UP_BOOK_WEAK,DOWN_BOOK"
2026-09-21 16:34:24,1790008463,btc-updown-5m-1790008200,37,,0.01,,0.99,,,0,33780.0,33711.0,0,-1.0,1.0,,,,,WAIT,-2,"UP_BOOK_WEAK,DOWN_BOOK"
2026-09-21 16:34:25,1790008465,btc-updown-5m-1790008200,35,,0.01,,0.99,,,0,37312.99,37318.99,0,-1.0,1.0,,,,,WAIT,-2,"UP_BOOK_WEAK,DOWN_BOOK"
2026-09-21 16:34:27,1790008466,btc-updown-5m-1790008200,34,,0.01,,0.99,,,0,41564.340000000004,42470.590000000004,0,-1.0,1.0,,,,,WAIT,-2,"UP_BOOK_WEAK,DOWN_BOOK"
2026-09-21 16:34:28,1790008468,btc-updown-5m-1790008200,32,,0.01,,0.99,,,0,45665.590000000004,45665.090000000004,0,-1.0,1.0,,,,,WAIT,-2,"UP_BOOK_WEAK,DOWN_BOOK"
2026-09-21 16:35:35,1790008530,btc-updown-5m-1790008500,270,0.64,0.65,0.645,0.35,0.36,0.355,1699.44,2237.27,2872.9700000000003,1042.3899999999999,-0.13661915660538873,0.46753810632994164,,,,1.01,WAIT,-1,DOWN_BOOK
2026-09-21 16:35:37,1790008536,btc-updown-5m-1790008500,264,0.62,0.63,0.625,0.37,0.38,0.375,1275.48,2518.27,2863.27,1467.48,-0.32758879736408564,0.3222975235236391,-0.020000000000000018,,,1.01,WAIT,-2,"UP_BOOK_WEAK,DOWN_BOOK"
2026-09-21 16:35:38,1790008538,btc-updown-5m-1790008500,262,0.62,0.63,0.625,0.37,0.38,0.375,3050.83,1127.47,1146.47,3192.83,0.46032118325634824,-0.47158758325075467,-0.020000000000000018,,,1.01,WAIT,2,"UP_BOOK,DOWN_BOOK_WEAK"
2026-09-21 16:35:40,1790008539,btc-updown-5m-1790008500,261,0.64,0.65,0.645,0.35,0.36,0.355,3014.04,1197.84,2266.54,2061.9,0.43120886634946864,0.047278003160491966,0.0,,,1.01,WAIT,1,UP_BOOK
2026-09-21 16:35:41,1790008541,btc-updown-5m-1790008500,259,0.64,0.65,0.645,0.35,0.36,0.355,2867.88,1414.5,1444.5,2863.88,0.3393860423409413,-0.3294463348172631,0.020000000000000018,,,1.01,WAIT,2,"UP_BOOK,DOWN_BOOK_WEAK"
2026-09-21 16:35:43,1790008542,btc-updown-5m-1790008500,258,0.65,0.66,0.655,0.34,0.35,0.345,2455.71,1860.65,1355.24,2505.71,0.13786153147559516,-0.29797588676362036,0.030000000000000027,,,1.01,WAIT,3,"UP5+,DOWN_BOOK_WEAK"
2026-09-21 16:35:45,1790008544,btc-updown-5m-1790008500,256,0.65,0.66,0.655,0.34,0.35,0.345,1866.0,2638.3100000000004,2051.45,1881.0,-0.1714602236524574,0.04334447990438526,0.010000000000000009,,,1.01,WAIT,0,
2026-09-21 16:35:46,1790008546,btc-updown-5m-1790008500,254,0.64,0.65,0.645,0.35,0.36,0.355,1539.0,2810.33,3855.62,1216.22,-0.2923047917725259,0.5204028518249786,0.0,0.0,,1.01,WAIT,-2,"UP_BOOK_WEAK,DOWN_BOOK"
2026-09-21 16:35:48,1790008547,btc-updown-5m-1790008500,253,0.56,0.57,0.565,0.43,0.44,0.435,1837.1399999999999,2498.65,2426.87,1672.84,-0.1525696585858633,0.18392276526876292,-0.09000000000000008,-0.08000000000000007,,1.01,DOWN WATCH,-4,"UP5-,UP15-"
2026-09-21 16:35:49,1790008549,btc-updown-5m-1790008500,251,0.48,0.49,0.485,0.5,0.51,0.505,2909.09,2652.77,328.0,2820.45,0.046085302398837825,-0.7916435071225524,-0.17000000000000004,-0.16000000000000003,,1.0,WAIT,-3,"UP5-,UP15-,DOWN_BOOK_WEAK"
2026-09-21 16:35:51,1790008550,btc-updown-5m-1790008500,250,0.51,0.52,0.515,0.48,0.49,0.485,3114.87,921.7,952.7,3114.87,0.5433251498177909,-0.5315630708260707,-0.14,-0.13,,1.01,WAIT,-2,"UP5-,UP15-,UP_BOOK,DOWN_BOOK_WEAK"
2026-09-21 16:35:52,1790008552,btc-updown-5m-1790008500,248,0.54,0.55,0.545,0.45,0.46,0.455,2899.85,1389.98,684.25,2964.85,0.3519649962819039,-0.6249760214847496,-0.019999999999999907,-0.07999999999999996,,1.01,WAIT,0,"UP15-,UP_BOOK,DOWN_BOOK_WEAK"
2026-09-21 16:35:54,1790008553,btc-updown-5m-1790008500,247,0.55,0.56,0.555,0.44,0.45,0.445,1820.54,2461.85,2346.99,1882.0,-0.14975516008583992,0.10995296749342037,-0.009999999999999898,-0.06999999999999995,,1.01,WAIT,-2,UP15-
2026-09-21 16:35:56,1790008555,btc-updown-5m-1790008500,245,0.58,0.59,0.585,0.41,0.42,0.415,1768.26,2592.34,3143.34,671.0,-0.1889831674540201,0.6481698013286702,0.06999999999999995,-0.06000000000000005,,1.01,WAIT,-1,"UP5+,UP15-,DOWN_BOOK"
2026-09-21 16:35:58,1790008557,btc-updown-5m-1790008500,243,0.55,0.56,0.555,0.44,0.45,0.445,2730.49,1559.94,1078.15,2770.49,0.27282813144603213,-0.43972416230148825,0.010000000000000009,-0.09999999999999998,,1.01,WAIT,0,"UP15-,UP_BOOK,DOWN_BOOK_WEAK"
2026-09-21 16:35:59,1790008559,btc-updown-5m-1790008500,241,0.59,0.6,0.595,0.4,0.41,0.405,3198.01,1480.34,1520.34,2547.01,0.3671529492235511,-0.25241742166275344,0.039999999999999925,-0.06000000000000005,,1.01,WAIT,2,"UP5+,UP15-,UP_BOOK,DOWN_BOOK_WEAK"
2026-09-21 16:36:00,1790008560,btc-updown-5m-1790008500,240,0.58,0.59,0.585,0.41,0.42,0.415,1006.4,3118.6400000000003,2696.27,835.9,-0.5120532164536586,0.5266932225798872,0.0,-0.07000000000000006,-0.06000000000000005,1.01,DOWN WATCH,-4,"UP15-,UP_BOOK_WEAK,DOWN_BOOK"
2026-09-21 16:36:02,1790008561,btc-updown-5m-1790008500,239,0.58,0.59,0.585,0.41,0.42,0.415,2744.95,1966.0300000000002,2113.75,1744.35,0.16534139393501981,0.0957466110261528,0.0,-0.06000000000000005,-0.06000000000000005,1.01,WAIT,-2,UP15-
2026-09-21 16:36:03,1790008563,btc-updown-5m-1790008500,237,0.58,0.59,0.585,0.41,0.42,0.415,2812.95,1386.19,1439.3500000000001,1859.6799999999998,0.33977433474473345,-0.12741017814327232,0.029999999999999916,0.020000000000000018,-0.06000000000000005,1.01,WAIT,1,UP_BOOK
2026-09-21 16:36:05,1790008564,btc-updown-5m-1790008500,236,0.58,0.59,0.585,0.41,0.42,0.415,1652.5,2655.56,2650.56,1043.0,-0.23283334029702465,0.43523321673399107,-0.010000000000000009,0.09999999999999998,-0.06000000000000005,1.01,WAIT,0,"UP15+,UP_BOOK_WEAK,DOWN_BOOK"
2026-09-21 16:36:06,1790008566,btc-updown-5m-1790008500,234,0.51,0.52,0.515,0.48,0.49,0.485,894.98,3281.7799999999997,2200.86,1301.0,-0.571447725030885,0.25696629791025344,-0.06999999999999995,0.0,-0.10999999999999999,1.01,DOWN WATCH,-5,"UP5-,UP30-,UP_BOOK_WEAK,DOWN_BOOK"
2026-09-21 16:36:08,1790008567,btc-updown-5m-1790008500,233,0.52,0.53,0.525,0.47,0.48,0.475,2700.67,1923.79,2050.69,2273.64,0.16799366844993796,-0.05155711983128018,-0.05999999999999994,-0.020000000000000018,-0.09999999999999998,1.01,WAIT,-3,"UP5-,UP30-"
2026-09-21 16:36:09,1790008569,btc-updown-5m-1790008500,231,0.52,0.53,0.525,0.47,0.48,0.475,790.52,3204.7200000000003,3616.7200000000003,449.52,-0.6042690802054446,0.7789013929330291,-0.05999999999999994,-0.030000000000000027,-0.12,1.01,DOWN WATCH,-5,"UP5-,UP30-,UP_BOOK_WEAK,DOWN_BOOK"
2026-09-21 16:36:11,1790008570,btc-updown-5m-1790008500,230,0.48,0.49,0.485,0.53,0.54,0.535,1441.55,3011.9800000000005,2942.6,1472.0700000000002,-0.3526258945151375,0.33310077536939336,-0.09999999999999998,-0.09999999999999998,-0.16000000000000003,1.03,DOWN WATCH,-7,"UP5-,UP15-,UP30-,UP_BOOK_WEAK,DOWN_BOOK"
2026-09-21 16:36:12,1790008572,btc-updown-5m-1790008500,228,0.46,0.47,0.46499999999999997,0.53,0.54,0.535,2082.81,3642.6400000000003,3757.8100000000004,2157.27,-0.2724379743076964,0.27058636569581485,-0.06000000000000005,-0.09000000000000008,-0.19000000000000006,1.01,DOWN WATCH,-7,"UP5-,UP15-,UP30-,UP_BOOK_WEAK,DOWN_BOOK"
2026-09-21 16:36:14,1790008573,btc-updown-5m-1790008500,227,0.46,0.47,0.46499999999999997,0.53,0.54,0.535,1145.8600000000001,3111.66,3386.1000000000004,1723.8600000000001,-0.4617241962457016,0.32529413146091163,-0.06000000000000005,-0.09000000000000008,-0.19000000000000006,1.01,DOWN WATCH,-7,"UP5-,UP15-,UP30-,UP_BOOK_WEAK,DOWN_BOOK"
2026-09-21 16:36:15,1790008575,btc-updown-5m-1790008500,225,0.45,0.46,0.455,0.54,0.55,0.545,1146.4099999999999,3605.64,3257.64,1148.4099999999999,-0.5175092854662725,0.47871222523575546,-0.02999999999999997,-0.12999999999999995,-0.2,1.01,DOWN WATCH,-5,"UP15-,UP30-,UP_BOOK_WEAK,DOWN_BOOK"
2026-09-21 16:36:17,1790008576,btc-updown-5m-1790008500,224,0.4,0.41,0.405,0.59,0.6,0.595,2813.05,2155.0600000000004,2068.0600000000004,2747.05,0.13244271966602988,-0.14101235485793673,-0.07999999999999996,-0.17999999999999994,-0.24,1.01,DOWN WATCH,-5,"UP5-,UP15-,UP30-"
2026-09-21 16:36:18,1790008578,btc-updown-5m-1790008500,222,0.34,0.35,0.345,0.63,0.64,0.635,1656.87,1451.3899999999999,1554.1999999999998,2176.61,0.06610772586591857,-0.1668297233040547,-0.12,-0.24,-0.21999999999999997,0.99,DOWN WATCH,-5,"UP5-,UP15-,UP30-"
2026-09-21 16:36:20,1790008579,btc-updown-5m-1790008500,221,0.36,0.37,0.365,0.62,0.63,0.625,3286.08,2471.2799999999997,3290.5099999999998,2476.44,0.14152319813247743,0.1411612724230312,-0.09999999999999998,-0.21999999999999997,-0.12,1.0,DOWN WATCH,-5,"UP5-,UP15-,UP30-"
2026-09-21 16:36:21,1790008581,btc-updown-5m-1790008500,219,0.31,0.32,0.315,0.68,0.69,0.685,1644.83,2078.59,2579.59,1503.83,-0.11649505024950185,0.263445837067948,-0.09000000000000002,-0.2,-0.2,1.01,DOWN WATCH,-6,"UP5-,UP15-,UP30-,DOWN_BOOK"
2026-09-21 16:36:23,1790008582,btc-updown-5m-1790008500,218,0.3,0.31,0.305,0.69,0.7,0.695,1589.26,3235.2200000000003,3928.26,1927.76,-0.3411683746227573,0.3416142704430654,-0.10000000000000003,-0.22000000000000003,-0.24000000000000005,1.01,DOWN WATCH,-7,"UP5-,UP15-,UP30-,UP_BOOK_WEAK,DOWN_BOOK"
2026-09-21 16:36:24,1790008584,btc-updown-5m-1790008500,216,0.31,0.32,0.315,0.67,0.68,0.675,5084.18,583.48,1316.25,2643.44,0.7941019750655475,-0.33517522836383656,-0.04999999999999999,-0.21000000000000002,-0.24000000000000005,1.0,WAIT,-3,"UP5-,UP15-,UP30-,UP_BOOK,DOWN_BOOK_WEAK"
2026-09-21 16:36:26,1790008585,btc-updown-5m-1790008500,215,0.35,0.36,0.355,0.65,0.66,0.655,990.1,3301.72,3176.9400000000005,609.0,-0.5386106593473166,0.6782833325409278,-0.010000000000000009,-0.13,-0.22999999999999998,1.02,DOWN WATCH,-5,"UP15-,UP30-,UP_BOOK_WEAK,DOWN_BOOK"
2026-09-21 16:36:27,1790008587,btc-updown-5m-1790008500,213,0.32,0.33,0.325,0.67,0.68,0.675,1777.8700000000001,2558.08,1520.0800000000002,3017.88,-0.17993980557893882,-0.33006020326314023,0.020000000000000018,-0.13999999999999996,-0.23000000000000004,1.01,WAIT,-2,"UP15-,UP30-,DOWN_BOOK_WEAK"
2026-09-21 16:36:29,1790008588,btc-updown-5m-1790008500,212,0.34,0.35,0.345,0.65,0.66,0.655,1728.9299999999998,2445.52,1884.33,2925.31,-0.17166093736899476,-0.21643615738392066,0.03999999999999998,-0.12,-0.21000000000000008,1.01,WAIT,0,"UP5+,UP15-,UP30-,DOWN_BOOK_WEAK"
2026-09-21 16:36:30,1790008590,btc-updown-5m-1790008500,210,0.35,0.36,0.355,0.64,0.65,0.645,2161.0299999999997,3240.25,3361.35,2322.9999999999995,-0.19980819361336577,0.18266820304872158,0.0,-0.10000000000000003,-0.22999999999999998,1.01,WAIT,-3,"UP15-,UP30-"
2026-09-21 16:36:31,1790008591,btc-updown-5m-1790008500,209,0.35,0.36,0.355,0.64,0.65,0.645,2530.81,1990.05,3610.96,1600.49,0.1196144096477219,0.3857793896132554,0.0,-0.050000000000000044,-0.22999999999999998,1.01,DOWN WATCH,-4,"UP15-,UP30-,DOWN_BOOK"
2026-09-21 16:36:33,1790008592,btc-updown-5m-1790008500,208,0.39,0.4,0.395,0.6,0.61,0.605,1996.01,2738.8,2708.8,1950.21,-0.15687852310863584,0.16282214461870656,0.07,-0.010000000000000009,-0.18999999999999995,1.01,WAIT,1,"UP5+,UP30-"
2026-09-21 16:36:34,1790008594,btc-updown-5m-1790008500,206,0.34,0.36,0.35,0.64,0.66,0.65,1153.69,1405.8799999999999,1165.88,1501.69,-0.09852826842008613,-0.12588610608156484,0.0050000000000000044,-0.015000000000000013,-0.235,1.02,WAIT,-1,UP30-
2026-09-21 16:36:36,1790008595,btc-updown-5m-1790008500,205,0.35,0.36,0.355,0.64,0.65,0.645,2188.74,2898.67,816.3,3228.16,-0.13954644897895005,-0.5963367173862517,0.0,-0.010000000000000009,-0.22999999999999998,1.01,WAIT,0,"UP30-,DOWN_BOOK_WEAK"
2026-09-21 16:36:37,1790008597,btc-updown-5m-1790008500,203,0.34,0.35,0.345,0.65,0.66,0.655,2019.67,1299.52,2007.8200000000002,2094.98,0.21696558497705767,-0.021244028468363034,-0.050000000000000044,0.03999999999999998,-0.18000000000000005,1.01,WAIT,-2,"UP5-,UP30-,UP_BOOK"
2026-09-21 16:36:39,1790008598,btc-updown-5m-1790008500,202,0.36,0.37,0.365,0.63,0.64,0.635,2004.0500000000002,3279.25,3414.25,1917.4,-0.24136429882838373,0.28074798608310747,-0.030000000000000027,0.06,-0.16000000000000003,1.01,WAIT,-3,"UP5-,UP15+,UP30-,UP_BOOK_WEAK,DOWN_BOOK"
2026-09-21 16:36:40,1790008600,btc-updown-5m-1790008500,200,0.36,0.37,0.365,0.63,0.64,0.635,1356.3899999999999,3656.51,3661.26,1366.3899999999999,-0.45884019230385614,0.4564498324266806,0.010000000000000009,0.010000000000000009,-0.12,1.01,WAIT,-3,"UP30-,UP_BOOK_WEAK,DOWN_BOOK"
2026-09-21 16:36:42,1790008601,btc-updown-5m-1790008500,199,0.43,0.44,0.435,0.55,0.56,0.555,1137.4,1110.34,1208.3200000000002,1724.8899999999999,0.012038758931193187,-0.1761108137501235,0.08000000000000002,0.08000000000000002,-0.04999999999999999,1.0,UP WATCH,4,"UP5+,UP15+"
2026-09-21 16:36:44,1790008603,btc-updown-5m-1790008500,197,0.42,0.43,0.425,0.58,0.59,0.585,427.82,2415.36,3937.1099999999997,391.7,-0.6990552831688461,0.8190264760985121,0.06,0.08000000000000002,-0.03999999999999998,1.02,WAIT,2,"UP5+,UP15+,UP_BOOK_WEAK,DOWN_BOOK"
2026-09-21 16:36:45,1790008605,btc-updown-5m-1790008500,195,0.38,0.39,0.385,0.61,0.62,0.615,2329.9,3009.8599999999997,3179.2300000000005,2338.38,-0.12733905643699334,0.15239388068384685,0.020000000000000018,0.030000000000000027,-0.07,1.01,WAIT,-1,UP30-
2026-09-21 16:36:47,1790008606,btc-updown-5m-1790008500,194,0.39,0.4,0.395,0.6,0.61,0.605,3317.3999999999996,1448.27,1933.27,3217.3999999999996,0.3922071817813654,-0.24931319614729727,-0.03999999999999998,0.040000000000000036,-0.010000000000000009,1.01,WAIT,0,"UP5-,UP_BOOK,DOWN_BOOK_WEAK"
2026-09-21 16:36:48,1790008608,btc-updown-5m-1790008500,192,0.39,0.4,0.395,0.6,0.61,0.605,2527.06,2424.5699999999997,2588.6,2531.25,0.02069823472270752,0.011201500043946582,-0.02999999999999997,0.0,0.050000000000000044,1.01,WAIT,0,
2026-09-21 16:36:50,1790008609,btc-updown-5m-1790008500,191,0.4,0.41,0.405,0.59,0.6,0.595,2983.17,1759.03,2229.12,2834.1400000000003,0.25813757327822534,-0.11949218487693708,-0.019999999999999962,0.05500000000000005,0.040000000000000036,1.01,WAIT,3,"UP15+,UP_BOOK"
2026-09-21 16:36:51,1790008611,btc-updown-5m-1790008500,189,0.41,0.42,0.415,0.58,0.59,0.585,1699.3600000000001,2305.0,3240.17,1070.3600000000001,-0.1512451427943541,0.503374295040285,0.019999999999999962,0.06,0.09999999999999998,1.01,WAIT,2,"UP15+,UP30+,DOWN_BOOK"
2026-09-21 16:36:53,1790008612,btc-updown-5m-1790008500,188,0.4,0.41,0.405,0.59,0.6,0.595,1149.85,3689.0,3703.46,655.85,-0.5247424491356417,0.6991037572459862,0.010000000000000009,0.06000000000000005,0.10000000000000003,1.01,WAIT,1,"UP15+,UP30+,UP_BOOK_WEAK,DOWN_BOOK"
2026-09-21 16:36:54,1790008614,btc-updown-5m-1790008500,186,0.38,0.39,0.385,0.61,0.62,0.615,1475.4299999999998,3182.0,3407.11,1175.4299999999998,-0.36641881896238915,0.48699629463136174,-0.020000000000000018,0.020000000000000018,0.07,1.01,WAIT,-1,"UP30+,UP_BOOK_WEAK,DOWN_BOOK"
2026-09-21 16:36:55,1790008615,btc-updown-5m-1790008500,185,0.36,0.37,0.365,0.62,0.63,0.625,2981.8999999999996,577.0799999999999,808.0799999999999,3443.02,0.6757048367790771,-0.6198254569405566,-0.040000000000000036,0.0,0.010000000000000009,1.0,WAIT,0,"UP5-,UP_BOOK,DOWN_BOOK_WEAK"
2026-09-21 16:36:57,1790008616,btc-updown-5m-1790008500,184,0.41,0.42,0.415,0.58,0.59,0.585,2897.88,1203.1599999999999,2157.4,3227.88,0.41324151922439195,-0.19877889357656425,0.0,-0.020000000000000018,0.06,1.01,WAIT,1,UP_BOOK
2026-09-21 16:36:58,1790008618,btc-updown-5m-1790008500,182,0.42,0.43,0.425,0.57,0.58,0.575,2184.42,1531.76,1415.76,2302.3199999999997,0.17562658428816688,-0.23844564936741536,0.019999999999999962,0.0,0.08000000000000002,1.01,WAIT,2,"UP30+,DOWN_BOOK_WEAK"
2026-09-21 16:37:00,1790008619,btc-updown-5m-1790008500,181,0.44,0.45,0.445,0.55,0.56,0.555,755.6800000000001,3504.3500000000004,3478.12,791.24,-0.6452231557054762,0.6293402289804562,0.06,0.020000000000000018,0.10000000000000003,1.01,WAIT,1,"UP5+,UP30+,UP_BOOK_WEAK,DOWN_BOOK"
2026-09-21 16:37:01,1790008621,btc-updown-5m-1790008500,179,0.52,0.53,0.525,0.44,0.47,0.45499999999999996,985.09,31.39,130.0,2013.8300000000002,0.9382378403903667,-0.8787217270026075,0.11000000000000004,0.13,0.17000000000000004,1.0,UP WATCH,7,"UP5+,UP15+,UP30+,UP_BOOK,DOWN_BOOK_WEAK"
2026-09-21 16:37:03,1790008622,btc-updown-5m-1790008500,178,0.54,0.55,0.545,0.46,0.47,0.46499999999999997,997.66,5193.5,2897.07,260.66,-0.677714677055673,0.8349067209672772,0.13000000000000006,0.15000000000000002,0.15000000000000002,1.02,WAIT,3,"UP5+,UP15+,UP30+,UP_BOOK_WEAK,DOWN_BOOK"
2026-09-21 16:37:04,1790008624,btc-updown-5m-1790008500,176,0.41,0.42,0.415,0.58,0.59,0.585,1346.0,2026.71,2993.1800000000003,1735.82,-0.2018287964277984,0.2658828504969339,-0.030000000000000027,0.009999999999999953,0.065,1.01,DOWN WATCH,-4,"UP5-,UP_BOOK_WEAK,DOWN_BOOK"
2026-09-21 16:37:06,1790008625,btc-updown-5m-1790008500,175,0.36,0.37,0.365,0.63,0.64,0.635,2364.0,2044.3799999999999,2394.12,2115.5,0.07250282416670072,0.06178347621307336,-0.08000000000000002,-0.040000000000000036,0.010000000000000009,1.01,WAIT,-2,UP5-
2026-09-21 16:37:07,1790008627,btc-updown-5m-1790008500,173,0.42,0.43,0.425,0.57,0.58,0.575,2105.0,2106.49,3096.5,2075.0,-0.0003537940253923865,0.19752489606497148,-0.12000000000000005,0.019999999999999962,0.08000000000000002,1.01,WAIT,-1,"UP5-,UP30+"
2026-09-21 16:37:09,1790008628,btc-updown-5m-1790008500,172,0.39,0.4,0.395,0.6,0.61,0.605,2037.0,3434.3100000000004,3473.3100000000004,1961.0,-0.2553885632508486,0.27828924003231326,-0.15000000000000002,-0.010000000000000009,0.030000000000000027,1.01,DOWN WATCH,-4,"UP5-,UP_BOOK_WEAK,DOWN_BOOK"
2026-09-21 16:37:10,1790008630,btc-updown-5m-1790008500,170,0.41,0.42,0.415,0.58,0.59,0.585,4356.97,669.61,2213.83,2873.7200000000003,0.7335723294963972,-0.12970683334807526,0.04999999999999999,0.04999999999999999,0.04999999999999999,1.01,WAIT,3,"UP5+,UP_BOOK"
2026-09-21 16:37:12,1790008631,btc-updown-5m-1790008500,169,0.41,0.42,0.415,0.58,0.59,0.585,2060.7200000000003,2562.93,3607.44,2030.72,-0.10861765055745994,0.27965151751635287,0.04999999999999999,0.0,-0.020000000000000018,1.01,WAIT,1,"UP5+,DOWN_BOOK"
2026-09-21 16:37:13,1790008633,btc-updown-5m-1790008500,167,0.4,0.41,0.405,0.59,0.6,0.595,2437.3599999999997,799.61,2459.02,2213.6000000000004,0.5059515534589445,0.052522995664102706,0.010000000000000009,-0.019999999999999962,-0.019999999999999962,1.01,WAIT,1,UP_BOOK
2026-09-21 16:37:15,1790008634,btc-updown-5m-1790008500,166,0.41,0.42,0.415,0.58,0.59,0.585,4877.8099999999995,364.0,757.41,4783.71,0.8611166753468744,-0.7266220547470548,0.019999999999999962,-0.030000000000000027,-0.010000000000000009,1.01,WAIT,2,"UP_BOOK,DOWN_BOOK_WEAK"
2026-09-21 16:37:16,1790008636,btc-updown-5m-1790008500,164,0.42,0.43,0.425,0.57,0.58,0.575,3140.6,656.9699999999999,1248.98,3376.87,0.6540050611311972,-0.4599997838235135,0.010000000000000009,-0.10000000000000003,0.02999999999999997,1.01,WAIT,0,"UP15-,UP_BOOK,DOWN_BOOK_WEAK"
2026-09-21 16:37:18,1790008637,btc-updown-5m-1790008500,163,0.42,0.43,0.425,0.57,0.58,0.575,3161.9,843.55,1723.27,3396.7899999999995,0.5787988865171205,-0.32685554466158595,0.010000000000000009,-0.12000000000000005,0.02999999999999997,1.01,WAIT,0,"UP15-,UP_BOOK,DOWN_BOOK_WEAK"
2026-09-21 16:37:19,1790008639,btc-updown-5m-1790008500,161,0.42,0.43,0.425,0.57,0.58,0.575,2584.73,1185.3,1868.31,2779.73,0.3711986376766233,-0.19608695278009658,0.010000000000000009,0.010000000000000009,0.019999999999999962,1.01,WAIT,1,UP_BOOK
2026-09-21 16:37:20,1790008640,btc-updown-5m-1790008500,160,0.43,0.44,0.435,0.58,0.59,0.585,1761.79,2693.7099999999996,1910.69,3548.3899999999994,-0.20916171024576358,-0.2999956036548282,0.020000000000000018,0.07,0.02999999999999997,1.03,WAIT,2,"UP15+,UP_BOOK_WEAK,DOWN_BOOK_WEAK"
2026-09-21 16:37:22,1790008641,btc-updown-5m-1790008500,159,0.41,0.42,0.415,0.58,0.59,0.585,3769.2599999999998,612.72,1594.17,3614.21,0.7203455971957883,-0.3878442049159239,-0.010000000000000009,0.04999999999999999,0.0,1.01,WAIT,2,"UP_BOOK,DOWN_BOOK_WEAK"
2026-09-21 16:37:24,1790008643,btc-updown-5m-1790008500,157,0.46,0.47,0.46499999999999997,0.53,0.54,0.535,410.06,3779.68,4608.92,708.0,-0.804255156644565,0.7336804014354175,0.03999999999999998,0.06999999999999995,0.05999999999999994,1.01,WAIT,2,"UP5+,UP15+,UP_BOOK_WEAK,DOWN_BOOK"
2026-09-21 16:37:25,1790008645,btc-updown-5m-1790008500,155,0.46,0.47,0.46499999999999997,0.53,0.54,0.535,1382.49,2184.18,2279.18,3427.4900000000002,-0.22477268712832973,-0.20122242919250638,0.02999999999999997,0.04999999999999999,0.09999999999999998,1.01,WAIT,1,"UP30+,UP_BOOK_WEAK,DOWN_BOOK_WEAK"
2026-09-21 16:37:26,1790008646,btc-updown-5m-1790008500,154,0.47,0.48,0.475,0.51,0.52,0.515,4297.01,1224.3,1469.3,2701.01,0.5565182900434861,-0.29535214408521193,0.06,0.06,0.06,1.0,UP WATCH,6,"UP5+,UP15+,UP_BOOK,DOWN_BOOK_WEAK"
2026-09-21 16:37:28,1790008647,btc-updown-5m-1790008500,153,0.49,0.5,0.495,0.5,0.51,0.505,992.11,2621.59,3066.4700000000003,2160.11,-0.45091734233610975,0.17341358976615687,0.08000000000000002,0.08000000000000002,0.08000000000000002,1.01,UP WATCH,4,"UP5+,UP15+,UP30+,UP_BOOK_WEAK"
2026-09-21 16:37:29,1790008649,btc-updown-5m-1790008500,151,0.49,0.5,0.495,0.5,0.51,0.505,985.53,3931.83,3951.83,910.84,-0.5991629654936796,0.6253745370341808,0.030000000000000027,0.08000000000000002,0.04999999999999999,1.01,WAIT,2,"UP5+,UP15+,UP_BOOK_WEAK,DOWN_BOOK"
2026-09-21 16:37:31,1790008650,btc-updown-5m-1790008500,150,0.43,0.44,0.435,0.56,0.57,0.565,1566.34,2467.08,2716.99,929.3,-0.2233191683484487,0.4902764179481061,-0.02999999999999997,0.020000000000000018,-0.010000000000000009,1.01,WAIT,-2,"UP_BOOK_WEAK,DOWN_BOOK"
2026-09-21 16:37:32,1790008652,btc-updown-5m-1790008500,148,0.43,0.44,0.435,0.56,0.57,0.565,1880.3,2751.09,2816.09,1709.3,-0.18801914759931687,0.24457339588411167,-0.06,0.010000000000000009,-0.11000000000000004,1.01,DOWN WATCH,-4,"UP5-,UP30-,DOWN_BOOK"
2026-09-21 16:37:34,1790008653,btc-updown-5m-1790008500,147,0.43,0.44,0.435,0.52,0.53,0.525,1273.33,72.0,2213.0,1237.0,0.8929630648242438,0.28289855072463765,-0.06,0.010000000000000009,-0.11000000000000004,0.97,WAIT,-3,"UP5-,UP30-,UP_BOOK,DOWN_BOOK"
2026-09-21 16:37:36,1790008655,btc-updown-5m-1790008500,145,0.44,0.45,0.445,0.55,0.56,0.555,1503.79,1971.08,2038.75,2048.29,-0.13447697323928665,-0.0023342076417162453,0.010000000000000009,0.010000000000000009,0.08000000000000002,1.01,WAIT,1,UP30+
2026-09-21 16:37:37,1790008657,btc-updown-5m-1790008500,143,0.36,0.37,0.365,0.63,0.64,0.635,1727.9599999999998,1673.34,1345.93,2480.09,0.016058565842471964,-0.2964333694021463,-0.07,-0.04999999999999999,-0.06,1.01,WAIT,-1,"UP5-,DOWN_BOOK_WEAK"
2026-09-21 16:37:39,1790008658,btc-updown-5m-1790008500,142,0.34,0.35,0.345,0.65,0.66,0.655,1647.38,1607.13,1616.12,3921.66,0.012367453164992579,-0.41632928718728446,-0.09000000000000002,-0.12,-0.050000000000000044,1.01,WAIT,-3,"UP5-,UP15-,DOWN_BOOK_WEAK"
2026-09-21 16:37:40,1790008660,btc-updown-5m-1790008500,140,0.34,0.35,0.345,0.65,0.66,0.655,1859.3300000000002,1986.25,1966.28,4020.56,-0.033004124215332886,-0.3431326041784981,-0.10000000000000003,-0.12,-0.07,1.01,DOWN WATCH,-4,"UP5-,UP15-,UP30-,DOWN_BOOK_WEAK"
2026-09-21 16:37:42,1790008661,btc-updown-5m-1790008500,139,0.34,0.35,0.345,0.65,0.66,0.655,3939.02,1700.8900000000003,1664.8900000000003,4541.219999999999,0.3968378928032539,-0.4634674538479014,-0.10000000000000003,-0.13,-0.07,1.01,WAIT,-3,"UP5-,UP15-,UP30-,UP_BOOK,DOWN_BOOK_WEAK"
2026-09-21 16:37:43,1790008663,btc-updown-5m-1790008500,137,0.35,0.36,0.355,0.64,0.65,0.645,4076.48,2859.36,2394.6699999999996,4162.31,0.17548271009711872,-0.2695814231551722,0.010000000000000009,-0.14,-0.050000000000000044,1.01,WAIT,-1,"UP15-,DOWN_BOOK_WEAK"
2026-09-21 16:37:45,1790008664,btc-updown-5m-1790008500,136,0.35,0.36,0.355,0.67,0.68,0.675,388.02,4735.52,1958.33,2603.94,-0.8485344117543728,-0.1415106953336826,0.010000000000000009,-0.14,-0.06,1.04,WAIT,-3,"UP15-,UP_BOOK_WEAK"
2026-09-21 16:37:46,1790008666,btc-updown-5m-1790008500,134,0.4,0.41,0.405,0.59,0.6,0.595,2290.33,1107.3200000000002,1698.41,2540.33,0.3481847747707974,-0.19862506310837652,0.06000000000000005,-0.02999999999999997,-0.019999999999999962,1.01,WAIT,3,"UP5+,UP_BOOK"
2026-09-21 16:37:48,1790008667,btc-updown-5m-1790008500,133,0.4,0.41,0.405,0.59,0.6,0.595,2021.54,2186.1800000000003,3056.85,1481.54,-0.039128078864563307,0.3471076747480935,0.06000000000000005,-0.02999999999999997,-0.019999999999999962,1.01,WAIT,1,"UP5+,DOWN_BOOK"
2026-09-21 16:37:49,1790008669,btc-updown-5m-1790008500,131,0.4,0.41,0.405,0.59,0.6,0.595,2658.0,1569.27,2367.0,2732.6800000000003,0.25754919841883767,-0.07170646001317735,0.050000000000000044,-0.02999999999999997,-0.019999999999999962,1.01,WAIT,3,"UP5+,UP_BOOK"
2026-09-21 16:37:51,1790008670,btc-updown-5m-1790008500,130,0.4,0.41,0.405,0.56,0.58,0.5700000000000001,2151.77,1470.2499999999998,1859.3400000000001,1984.8700000000001,0.18816019790061908,-0.0326543034849813,0.050000000000000044,-0.03999999999999998,-0.02999999999999997,0.99,WAIT,2,UP5+
2026-09-21 16:37:53,1790008672,btc-updown-5m-1790008500,128,0.42,0.43,0.425,0.57,0.58,0.575,625.39,4793.6,3865.54,640.39,-0.7691857707801637,0.7157567916057285,0.019999999999999962,0.06,0.010000000000000009,1.01,WAIT,0,"UP15+,UP_BOOK_WEAK,DOWN_BOOK"
2026-09-21 16:37:54,1790008674,btc-updown-5m-1790008500,126,0.34,0.35,0.345,0.65,0.66,0.655,749.84,3024.7200000000003,3231.1800000000003,1360.91,-0.6026874655588995,0.4072807806467208,-0.06000000000000005,0.0,-0.12,1.01,DOWN WATCH,-5,"UP5-,UP30-,UP_BOOK_WEAK,DOWN_BOOK"
2026-09-21 16:37:56,1790008675,btc-updown-5m-1790008500,125,0.33,0.34,0.335,0.66,0.67,0.665,576.0699999999999,3117.96,2987.96,987.88,-0.6881075681572701,0.503058473177995,-0.07,-0.009999999999999953,-0.12999999999999995,1.01,DOWN WATCH,-5,"UP5-,UP30-,UP_BOOK_WEAK,DOWN_BOOK"
2026-09-21 16:37:57,1790008677,btc-updown-5m-1790008500,123,0.33,0.34,0.335,0.66,0.67,0.665,1595.3799999999999,2002.57,2304.88,1854.59,-0.1131727789435651,0.1082565807662996,-0.08999999999999997,-0.009999999999999953,-0.15999999999999998,1.01,WAIT,-3,"UP5-,UP30-"
2026-09-21 16:37:58,1790008678,btc-updown-5m-1790008500,122,0.33,0.34,0.335,0.66,0.67,0.665,1287.6499999999999,2732.3900000000003,2878.46,1789.51,-0.35938448373648035,0.23328127644350757,-0.08999999999999997,-0.019999999999999962,-0.15999999999999998,1.01,DOWN WATCH,-5,"UP5-,UP30-,UP_BOOK_WEAK,DOWN_BOOK"
2026-09-21 16:38:00,1790008679,btc-updown-5m-1790008500,121,0.33,0.34,0.335,0.68,0.69,0.685,304.07,3158.59,2922.61,986.64,-0.8243720145783876,0.495227984907591,-0.009999999999999953,-0.019999999999999962,-0.15999999999999998,1.03,WAIT,-3,"UP30-,UP_BOOK_WEAK,DOWN_BOOK"
2026-09-21 16:38:02,1790008681,btc-updown-5m-1790008500,119,0.25,0.26,0.255,0.77,0.78,0.775,81.19999999999999,3418.56,3298.85,289.67,-0.9535968180675247,0.8385573997079575,-0.08000000000000002,-0.15000000000000002,-0.18,1.04,DOWN WATCH,-7,"UP5-,UP15-,UP30-,UP_BOOK_WEAK,DOWN_BOOK"
2026-09-21 16:38:03,1790008683,btc-updown-5m-1790008500,117,0.19,0.2,0.195,0.83,0.84,0.835,272.0,2758.99,1924.04,991.05,-0.8205206879600394,0.32005529846419833,-0.14,-0.21000000000000002,-0.24,1.04,DOWN WATCH,-7,"UP5-,UP15-,UP30-,UP_BOOK_WEAK,DOWN_BOOK"
2026-09-21 16:38:05,1790008684,btc-updown-5m-1790008500,116,0.16,0.17,0.165,0.84,0.85,0.845,811.47,3206.83,2967.9599999999996,1651.28,-0.5961127840131398,0.28504256111394943,-0.17,-0.24000000000000002,-0.27,1.02,DOWN WATCH,-7,"UP5-,UP15-,UP30-,UP_BOOK_WEAK,DOWN_BOOK"
2026-09-21 16:38:06,1790008686,btc-updown-5m-1790008500,114,0.16,0.17,0.165,0.83,0.84,0.835,4266.41,1549.5,1536.67,4281.780000000001,0.46715131423973205,-0.4717940344937226,-0.09,-0.24000000000000002,-0.28,1.01,WAIT,-3,"UP5-,UP15-,UP30-,UP_BOOK,DOWN_BOOK_WEAK"
2026-09-21 16:38:08,1790008687,btc-updown-5m-1790008500,113,0.15,0.16,0.155,0.84,0.85,0.845,2830.57,2557.75,3061.63,2493.7500000000005,0.05063173679365743,0.10222163020351435,-0.1,-0.27,-0.21,1.01,DOWN WATCH,-5,"UP5-,UP15-,UP30-"
2026-09-21 16:38:09,1790008689,btc-updown-5m-1790008500,111,0.16,0.17,0.165,0.83,0.84,0.835,2775.22,1122.1100000000001,1242.67,2672.33,0.4241647486869215,-0.3651749680715198,0.0,-0.17999999999999997,-0.17999999999999997,1.01,WAIT,-1,"UP15-,UP30-,UP_BOOK,DOWN_BOOK_WEAK"
2026-09-21 16:38:11,1790008690,btc-updown-5m-1790008500,110,0.16,0.17,0.165,0.83,0.84,0.835,2197.96,1632.21,2640.96,1434.73,0.14770884843231502,0.2959572489566184,0.0,-0.17,-0.17999999999999997,1.01,DOWN WATCH,-4,"UP15-,UP30-,DOWN_BOOK"
2026-09-21 16:38:12,1790008692,btc-updown-5m-1790008500,108,0.16,0.17,0.165,0.83,0.84,0.835,1599.1,2705.4300000000003,2750.32,1532.1,-0.25701528389859063,0.2844699959368769,0.010000000000000009,-0.17,-0.17999999999999997,1.01,DOWN WATCH,-5,"UP15-,UP30-,UP_BOOK_WEAK,DOWN_BOOK"
2026-09-21 16:38:13,1790008693,btc-updown-5m-1790008500,107,0.12,0.13,0.125,0.87,0.88,0.875,3289.2999999999997,1608.74,1890.6,3662.5099999999998,0.3431086720402446,-0.3190842608916445,-0.03,-0.21000000000000002,-0.22999999999999998,1.01,WAIT,-3,"UP5-,UP15-,UP30-,UP_BOOK,DOWN_BOOK_WEAK"
2026-09-21 16:38:15,1790008694,btc-updown-5m-1790008500,106,0.15,0.16,0.155,0.84,0.85,0.845,3958.61,1538.8999999999999,2170.65,2900.56,0.440146539069506,-0.14393211876455517,-0.010000000000000009,-0.18000000000000002,-0.19999999999999998,1.01,WAIT,-2,"UP15-,UP30-,UP_BOOK"
2026-09-21 16:38:16,1790008696,btc-updown-5m-1790008500,104,0.11,0.12,0.11499999999999999,0.88,0.89,0.885,3767.5099999999998,1875.02,1690.02,4003.66,0.33539741924278643,-0.4063523064169394,-0.05000000000000002,-0.14,-0.29000000000000004,1.01,WAIT,-3,"UP5-,UP15-,UP30-,UP_BOOK,DOWN_BOOK_WEAK"
2026-09-21 16:38:18,1790008697,btc-updown-5m-1790008500,103,0.09,0.1,0.095,0.9,0.91,0.905,3484.1499999999996,1621.8,2207.85,2679.16,0.36474113534210084,-0.09644138235853823,-0.07,-0.16,-0.31000000000000005,1.01,DOWN WATCH,-4,"UP5-,UP15-,UP30-,UP_BOOK"
2026-09-21 16:38:20,1790008699,btc-updown-5m-1790008500,101,0.09,0.1,0.095,0.9,0.91,0.905,3144.0,1532.75,1472.75,3139.0,0.3445234404233709,-0.3613053613053613,-0.06,-0.07,-0.31000000000000005,1.01,WAIT,-3,"UP5-,UP15-,UP30-,UP_BOOK,DOWN_BOOK_WEAK"
2026-09-21 16:38:21,1790008701,btc-updown-5m-1790008500,99,0.12,0.13,0.125,0.87,0.88,0.875,2804.16,1344.34,1388.6399999999999,2884.16,0.3518910449560082,-0.3500093615427823,0.010000000000000009,-0.04000000000000001,-0.28,1.01,WAIT,1,"UP30-,UP_BOOK,DOWN_BOOK_WEAK"
2026-09-21 16:38:22,1790008702,btc-updown-5m-1790008500,98,0.11,0.12,0.11499999999999999,0.88,0.89,0.885,2420.81,1469.83,1521.4899999999998,2426.81,0.24442765200583966,-0.2292936200390042,0.01999999999999999,-0.04000000000000001,-0.31,1.01,WAIT,1,"UP30-,UP_BOOK,DOWN_BOOK_WEAK"
2026-09-21 16:38:24,1790008703,btc-updown-5m-1790008500,97,0.09,0.1,0.095,0.9,0.91,0.905,1922.48,3046.1,1304.1,3110.92,-0.2261450957818934,-0.4092438992348845,0.0,-0.06,-0.32999999999999996,1.01,WAIT,-3,"UP15-,UP30-,UP_BOOK_WEAK,DOWN_BOOK_WEAK"
2026-09-21 16:38:25,1790008705,btc-updown-5m-1790008500,95,0.1,0.11,0.10500000000000001,0.9,0.91,0.905,2590.76,1741.1,2650.2799999999997,1861.1,0.19614207292017752,0.1749309523915077,0.010000000000000009,-0.06,-0.23,1.02,WAIT,-3,"UP15-,UP30-"
2026-09-21 16:38:27,1790008706,btc-updown-5m-1790008500,94,0.09,0.1,0.095,0.9,0.91,0.905,2327.67,2614.24,2311.23,2481.77,-0.05798770111151351,-0.035581055706238256,-0.03,-0.07,-0.24000000000000002,1.01,DOWN WATCH,-5,"UP5-,UP15-,UP30-"
2026-09-21 16:38:28,1790008708,btc-updown-5m-1790008500,92,0.08,0.09,0.08499999999999999,0.9,0.91,0.905,5110.91,1068.1,2068.1,3126.79,0.6542811874394118,-0.20379449805481928,-0.010000000000000009,-0.04000000000000001,-0.25,1.0,WAIT,1,"UP30-,UP_BOOK,DOWN_BOOK_WEAK"
2026-09-21 16:38:30,1790008709,btc-updown-5m-1790008500,91,0.08,0.09,0.08499999999999999,0.91,0.92,0.915,4334.98,2112.7900000000004,2268.79,4332.0,0.34464473763797393,-0.3125701620563599,-0.010000000000000009,-0.07,-0.25,1.01,WAIT,-1,"UP15-,UP30-,UP_BOOK,DOWN_BOOK_WEAK"
2026-09-21 16:38:31,1790008711,btc-updown-5m-1790008500,89,0.07,0.08,0.07500000000000001,0.92,0.93,0.925,3561.19,2746.8900000000003,2746.8900000000003,4490.9,0.12908840724911538,-0.24095891149093843,-0.01999999999999999,-0.03999999999999998,-0.18,1.01,WAIT,0,"UP30-,DOWN_BOOK_WEAK"
2026-09-21 16:38:33,1790008712,btc-updown-5m-1790008500,88,0.08,0.09,0.08499999999999999,0.91,0.92,0.915,4305.64,3509.04,3578.63,4219.55,0.1019363556793113,-0.08218840806444581,-0.010000000000000009,-0.010000000000000009,-0.17,1.01,WAIT,-1,UP30-
2026-09-21 16:38:34,1790008714,btc-updown-5m-1790008500,86,0.07,0.08,0.07500000000000001,0.92,0.93,0.925,1919.39,3960.12,3939.26,3019.6699999999996,-0.34709184949085886,0.13214531544360994,-0.009999999999999981,-0.01999999999999999,-0.09,1.01,WAIT,-2,"UP30-,UP_BOOK_WEAK"
2026-09-21 16:38:36,1790008715,btc-updown-5m-1790008500,85,0.06,0.07,0.065,0.93,0.94,0.935,4357.26,4511.56,4479.56,4379.1900000000005,-0.017398030403142715,0.011330040919994344,-0.01999999999999999,-0.03,-0.1,1.01,WAIT,-1,UP30-
2026-09-21 16:38:37,1790008717,btc-updown-5m-1790008500,83,0.05,0.06,0.055,0.94,0.95,0.945,2933.31,3455.49,3233.85,5705.830000000001,-0.08173365890308038,-0.2765177277039,-0.029999999999999992,-0.05999999999999999,-0.1,1.01,WAIT,-2,"UP15-,UP30-,DOWN_BOOK_WEAK"
2026-09-21 16:38:39,1790008718,btc-updown-5m-1790008500,82,0.03,0.04,0.035,0.96,0.97,0.965,12144.76,3814.93,3863.21,11980.03,0.5219293106570365,-0.5123207121775596,-0.04999999999999999,-0.06,-0.12,1.01,WAIT,-3,"UP5-,UP15-,UP30-,UP_BOOK,DOWN_BOOK_WEAK"
2026-09-21 16:38:41,1790008720,btc-updown-5m-1790008500,80,0.03,0.04,0.035,0.96,0.97,0.965,12806.1,3883.93,4227.63,12499.420000000002,0.5345808246000756,-0.49451576936758124,-0.03,-0.07,-0.13,1.01,WAIT,-3,"UP5-,UP15-,UP30-,UP_BOOK,DOWN_BOOK_WEAK"
2026-09-21 16:38:42,1790008722,btc-updown-5m-1790008500,78,0.03,0.04,0.035,0.96,0.97,0.965,10759.45,5062.44,5072.44,10759.45,0.3600713947575164,-0.35921232398658665,-0.019999999999999997,-0.06,-0.13,1.01,WAIT,-1,"UP15-,UP30-,UP_BOOK,DOWN_BOOK_WEAK"
2026-09-21 16:38:44,1790008723,btc-updown-5m-1790008500,77,0.02,0.03,0.025,0.97,0.98,0.975,8629.74,3877.2700000000004,4189.27,8644.74,0.3799845046897699,-0.34716117565749127,-0.010000000000000002,-0.05999999999999999,-0.1,1.01,WAIT,-1,"UP15-,UP30-,UP_BOOK,DOWN_BOOK_WEAK"
2026-09-21 16:38:45,1790008725,btc-updown-5m-1790008500,75,0.01,0.02,0.015,0.98,0.99,0.985,2287.13,4420.7,4079.01,1093.13,-0.3180715671088861,0.577300691783285,-0.020000000000000004,-0.06999999999999999,-0.14,1.01,DOWN WATCH,-5,"UP15-,UP30-,UP_BOOK_WEAK,DOWN_BOOK"
2026-09-21 16:38:47,1790008726,btc-updown-5m-1790008500,74,0.01,0.02,0.015,0.98,0.99,0.985,1044.59,4016.77,3984.77,1042.56,-0.5872295193386758,0.5852430614262442,-0.020000000000000004,-0.06000000000000001,-0.09999999999999999,1.01,DOWN WATCH,-5,"UP15-,UP30-,UP_BOOK_WEAK,DOWN_BOOK"
2026-09-21 16:38:48,1790008728,btc-updown-5m-1790008500,72,,0.01,,0.99,,,0,5587.55,5500.55,0,-1.0,1.0,,,,,WAIT,-2,"UP_BOOK_WEAK,DOWN_BOOK"
2026-09-21 16:38:50,1790008729,btc-updown-5m-1790008500,71,,0.01,,0.99,,,0,5498.950000000001,5408.950000000001,0,-1.0,1.0,,,,,WAIT,-2,"UP_BOOK_WEAK,DOWN_BOOK"
2026-09-21 16:38:51,1790008731,btc-updown-5m-1790008500,69,,0.01,,0.99,,,0,5334.05,5339.05,0,-1.0,1.0,,,,,WAIT,-2,"UP_BOOK_WEAK,DOWN_BOOK"
2026-09-21 16:38:52,1790008732,btc-updown-5m-1790008500,68,,0.01,,0.99,,,0,7487.15,7487.15,0,-1.0,1.0,,,,,WAIT,-2,"UP_BOOK_WEAK,DOWN_BOOK"
2026-09-21 16:38:54,1790008733,btc-updown-5m-1790008500,67,,0.01,,0.99,,,0,8036.219999999999,8021.219999999999,0,-1.0,1.0,,,,,WAIT,-2,"UP_BOOK_WEAK,DOWN_BOOK"
2026-09-21 16:38:55,1790008735,btc-updown-5m-1790008500,65,,0.01,,0.99,,,0,6936.94,6878.02,0,-1.0,1.0,,,,,WAIT,-2,"UP_BOOK_WEAK,DOWN_BOOK"
2026-09-21 16:38:57,1790008736,btc-updown-5m-1790008500,64,,0.01,,0.99,,,0,7454.93,7604.93,0,-1.0,1.0,,,,,WAIT,-2,"UP_BOOK_WEAK,DOWN_BOOK"
2026-09-21 16:38:58,1790008738,btc-updown-5m-1790008500,62,,0.01,,0.99,,,0,7604.98,7609.98,0,-1.0,1.0,,,,,WAIT,-2,"UP_BOOK_WEAK,DOWN_BOOK"
2026-09-21 16:39:00,1790008739,btc-updown-5m-1790008500,61,,0.01,,0.99,,,0,7694.89,7721.12,0,-1.0,1.0,,,,,WAIT,-2,"UP_BOOK_WEAK,DOWN_BOOK"
2026-09-21 16:39:01,1790008741,btc-updown-5m-1790008500,59,,0.01,,0.99,,,0,7830.62,7895.62,0,-1.0,1.0,,,,,WAIT,-2,"UP_BOOK_WEAK,DOWN_BOOK"
2026-09-21 16:39:03,1790008742,btc-updown-5m-1790008500,58,,0.01,,0.99,,,0,7745.62,8269.17,0,-1.0,1.0,,,,,WAIT,-2,"UP_BOOK_WEAK,DOWN_BOOK"
2026-09-21 16:39:04,1790008744,btc-updown-5m-1790008500,56,,0.01,,0.99,,,0,8539.17,8519.2,0,-1.0,1.0,,,,,WAIT,-2,"UP_BOOK_WEAK,DOWN_BOOK"
2026-09-21 16:39:06,1790008745,btc-updown-5m-1790008500,55,,0.01,,0.99,,,0,11251.39,11251.39,0,-1.0,1.0,,,,,WAIT,-2,"UP_BOOK_WEAK,DOWN_BOOK"
2026-09-21 16:39:07,1790008747,btc-updown-5m-1790008500,53,,0.01,,0.99,,,0,13845.39,13845.39,0,-1.0,1.0,,,,,WAIT,-2,"UP_BOOK_WEAK,DOWN_BOOK"
2026-09-21 16:39:09,1790008748,btc-updown-5m-1790008500,52,,0.01,,0.99,,,0,16858.4,16858.4,0,-1.0,1.0,,,,,WAIT,-2,"UP_BOOK_WEAK,DOWN_BOOK"
2026-09-21 16:39:10,1790008750,btc-updown-5m-1790008500,50,,0.01,,0.99,,,0,17514.4,17504.4,0,-1.0,1.0,,,,,WAIT,-2,"UP_BOOK_WEAK,DOWN_BOOK"
2026-09-21 16:39:12,1790008751,btc-updown-5m-1790008500,49,,0.01,,0.99,,,0,20631.800000000003,20631.800000000003,0,-1.0,1.0,,,,,WAIT,-2,"UP_BOOK_WEAK,DOWN_BOOK"
2026-09-21 16:39:13,1790008753,btc-updown-5m-1790008500,47,,0.01,,0.99,,,0,19671.800000000003,20671.800000000003,0,-1.0,1.0,,,,,WAIT,-2,"UP_BOOK_WEAK,DOWN_BOOK"
2026-09-21 16:39:15,1790008754,btc-updown-5m-1790008500,46,,0.01,,0.99,,,0,20671.800000000003,32191.800000000003,0,-1.0,1.0,,,,,WAIT,-2,"UP_BOOK_WEAK,DOWN_BOOK"
2026-09-21 16:39:16,1790008756,btc-updown-5m-1790008500,44,,0.01,,0.99,,,0,32343.559999999998,32422.33,0,-1.0,1.0,,,,,WAIT,-2,"UP_BOOK_WEAK,DOWN_BOOK"
2026-09-21 16:39:18,1790008757,btc-updown-5m-1790008500,43,,0.01,,0.99,,,0,32708.06,33008.06,0,-1.0,1.0,,,,,WAIT,-2,"UP_BOOK_WEAK,DOWN_BOOK"
2026-09-21 16:39:19,1790008759,btc-updown-5m-1790008500,41,,0.01,,0.99,,,0,34125.07,34151.17,0,-1.0,1.0,,,,,WAIT,-2,"UP_BOOK_WEAK,DOWN_BOOK"
2026-09-21 16:39:21,1790008760,btc-updown-5m-1790008500,40,,0.01,,0.99,,,0,38244.17,38254.17,0,-1.0,1.0,,,,,WAIT,-2,"UP_BOOK_WEAK,DOWN_BOOK"
2026-09-21 16:39:22,1790008762,btc-updown-5m-1790008500,38,,0.01,,0.99,,,0,38292.25,38284.27,0,-1.0,1.0,,,,,WAIT,-2,"UP_BOOK_WEAK,DOWN_BOOK"
2026-09-21 16:39:24,1790008763,btc-updown-5m-1790008500,37,,0.01,,0.99,,,0,40256.28,40276.28,0,-1.0,1.0,,,,,WAIT,-2,"UP_BOOK_WEAK,DOWN_BOOK"
2026-09-21 16:39:25,1790008765,btc-updown-5m-1790008500,35,,0.01,,0.99,,,0,40455.38,40410.38,0,-1.0,1.0,,,,,WAIT,-2,"UP_BOOK_WEAK,DOWN_BOOK"
2026-09-21 16:39:26,1790008766,btc-updown-5m-1790008500,34,,0.01,,0.99,,,0,40246.14,40276.14,0,-1.0,1.0,,,,,WAIT,-2,"UP_BOOK_WEAK,DOWN_BOOK"
2026-09-21 16:39:28,1790008767,btc-updown-5m-1790008500,33,,0.01,,0.99,,,0,42067.14,43720.14,0,-1.0,1.0,,,,,WAIT,-2,"UP_BOOK_WEAK,DOWN_BOOK"
2026-09-21 16:39:29,1790008769,btc-updown-5m-1790008500,31,,0.01,,0.99,,,0,44254.14,44234.14,0,-1.0,1.0,,,,,WAIT,-2,"UP_BOOK_WEAK,DOWN_BOOK"
2026-09-21 16:39:31,1790008770,btc-updown-5m-1790008500,30,,0.01,,0.99,,,0,57263.009999999995,57398.009999999995,0,-1.0,1.0,,,,,WAIT,-2,"UP_BOOK_WEAK,DOWN_BOOK"
2026-09-21 16:39:32,1790008772,btc-updown-5m-1790008500,28,,0.01,,0.99,,,0,57441.009999999995,57431.009999999995,0,-1.0,1.0,,,,,WAIT,-2,"UP_BOOK_WEAK,DOWN_BOOK"
2026-09-21 16:39:34,1790008773,btc-updown-5m-1790008500,27,,0.01,,0.99,,,0,57443.009999999995,57443.009999999995,0,-1.0,1.0,,,,,WAIT,-2,"UP_BOOK_WEAK,DOWN_BOOK"
2026-09-21 16:39:35,1790008775,btc-updown-5m-1790008500,25,,0.01,,0.99,,,0,57489.93,57483.159999999996,0,-1.0,1.0,,,,,WAIT,-2,"UP_BOOK_WEAK,DOWN_BOOK"
2026-09-21 16:39:37,1790008776,btc-updown-5m-1790008500,24,,0.01,,0.99,,,0,57519.509999999995,57451.159999999996,0,-1.0,1.0,,,,,WAIT,-2,"UP_BOOK_WEAK,DOWN_BOOK"
2026-09-21 16:39:38,1790008778,btc-updown-5m-1790008500,22,,0.01,,0.99,,,0,57366.799999999996,57176.159999999996,0,-1.0,1.0,,,,,WAIT,-2,"UP_BOOK_WEAK,DOWN_BOOK"
2026-09-21 16:39:40,1790008779,btc-updown-5m-1790008500,21,,0.01,,0.99,,,0,57206.64,57226.85,0,-1.0,1.0,,,,,WAIT,-2,"UP_BOOK_WEAK,DOWN_BOOK"
2026-09-21 16:39:41,1790008781,btc-updown-5m-1790008500,19,,0.01,,0.99,,,0,57321.969999999994,57426.969999999994,0,-1.0,1.0,,,,,WAIT,0,TIME FILTER
2026-09-21 16:39:43,1790008782,btc-updown-5m-1790008500,18,,0.01,,0.99,,,0,57431.5,57431.5,0,-1.0,1.0,,,,,WAIT,0,TIME FILTER
2026-09-21 16:39:44,1790008784,btc-updown-5m-1790008500,16,,0.01,,0.99,,,0,57448.119999999995,57448.119999999995,0,-1.0,1.0,,,,,WAIT,0,TIME FILTER
2026-09-21 16:39:46,1790008785,btc-updown-5m-1790008500,15,,0.01,,0.99,,,0,57542.09,57531.99,0,-1.0,1.0,,,,,WAIT,0,TIME FILTER
2026-09-21 16:39:48,1790008787,btc-updown-5m-1790008500,13,,0.01,,0.99,,,0,57617.09,57717.09,0,-1.0,1.0,,,,,WAIT,0,TIME FILTER
2026-09-21 16:39:49,1790008789,btc-updown-5m-1790008500,11,,0.01,,0.99,,,0,58367.09,58367.09,0,-1.0,1.0,,,,,WAIT,0,TIME FILTER
2026-09-21 16:39:51,1790008790,btc-updown-5m-1790008500,10,,0.01,,0.99,,,0,59383.01,59353.01,0,-1.0,1.0,,,,,WAIT,0,TIME FILTER
2026-09-21 16:39:52,1790008792,btc-updown-5m-1790008500,8,,0.01,,0.99,,,0,59243.01,59243.01,0,-1.0,1.0,,,,,WAIT,0,TIME FILTER
2026-09-21 16:39:54,1790008793,btc-updown-5m-1790008500,7,,0.01,,0.99,,,0,67433.01000000001,67249.01000000001,0,-1.0,1.0,,,,,WAIT,0,TIME FILTER
2026-09-21 16:39:55,1790008795,btc-updown-5m-1790008500,5,,0.01,,0.99,,,0,67282.28,67293.09,0,-1.0,1.0,,,,,WAIT,0,TIME FILTER
2026-09-21 16:39:57,1790008796,btc-updown-5m-1790008500,4,,0.01,,0.99,,,0,67378.45,67318.45,0,-1.0,1.0,,,,,WAIT,0,TIME FILTER
2026-09-21 16:39:59,1790008798,btc-updown-5m-1790008500,2,,0.01,,0.99,,,0,78811.48000000001,78831.48000000001,0,-1.0,1.0,,,,,WAIT,0,TIME FILTER
2026-09-21 16:40:00,1790008800,btc-updown-5m-1790008800,300,0.44,0.45,0.445,0.58,0.6,0.59,43.17,2058.6000000000004,1583.77,160.0,-0.9589203385717752,0.8164895599763731,,,,1.05,WAIT,0,TIME FILTER
