timestamp_utc,unix_time,slug,seconds_left,btc_price,btc_start,btc_delta,btc_change_5s,btc_change_15s,btc_change_30s,btc_change_60s,up_bid,up_ask,up_mid,down_bid,down_ask,down_mid,up_bid_depth,up_ask_depth,down_bid_depth,down_ask_depth,up_imbalance,down_imbalance,up_change_5s,up_change_15s,up_change_30s,pair_ask_cost,signal,score,reasons
2026-09-21 16:50:34,1790009432,btc-updown-5m-1790009400,268,85981.95,85981.94,0.00999999999476131,,,,,0.49,0.5,0.495,0.5,0.51,0.505,2113.62,3274.07,3213.07,2091.62,-0.21538915564926717,0.21140726413796096,,,,1.01,WAIT,0,
2026-09-21 16:50:36,1790009435,btc-updown-5m-1790009400,265,85981.95,85981.94,0.00999999999476131,,,,,0.49,0.5,0.495,0.5,0.51,0.505,2271.7799999999997,3008.1600000000003,3018.1600000000003,2280.37,-0.13946749394879496,0.13924428096094582,,,,1.01,WAIT,0,
2026-09-21 16:50:38,1790009437,btc-updown-5m-1790009400,263,85981.95,85981.94,0.00999999999476131,0.0,,,,0.47,0.48,0.475,0.52,0.53,0.525,2175.62,1746.3300000000002,1906.3300000000002,2251.62,0.1094583051798212,-0.08304332663932942,-0.020000000000000018,,,1.01,WAIT,0,
2026-09-21 16:50:39,1790009439,btc-updown-5m-1790009400,261,85981.94,85981.94,0.0,-0.00999999999476131,,,,0.47,0.48,0.475,0.52,0.53,0.525,2490.56,3046.65,2500.12,2542.33,-0.1004278327894373,-0.008370930797528986,-0.020000000000000018,,,1.01,WAIT,0,
2026-09-21 16:50:41,1790009440,btc-updown-5m-1790009400,260,85981.94,85981.94,0.0,-0.00999999999476131,,,,0.47,0.48,0.475,0.52,0.53,0.525,3122.0,2518.53,2489.53,3133.74,0.1069881730972089,-0.1145614562345396,-0.020000000000000018,,,1.01,WAIT,0,
2026-09-21 16:50:43,1790009442,btc-updown-5m-1790009400,258,85962.18,85981.94,-19.760000000009313,-19.770000000004075,,,,0.34,0.35,0.345,0.66,0.67,0.665,794.6800000000001,2231.63,1935.6299999999999,2677.0,-0.4748191692192802,-0.16072609335671842,-0.13,,,1.02,WAIT,-3,"BTC5-,PM5-"
2026-09-21 16:50:44,1790009444,btc-updown-5m-1790009400,256,85955.01,85981.94,-26.930000000007567,-26.930000000007567,,,,0.31,0.32,0.315,0.68,0.69,0.685,4445.68,1100.01,1095.01,4425.43,0.6032919258018389,-0.6032888682786154,-0.15999999999999998,,,1.01,WAIT,-2,"BTC_BELOW,BTC5-,PM5-,UP_BOOK"
2026-09-21 16:50:46,1790009445,btc-updown-5m-1790009400,255,85955.0,85981.94,-26.94000000000233,-26.94000000000233,,,,0.33,0.34,0.335,0.66,0.67,0.665,1902.5900000000001,2339.8700000000003,2347.8700000000003,3035.59,-0.10307227410511828,-0.1277468393932526,-0.13999999999999996,,,1.01,WAIT,-4,"BTC_BELOW,BTC5-,PM5-"
2026-09-21 16:50:48,1790009447,btc-updown-5m-1790009400,253,85955.0,85981.94,-26.94000000000233,-7.179999999993015,-26.94999999999709,,,0.33,0.34,0.335,0.66,0.67,0.665,3009.58,2439.1800000000003,2451.9900000000002,3548.34,0.10468436855357909,-0.1827149506777127,-0.009999999999999953,-0.15999999999999998,,1.01,DOWN WATCH,-6,"BTC_BELOW,BTC15-,PM15-"
2026-09-21 16:50:50,1790009449,btc-updown-5m-1790009400,251,85954.99,85981.94,-26.94999999999709,-0.01999999998952262,-26.95999999999185,,,0.31,0.32,0.315,0.68,0.69,0.685,3530.27,2685.3799999999997,2689.12,2979.1,0.13592946835809616,-0.05115891761434808,0.0,-0.18,,1.01,DOWN WATCH,-6,"BTC_BELOW,BTC15-,PM15-"
2026-09-21 16:50:51,1790009451,btc-updown-5m-1790009400,249,85965.99,85981.94,-15.94999999999709,10.990000000005239,-15.959999999991851,,,0.37,0.38,0.375,0.62,0.63,0.625,2035.0,2841.61,2938.61,2301.95,-0.16540383586138732,0.12148701665470872,0.03999999999999998,-0.12,,1.01,WAIT,0,"BTC5+,PM5+,PM15-"
2026-09-21 16:50:53,1790009452,btc-updown-5m-1790009400,248,85965.99,85981.94,-15.94999999999709,10.990000000005239,-15.959999999991851,,,0.36,0.37,0.365,0.63,0.64,0.635,3433.7200000000003,1489.8400000000001,1516.8400000000001,3423.2200000000003,0.39481188408387424,-0.38590219551989247,0.02999999999999997,-0.10999999999999999,,1.01,WAIT,1,"BTC5+,PM15-,UP_BOOK"
2026-09-21 16:50:55,1790009454,btc-updown-5m-1790009400,246,85978.31,85981.94,-3.6300000000046566,23.319999999992433,-3.6300000000046566,,,0.47,0.48,0.475,0.48,0.49,0.485,400.0,208.0,1159.96,726.76,0.3157894736842105,0.2296048168249661,0.15999999999999998,0.0,,0.97,WAIT,3,"BTC5+,PM5+,UP_BOOK"
2026-09-21 16:50:57,1790009456,btc-updown-5m-1790009400,244,85984.63,85981.94,2.6900000000023283,18.639999999999418,2.6900000000023283,,,0.51,0.52,0.515,0.48,0.49,0.485,1312.13,2078.69,2119.69,1289.24,-0.22606921039748495,0.2436101650664578,0.14,0.040000000000000036,,1.01,WAIT,2,"BTC5+,PM5+"
2026-09-21 16:50:58,1790009458,btc-updown-5m-1790009400,242,85989.8,85981.94,7.860000000000582,23.80999999999767,27.620000000009895,,,0.5,0.51,0.505,0.49,0.5,0.495,1557.22,2549.42,2571.0,1549.89,-0.24160871174488147,0.24778870583781654,0.14,0.16000000000000003,,1.01,UP WATCH,6,"BTC5+,BTC15+,PM5+,PM15+"
2026-09-21 16:51:00,1790009459,btc-updown-5m-1790009400,241,85989.81,85981.94,7.869999999995343,11.5,34.80000000000291,,,0.49,0.5,0.495,0.5,0.51,0.505,2212.96,2300.92,2760.06,2232.96,-0.019486561450459478,0.10556737205138371,0.020000000000000018,0.18,,1.01,WAIT,5,"BTC5+,BTC15+,PM15+"
2026-09-21 16:51:02,1790009461,btc-updown-5m-1790009400,239,85989.8,85981.94,7.860000000000582,5.169999999998254,34.80000000000291,,,0.46,0.47,0.46499999999999997,0.53,0.54,0.535,2076.86,926.52,1626.21,3270.8,0.38301513627979145,-0.33583554046244546,-0.050000000000000044,0.12999999999999995,,1.01,WAIT,5,"BTC15+,PM5-,PM15+,UP_BOOK"
2026-09-21 16:51:04,1790009463,btc-updown-5m-1790009400,237,85988.69,85981.94,6.75,-1.110000000000582,33.69000000000233,6.740000000005239,,0.43,0.44,0.435,0.56,0.57,0.565,1266.3,2496.6800000000003,2729.42,1436.3,-0.3269695826180315,0.310419327271156,-0.07,0.09999999999999998,-0.06,1.01,WAIT,1,"BTC15+,PM5-,PM15+,DOWN_BOOK"
2026-09-21 16:51:05,1790009465,btc-updown-5m-1790009400,235,85969.62,85981.94,-12.320000000006985,-20.19000000000233,14.629999999990105,-12.330000000001746,,0.38,0.39,0.385,0.61,0.62,0.615,2362.48,2707.29,2033.2900000000002,1484.35,-0.06801294733291646,0.15605349040834202,-0.10999999999999999,0.07,-0.10999999999999999,1.01,WAIT,-1,"BTC5-,PM5-,PM15+,PM30-"
2026-09-21 16:51:07,1790009466,btc-updown-5m-1790009400,234,85959.45,85981.94,-22.49000000000524,-30.35000000000582,-6.540000000008149,-22.5,,0.32,0.33,0.325,0.67,0.68,0.675,2762.42,1904.3600000000001,2009.0900000000001,3532.65,0.1838655346941574,-0.2749244822023408,-0.13999999999999996,-0.04999999999999999,-0.16999999999999998,1.01,WAIT,-4,"BTC_BELOW,BTC5-,PM5-,PM30-"
2026-09-21 16:51:09,1790009468,btc-updown-5m-1790009400,232,85959.44,85981.94,-22.5,-29.25,-6.55000000000291,-22.50999999999476,,0.32,0.33,0.325,0.67,0.68,0.675,2340.39,2663.95,2858.95,3411.65,-0.06465587869729074,-0.08814148566325396,-0.10999999999999999,-0.03999999999999998,-0.14999999999999997,1.01,WAIT,-5,"BTC_BELOW,BTC5-,PM5-,PM30-"
2026-09-21 16:51:11,1790009470,btc-updown-5m-1790009400,230,85938.37,85981.94,-43.570000000006985,-31.25,-39.94000000000233,-43.570000000006985,,0.27,0.28,0.275,0.72,0.73,0.725,1359.0,1938.74,2412.13,930.0,-0.17579918368337105,0.44346868613728374,-0.10999999999999999,-0.19999999999999996,-0.19999999999999996,1.01,DOWN WATCH,-12,"BTC_BELOW,BTC5-,BTC15-,BTC30-,PM5-,PM15-,PM30-,DOWN_BOOK"
2026-09-21 16:51:13,1790009472,btc-updown-5m-1790009400,228,85938.38,85981.94,-43.55999999999767,-21.069999999992433,-46.25,-23.79999999998836,,0.24,0.25,0.245,0.75,0.76,0.755,3758.1800000000003,1696.0,1776.0,3281.1800000000003,0.3780916654749202,-0.2976322772770596,-0.08000000000000002,-0.27,-0.09999999999999998,1.01,WAIT,-7,DOWN_TOO_EXPENSIVE
2026-09-21 16:51:14,1790009474,btc-updown-5m-1790009400,226,85938.37,85981.94,-43.570000000006985,-21.070000000006985,-51.44000000000233,-16.639999999999418,,0.24,0.25,0.245,0.75,0.76,0.755,2569.63,2904.74,2214.78,2716.85,-0.061214349779061275,-0.10180609656442184,-0.08000000000000002,-0.25,-0.07,1.01,WAIT,-9,DOWN_TOO_EXPENSIVE
2026-09-21 16:51:16,1790009475,btc-updown-5m-1790009400,225,85934.64,85981.94,-47.30000000000291,-3.7299999999959255,-55.169999999998254,-20.360000000000582,,0.23,0.24,0.235,0.76,0.77,0.765,2665.0,3019.79,2149.9,3193.0,-0.06241039686602319,-0.1952310542963559,-0.040000000000000036,-0.26,-0.10000000000000003,1.01,WAIT,-8,DOWN_TOO_EXPENSIVE
2026-09-21 16:51:18,1790009477,btc-updown-5m-1790009400,223,85934.64,85981.94,-47.30000000000291,-3.7400000000052387,-55.16000000000349,-20.360000000000582,,0.23,0.24,0.235,0.76,0.77,0.765,3147.1,2303.6000000000004,2358.04,3142.71,0.154750765956666,-0.1426478207517157,-0.010000000000000009,-0.22999999999999998,-0.10000000000000003,1.01,WAIT,-7,DOWN_TOO_EXPENSIVE
2026-09-21 16:51:20,1790009479,btc-updown-5m-1790009400,221,85936.03,85981.94,-45.91000000000349,-2.3399999999965075,-52.66000000000349,-18.960000000006403,,0.28,0.29,0.28500000000000003,0.71,0.72,0.715,2396.2000000000003,283.54,793.93,3696.69,0.7883824550142925,-0.6464051734504368,0.040000000000000036,-0.14999999999999997,-0.02999999999999997,1.01,WAIT,-3,"BTC_BELOW,BTC15-,PM5+,PM15-,UP_BOOK"
2026-09-21 16:51:21,1790009481,btc-updown-5m-1790009400,219,85938.38,85981.94,-43.55999999999767,3.7400000000052387,-21.069999999992433,-27.610000000000582,,0.28,0.29,0.28500000000000003,0.71,0.72,0.715,2828.27,2092.21,3002.07,2460.27,0.1495910968035639,0.09918825997649362,0.050000000000000044,-0.03999999999999998,-0.08999999999999997,1.01,WAIT,-4,"BTC_BELOW,BTC15-,PM5+,PM30-"
2026-09-21 16:51:23,1790009482,btc-updown-5m-1790009400,218,85938.39,85981.94,-43.55000000000291,3.75,-21.05999999999767,-27.60000000000582,,0.27,0.28,0.275,0.72,0.73,0.725,3100.04,2640.3399999999997,3159.21,2352.62,0.0800818064309332,0.14633796760785442,0.040000000000000036,-0.04999999999999999,-0.08999999999999997,1.01,WAIT,-4,"BTC_BELOW,BTC15-,PM5+,PM30-"
2026-09-21 16:51:25,1790009484,btc-updown-5m-1790009400,216,85938.38,85981.94,-43.55999999999767,2.3500000000058208,-21.05999999999767,-39.929999999993015,,0.25,0.26,0.255,0.74,0.75,0.745,2843.66,3126.01,2794.06,2840.02,-0.047297421800535096,-0.008157498651066374,-0.030000000000000027,-0.07,-0.21999999999999997,1.01,DOWN WATCH,-10,"BTC_BELOW,BTC15-,BTC30-,PM5-,PM15-,PM30-"
2026-09-21 16:51:27,1790009486,btc-updown-5m-1790009400,214,85938.39,85981.94,-43.55000000000291,0.00999999999476131,0.020000000004074536,-46.24000000000524,,0.25,0.26,0.255,0.74,0.75,0.745,3558.85,1840.7200000000003,1853.5,3500.88,0.318197560176088,-0.30766960880624833,-0.030000000000000027,-0.020000000000000018,-0.26,1.01,WAIT,-4,"BTC_BELOW,BTC30-,PM5-,PM30-,UP_BOOK"
2026-09-21 16:51:29,1790009488,btc-updown-5m-1790009400,212,85938.39,85981.94,-43.55000000000291,0.0,0.00999999999476131,-51.41000000000349,,0.29,0.3,0.295,0.69,0.7,0.695,2345.84,2023.0900000000001,2833.79,1767.0,0.07387392336338645,0.23187104823302085,0.019999999999999962,0.04999999999999999,-0.21000000000000002,1.0,WAIT,-5,"BTC_BELOW,BTC30-,PM30-"
2026-09-21 16:51:31,1790009490,btc-updown-5m-1790009400,210,85938.39,85981.94,-43.55000000000291,0.00999999999476131,3.75,-51.419999999998254,,0.27,0.28,0.275,0.72,0.73,0.725,2086.9,3091.7799999999997,3101.7799999999997,2441.9,-0.19404172491831886,0.11903284460863535,0.020000000000000018,0.040000000000000036,-0.21999999999999997,1.01,WAIT,-5,"BTC_BELOW,BTC30-,PM30-"
2026-09-21 16:51:32,1790009492,btc-updown-5m-1790009400,208,85938.39,85981.94,-43.55000000000291,0.0,3.75,-51.41000000000349,-43.55999999999767,0.26,0.27,0.265,0.73,0.74,0.735,3009.78,2101.41,2247.8500000000004,2823.62,0.1777218221197021,-0.113531185238205,0.010000000000000009,0.030000000000000027,-0.19999999999999996,1.01,DOWN WATCH,-6,"BTC_BELOW,BTC30-,BTC60-,PM30-"
2026-09-21 16:51:34,1790009493,btc-updown-5m-1790009400,207,85927.66,85981.94,-54.279999999998836,-10.729999999995925,-6.9799999999959255,-61.029999999998836,-54.2899999999936,0.19,0.2,0.195,0.8,0.81,0.805,2297.25,2826.3,3353.3,2056.0,-0.10325848288784147,0.23982770413916776,-0.09999999999999998,-0.03999999999999998,-0.24,1.01,WAIT,-9,DOWN_TOO_EXPENSIVE
2026-09-21 16:51:36,1790009495,btc-updown-5m-1790009400,205,85900.0,85981.94,-81.94000000000233,-38.38999999999942,-36.029999999998836,-69.61999999999534,-81.94999999999709,0.12,0.13,0.125,0.87,0.88,0.875,1259.7,2740.86,1964.67,2876.99,-0.37023816665666803,-0.18843124052494387,-0.15000000000000002,-0.16000000000000003,-0.26,1.01,WAIT,-14,DOWN_TOO_EXPENSIVE
2026-09-21 16:51:37,1790009497,btc-updown-5m-1790009400,203,85893.94,85981.94,-88.0,-44.44999999999709,-44.44999999999709,-65.50999999999476,-88.00999999999476,0.12,0.13,0.125,0.87,0.88,0.875,3253.02,2601.5200000000004,2620.33,3293.67,0.11128115957872001,-0.11385525870815018,-0.14,-0.15000000000000002,-0.2,1.01,WAIT,-13,DOWN_TOO_EXPENSIVE
2026-09-21 16:51:39,1790009498,btc-updown-5m-1790009400,202,85898.08,85981.94,-83.86000000000058,-29.580000000001746,-40.30999999999767,-61.36000000000058,-83.86999999999534,0.16,0.17,0.165,0.83,0.84,0.835,1781.31,1475.79,1498.73,2093.11,0.09380123422676614,-0.16548064501759546,-0.03,-0.11000000000000001,-0.16,1.01,WAIT,-13,DOWN_TOO_EXPENSIVE
2026-09-21 16:51:41,1790009500,btc-updown-5m-1790009400,200,85898.08,85981.94,-83.86000000000058,-1.9199999999982538,-40.30000000000291,-40.2899999999936,-83.86000000000058,0.16,0.17,0.165,0.83,0.84,0.835,2087.26,3191.55,3317.91,2050.15,-0.20919298099382244,0.23616725595466517,0.04000000000000001,-0.09,-0.11000000000000001,1.01,WAIT,-10,DOWN_TOO_EXPENSIVE
2026-09-21 16:51:43,1790009502,btc-updown-5m-1790009400,198,85902.97,85981.94,-78.97000000000116,9.029999999998836,-35.419999999998254,-35.41000000000349,-59.20999999999185,0.17,0.18,0.175,0.8,0.82,0.81,6145.639999999999,759.88,923.36,3983.76,0.779920990743637,-0.6236652048452046,0.04999999999999999,-0.08000000000000002,-0.07,1.0,WAIT,-8,DOWN_TOO_EXPENSIVE
2026-09-21 16:51:44,1790009504,btc-updown-5m-1790009400,196,85924.33,85981.94,-57.61000000000058,26.25,-14.059999999997672,-14.039999999993597,-30.679999999993015,0.23,0.24,0.235,0.76,0.77,0.765,2898.0,2485.52,2934.25,2066.7,0.07661901506820816,0.17347703936252115,0.06999999999999998,-0.06,-0.010000000000000009,1.01,WAIT,-3,"BTC_BELOW,BTC5+,PM5+,PM15-"
2026-09-21 16:51:46,1790009505,btc-updown-5m-1790009400,195,85924.33,85981.94,-57.61000000000058,26.25,-14.059999999997672,-10.309999999997672,-30.669999999998254,0.22,0.23,0.225,0.77,0.78,0.775,2554.0,3143.74,3153.74,2574.0,-0.10350419640067814,0.10121618648891183,0.06,-0.05000000000000002,-0.009999999999999981,1.01,WAIT,-3,"BTC_BELOW,BTC5+,PM5+,PM15-"
2026-09-21 16:51:48,1790009507,btc-updown-5m-1790009400,193,85924.33,85981.94,-57.61000000000058,21.360000000000582,-14.059999999997672,-10.309999999997672,-30.669999999998254,0.21,0.22,0.215,0.78,0.79,0.785,2058.07,2440.55,2815.55,1977.2700000000002,-0.0850216288550711,0.1749032928422098,0.04000000000000001,-0.05000000000000002,-0.01999999999999999,1.01,WAIT,-3,"BTC_BELOW,BTC5+,PM5+,PM15-"
2026-09-21 16:51:50,1790009509,btc-updown-5m-1790009400,191,85920.0,85981.94,-61.94000000000233,-4.330000000001746,-7.6600000000034925,-16.029999999998836,-34.99000000000524,0.17,0.18,0.175,0.82,0.83,0.825,3892.1900000000005,1968.64,2034.64,3865.5600000000004,0.3282043669582636,-0.3103149045795058,-0.06,-0.020000000000000018,-0.11000000000000004,1.01,WAIT,-3,"BTC_BELOW,PM5-,PM30-,UP_BOOK"
2026-09-21 16:51:51,1790009511,btc-updown-5m-1790009400,189,85920.01,85981.94,-61.93000000000757,-4.320000000006985,20.00999999999476,-18.370000000009895,-45.98000000001048,0.17,0.18,0.175,0.82,0.83,0.825,3795.5200000000004,1816.96,3725.3900000000003,2960.08,0.3525286504361709,0.11447362713466673,-0.05000000000000002,0.04999999999999999,-0.11000000000000004,1.01,WAIT,-3,"BTC_BELOW,BTC15+,BTC60-,PM5-,PM30-,UP_BOOK"
2026-09-21 16:51:53,1790009512,btc-updown-5m-1790009400,188,85909.88,85981.94,-72.05999999999767,-14.44999999999709,15.940000000002328,-28.50999999999476,-56.11000000000058,0.14,0.15,0.14500000000000002,0.85,0.86,0.855,2842.58,2333.67,2365.67,3934.4399999999996,0.09831634870804151,-0.24900676337397276,-0.06999999999999998,0.020000000000000018,-0.13,1.01,WAIT,-7,DOWN_TOO_EXPENSIVE
2026-09-21 16:51:55,1790009514,btc-updown-5m-1790009400,186,85909.88,85981.94,-72.05999999999767,-10.119999999995343,11.80000000000291,-28.5,-68.42999999999302,0.14,0.15,0.14500000000000002,0.85,0.86,0.855,2570.71,2663.83,3142.2799999999997,2063.86,-0.01778952878380906,0.20714387242755664,-0.02999999999999997,-0.01999999999999999,-0.10999999999999999,1.01,WAIT,-6,DOWN_TOO_EXPENSIVE
2026-09-21 16:51:57,1790009516,btc-updown-5m-1790009400,184,85905.42,85981.94,-76.52000000000407,-14.589999999996508,7.3399999999965075,-32.970000000001164,-79.2100000000064,0.13,0.14,0.135,0.86,0.87,0.865,4140.8099999999995,2259.39,2239.3900000000003,4238.55,0.2939626886659792,-0.30861045332312426,-0.03999999999999998,-0.03,-0.12,1.01,WAIT,-7,DOWN_TOO_EXPENSIVE
2026-09-21 16:51:58,1790009518,btc-updown-5m-1790009400,182,85909.46,85981.94,-72.47999999999593,-0.41999999999825377,6.490000000005239,-28.929999999993015,-80.33999999999651,0.18,0.19,0.185,0.79,0.8,0.795,4497.02,1522.1599999999999,787.0,3152.89,0.49423011107825326,-0.6004964605610816,0.03999999999999998,0.010000000000000009,-0.10999999999999999,0.99,WAIT,-2,"BTC_BELOW,BTC60-,PM5+,PM30-,UP_BOOK"
2026-09-21 16:52:00,1790009519,btc-updown-5m-1790009400,181,85921.67,85981.94,-60.270000000004075,11.789999999993597,-2.6600000000034925,-16.720000000001164,-68.13999999999942,0.19,0.2,0.195,0.83,0.84,0.835,1943.25,3001.66,2561.39,1325.3899999999999,-0.21404029598111995,0.31800101883821574,0.04999999999999999,-0.03999999999999998,-0.09999999999999998,1.04,WAIT,-4,"BTC_BELOW,BTC5+,BTC60-,PM5+,PM30-,DOWN_BOOK"
2026-09-21 16:52:02,1790009521,btc-updown-5m-1790009400,179,85908.09,85981.94,-73.85000000000582,2.6699999999982538,-16.24000000000524,-30.30000000000291,-81.7100000000064,0.14,0.15,0.14500000000000002,0.85,0.86,0.855,3055.51,1743.92,1916.2400000000002,4059.82,0.273280368710451,-0.35869452448603256,0.010000000000000009,-0.07999999999999999,-0.13,1.01,WAIT,-7,DOWN_TOO_EXPENSIVE
2026-09-21 16:52:04,1790009523,btc-updown-5m-1790009400,177,85903.14,85981.94,-78.80000000000291,-6.320000000006985,-21.19000000000233,-24.520000000004075,-85.55000000000291,0.14,0.15,0.14500000000000002,0.86,0.87,0.865,506.2,3044.82,4217.37,789.17,-0.714898817804462,0.6847443543844651,-0.03999999999999998,-0.06999999999999998,-0.04999999999999999,1.02,WAIT,-11,DOWN_TOO_EXPENSIVE
2026-09-21 16:52:06,1790009525,btc-updown-5m-1790009400,175,85908.28,85981.94,-73.66000000000349,-13.389999999999418,-11.720000000001164,8.279999999998836,-61.33999999999651,0.18,0.19,0.185,0.77,0.78,0.775,2048.34,630.0,443.27,1778.07,0.5295593539281794,-0.6008985567270205,-0.010000000000000009,0.010000000000000009,0.06,0.97,WAIT,-3,"BTC_BELOW,BTC5-,BTC60-,UP_BOOK"
2026-09-21 16:52:07,1790009527,btc-updown-5m-1790009400,173,85924.31,85981.94,-57.63000000000466,16.220000000001164,14.429999999993015,30.369999999995343,-35.13999999999942,0.2,0.21,0.20500000000000002,0.79,0.8,0.795,3749.44,3474.7200000000003,3396.81,3834.13,0.038027950654470524,-0.060478997198151294,0.06,0.06,0.08000000000000002,1.01,WAIT,4,"BTC_BELOW,BTC5+,BTC30+,PM5+,PM15+,PM30+"
2026-09-21 16:52:09,1790009528,btc-updown-5m-1790009400,172,85924.32,85981.94,-57.61999999999534,21.180000000007567,14.440000000002328,26.24000000000524,-35.11999999999534,0.19,0.2,0.195,0.82,0.83,0.825,641.3499999999999,3421.66,2976.75,2520.23,-0.6842980942700116,0.083049237945199,0.04999999999999999,0.04999999999999999,0.03,1.03,WAIT,-2,"BTC_BELOW,BTC5+,PM5+"
2026-09-21 16:52:11,1790009530,btc-updown-5m-1790009400,170,85924.31,85981.94,-57.63000000000466,16.029999999998836,14.429999999993015,26.229999999995925,-14.059999999997672,0.16,0.17,0.165,0.83,0.84,0.835,3898.0699999999997,2572.48,2636.3399999999997,3478.87,0.2048651196575252,-0.137776135243107,-0.01999999999999999,0.01999999999999999,0.0,1.01,WAIT,-2,"BTC_BELOW,BTC5+"
2026-09-21 16:52:13,1790009532,btc-updown-5m-1790009400,168,85920.0,85981.94,-61.94000000000233,-4.309999999997672,14.580000000001746,17.029999999998836,-18.380000000004657,0.15,0.16,0.155,0.84,0.85,0.845,4004.17,2155.33,2115.33,4296.94,0.30016072733176397,-0.34022428874641897,-0.05000000000000002,0.01999999999999999,-0.01999999999999999,1.01,WAIT,-2,"BTC_BELOW,PM5-,UP_BOOK"
2026-09-21 16:52:15,1790009534,btc-updown-5m-1790009400,166,85920.0,85981.94,-61.94000000000233,-4.320000000006985,-1.6699999999982538,-4.330000000001746,-18.369999999995343,0.15,0.16,0.155,0.84,0.85,0.845,4362.29,1517.47,1567.47,4180.36,0.48383267344245334,-0.454587209433821,-0.04000000000000001,-0.04000000000000001,-0.07999999999999999,1.01,WAIT,-3,"BTC_BELOW,PM5-,PM30-,UP_BOOK"
2026-09-21 16:52:16,1790009536,btc-updown-5m-1790009400,164,85920.0,85981.94,-61.94000000000233,-4.309999999997672,11.910000000003492,-4.330000000001746,-14.639999999999418,0.14,0.15,0.14500000000000002,0.85,0.86,0.855,2543.57,2902.7200000000003,3201.4300000000003,3348.88,-0.06594397286960482,-0.02251038500467914,-0.01999999999999999,0.0,-0.07999999999999999,1.01,WAIT,-4,"BTC_BELOW,PM30-"
2026-09-21 16:52:18,1790009537,btc-updown-5m-1790009400,163,85918.34,85981.94,-63.60000000000582,-1.6600000000034925,10.25,-5.990000000005239,-16.30000000000291,0.13,0.14,0.135,0.86,0.87,0.865,3515.99,2887.02,2992.9500000000003,3505.8,0.09823036353215125,-0.07891517599538371,-0.01999999999999999,-0.010000000000000009,-0.07999999999999999,1.01,WAIT,-4,"BTC_BELOW,PM30-"
2026-09-21 16:52:20,1790009539,btc-updown-5m-1790009400,161,85930.76,85981.94,-51.18000000000757,10.759999999994761,27.619999999995343,10.759999999994761,-5.2700000000040745,0.19,0.2,0.195,0.8,0.81,0.805,6169.48,555.64,69.19000000000001,5340.47,0.8347568519223448,-0.9744198341485418,0.04000000000000001,0.04999999999999999,0.020000000000000018,1.01,WAIT,3,"BTC_BELOW,BTC5+,BTC15+,PM5+,UP_BOOK"
2026-09-21 16:52:22,1790009541,btc-updown-5m-1790009400,159,85941.74,85981.94,-40.19999999999709,21.74000000000524,33.4600000000064,21.730000000010477,3.360000000000582,0.25,0.26,0.255,0.74,0.75,0.745,2277.2599999999998,3161.42,3406.42,2332.2599999999998,-0.1625688586201064,0.18717893313444908,0.10999999999999999,0.07,0.08000000000000002,1.01,WAIT,5,"BTC_BELOW,BTC5+,BTC15+,PM5+,PM15+,PM30+"
2026-09-21 16:52:23,1790009543,btc-updown-5m-1790009400,157,85938.39,85981.94,-43.55000000000291,20.05000000000291,14.069999999992433,28.50999999999476,0.0,0.24,0.25,0.245,0.75,0.77,0.76,2270.3,3276.38,2918.38,643.9,-0.18138417936495344,0.638489955870959,0.10999999999999999,0.04999999999999999,0.09999999999999998,1.02,WAIT,0,"BTC_BELOW,BTC5+,PM5+,PM30+,DOWN_BOOK"
2026-09-21 16:52:25,1790009544,btc-updown-5m-1790009400,156,85934.43,85981.94,-47.51000000000931,3.6699999999982538,10.10999999998603,24.54999999998836,-3.9500000000116415,0.16,0.17,0.165,0.83,0.84,0.835,4708.7300000000005,1099.46,1099.69,4720.89,0.6214104566138504,-0.6221373127763901,-0.03,-0.03,0.01999999999999999,1.01,WAIT,-1,"BTC_BELOW,PM5-,UP_BOOK"
2026-09-21 16:52:27,1790009546,btc-updown-5m-1790009400,154,85934.44,85981.94,-47.5,-7.30000000000291,10.130000000004657,29.020000000004075,-3.9499999999970896,0.17,0.18,0.175,0.82,0.83,0.825,3121.5299999999997,3139.67,3283.67,3013.5299999999997,-0.0028972082029004548,0.04289843104872012,-0.08000000000000002,0.009999999999999981,0.03999999999999998,1.01,WAIT,-3,"BTC_BELOW,PM5-"
2026-09-21 16:52:29,1790009548,btc-updown-5m-1790009400,152,85934.42,85981.94,-47.520000000004075,-3.970000000001164,14.419999999998254,24.95999999999185,-3.970000000001164,0.15,0.16,0.155,0.84,0.85,0.845,1926.24,2761.14,2484.28,3166.77,-0.17811655978393043,-0.1207722458658125,-0.09,0.0,-0.03,1.01,WAIT,-3,"BTC_BELOW,PM5-"
2026-09-21 16:52:31,1790009550,btc-updown-5m-1790009400,150,85915.64,85981.94,-66.30000000000291,-18.789999999993597,-4.360000000000582,-6.029999999998836,-22.75,0.1,0.11,0.10500000000000001,0.9,0.91,0.905,408.4,3437.7799999999997,3008.83,1006.0,-0.7876334440925801,0.49885798402423015,-0.06,-0.04999999999999999,-0.09,1.02,WAIT,-8,DOWN_TOO_EXPENSIVE
2026-09-21 16:52:32,1790009552,btc-updown-5m-1790009400,148,85893.94,85981.94,-88.0,-40.5,-24.39999999999418,-14.14999999999418,-44.44999999999709,0.06,0.07,0.065,0.93,0.94,0.935,6180.879999999999,1846.78,1013.49,7295.58,0.5398958102361087,-0.7560521213565418,-0.10999999999999999,-0.07,-0.08000000000000002,1.01,WAIT,-9,DOWN_TOO_EXPENSIVE
2026-09-21 16:52:34,1790009553,btc-updown-5m-1790009400,147,85893.94,85981.94,-88.0,-40.479999999995925,-24.39999999999418,-9.19999999999709,-33.720000000001164,0.07,0.08,0.07500000000000001,0.92,0.93,0.925,2043.18,2740.9300000000003,2468.3900000000003,3393.9799999999996,-0.14584739899375226,-0.157886656761685,-0.07999999999999999,-0.06,-0.07,1.01,WAIT,-10,DOWN_TOO_EXPENSIVE
2026-09-21 16:52:36,1790009555,btc-updown-5m-1790009400,145,85893.94,85981.94,-88.0,-21.69999999999709,-36.81999999999243,-14.339999999996508,-6.059999999997672,0.07,0.08,0.07500000000000001,0.92,0.93,0.925,1945.02,3210.5600000000004,3118.5600000000004,2586.77,-0.24546995682348066,0.09320933232608813,-0.03,-0.12,-0.10999999999999999,1.01,WAIT,-10,DOWN_TOO_EXPENSIVE
2026-09-21 16:52:38,1790009557,btc-updown-5m-1790009400,143,85893.94,85981.94,-88.0,0.0,-47.80000000000291,-30.369999999995343,0.0,0.1,0.11,0.10500000000000001,0.89,0.9,0.895,2479.62,2690.25,2690.25,2684.0499999999997,-0.04074183683535565,0.001153638613400866,0.04000000000000001,-0.15,-0.1,1.01,WAIT,-9,DOWN_TOO_EXPENSIVE
2026-09-21 16:52:40,1790009559,btc-updown-5m-1790009400,141,85893.94,85981.94,-88.0,0.0,-40.48999999999069,-30.380000000004657,-4.139999999999418,0.07,0.08,0.07500000000000001,0.92,0.93,0.925,1387.3,3153.5299999999997,3163.5299999999997,2475.37,-0.3889663343485662,0.12203798613204701,0.0,-0.09,-0.12,1.01,WAIT,-11,DOWN_TOO_EXPENSIVE
2026-09-21 16:52:41,1790009561,btc-updown-5m-1790009400,139,85892.41,85981.94,-89.52999999999884,-1.5299999999988358,-42.029999999998836,-31.89999999999418,-5.669999999998254,0.06,0.07,0.065,0.94,0.95,0.945,3053.33,3471.52,2775.7000000000003,8886.84,-0.06409189483283141,-0.5239973453467254,-0.010000000000000009,-0.10999999999999999,-0.1,1.02,WAIT,-9,DOWN_TOO_EXPENSIVE
2026-09-21 16:52:43,1790009562,btc-updown-5m-1790009400,138,85887.56,85981.94,-94.38000000000466,-6.380000000004657,-46.88000000000466,-32.44000000000233,-15.410000000003492,0.05,0.06,0.055,0.94,0.95,0.945,3264.7299999999996,3501.93,3592.02,5743.67,-0.03505422172829731,-0.23047573344873276,-0.05000000000000001,-0.12,-0.1,1.01,WAIT,-11,DOWN_TOO_EXPENSIVE
2026-09-21 16:52:45,1790009564,btc-updown-5m-1790009400,136,85887.57,85981.94,-94.36999999999534,-6.369999999995343,-46.84999999999127,-32.429999999993015,-36.75999999999476,0.05,0.06,0.055,0.94,0.95,0.945,3563.2099999999996,3179.35,3129.35,6197.950000000001,0.05693089864977096,-0.3289912407663526,-0.02000000000000001,-0.1,-0.1,1.01,WAIT,-9,DOWN_TOO_EXPENSIVE
2026-09-21 16:52:47,1790009566,btc-updown-5m-1790009400,134,85887.57,85981.94,-94.36999999999534,-4.8399999999965075,-28.069999999992433,-32.429999999993015,-36.75999999999476,0.05,0.06,0.055,0.94,0.95,0.945,2875.1499999999996,3380.35,3380.35,5486.09,-0.08076093038126453,-0.23749554499889472,-0.010000000000000002,-0.05000000000000001,-0.09000000000000002,1.01,WAIT,-10,DOWN_TOO_EXPENSIVE
2026-09-21 16:52:48,1790009568,btc-updown-5m-1790009400,132,85904.29,85981.94,-77.65000000000873,16.729999999995925,10.349999999991269,-14.05000000000291,-20.04000000000815,0.09,0.1,0.095,0.87,0.9,0.885,958.78,250.1,399.0,1403.95,0.5862285752101118,-0.5573920519149173,0.04,0.01999999999999999,-0.04000000000000001,1.0,WAIT,1,"BTC_BELOW,BTC5+,PM5+,UP_BOOK"
2026-09-21 16:52:50,1790009569,btc-updown-5m-1790009400,131,85916.52,85981.94,-65.41999999999825,28.94999999999709,22.580000000001746,-14.239999999990687,-3.4799999999959255,0.13,0.14,0.135,0.86,0.87,0.865,2582.63,2439.15,2514.79,2993.15,0.028571542361473422,-0.08684916683914495,0.08000000000000002,0.06,-0.06,1.01,WAIT,3,"BTC_BELOW,BTC5+,BTC15+,PM5+,PM15+"
2026-09-21 16:52:52,1790009571,btc-updown-5m-1790009400,129,85916.52,85981.94,-65.41999999999825,28.94999999999709,22.580000000001746,-25.220000000001164,-3.4899999999906868,0.12,0.13,0.125,0.87,0.88,0.875,3574.18,3145.1500000000005,3248.6200000000003,3389.18,0.06385011600859004,-0.021175690740908054,0.07,0.04999999999999999,-0.13,1.01,WAIT,0,"BTC_BELOW,BTC5+,BTC15+,PM5+,PM30-"
2026-09-21 16:52:54,1790009573,btc-updown-5m-1790009400,127,85916.52,85981.94,-65.41999999999825,12.230000000010477,22.580000000001746,-21.869999999995343,6.639999999999418,0.12,0.13,0.125,0.87,0.88,0.875,5018.66,1258.8,1012.0,5328.79,0.5989460705444558,-0.6807968723140176,0.03,0.01999999999999999,-0.12,1.01,WAIT,2,"BTC_BELOW,BTC5+,BTC15+,PM5+,PM30-,UP_BOOK"
2026-09-21 16:52:56,1790009575,btc-updown-5m-1790009400,125,85918.8,85981.94,-63.13999999999942,2.279999999998836,24.860000000000582,-15.629999999990105,8.919999999998254,0.13,0.14,0.135,0.84,0.85,0.845,5336.22,762.0,1254.0,4633.81,0.7500910101636216,-0.5740351675750407,0.0,0.06,-0.03,0.99,WAIT,3,"BTC_BELOW,BTC15+,PM15+,UP_BOOK"
2026-09-21 16:52:58,1790009577,btc-updown-5m-1790009400,123,85925.68,85981.94,-56.26000000000931,9.15999999998894,38.11999999999534,-8.760000000009313,20.25999999999476,0.15,0.16,0.155,0.84,0.85,0.845,3435.7400000000002,2112.56,768.0,4718.25,0.23848385992105695,-0.7200273410799727,0.03,0.1,-0.01999999999999999,1.01,WAIT,3,"BTC_BELOW,BTC15+,PM5+,PM15+"
2026-09-21 16:52:59,1790009579,btc-updown-5m-1790009400,121,85927.5,85981.94,-54.44000000000233,10.979999999995925,39.929999999993015,-6.919999999998254,5.830000000001746,0.13,0.14,0.135,0.86,0.87,0.865,2861.0,2697.18,1194.66,4042.48,0.02947367663515758,-0.5437738918570059,0.010000000000000009,0.08000000000000002,-0.01999999999999999,1.01,WAIT,3,"BTC_BELOW,BTC5+,BTC15+,PM15+"
2026-09-21 16:53:01,1790009580,btc-updown-5m-1790009400,120,85930.69,85981.94,-51.25,11.889999999999418,43.11999999999534,15.05000000000291,9.020000000004075,0.15,0.16,0.155,0.85,0.86,0.855,329.31,2461.74,2636.06,1837.0,-0.7640242919331435,0.17863833706679544,0.01999999999999999,0.1,0.04999999999999999,1.02,WAIT,1,"BTC_BELOW,BTC5+,BTC15+,PM15+"
2026-09-21 16:53:03,1790009582,btc-updown-5m-1790009400,118,85934.42,85981.94,-47.520000000004075,8.740000000005239,46.84999999999127,40.479999999995925,26.330000000001746,0.19,0.2,0.195,0.8,0.81,0.805,3522.0,1766.15,1750.96,3468.36,0.3320348325974112,-0.32904669573814216,0.04000000000000001,0.14,0.13,1.01,UP WATCH,8,"BTC_BELOW,BTC15+,BTC30+,PM5+,PM15+,PM30+,UP_BOOK"
2026-09-21 16:53:05,1790009584,btc-updown-5m-1790009400,116,85941.74,85981.94,-40.19999999999709,14.240000000005239,25.220000000001164,47.80000000000291,38.60000000000582,0.22,0.23,0.225,0.78,0.79,0.785,2575.93,2003.95,2223.64,2092.2,0.1248897351022297,0.030455253206791738,0.09,0.09,0.15,1.02,UP WATCH,7,"BTC_BELOW,BTC5+,BTC15+,BTC30+,PM5+,PM15+,PM30+"
2026-09-21 16:53:06,1790009586,btc-updown-5m-1790009400,114,85941.74,85981.94,-40.19999999999709,11.05000000000291,25.220000000001164,47.80000000000291,33.4600000000064,0.18,0.19,0.185,0.81,0.82,0.815,2759.79,3123.92,3068.92,2699.79,-0.06188782247935403,0.06398830934472353,0.03,0.06,0.10999999999999999,1.01,UP WATCH,7,"BTC_BELOW,BTC5+,BTC15+,BTC30+,PM5+,PM15+,PM30+"
2026-09-21 16:53:08,1790009587,btc-updown-5m-1790009400,113,85941.75,85981.94,-40.19000000000233,7.330000000001746,25.229999999995925,47.80999999999767,17.44000000000233,0.16,0.17,0.165,0.83,0.84,0.835,2855.37,1927.21,2066.62,2734.61,0.1940709826077138,-0.13912893154462508,-0.03,0.04000000000000001,0.06,1.01,WAIT,1,"BTC_BELOW,BTC15+,BTC30+,PM5-"
2026-09-21 16:53:10,1790009589,btc-updown-5m-1790009400,111,85941.74,85981.94,-40.19999999999709,0.0,25.220000000001164,47.80000000000291,17.419999999998254,0.15,0.16,0.155,0.84,0.85,0.845,3526.71,2047.42,2147.44,3653.58,0.2653849120849352,-0.259633650633854,-0.07,0.03,0.07999999999999999,1.01,WAIT,4,"BTC_BELOW,BTC15+,BTC30+,PM5-,PM30+,UP_BOOK"
2026-09-21 16:53:12,1790009591,btc-updown-5m-1790009400,109,85941.74,85981.94,-40.19999999999709,0.0,22.94000000000233,49.330000000001746,17.430000000007567,0.15,0.16,0.155,0.84,0.85,0.845,3205.4700000000003,1883.33,1873.33,3215.52,0.2598137085363937,-0.26375114220305174,-0.03,0.01999999999999999,0.09,1.01,WAIT,4,"BTC_BELOW,BTC15+,BTC30+,PM5-,PM30+,UP_BOOK"
2026-09-21 16:53:14,1790009593,btc-updown-5m-1790009400,107,85941.74,85981.94,-40.19999999999709,-0.00999999999476131,16.060000000012224,54.18000000000757,21.74000000000524,0.15,0.16,0.155,0.84,0.85,0.845,2933.0,2324.35,2431.59,2893.98,0.11577125357832369,-0.08682450892580511,-0.010000000000000009,0.0,0.1,1.01,WAIT,1,"BTC_BELOW,BTC30+,PM30+"
2026-09-21 16:53:15,1790009595,btc-updown-5m-1790009400,105,85941.75,85981.94,-40.19000000000233,0.00999999999476131,11.059999999997672,54.179999999993015,21.75,0.15,0.16,0.155,0.84,0.85,0.845,4153.73,1565.1100000000001,1560.1100000000001,4182.3099999999995,0.45264773975141803,-0.4566367489664635,0.0,0.0,0.1,1.01,WAIT,3,"BTC_BELOW,BTC30+,PM30+,UP_BOOK"
2026-09-21 16:53:17,1790009596,btc-updown-5m-1790009400,104,85941.74,85981.94,-40.19999999999709,0.0,11.05000000000291,54.169999999998254,21.74000000000524,0.14,0.15,0.14500000000000002,0.85,0.86,0.855,3244.27,2092.68,2082.68,3799.13,0.21577680135658012,-0.2918234353030785,-0.009999999999999981,-0.009999999999999981,0.09000000000000002,1.01,WAIT,2,"BTC_BELOW,BTC30+,PM30+"
2026-09-21 16:53:19,1790009598,btc-updown-5m-1790009400,102,85941.74,85981.94,-40.19999999999709,0.0,7.320000000006985,37.45000000001164,23.40000000000873,0.14,0.15,0.14500000000000002,0.85,0.86,0.855,2475.37,2496.99,2390.9300000000003,3238.9300000000003,-0.004348035942691175,-0.15062541519682549,-0.009999999999999981,-0.04999999999999999,0.05000000000000002,1.01,WAIT,0,"BTC_BELOW,BTC30+"
2026-09-21 16:53:21,1790009600,btc-updown-5m-1790009400,100,85941.74,85981.94,-40.19999999999709,-0.00999999999476131,0.0,25.220000000001164,10.980000000010477,0.15,0.16,0.155,0.84,0.85,0.845,2570.52,2824.82,2926.6,2574.52,-0.04713326685621299,0.06400151241928916,0.0,-0.07,0.01999999999999999,1.01,WAIT,-4,"BTC_BELOW,PM15-"
2026-09-21 16:53:23,1790009602,btc-updown-5m-1790009400,98,85941.75,85981.94,-40.19000000000233,0.00999999999476131,0.0,25.229999999995925,0.00999999999476131,0.14,0.15,0.14500000000000002,0.85,0.86,0.855,2674.52,3042.46,2753.85,3199.68,-0.0643591546585785,-0.07488498420264951,0.0,-0.01999999999999999,0.020000000000000018,1.01,WAIT,-2,BTC_BELOW
2026-09-21 16:53:24,1790009604,btc-updown-5m-1790009400,96,85941.75,85981.94,-40.19000000000233,0.00999999999476131,0.00999999999476131,25.229999999995925,7.320000000006985,0.14,0.15,0.14500000000000002,0.85,0.86,0.855,2591.65,2604.71,2600.45,3055.04,-0.002513297769977435,-0.08038030303298214,0.0,-0.009999999999999981,0.020000000000000018,1.01,WAIT,-2,BTC_BELOW
2026-09-21 16:53:26,1790009605,btc-updown-5m-1790009400,95,85941.75,85981.94,-40.19000000000233,0.00999999999476131,0.00999999999476131,22.94999999999709,7.320000000006985,0.14,0.15,0.14500000000000002,0.85,0.86,0.855,3099.3,1962.7800000000002,1952.7800000000002,3852.3,0.2245164043239143,-0.327216851447353,-0.009999999999999981,-0.009999999999999981,0.010000000000000009,1.01,WAIT,-1,BTC_BELOW
2026-09-21 16:53:28,1790009607,btc-updown-5m-1790009400,93,85941.75,85981.94,-40.19000000000233,0.0,0.00999999999476131,16.070000000006985,7.309999999997672,0.13,0.14,0.135,0.87,0.88,0.875,2651.0,2936.55,2461.94,3319.04,-0.05110468810122508,-0.14826205937401615,-0.010000000000000009,-0.01999999999999999,-0.01999999999999999,1.02,WAIT,-2,BTC_BELOW
2026-09-21 16:53:30,1790009609,btc-updown-5m-1790009400,91,85941.75,85981.94,-40.19000000000233,0.0,0.00999999999476131,14.25,7.330000000001746,0.12,0.13,0.125,0.87,0.88,0.875,3195.97,2774.3100000000004,2587.76,3107.27,0.07062650327957806,-0.09122164413532496,-0.020000000000000018,-0.03,-0.010000000000000009,1.01,WAIT,-2,BTC_BELOW
2026-09-21 16:53:31,1790009611,btc-updown-5m-1790009400,89,85941.75,85981.94,-40.19000000000233,0.0,0.00999999999476131,11.059999999997672,26.110000000000582,0.12,0.13,0.125,0.87,0.88,0.875,3161.54,2470.34,2465.4,3080.52,0.12272988771067563,-0.11091396918815992,-0.020000000000000018,-0.020000000000000018,-0.03,1.01,WAIT,-2,BTC_BELOW
2026-09-21 16:53:33,1790009612,btc-updown-5m-1790009400,88,85941.74,85981.94,-40.19999999999709,-0.00999999999476131,0.0,7.320000000006985,47.80000000000291,0.11,0.12,0.11499999999999999,0.92,0.93,0.925,2495.0299999999997,2931.62,907.85,1359.6399999999999,-0.08045294979407189,-0.19924674419732827,-0.020000000000000018,-0.030000000000000027,-0.08000000000000002,1.05,WAIT,-2,"BTC_BELOW,BTC60+,PM30-"
2026-09-21 16:53:35,1790009614,btc-updown-5m-1790009400,86,85941.01,85981.94,-40.93000000000757,-0.7400000000052387,-0.7300000000104774,-0.7300000000104774,47.06999999999243,0.09,0.1,0.095,0.9,0.91,0.905,3721.3999999999996,1496.56,2567.38,2532.25,0.4263811911168349,0.006888735065092979,-0.03,-0.05000000000000002,-0.13,1.01,WAIT,-4,"BTC_BELOW,BTC60+,PM5-,PM15-,PM30-,UP_BOOK"
2026-09-21 16:53:37,1790009616,btc-updown-5m-1790009400,84,85941.01,85981.94,-40.93000000000757,-0.7400000000052387,-0.7300000000104774,-0.7300000000104774,47.06999999999243,0.09,0.1,0.095,0.9,0.91,0.905,2324.95,2980.96,3021.96,2114.52,-0.12363760410561057,0.17666573217456316,-0.03,-0.06,-0.09,1.01,WAIT,-5,"BTC_BELOW,BTC60+,PM5-,PM15-,PM30-"
2026-09-21 16:53:39,1790009618,btc-updown-5m-1790009400,82,85941.02,85981.94,-40.919999999998254,-0.7200000000011642,-0.7299999999959255,-0.7299999999959255,47.080000000001746,0.08,0.09,0.08499999999999999,0.91,0.92,0.915,2956.46,3023.7700000000004,3074.7700000000004,2968.82,-0.01125541994204243,0.0175309708302516,-0.03,-0.060000000000000026,-0.08000000000000002,1.01,WAIT,-5,"BTC_BELOW,BTC60+,PM5-,PM15-,PM30-"
2026-09-21 16:53:41,1790009620,btc-updown-5m-1790009400,80,85941.01,85981.94,-40.93000000000757,0.0,-0.7400000000052387,-0.7300000000104774,47.06999999999243,0.07,0.08,0.07500000000000001,0.92,0.93,0.925,2924.46,2753.4,2455.6400000000003,3681.45,0.030127548055077075,-0.19973798657018219,-0.01999999999999999,-0.07,-0.07999999999999999,1.01,WAIT,-4,"BTC_BELOW,BTC60+,PM15-,PM30-"
2026-09-21 16:53:42,1790009622,btc-updown-5m-1790009400,78,85941.01,85981.94,-40.93000000000757,0.0,-0.7400000000052387,-0.7300000000104774,53.44999999999709,0.07,0.08,0.07500000000000001,0.92,0.93,0.925,3073.36,2905.33,2995.33,3846.36,0.028104818948632593,-0.1243888571390987,-0.01999999999999999,-0.06,-0.07999999999999999,1.01,WAIT,-4,"BTC_BELOW,BTC60+,PM15-,PM30-"
2026-09-21 16:53:44,1790009623,btc-updown-5m-1790009400,77,85941.01,85981.94,-40.93000000000757,-0.010000000009313226,-0.7400000000052387,-0.7300000000104774,53.44999999999709,0.06,0.07,0.065,0.93,0.94,0.935,5079.83,1825.3999999999999,1853.01,5074.83,0.4712992905377519,-0.4650540428185408,-0.01999999999999999,-0.07,-0.09,1.01,WAIT,-2,"BTC_BELOW,BTC60+,PM15-,PM30-,UP_BOOK"
2026-09-21 16:53:46,1790009625,btc-updown-5m-1790009400,75,85941.02,85981.94,-40.919999999998254,0.010000000009313226,-0.7299999999959255,-0.7299999999959255,53.44999999999709,0.06,0.07,0.065,0.93,0.94,0.935,4779.36,1914.6,2028.52,4723.92,0.4279619238836205,-0.39917422442850287,-0.010000000000000009,-0.06,-0.09,1.01,WAIT,-2,"BTC_BELOW,BTC60+,PM15-,PM30-,UP_BOOK"
2026-09-21 16:53:48,1790009627,btc-updown-5m-1790009400,73,85941.01,85981.94,-40.93000000000757,0.0,-0.7300000000104774,-0.7300000000104774,53.439999999987776,0.06,0.07,0.065,0.93,0.94,0.935,4330.92,2457.15,2880.1499999999996,3957.9199999999996,0.276038697302768,-0.15761318617680134,-0.010000000000000009,-0.04999999999999999,-0.08000000000000002,1.01,WAIT,-1,"BTC_BELOW,BTC60+,PM30-,UP_BOOK"
2026-09-21 16:53:50,1790009629,btc-updown-5m-1790009400,71,85941.02,85981.94,-40.919999999998254,0.010000000009313226,0.010000000009313226,-0.7200000000011642,24.5,0.03,0.04,0.035,0.96,0.97,0.965,13707.11,2065.4900000000002,2050.4900000000002,13792.11,0.7380913736479718,-0.7411422367540682,-0.03,-0.06,-0.11000000000000001,1.01,WAIT,-4,"BTC_BELOW,PM5-,PM15-,PM30-,UP_BOOK"
2026-09-21 16:53:51,1790009631,btc-updown-5m-1790009400,69,85941.02,85981.94,-40.919999999998254,0.0,0.010000000009313226,-0.7200000000011642,24.5,0.04,0.05,0.045,0.95,0.96,0.955,5062.75,3087.1400000000003,3082.1400000000003,13747.02,0.24240940675272912,-0.6337143386835707,-0.020000000000000004,-0.05,-0.11,1.01,WAIT,-4,"BTC_BELOW,PM15-,PM30-"
2026-09-21 16:53:53,1790009632,btc-updown-5m-1790009400,68,85941.02,85981.94,-40.919999999998254,0.010000000009313226,0.010000000009313226,-0.7299999999959255,24.5,0.07,0.08,0.07500000000000001,0.92,0.93,0.925,1554.97,2272.9500000000003,2370.78,2025.12,-0.18756400342744892,0.07863236197365735,0.010000000000000009,-0.01999999999999999,-0.07,1.01,WAIT,-3,"BTC_BELOW,PM30-"
2026-09-21 16:53:55,1790009634,btc-updown-5m-1790009400,66,85941.02,85981.94,-40.919999999998254,0.0,0.0,-0.7299999999959255,24.5,0.06,0.07,0.065,0.93,0.94,0.935,1234.56,2846.0299999999997,2806.0299999999997,1234.56,-0.39491103002261924,0.3889209249144308,0.03,-0.01999999999999999,-0.08000000000000002,1.01,WAIT,-4,"BTC_BELOW,PM5+,PM30-,DOWN_BOOK"
2026-09-21 16:53:56,1790009636,btc-updown-5m-1790009400,64,85941.01,85981.94,-40.93000000000757,-0.010000000009313226,0.0,-0.7400000000052387,22.20999999999185,0.06,0.07,0.065,0.93,0.94,0.935,1594.8100000000002,2475.0299999999997,2495.0299999999997,1584.8100000000002,-0.21627877262988215,0.22310188634848413,0.020000000000000004,-0.010000000000000009,-0.08000000000000002,1.01,WAIT,-3,"BTC_BELOW,PM30-"
2026-09-21 16:53:58,1790009637,btc-updown-5m-1790009400,63,85944.3,85981.94,-37.63999999999942,3.279999999998836,3.290000000008149,2.5500000000029104,18.620000000009895,0.06,0.07,0.065,0.91,0.92,0.915,3033.6099999999997,706.8399999999999,510.0,2378.0699999999997,0.6220561697122003,-0.6468229648173347,-0.010000000000000009,-0.010000000000000009,-0.07,0.99,WAIT,-1,"BTC_BELOW,PM30-,UP_BOOK"
2026-09-21 16:54:00,1790009639,btc-updown-5m-1790009400,61,85966.36,85981.94,-15.580000000001746,25.339999999996508,25.35000000000582,24.610000000000582,38.86000000000058,0.25,0.26,0.255,0.72,0.73,0.725,1755.8600000000001,727.77,147.77,1599.56,0.41394652182490954,-0.8308619436511706,0.19,0.19,0.13,0.99,UP WATCH,9,"BTC5+,BTC15+,PM5+,PM15+,PM30+,UP_BOOK"
2026-09-21 16:54:02,1790009641,btc-updown-5m-1790009400,59,85967.1,85981.94,-14.839999999996508,26.09000000001106,26.080000000001746,25.35000000000582,36.41000000000349,0.22,0.23,0.225,0.77,0.78,0.775,1978.69,985.74,1319.23,1499.69,0.33495478051429783,-0.06401742511316391,0.16,0.16,0.1,1.01,UP WATCH,8,"BTC5+,BTC15+,PM5+,PM15+,PM30+,UP_BOOK"
2026-09-21 16:54:04,1790009643,btc-updown-5m-1790009400,57,85967.09,85981.94,-14.85000000000582,22.789999999993597,26.080000000001746,25.34999999999127,32.669999999998254,0.17,0.19,0.18,0.81,0.82,0.815,2972.05,787.78,1327.72,2598.05,0.580949138657865,-0.32358747455913106,0.11499999999999999,0.11499999999999999,0.065,1.01,UP WATCH,8,"BTC5+,BTC15+,PM5+,PM15+,UP_BOOK"
2026-09-21 16:54:06,1790009645,btc-updown-5m-1790009400,55,85967.1,85981.94,-14.839999999996508,0.7400000000052387,26.080000000001746,26.09000000001106,25.360000000000582,0.17,0.18,0.175,0.83,0.84,0.835,882.0,2072.31,2086.31,1466.0,-0.40290626237598626,0.17462158426488678,-0.08000000000000002,0.13999999999999999,0.07999999999999999,1.02,WAIT,3,"BTC15+,PM5-,PM15+,PM30+"
2026-09-21 16:54:08,1790009647,btc-updown-5m-1790009400,53,85967.1,85981.94,-14.839999999996508,0.0,26.080000000001746,26.09000000001106,25.35000000000582,0.08,0.09,0.08499999999999999,0.91,0.92,0.915,1173.18,2189.0,1971.55,1271.44,-0.30213135525165213,0.21588410695068438,-0.14,0.009999999999999981,-0.010000000000000009,1.01,WAIT,0,"BTC15+,PM5-"
2026-09-21 16:54:10,1790009649,btc-updown-5m-1790009400,51,85967.1,85981.94,-14.839999999996508,0.010000000009313226,26.080000000001746,26.080000000001746,25.360000000000582,0.1,0.11,0.10500000000000001,0.89,0.9,0.895,1285.61,671.0,802.0699999999999,1291.8600000000001,0.31411982970545993,-0.23390944300907868,-0.07499999999999998,0.04000000000000001,0.020000000000000018,1.01,WAIT,2,"BTC15+,PM5-,UP_BOOK"
2026-09-21 16:54:11,1790009651,btc-updown-5m-1790009400,49,85967.09,85981.94,-14.85000000000582,-0.010000000009313226,26.080000000001746,26.080000000001746,25.34999999999127,0.09,0.1,0.095,0.9,0.91,0.905,925.0,2162.0699999999997,2188.9900000000002,868.0,-0.4007262549925981,0.4321211387672188,-0.07999999999999999,0.03,0.01999999999999999,1.01,WAIT,-1,"BTC15+,PM5-,DOWN_BOOK"
2026-09-21 16:55:46,1790009652,btc-updown-5m-1790009400,48,86084.6,85981.94,102.66000000000349,117.5,140.3000000000029,143.59000000001106,142.86000000000058,,0.01,,0.99,,,0,182882.46,182882.46,0,-1.0,1.0,,,,,UP WATCH,7,"BTC_ABOVE,BTC5+,BTC15+,BTC30+,BTC60+,DOWN_BOOK"
2026-09-21 16:55:48,1790009747,btc-updown-5m-1790009700,253,86084.6,86084.6,0.0,,,,,0.86,0.87,0.865,0.13,0.14,0.135,4872.35,3605.78,3540.0800000000004,4957.35,0.14939261370137047,-0.16678807592413233,,,,1.01,WAIT,0,
2026-09-21 16:55:50,1790009749,btc-updown-5m-1790009700,251,86084.6,86084.6,0.0,,,,,0.86,0.87,0.865,0.13,0.14,0.135,5152.6,2270.76,2273.76,5212.6,0.38821234589188724,-0.3925592677883511,,,,1.01,WAIT,2,UP_BOOK
2026-09-21 16:55:52,1790009751,btc-updown-5m-1790009700,249,86084.6,86084.6,0.0,,,,,0.86,0.87,0.865,0.13,0.14,0.135,5512.05,1844.76,1854.76,5517.05,0.49848915494623347,-0.4967965804870174,,,,1.01,WAIT,2,UP_BOOK
2026-09-21 16:55:53,1790009753,btc-updown-5m-1790009700,247,86071.47,86084.6,-13.130000000004657,-13.130000000004657,,,,0.84,0.85,0.845,0.13,0.14,0.135,4611.34,736.0,1740.76,2789.64,0.7247229463621165,-0.2315203955500618,-0.020000000000000018,,,0.99,WAIT,0,"BTC5-,UP_BOOK"
2026-09-21 16:55:55,1790009754,btc-updown-5m-1790009700,246,86075.6,86084.6,-9.0,-9.0,,,,0.86,0.87,0.865,0.12,0.13,0.125,5304.85,2127.91,2758.9300000000003,5135.1,0.42742399862231534,-0.301008483626234,0.0,,,1.0,WAIT,2,UP_BOOK
2026-09-21 16:55:57,1790009756,btc-updown-5m-1790009700,244,86084.6,86084.6,0.0,0.0,,,,0.87,0.88,0.875,0.12,0.13,0.125,5223.400000000001,2602.0,2578.59,5228.400000000001,0.33498607099956557,-0.3394150626553896,0.010000000000000009,,,1.01,WAIT,2,UP_BOOK
2026-09-21 16:55:59,1790009758,btc-updown-5m-1790009700,242,86084.6,86084.6,0.0,13.130000000004657,,,,0.87,0.88,0.875,0.12,0.13,0.125,5245.530000000001,2522.21,2455.88,5284.68,0.35059360895189595,-0.3654515952334198,0.030000000000000027,,,1.01,WAIT,4,"BTC5+,PM5+,UP_BOOK"
2026-09-21 16:56:01,1790009760,btc-updown-5m-1790009700,240,86081.84,86084.6,-2.7600000000093132,6.239999999990687,,,,0.88,0.89,0.885,0.11,0.12,0.11499999999999999,4020.4,2500.8,2085.37,4670.2,0.2330245966999938,-0.38262204373576175,0.020000000000000018,,,1.01,WAIT,1,
2026-09-21 16:56:03,1790009762,btc-updown-5m-1790009700,238,86081.84,86084.6,-2.7600000000093132,-2.7600000000093132,-2.7600000000093132,,,0.89,0.9,0.895,0.1,0.11,0.10500000000000001,5922.1,3224.98,3594.0,5816.1,0.29486131093201334,-0.2361398922434406,0.020000000000000018,0.030000000000000027,,1.01,WAIT,1,UP_BOOK
2026-09-21 16:56:05,1790009764,btc-updown-5m-1790009700,236,86081.84,86084.6,-2.7600000000093132,-2.7600000000093132,-2.7600000000093132,,,0.89,0.9,0.895,0.1,0.11,0.10500000000000001,5066.3099999999995,3530.02,3523.18,5068.999999999999,0.17871463752554864,-0.17991010430414628,0.020000000000000018,0.030000000000000027,,1.01,WAIT,0,
2026-09-21 16:56:07,1790009766,btc-updown-5m-1790009700,234,86081.84,86084.6,-2.7600000000093132,0.0,-2.7600000000093132,,,0.9,0.91,0.905,0.09,0.1,0.095,4693.64,3437.6,3441.09,4917.87,0.15447090480664702,-0.17667030348272988,0.020000000000000018,0.040000000000000036,,1.01,WAIT,0,
2026-09-21 16:56:08,1790009768,btc-updown-5m-1790009700,232,86081.84,86084.6,-2.7600000000093132,0.0,10.369999999995343,,,0.9,0.91,0.905,0.09,0.1,0.095,3954.6400000000003,3833.51,3748.21,3934.6400000000003,0.015553115951798578,-0.02426573472083931,0.010000000000000009,0.06000000000000005,,1.01,WAIT,2,PM15+
2026-09-21 16:56:10,1790009769,btc-updown-5m-1790009700,231,86081.84,86084.6,-2.7600000000093132,0.0,6.239999999990687,,,0.9,0.91,0.905,0.09,0.1,0.095,3911.1800000000003,3773.42,3776.6800000000003,3965.6400000000003,0.0179267626161414,-0.024406121162648925,0.010000000000000009,0.040000000000000036,,1.01,WAIT,0,
2026-09-21 16:56:12,1790009771,btc-updown-5m-1790009700,229,86081.83,86084.6,-2.7700000000040745,-0.00999999999476131,-2.7700000000040745,,,0.9,0.91,0.905,0.09,0.1,0.095,3688.84,4226.37,4234.67,3294.84,-0.0679110219438271,0.12481954337002008,0.0,0.030000000000000027,,1.01,WAIT,0,
2026-09-21 16:56:14,1790009773,btc-updown-5m-1790009700,227,86081.83,86084.6,-2.7700000000040745,-0.00999999999476131,-2.7700000000040745,,,0.9,0.91,0.905,0.09,0.1,0.095,3935.84,4172.45,4167.45,3980.84,-0.02918124536739555,0.022901737665203335,0.0,0.030000000000000027,,1.01,WAIT,0,
2026-09-21 16:56:15,1790009775,btc-updown-5m-1790009700,225,86081.84,86084.6,-2.7600000000093132,0.0,0.0,,,0.9,0.91,0.905,0.09,0.1,0.095,4276.05,3474.2000000000003,3469.2000000000003,4276.05,0.10346117867165575,-0.10417352570930569,0.0,0.020000000000000018,,1.01,WAIT,0,
2026-09-21 16:56:17,1790009776,btc-updown-5m-1790009700,224,86077.14,86084.6,-7.460000000006403,-4.690000000002328,-4.69999999999709,,,0.89,0.9,0.895,0.1,0.11,0.10500000000000001,3809.4100000000003,2469.0,2642.81,5024.44,0.2134951365074916,-0.3106237568880628,-0.010000000000000009,0.010000000000000009,,1.01,WAIT,1,
2026-09-21 16:56:19,1790009778,btc-updown-5m-1790009700,222,86077.15,86084.6,-7.4500000000116415,-4.680000000007567,-4.690000000002328,-7.4500000000116415,,0.89,0.9,0.895,0.1,0.11,0.10500000000000001,5311.11,3052.19,3074.16,5331.11,0.270099123551708,-0.26851606194684996,-0.010000000000000009,0.0,0.030000000000000027,1.01,WAIT,2,UP_BOOK
2026-09-21 16:56:21,1790009780,btc-updown-5m-1790009700,220,86077.14,86084.6,-7.460000000006403,-4.69999999999709,-4.69999999999709,-7.460000000006403,,0.89,0.9,0.895,0.1,0.11,0.10500000000000001,4355.29,3181.8199999999997,2796.86,4395.29,0.15569230116052443,-0.22224647706179654,-0.010000000000000009,0.0,0.030000000000000027,1.01,WAIT,0,
2026-09-21 16:56:22,1790009782,btc-updown-5m-1790009700,218,86077.15,86084.6,-7.4500000000116415,0.00999999999476131,-4.690000000002328,-7.4500000000116415,,0.89,0.9,0.895,0.1,0.11,0.10500000000000001,4891.88,2636.7,2641.7,4891.88,0.29954918457398344,-0.2986866801706493,0.0,-0.010000000000000009,0.030000000000000027,1.01,WAIT,2,UP_BOOK
2026-09-21 16:56:24,1790009783,btc-updown-5m-1790009700,217,86077.15,86084.6,-7.4500000000116415,0.0,-4.690000000002328,5.679999999993015,,0.89,0.9,0.895,0.1,0.11,0.10500000000000001,4758.85,2672.05,2702.05,4718.39,0.2808273560403181,-0.2717278220698503,0.0,-0.010000000000000009,0.050000000000000044,1.01,WAIT,2,UP_BOOK
2026-09-21 16:56:26,1790009785,btc-updown-5m-1790009700,215,86074.05,86084.6,-10.55000000000291,-3.0899999999965075,-7.789999999993597,-1.5500000000029104,,0.88,0.89,0.885,0.11,0.12,0.11499999999999999,5114.6900000000005,4224.1900000000005,3948.75,5386.26,0.09535404673793858,-0.1539912651405837,-0.010000000000000009,-0.020000000000000018,0.020000000000000018,1.01,WAIT,0,
2026-09-21 16:56:28,1790009787,btc-updown-5m-1790009700,213,86073.76,86084.6,-10.84000000001106,-3.389999999999418,-8.070000000006985,-10.84000000001106,,0.89,0.9,0.895,0.1,0.11,0.10500000000000001,5499.76,3123.96,3123.96,5499.76,0.275495957660963,-0.275495957660963,0.0,-0.010000000000000009,0.020000000000000018,1.01,WAIT,2,UP_BOOK
2026-09-21 16:56:30,1790009789,btc-updown-5m-1790009700,211,86073.77,86084.6,-10.830000000001746,-3.3799999999901047,-8.059999999997672,-10.830000000001746,,0.88,0.89,0.885,0.11,0.12,0.11499999999999999,6090.18,1528.8600000000001,1393.8600000000001,6127.18,0.5986738486738485,-0.6293438141533616,-0.010000000000000009,-0.020000000000000018,0.010000000000000009,1.01,WAIT,2,UP_BOOK
2026-09-21 16:56:31,1790009791,btc-updown-5m-1790009700,209,86073.76,86084.6,-10.84000000001106,-0.2900000000081491,-3.3800000000046566,-8.080000000001746,,0.88,0.89,0.885,0.11,0.12,0.11499999999999999,5931.3,1728.24,1743.24,5931.3,0.5487353026421953,-0.5457082769781643,0.0,-0.010000000000000009,0.0,1.01,WAIT,2,UP_BOOK
2026-09-21 16:56:33,1790009792,btc-updown-5m-1790009700,208,86061.74,86084.6,-22.860000000000582,-12.019999999989523,-15.39999999999418,-20.09999999999127,,0.87,0.88,0.875,0.12,0.13,0.125,4976.41,2715.26,2750.0200000000004,4991.41,0.2939738704338589,-0.2895317790124046,-0.020000000000000018,-0.020000000000000018,-0.020000000000000018,1.01,WAIT,-1,"BTC_BELOW,BTC5-,UP_BOOK"
2026-09-21 16:56:35,1790009794,btc-updown-5m-1790009700,206,86061.74,86084.6,-22.860000000000582,-12.029999999998836,-15.40999999998894,-20.09999999999127,,0.87,0.88,0.875,0.12,0.13,0.125,4254.63,2665.2000000000003,2645.2000000000003,4364.63,0.2296920589089616,-0.24528840214384656,-0.010000000000000009,-0.020000000000000018,-0.020000000000000018,1.01,WAIT,-3,"BTC_BELOW,BTC5-"
2026-09-21 16:56:37,1790009796,btc-updown-5m-1790009700,204,86042.19,86084.6,-42.41000000000349,-31.569999999992433,-34.94999999999709,-39.64999999999418,,0.84,0.85,0.845,0.15,0.16,0.155,1294.1999999999998,3866.89,3866.89,1294.1999999999998,-0.498478034678721,0.498478034678721,-0.040000000000000036,-0.050000000000000044,-0.06000000000000005,1.01,DOWN WATCH,-12,"BTC_BELOW,BTC5-,BTC15-,BTC30-,PM5-,PM15-,DOWN_BOOK"
2026-09-21 16:56:38,1790009798,btc-updown-5m-1790009700,202,86047.03,86084.6,-37.570000000006985,-14.710000000006403,-30.119999999995343,-34.80999999999767,,0.85,0.86,0.855,0.14,0.15,0.14500000000000002,3516.7299999999996,2107.8,1603.8,3516.7299999999996,0.25049737489176865,-0.3735804692092419,-0.020000000000000018,-0.040000000000000036,-0.050000000000000044,1.01,WAIT,-5,"BTC_BELOW,BTC5-,BTC15-,BTC30-,UP_BOOK"
2026-09-21 16:56:40,1790009799,btc-updown-5m-1790009700,201,86047.03,86084.6,-37.570000000006985,-14.710000000006403,-30.119999999995343,-34.80999999999767,,0.85,0.86,0.855,0.14,0.15,0.14500000000000002,4022.73,2405.43,3630.4500000000003,860.98,0.2515961021505377,0.6166120812302541,-0.020000000000000018,-0.040000000000000036,-0.050000000000000044,1.01,DOWN WATCH,-7,"BTC_BELOW,BTC5-,BTC15-,BTC30-,UP_BOOK,DOWN_BOOK"
2026-09-21 16:56:42,1790009801,btc-updown-5m-1790009700,199,86047.02,86084.6,-37.580000000001746,4.830000000001746,-27.029999999998836,-34.80999999999767,,0.82,0.83,0.825,0.15,0.16,0.155,5087.99,951.87,1850.71,3124.41,0.684803952409493,-0.25601392529225425,-0.020000000000000018,-0.06000000000000005,-0.08000000000000007,0.99,DOWN WATCH,-7,"BTC_BELOW,BTC15-,BTC30-,PM15-,PM30-,UP_BOOK"
2026-09-21 16:56:44,1790009803,btc-updown-5m-1790009700,197,86047.03,86084.6,-37.570000000006985,0.0,-26.729999999995925,-34.80000000000291,,0.84,0.85,0.845,0.15,0.16,0.155,2077.0699999999997,2746.15,4083.1500000000005,1072.6299999999999,-0.13872060573641684,0.5839116486739155,-0.010000000000000009,-0.050000000000000044,-0.06000000000000005,1.01,DOWN WATCH,-9,"BTC_BELOW,BTC15-,BTC30-,PM15-,DOWN_BOOK"
2026-09-21 16:56:45,1790009805,btc-updown-5m-1790009700,195,86047.02,86084.6,-37.580000000001746,-0.00999999999476131,-26.75,-34.81999999999243,,0.83,0.84,0.835,0.16,0.17,0.165,2773.8199999999997,3812.0,3815.8,2763.93,-0.157638684324807,0.15986522243313941,-0.020000000000000018,-0.050000000000000044,-0.07000000000000006,1.01,DOWN WATCH,-9,"BTC_BELOW,BTC15-,BTC30-,PM15-,PM30-"
2026-09-21 16:56:47,1790009806,btc-updown-5m-1790009700,194,86047.03,86084.6,-37.570000000006985,0.00999999999476131,-26.729999999995925,-30.110000000000582,,0.83,0.84,0.835,0.16,0.17,0.165,2622.16,3819.57,3829.57,2645.39,-0.1858832953259451,0.1828860718830696,0.010000000000000009,-0.050000000000000044,-0.06000000000000005,1.01,DOWN WATCH,-8,"BTC_BELOW,BTC15-,BTC30-,PM15-"
2026-09-21 16:56:49,1790009808,btc-updown-5m-1790009700,192,86047.02,86084.6,-37.580000000001746,-0.00999999999476131,-14.720000000001164,-30.129999999990105,-37.580000000001746,0.83,0.84,0.835,0.16,0.17,0.165,2858.2200000000003,3838.04,3833.04,2853.2200000000003,-0.14632347011615435,0.14654231214460695,-0.010000000000000009,-0.040000000000000036,-0.06000000000000005,1.01,WAIT,-4,"BTC_BELOW,BTC30-"
2026-09-21 16:56:51,1790009810,btc-updown-5m-1790009700,190,86047.02,86084.6,-37.580000000001746,0.0,-14.720000000001164,-30.119999999995343,-37.580000000001746,0.83,0.84,0.835,0.16,0.17,0.165,3193.62,4106.82,4105.62,3193.62,-0.12508835083912748,0.12494451477140087,0.0,-0.040000000000000036,-0.06000000000000005,1.01,WAIT,-4,"BTC_BELOW,BTC30-"
2026-09-21 16:56:52,1790009812,btc-updown-5m-1790009700,188,86030.13,86084.6,-54.470000000001164,-16.89999999999418,-12.059999999997672,-47.01999999998952,-54.470000000001164,0.8,0.81,0.805,0.19,0.2,0.195,3269.7,1629.38,1649.38,3168.7,0.33482204822129863,-0.31533722976787426,-0.029999999999999916,-0.039999999999999925,-0.08999999999999997,1.01,DOWN WATCH,-6,"BTC_BELOW,BTC5-,BTC30-,BTC60-,PM30-,UP_BOOK"
2026-09-21 16:56:54,1790009813,btc-updown-5m-1790009700,187,86030.12,86084.6,-54.48000000001048,-16.90000000000873,-16.910000000003492,-47.029999999998836,-41.35000000000582,0.8,0.81,0.805,0.19,0.2,0.195,1975.23,3017.5599999999995,3519.87,1960.3600000000001,-0.20876704207467162,0.28457017314966704,-0.029999999999999916,-0.04999999999999993,-0.08999999999999997,1.01,DOWN WATCH,-9,"BTC_BELOW,BTC5-,BTC30-,BTC60-,PM30-,DOWN_BOOK"
2026-09-21 16:56:56,1790009815,btc-updown-5m-1790009700,185,86030.13,86084.6,-54.470000000001164,-16.889999999999418,-16.89999999999418,-43.919999999998254,-45.470000000001164,0.79,0.8,0.795,0.2,0.21,0.20500000000000002,564.63,4579.84,4483.59,624.63,-0.7804905072825772,0.7554412300175012,-0.039999999999999925,-0.05999999999999994,-0.08999999999999997,1.01,DOWN WATCH,-13,"BTC_BELOW,BTC5-,BTC30-,BTC60-,PM5-,PM15-,PM30-,DOWN_BOOK"
2026-09-21 16:56:58,1790009817,btc-updown-5m-1790009700,183,86026.87,86084.6,-57.73000000001048,-3.2600000000093132,-20.15000000000873,-46.88999999999942,-57.73000000001048,0.77,0.78,0.775,0.22,0.23,0.225,1899.41,3418.15,3403.15,1979.41,-0.2856084369522864,0.26450982432151243,-0.030000000000000027,-0.04999999999999993,-0.12,1.01,DOWN WATCH,-12,"BTC_BELOW,BTC15-,BTC30-,BTC60-,PM5-,PM30-,DOWN_BOOK"
2026-09-21 16:56:59,1790009819,btc-updown-5m-1790009700,181,86026.87,86084.6,-57.73000000001048,-3.25,-20.160000000003492,-46.90000000000873,-57.73000000001048,0.77,0.78,0.775,0.22,0.23,0.225,3360.46,2851.86,3163.15,3348.6299999999997,0.08186957529554176,-0.02848376327210065,-0.030000000000000027,-0.06999999999999995,-0.10999999999999999,1.01,DOWN WATCH,-12,"BTC_BELOW,BTC15-,BTC30-,BTC60-,PM5-,PM15-,PM30-"
2026-09-21 16:57:01,1790009820,btc-updown-5m-1790009700,180,86026.32,86084.6,-58.279999999998836,-3.8099999999976717,-20.69999999999709,-47.44999999999709,-55.51999999998952,0.76,0.77,0.765,0.23,0.24,0.235,4363.389999999999,1681.46,1607.88,5044.389999999999,0.443671885985591,-0.5165920805980514,-0.030000000000000027,-0.06999999999999995,-0.12,1.01,DOWN WATCH,-10,"BTC_BELOW,BTC15-,BTC30-,BTC60-,PM5-,PM15-,PM30-,UP_BOOK"
2026-09-21 16:57:03,1790009822,btc-updown-5m-1790009700,178,86026.32,86084.6,-58.279999999998836,-0.5499999999883585,-20.70999999999185,-35.419999999998254,-55.51999999998952,0.76,0.77,0.765,0.23,0.24,0.235,3252.06,2100.64,1973.3899999999999,3277.06,0.21511013133558768,-0.2482968126541535,-0.010000000000000009,-0.06999999999999995,-0.10999999999999999,1.01,DOWN WATCH,-11,"BTC_BELOW,BTC15-,BTC30-,BTC60-,PM15-,PM30-"
2026-09-21 16:57:05,1790009824,btc-updown-5m-1790009700,176,86026.31,86084.6,-58.29000000000815,-0.5599999999976717,-20.710000000006403,-35.43000000000757,-55.529999999998836,0.81,0.82,0.815,0.16,0.17,0.165,2041.0,1229.5900000000001,1425.39,2041.1799999999998,0.24809285174846124,-0.17763668409984504,0.039999999999999925,-0.020000000000000018,-0.06000000000000005,0.99,DOWN WATCH,-7,"BTC_BELOW,BTC15-,BTC30-,BTC60-,PM5+"
2026-09-21 16:57:07,1790009826,btc-updown-5m-1790009700,174,86029.48,86084.6,-55.120000000009895,3.1599999999889405,-17.54000000000815,-12.710000000006403,-52.36000000000058,0.84,0.85,0.845,0.16,0.17,0.165,866.0,4407.45,4473.87,2186.73,-0.6715622600005688,0.3433834789658589,0.07999999999999996,0.010000000000000009,0.0,1.02,WAIT,-5,"BTC_BELOW,BTC60-,PM5+,DOWN_BOOK"
2026-09-21 16:57:08,1790009828,btc-updown-5m-1790009700,172,86030.11,86084.6,-54.49000000000524,3.789999999993597,-0.00999999999476131,-16.919999999998254,-51.729999999995925,0.79,0.8,0.795,0.2,0.21,0.20500000000000002,4011.14,2449.54,2359.54,3537.97,0.2417083031507519,-0.19981822837095653,0.030000000000000027,-0.010000000000000009,-0.05999999999999994,1.01,WAIT,-3,"BTC_BELOW,BTC60-,PM5+"
2026-09-21 16:57:10,1790009829,btc-updown-5m-1790009700,171,86026.32,86084.6,-58.279999999998836,0.010000000009313226,-3.7999999999883585,-20.70999999999185,-55.51999999998952,0.8,0.81,0.805,0.19,0.2,0.195,1273.93,2793.66,3208.03,1168.93,-0.37361926841200804,0.46587128966223135,-0.009999999999999898,0.0,-0.04999999999999993,1.01,DOWN WATCH,-6,"BTC_BELOW,BTC60-,DOWN_BOOK"
2026-09-21 16:57:12,1790009831,btc-updown-5m-1790009700,169,86026.33,86084.6,-58.270000000004075,-3.1499999999941792,-3.8000000000029104,-20.69000000000233,-55.5,0.8,0.81,0.805,0.19,0.2,0.195,1694.84,3006.77,2946.77,1694.84,-0.2790384570391845,0.2697189121877969,-0.039999999999999925,0.010000000000000009,-0.019999999999999907,1.01,DOWN WATCH,-7,"BTC_BELOW,BTC60-,PM5-,DOWN_BOOK"
2026-09-21 16:57:14,1790009833,btc-updown-5m-1790009700,167,86022.83,86084.6,-61.770000000004075,-7.279999999998836,-4.039999999993597,-24.19999999999709,-59.0,0.77,0.78,0.775,0.22,0.23,0.225,3843.6099999999997,1132.0,1127.0,4605.89,0.5449804144617444,-0.6068300630223151,-0.020000000000000018,0.0,-0.06999999999999995,1.01,WAIT,-2,"BTC_BELOW,BTC60-,UP_BOOK"
2026-09-21 16:57:15,1790009835,btc-updown-5m-1790009700,165,86033.03,86084.6,-51.570000000006985,6.709999999991851,6.709999999991851,-13.990000000005239,-48.80999999999767,0.85,0.86,0.855,0.14,0.15,0.14500000000000002,2915.0299999999997,2144.01,1541.01,2961.75,0.15240440874157934,-0.31552647709404896,0.04999999999999993,0.08999999999999997,0.020000000000000018,1.01,WAIT,0,"BTC_BELOW,BTC60-,PM5+,PM15+"
2026-09-21 16:57:17,1790009836,btc-updown-5m-1790009700,164,86033.03,86084.6,-51.570000000006985,6.69999999999709,6.709999999991851,-14.0,-44.11000000000058,0.85,0.86,0.855,0.14,0.15,0.14500000000000002,2127.0299999999997,3265.0,2679.4700000000003,1704.4299999999998,-0.21104667444357697,0.22241383243230925,0.04999999999999993,0.08999999999999997,0.020000000000000018,1.01,WAIT,-1,"BTC_BELOW,BTC60-,PM5+,PM15+"
2026-09-21 16:57:19,1790009838,btc-updown-5m-1790009700,162,86033.02,86084.6,-51.580000000001746,10.190000000002328,6.69999999999709,-14.0,-44.129999999990105,0.83,0.84,0.835,0.15,0.16,0.155,3539.7799999999997,1352.98,3919.79,1504.27,0.4469460999517654,0.4453343067738927,0.05999999999999994,0.06999999999999995,0.0,1.0,WAIT,0,"BTC_BELOW,BTC5+,BTC60-,PM5+,PM15+,UP_BOOK,DOWN_BOOK"
2026-09-21 16:57:21,1790009840,btc-updown-5m-1790009700,160,86033.02,86084.6,-51.580000000001746,-0.00999999999476131,6.710000000006403,-14.0,-44.11999999999534,0.82,0.83,0.825,0.17,0.18,0.175,1923.0,3331.73,3439.73,595.0,-0.26808798929726174,0.7050608095213311,-0.030000000000000027,0.010000000000000009,-0.010000000000000009,1.01,DOWN WATCH,-7,"BTC_BELOW,BTC60-,PM5-,DOWN_BOOK"
2026-09-21 16:57:22,1790009842,btc-updown-5m-1790009700,158,86023.47,86084.6,-61.13000000000466,-9.559999999997672,-6.009999999994761,-6.6600000000034925,-53.679999999993015,0.8,0.81,0.805,0.2,0.21,0.20500000000000002,1495.58,3743.2000000000003,4157.66,1520.41,-0.4290350043330699,0.4644623965537586,-0.04999999999999993,-0.039999999999999925,0.0,1.02,DOWN WATCH,-7,"BTC_BELOW,BTC60-,PM5-,DOWN_BOOK"
2026-09-21 16:57:24,1790009843,btc-updown-5m-1790009700,157,86023.47,86084.6,-61.13000000000466,-9.55000000000291,-6.639999999999418,-6.649999999994179,-53.679999999993015,0.78,0.79,0.785,0.2,0.21,0.20500000000000002,3659.03,839.56,998.89,4313.03,0.6267452690731985,-0.6239062335276133,-0.04999999999999993,-0.010000000000000009,-0.020000000000000018,1.0,WAIT,-3,"BTC_BELOW,BTC60-,PM5-,UP_BOOK"
2026-09-21 16:57:26,1790009845,btc-updown-5m-1790009700,155,86023.48,86084.6,-61.120000000009895,-9.540000000008149,-2.8400000000110595,-6.650000000008731,-50.570000000006985,0.81,0.82,0.815,0.18,0.19,0.185,3044.48,2401.8,2415.0,3013.1600000000003,0.11800348127529245,-0.11019572009668108,-0.010000000000000009,0.009999999999999898,0.019999999999999907,1.01,WAIT,-4,"BTC_BELOW,BTC60-"
2026-09-21 16:57:28,1790009847,btc-updown-5m-1790009700,153,86023.47,86084.6,-61.13000000000466,0.0,-2.860000000000582,-3.3999999999941792,-50.2899999999936,0.81,0.83,0.8200000000000001,0.17,0.18,0.175,3275.24,3822.51,3751.51,2825.68,-0.07710471628332928,0.14076376081578917,0.015000000000000013,0.015000000000000013,0.04500000000000004,1.01,WAIT,-4,"BTC_BELOW,BTC60-"
2026-09-21 16:57:29,1790009849,btc-updown-5m-1790009700,151,86023.48,86084.6,-61.120000000009895,0.00999999999476131,0.6499999999941792,-3.389999999999418,-50.29000000000815,0.82,0.83,0.825,0.17,0.18,0.175,2705.39,4103.24,4103.24,2787.44,-0.2053056194858584,0.19095357787620376,0.039999999999999925,0.04999999999999993,0.04999999999999993,1.01,WAIT,-3,"BTC_BELOW,BTC60-,PM5+"
2026-09-21 16:57:31,1790009850,btc-updown-5m-1790009700,150,86023.47,86084.6,-61.13000000000466,-0.00999999999476131,-9.559999999997672,-2.8500000000058208,-50.30000000000291,0.81,0.82,0.815,0.18,0.19,0.185,2319.0,5429.98,5169.98,2689.0,-0.4014696127748426,0.31568727748384645,0.0,-0.040000000000000036,0.04999999999999993,1.01,DOWN WATCH,-6,"BTC_BELOW,BTC60-,DOWN_BOOK"
2026-09-21 16:57:33,1790009852,btc-updown-5m-1790009700,148,86023.48,86084.6,-61.120000000009895,0.00999999999476131,-9.55000000000291,-2.8400000000110595,-38.26000000000931,0.82,0.83,0.825,0.17,0.18,0.175,2291.0,4214.36,4422.5199999999995,2087.0,-0.29565773454505206,0.35878528677997756,0.004999999999999893,-0.030000000000000027,0.05999999999999994,1.01,WAIT,-5,"BTC_BELOW,DOWN_BOOK"
2026-09-21 16:57:35,1790009854,btc-updown-5m-1790009700,146,86023.47,86084.6,-61.13000000000466,-0.00999999999476131,-9.55000000000291,-2.8399999999965075,-38.270000000004075,0.81,0.82,0.815,0.18,0.19,0.185,2401.0,3349.44,3394.44,2461.0,-0.1649334659608656,0.15941415162652164,-0.010000000000000009,-0.020000000000000018,0.0,1.01,WAIT,-3,BTC_BELOW
2026-09-21 16:57:36,1790009856,btc-updown-5m-1790009700,144,86046.22,86084.6,-38.38000000000466,22.75,13.19999999999709,16.74000000000524,4.029999999998836,0.88,0.89,0.885,0.11,0.12,0.11499999999999999,2056.18,1534.5,1544.5,3910.39,0.14528724364187282,-0.43371910340996794,0.07000000000000006,0.06000000000000005,0.040000000000000036,1.01,WAIT,3,"BTC_BELOW,BTC5+,PM5+,PM15+"
2026-09-21 16:57:38,1790009857,btc-updown-5m-1790009700,143,86046.21,86084.6,-38.38999999999942,22.730000000010477,22.74000000000524,16.730000000010477,4.0200000000040745,0.89,0.9,0.895,0.1,0.11,0.10500000000000001,3112.2,3254.11,3142.9900000000002,3708.2,-0.02229077754617672,-0.08249807697640842,0.07000000000000006,0.08999999999999997,0.050000000000000044,1.01,WAIT,4,"BTC_BELOW,BTC5+,BTC15+,PM5+,PM15+"
2026-09-21 16:57:40,1790009859,btc-updown-5m-1790009700,141,86046.21,86084.6,-38.38999999999942,22.74000000000524,22.74000000000524,19.889999999999418,-0.819999999992433,0.87,0.88,0.875,0.12,0.13,0.125,958.3,3746.39,3235.84,1697.9199999999998,-0.5926192799100473,0.3117135815280841,0.06000000000000005,0.08999999999999997,0.06999999999999995,1.01,WAIT,2,"BTC_BELOW,BTC5+,BTC15+,PM5+,PM15+,DOWN_BOOK"
2026-09-21 16:57:41,1790009861,btc-updown-5m-1790009700,139,86036.75,86084.6,-47.85000000000582,-9.470000000001164,13.270000000004075,10.419999999998254,-10.270000000004075,0.83,0.84,0.835,0.16,0.17,0.165,2212.9300000000003,1839.26,1956.56,2467.19,0.09221433348386927,-0.11542921729302065,-0.050000000000000044,0.020000000000000018,0.029999999999999916,1.01,WAIT,-3,"BTC_BELOW,PM5-"
2026-09-21 16:57:43,1790009862,btc-updown-5m-1790009700,138,86031.53,86084.6,-53.070000000006985,-14.680000000007567,8.059999999997672,5.19999999999709,-15.490000000005239,0.82,0.83,0.825,0.16,0.17,0.165,4465.3,1221.0,2072.7,4269.9800000000005,0.5705467527214533,-0.3464276930256612,-0.07000000000000006,0.004999999999999893,0.019999999999999907,1.0,WAIT,-3,"BTC_BELOW,BTC5-,PM5-,UP_BOOK"
2026-09-21 16:57:45,1790009864,btc-updown-5m-1790009700,136,86031.53,86084.6,-53.070000000006985,-14.680000000007567,8.05000000000291,8.69999999999709,-15.5,0.83,0.84,0.835,0.16,0.17,0.165,3265.42,2776.84,3555.17,1499.3000000000002,0.08086047273702222,0.4067429423856507,-0.040000000000000036,0.010000000000000009,0.05999999999999994,1.01,DOWN WATCH,-6,"BTC_BELOW,BTC5-,PM5-,DOWN_BOOK"
2026-09-21 16:57:47,1790009866,btc-updown-5m-1790009700,134,86030.11,86084.6,-54.49000000000524,-6.639999999999418,6.639999999999418,-2.9199999999982538,-16.919999999998254,0.82,0.83,0.825,0.17,0.18,0.175,4726.25,1274.4699999999998,1507.48,4435.82,0.5752276393499448,-0.49271280265172546,-0.010000000000000009,0.010000000000000009,-0.030000000000000027,1.01,WAIT,-1,"BTC_BELOW,UP_BOOK"
2026-09-21 16:57:49,1790009868,btc-updown-5m-1790009700,132,86030.11,86084.6,-54.49000000000524,-1.4199999999982538,6.630000000004657,-2.9100000000034925,-16.910000000003492,0.84,0.85,0.845,0.14,0.15,0.14500000000000002,4448.39,877.34,857.1500000000001,4006.05,0.6705277961894426,-0.647495476229643,0.020000000000000018,0.020000000000000018,0.010000000000000009,1.0,WAIT,-1,"BTC_BELOW,UP_BOOK"
2026-09-21 16:57:51,1790009870,btc-updown-5m-1790009700,130,86030.12,86084.6,-54.48000000001048,-1.4100000000034925,6.649999999994179,-2.900000000008731,-16.90000000000873,0.85,0.86,0.855,0.14,0.15,0.14500000000000002,1551.0,3648.3599999999997,3543.54,369.0,-0.4033881093057607,0.8113757303439709,0.020000000000000018,0.040000000000000036,0.030000000000000027,1.01,WAIT,-5,"BTC_BELOW,DOWN_BOOK"
2026-09-21 16:57:52,1790009872,btc-updown-5m-1790009700,128,86030.11,86084.6,-54.49000000000524,0.0,-16.10000000000582,6.639999999999418,-0.020000000004074536,0.83,0.84,0.835,0.19,0.2,0.195,149.0,4995.34,2314.84,2588.0,-0.9420722580544831,-0.0557146470209103,0.010000000000000009,-0.06000000000000005,0.029999999999999916,1.04,DOWN WATCH,-6,"BTC_BELOW,PM15-"
2026-09-21 16:57:54,1790009873,btc-updown-5m-1790009700,127,86048.57,86084.6,-36.029999999998836,18.460000000006403,2.360000000000582,25.10000000000582,18.45000000001164,0.91,0.92,0.915,0.08,0.09,0.08499999999999999,3062.92,1089.46,3123.91,434.0,0.47525997138990167,0.7560365495473466,0.07000000000000006,0.020000000000000018,0.13,1.01,WAIT,1,"BTC_BELOW,BTC5+,PM5+,PM30+,UP_BOOK,DOWN_BOOK"
2026-09-21 16:57:56,1790009875,btc-updown-5m-1790009700,125,86048.56,86084.6,-36.04000000000815,18.44000000000233,2.349999999991269,25.080000000001746,18.429999999993015,0.89,0.9,0.895,0.13,0.14,0.135,638.6,5280.58,1612.92,2416.58,-0.7842268692622963,-0.1994440997642387,0.040000000000000036,0.020000000000000018,0.08000000000000007,1.04,WAIT,0,"BTC_BELOW,BTC5+,PM5+,PM30+"
2026-09-21 16:57:58,1790009877,btc-updown-5m-1790009700,123,86043.82,86084.6,-40.779999999998836,13.710000000006403,12.290000000008149,20.35000000000582,16.95000000001164,0.9,0.91,0.905,0.09,0.1,0.095,4180.32,1749.21,2046.21,4339.32,0.41000045534806295,-0.35911036358767395,0.07000000000000006,0.08000000000000007,0.08499999999999996,1.01,WAIT,5,"BTC_BELOW,BTC5+,PM5+,PM15+,PM30+,UP_BOOK"
2026-09-21 16:57:59,1790009879,btc-updown-5m-1790009700,121,86043.81,86084.6,-40.79000000000815,-4.760000000009313,12.279999999998836,20.330000000001746,16.94000000000233,0.89,0.9,0.895,0.11,0.12,0.11499999999999999,2213.0,3940.66,2756.4,1948.0,-0.28075324278559427,0.17183912932573764,-0.020000000000000018,0.06000000000000005,0.07000000000000006,1.02,WAIT,0,"BTC_BELOW,PM15+,PM30+"
2026-09-21 16:58:01,1790009880,btc-updown-5m-1790009700,120,86037.41,86084.6,-47.19000000000233,-11.14999999999418,5.880000000004657,13.940000000002328,11.089999999996508,0.84,0.85,0.845,0.14,0.15,0.14500000000000002,3061.5,1563.0,1123.0,2802.89,0.3240350308141421,-0.4279004251265318,-0.050000000000000044,0.010000000000000009,0.030000000000000027,1.0,WAIT,-2,"BTC_BELOW,BTC5-,PM5-,UP_BOOK"
2026-09-21 16:58:03,1790009882,btc-updown-5m-1790009700,118,86023.47,86084.6,-61.13000000000466,-20.35000000000582,-6.639999999999418,-0.00999999999476131,-2.8500000000058208,0.82,0.83,0.825,0.17,0.18,0.175,4542.99,696.0,1281.79,3951.73,0.7342999318570946,-0.5101614209939008,-0.08000000000000007,0.0,0.0,1.01,WAIT,-3,"BTC_BELOW,BTC5-,PM5-,UP_BOOK"
2026-09-21 16:58:05,1790009884,btc-updown-5m-1790009700,116,86023.47,86084.6,-61.13000000000466,-20.339999999996508,-6.639999999999418,0.0,-2.8399999999965075,0.81,0.82,0.815,0.18,0.19,0.185,3645.59,1584.08,1578.6499999999999,3660.59,0.39419504481162293,-0.3973744283522039,-0.08000000000000007,-0.030000000000000027,0.0,1.01,WAIT,-3,"BTC_BELOW,BTC5-,PM5-,UP_BOOK"
2026-09-21 16:58:06,1790009886,btc-updown-5m-1790009700,114,86028.1,86084.6,-56.5,-9.309999999997672,-2.0199999999895226,-18.119999999995343,-1.3799999999901047,0.86,0.87,0.865,0.13,0.14,0.135,2679.16,2345.43,2262.2799999999997,2694.16,0.06641934963847797,-0.08713512117568258,0.020000000000000018,0.010000000000000009,-0.020000000000000018,1.01,WAIT,-3,BTC_BELOW
2026-09-21 16:58:08,1790009887,btc-updown-5m-1790009700,113,86022.8,86084.6,-61.80000000000291,-0.6699999999982538,-7.309999999997672,-23.410000000003492,-6.679999999993015,0.83,0.84,0.835,0.15,0.16,0.155,4527.37,817.29,1150.0,2828.3799999999997,0.6941657654556136,-0.42187523564868107,0.010000000000000009,0.0,-0.06000000000000005,1.0,WAIT,-1,"BTC_BELOW,UP_BOOK"
2026-09-21 16:58:10,1790009889,btc-updown-5m-1790009700,111,86022.81,86084.6,-61.79000000000815,-0.6600000000034925,-25.760000000009313,-23.40000000000873,-3.5100000000093132,0.85,0.86,0.855,0.14,0.15,0.14500000000000002,3296.8599999999997,2273.12,1152.37,3204.71,0.1837959920861475,-0.4710356477273771,0.040000000000000036,-0.06000000000000005,-0.020000000000000018,1.01,WAIT,-5,"BTC_BELOW,BTC15-,PM5+,PM15-"
2026-09-21 16:58:12,1790009891,btc-updown-5m-1790009700,109,86022.81,86084.6,-61.79000000000815,-5.290000000008149,-25.75,-13.940000000002328,-3.5200000000040745,0.84,0.85,0.845,0.15,0.16,0.155,1921.12,2784.3100000000004,2722.4100000000003,1897.2000000000003,-0.18344550869952383,0.17863196243838764,-0.020000000000000018,-0.050000000000000044,0.010000000000000009,1.01,DOWN WATCH,-7,"BTC_BELOW,BTC15-,PM15-"
2026-09-21 16:58:13,1790009893,btc-updown-5m-1790009700,107,86022.8,86084.6,-61.80000000000291,0.0,-21.020000000004075,-8.729999999995925,-0.029999999998835847,0.86,0.87,0.865,0.13,0.14,0.135,2390.59,2168.0199999999995,2161.0299999999997,2363.2,0.04882409330914481,-0.04468605707490558,0.030000000000000027,-0.040000000000000036,0.040000000000000036,1.01,WAIT,-4,"BTC_BELOW,BTC15-,PM5+"
2026-09-21 16:58:15,1790009894,btc-updown-5m-1790009700,106,86022.8,86084.6,-61.80000000000291,-0.00999999999476131,-21.00999999999476,-8.729999999995925,-0.029999999998835847,0.86,0.87,0.865,0.13,0.14,0.135,2383.42,2231.6099999999997,2259.8999999999996,2368.1099999999997,0.03289469407566157,-0.023381539797882902,0.010000000000000009,-0.030000000000000027,0.030000000000000027,1.01,WAIT,-5,"BTC_BELOW,BTC15-"
2026-09-21 16:58:17,1790009896,btc-updown-5m-1790009700,104,86022.81,86084.6,-61.79000000000815,0.0,-14.60000000000582,-7.30000000000291,-10.220000000001164,0.87,0.88,0.875,0.15,0.16,0.155,2086.49,1828.1299999999999,3590.08,130.5,0.06599874317302827,0.9298496470980331,0.030000000000000027,0.030000000000000027,0.050000000000000044,1.04,WAIT,-3,"BTC_BELOW,PM5+,DOWN_BOOK"
2026-09-21 16:58:19,1790009898,btc-updown-5m-1790009700,102,85993.11,86084.6,-91.49000000000524,-29.69000000000233,-30.360000000000582,-37.0,-39.91000000000349,0.69,0.7,0.695,0.3,0.31,0.305,1435.04,2907.5,3004.15,1336.38,-0.3390780510945207,0.3842318795170174,-0.17000000000000004,-0.13,-0.15000000000000002,1.01,DOWN WATCH,-14,"BTC_BELOW,BTC5-,BTC15-,BTC30-,PM5-,PM15-,PM30-,DOWN_BOOK"
2026-09-21 16:58:21,1790009900,btc-updown-5m-1790009700,100,85993.11,86084.6,-91.49000000000524,-29.69000000000233,-30.360000000000582,-37.00999999999476,-39.91000000000349,0.72,0.73,0.725,0.27,0.28,0.275,1036.0,2949.99,1204.43,994.39,-0.48017932809665853,0.0955239628528029,-0.14,-0.08999999999999997,-0.13,1.01,DOWN WATCH,-13,"BTC_BELOW,BTC5-,BTC15-,BTC30-,PM5-,PM15-,PM30-"
2026-09-21 16:58:22,1790009902,btc-updown-5m-1790009700,98,85993.12,86084.6,-91.48000000001048,-29.69000000000233,-29.680000000007567,-36.99000000000524,-30.35000000000582,0.67,0.68,0.675,0.33,0.34,0.335,639.0,3895.49,1592.3200000000002,840.0,-0.7181601459039495,0.309301407709512,-0.19999999999999996,-0.15999999999999992,-0.15999999999999992,1.02,DOWN WATCH,-14,"BTC_BELOW,BTC5-,BTC15-,BTC30-,PM5-,PM15-,PM30-,DOWN_BOOK"
2026-09-21 16:58:24,1790009903,btc-updown-5m-1790009700,97,85993.11,86084.6,-91.49000000000524,0.0,-29.69000000000233,-55.4600000000064,-30.360000000000582,0.71,0.72,0.715,0.25,0.26,0.255,1109.49,686.64,141.92000000000002,1362.84,0.23542282574201198,-0.8113719131290038,0.020000000000000018,-0.12,-0.20000000000000007,0.98,DOWN WATCH,-9,"BTC_BELOW,BTC15-,BTC30-,PM15-,PM30-"
2026-09-21 16:58:26,1790009905,btc-updown-5m-1790009700,95,85993.12,86084.6,-91.48000000001048,0.00999999999476131,-29.69000000000233,-55.44000000000233,-30.360000000000582,0.78,0.79,0.785,0.21,0.22,0.215,1491.4,2095.17,2090.55,1506.4,-0.16834189769055113,0.1624014790308456,0.06000000000000005,-0.06999999999999995,-0.10999999999999999,1.01,DOWN WATCH,-9,"BTC_BELOW,BTC15-,BTC30-,PM5+,PM15-,PM30-"
2026-09-21 16:58:28,1790009907,btc-updown-5m-1790009700,93,85993.11,86084.6,-91.49000000000524,-0.00999999999476131,-29.69999999999709,-50.7100000000064,-30.360000000000582,0.78,0.79,0.785,0.21,0.22,0.215,2787.15,1982.12,1893.0,2948.15,0.16879522442637976,-0.217954411658387,0.10999999999999999,-0.05999999999999994,-0.12,1.01,DOWN WATCH,-9,"BTC_BELOW,BTC15-,BTC30-,PM5+,PM15-,PM30-"
2026-09-21 16:58:29,1790009909,btc-updown-5m-1790009700,91,86002.59,86084.6,-82.01000000000931,9.479999999995925,-20.210000000006403,-41.220000000001164,-20.889999999999418,0.86,0.87,0.865,0.13,0.14,0.135,3090.09,1677.66,1733.66,2501.1,0.29624665722825233,-0.18122396546675604,0.15000000000000002,0.0,-0.030000000000000027,1.01,WAIT,-5,"BTC_BELOW,BTC15-,BTC30-,PM5+,UP_BOOK"
2026-09-21 16:58:31,1790009910,btc-updown-5m-1790009700,90,86008.31,86084.6,-76.29000000000815,15.190000000002328,-14.490000000005239,-29.10000000000582,-15.160000000003492,0.88,0.89,0.885,0.12,0.13,0.125,2055.83,3586.5199999999995,3774.62,1792.0,-0.2712859003783884,0.3561622672285875,0.09999999999999998,0.020000000000000018,0.040000000000000036,1.02,WAIT,-3,"BTC_BELOW,BTC5+,PM5+,DOWN_BOOK"
2026-09-21 16:58:33,1790009912,btc-updown-5m-1790009700,88,86002.58,86084.6,-82.02000000000407,9.470000000001164,-20.229999999995925,-20.889999999999418,-20.89999999999418,0.79,0.8,0.795,0.2,0.21,0.20500000000000002,1549.0,1316.0,1094.0,1742.79,0.08132635253054102,-0.22870568494671795,0.010000000000000009,-0.07999999999999996,-0.029999999999999916,1.01,DOWN WATCH,-7,"BTC_BELOW,BTC15-,PM15-"
2026-09-21 16:58:35,1790009914,btc-updown-5m-1790009700,86,86002.57,86084.6,-82.02999999999884,-0.01999999998952262,9.460000000006403,-20.89999999999418,-20.89999999999418,0.78,0.79,0.785,0.2,0.21,0.20500000000000002,1648.9499999999998,1104.0,1165.35,2100.85,0.19795128861766464,-0.28641846794440023,-0.07999999999999996,0.09000000000000008,-0.029999999999999916,1.0,WAIT,-1,"BTC_BELOW,PM5-,PM15+"
2026-09-21 16:58:37,1790009916,btc-updown-5m-1790009700,84,85992.86,86084.6,-91.74000000000524,-15.44999999999709,-0.25,-35.24000000000524,-53.36000000000058,0.69,0.7,0.695,0.3,0.31,0.305,552.74,2389.24,1855.04,335.35,-0.6242394577801345,0.693798821214487,-0.19000000000000006,-0.030000000000000027,-0.17000000000000004,1.01,DOWN WATCH,-11,"BTC_BELOW,BTC5-,BTC30-,BTC60-,PM5-,PM30-,DOWN_BOOK"
2026-09-21 16:58:39,1790009918,btc-updown-5m-1790009700,82,85992.87,86084.6,-91.73000000001048,-9.710000000006403,-0.2400000000052387,-29.930000000007567,-53.34000000001106,0.75,0.77,0.76,0.23,0.24,0.235,1166.1,1416.0,1570.57,998.47,-0.0967816893226444,0.22269018777442154,-0.03500000000000003,0.04500000000000004,-0.07499999999999996,1.01,DOWN WATCH,-6,"BTC_BELOW,BTC60-,PM5-,PM30-"
2026-09-21 16:58:40,1790009920,btc-updown-5m-1790009700,80,85992.86,86084.6,-91.74000000000524,-9.710000000006403,-0.2599999999947613,-29.94999999999709,-53.35000000000582,0.79,0.8,0.795,0.2,0.21,0.20500000000000002,1783.95,2490.43,2977.43,1842.95,-0.16528245032028033,0.2353507399831548,0.010000000000000009,0.010000000000000009,-0.05999999999999994,1.01,WAIT,-4,"BTC_BELOW,BTC60-"
2026-09-21 16:58:42,1790009921,btc-updown-5m-1790009700,79,85992.87,86084.6,-91.73000000001048,0.00999999999476131,-0.25,-29.94000000000233,-43.88000000000466,0.77,0.78,0.775,0.22,0.23,0.225,1314.0,3476.55,3456.17,1250.0,-0.45141998309171183,0.4687824706714802,0.08000000000000007,-0.010000000000000009,-0.06999999999999995,1.01,WAIT,-5,"BTC_BELOW,BTC60-,PM5+,DOWN_BOOK"
2026-09-21 16:58:44,1790009923,btc-updown-5m-1790009700,77,85992.87,86084.6,-91.73000000001048,0.0,-0.2400000000052387,-29.930000000007567,-38.66000000000349,0.76,0.77,0.765,0.23,0.24,0.235,2245.94,1130.23,991.3299999999999,2260.44,0.330466179131975,-0.3902828305814987,0.0050000000000000044,-0.020000000000000018,-0.09999999999999998,1.01,WAIT,-2,"BTC_BELOW,PM30-,UP_BOOK"
2026-09-21 16:58:46,1790009925,btc-updown-5m-1790009700,75,85992.14,86084.6,-92.4600000000064,-0.7200000000011642,-16.169999999998254,-30.660000000003492,-39.38999999999942,0.75,0.76,0.755,0.25,0.26,0.255,374.0,4257.99,211.0,1883.45,-0.838514331853048,-0.7985151233020603,-0.040000000000000036,-0.13,-0.10999999999999999,1.02,DOWN WATCH,-9,"BTC_BELOW,BTC30-,PM5-,PM15-,PM30-"
2026-09-21 16:58:48,1790009927,btc-updown-5m-1790009700,73,85992.13,86084.6,-92.47000000000116,-0.7399999999906868,-10.44999999999709,-30.679999999993015,-37.979999999995925,0.73,0.74,0.735,0.26,0.27,0.265,1583.6,1775.0,1658.0,1781.5000000000002,-0.0569880307270887,-0.03590638174153227,-0.040000000000000036,-0.06000000000000005,-0.14,1.01,DOWN WATCH,-9,"BTC_BELOW,BTC30-,PM5-,PM15-,PM30-"
2026-09-21 16:58:49,1790009929,btc-updown-5m-1790009700,71,85987.04,86084.6,-97.56000000001222,-5.830000000001746,-15.530000000013388,-6.070000000006985,-43.070000000006985,0.71,0.72,0.715,0.28,0.29,0.28500000000000003,472.0,2138.0,1638.0,295.15999999999997,-0.6383141762452107,0.6946346913861244,-0.050000000000000044,-0.07000000000000006,0.020000000000000018,1.01,DOWN WATCH,-9,"BTC_BELOW,BTC60-,PM5-,PM15-,DOWN_BOOK"
2026-09-21 17:14:13,1790010844,btc-updown-5m-1790010600,56,85953.26,85953.26,0.0,,,,,,0.01,,0.99,,,0,27333.760000000002,27367.760000000002,0,-1.0,1.0,,,,,WAIT,-2,DOWN_BOOK
2026-09-21 17:14:15,1790010854,btc-updown-5m-1790010600,46,85953.27,85953.26,0.010000000009313226,0.010000000009313226,,,,,0.01,,0.99,,,0,27338.38,38728.380000000005,0,-1.0,1.0,,,,,WAIT,-2,DOWN_BOOK
2026-09-21 17:14:16,1790010856,btc-updown-5m-1790010600,44,85953.26,85953.26,0.0,0.0,,,,,0.01,,0.99,,,0,38836.05,38726.05,0,-1.0,1.0,,,,,WAIT,-2,DOWN_BOOK
2026-09-21 17:14:18,1790010857,btc-updown-5m-1790010600,43,85963.37,85953.26,10.110000000000582,10.110000000000582,,,,,0.01,,0.99,,,0,38921.68,38928.68,0,-1.0,1.0,,,,,WAIT,-1,"BTC5+,DOWN_BOOK"
2026-09-21 17:14:20,1790010859,btc-updown-5m-1790010600,41,85963.37,85953.26,10.110000000000582,10.099999999991269,10.110000000000582,,,,0.01,,0.99,,,0,38897.98,38911.08,0,-1.0,1.0,,,,,WAIT,-1,"BTC5+,DOWN_BOOK"
2026-09-21 17:14:21,1790010861,btc-updown-5m-1790010600,39,85964.87,85953.26,11.610000000000582,11.610000000000582,11.610000000000582,,,,0.01,,0.99,,,0,38955.61,38935.61,0,-1.0,1.0,,,,,WAIT,-1,"BTC5+,DOWN_BOOK"
2026-09-21 17:14:23,1790010862,btc-updown-5m-1790010600,38,85970.35,85953.26,17.09000000001106,6.980000000010477,17.09000000001106,,,,0.01,,0.99,,,0,38915.61,38915.61,0,-1.0,1.0,,,,,WAIT,-2,DOWN_BOOK
2026-09-21 17:14:25,1790010864,btc-updown-5m-1790010600,36,85970.35,85953.26,17.09000000001106,6.980000000010477,17.09000000001106,,,,0.01,,0.99,,,0,38905.61,38905.61,0,-1.0,1.0,,,,,WAIT,-2,DOWN_BOOK
2026-09-21 17:14:27,1790010866,btc-updown-5m-1790010600,34,85970.34,85953.26,17.080000000001746,5.470000000001164,17.080000000001746,,,,0.01,,0.99,,,0,38895.61,38901.14,0,-1.0,1.0,,,,,WAIT,-2,DOWN_BOOK
2026-09-21 17:14:29,1790010868,btc-updown-5m-1790010600,32,85974.11,85953.26,20.85000000000582,3.7599999999947613,20.85000000000582,,,,0.01,,0.99,,,0,42568.74,42568.74,0,-1.0,1.0,,,,,WAIT,2,"BTC_ABOVE,BTC15+,DOWN_BOOK"
2026-09-21 17:14:31,1790010870,btc-updown-5m-1790010600,30,85978.73,85953.26,25.470000000001164,8.379999999990105,25.45999999999185,,,,0.01,,0.99,,,0,55886.74,55903.74,0,-1.0,1.0,,,,,WAIT,2,"BTC_ABOVE,BTC15+,DOWN_BOOK"
2026-09-21 17:14:32,1790010872,btc-updown-5m-1790010600,28,85987.33,85953.26,34.070000000006985,16.99000000000524,23.960000000006403,,,,0.01,,0.99,,,0,55936.74,55936.74,0,-1.0,1.0,,,,,WAIT,3,"BTC_ABOVE,BTC5+,BTC15+,DOWN_BOOK"
2026-09-21 17:14:34,1790010873,btc-updown-5m-1790010600,27,85987.33,85953.26,34.070000000006985,13.220000000001164,23.960000000006403,,,,0.01,,0.99,,,0,56011.74,56001.74,0,-1.0,1.0,,,,,WAIT,3,"BTC_ABOVE,BTC5+,BTC15+,DOWN_BOOK"
2026-09-21 17:14:36,1790010875,btc-updown-5m-1790010600,25,85987.33,85953.26,34.070000000006985,8.60000000000582,23.960000000006403,34.070000000006985,,,0.01,,0.99,,,0,56046.74,56046.74,0,-1.0,1.0,,,,,WAIT,4,"BTC_ABOVE,BTC15+,BTC30+,DOWN_BOOK"
2026-09-21 17:14:37,1790010877,btc-updown-5m-1790010600,23,85987.33,85953.26,34.070000000006985,0.0,16.979999999995925,34.070000000006985,,,0.01,,0.99,,,0,55986.74,55981.74,0,-1.0,1.0,,,,,WAIT,2,"BTC_ABOVE,BTC30+,DOWN_BOOK"
2026-09-21 17:14:39,1790010878,btc-updown-5m-1790010600,22,85991.32,85953.26,38.060000000012224,3.9900000000052387,20.970000000001164,38.060000000012224,,,0.01,,0.99,,,0,55966.74,55986.74,0,-1.0,1.0,,,,,WAIT,4,"BTC_ABOVE,BTC15+,BTC30+,DOWN_BOOK"
2026-09-21 17:14:41,1790010880,btc-updown-5m-1790010600,20,85991.31,85953.26,38.05000000000291,3.9799999999959255,20.95999999999185,38.05000000000291,,,0.01,,0.99,,,0,56021.74,56073.74,0,-1.0,1.0,,,,,WAIT,4,"BTC_ABOVE,BTC15+,BTC30+,DOWN_BOOK"
2026-09-21 17:14:42,1790010882,btc-updown-5m-1790010600,18,85991.32,85953.26,38.060000000012224,3.9900000000052387,20.980000000010477,38.060000000012224,,,0.01,,0.99,,,0,56125.4,56125.4,0,-1.0,1.0,,,,,WAIT,0,TIME_FILTER
2026-09-21 17:14:44,1790010883,btc-updown-5m-1790010600,17,85991.32,85953.26,38.060000000012224,0.0,17.210000000006403,38.060000000012224,,,0.01,,0.99,,,0,56227.37,56227.37,0,-1.0,1.0,,,,,WAIT,0,TIME_FILTER
2026-09-21 17:14:46,1790010885,btc-updown-5m-1790010600,15,85991.31,85953.26,38.05000000000291,0.0,12.580000000001746,38.0399999999936,,,0.01,,0.99,,,0,56222.37,56329.37,0,-1.0,1.0,,,,,WAIT,0,TIME_FILTER
2026-09-21 17:14:48,1790010887,btc-updown-5m-1790010600,13,85991.32,85953.26,38.060000000012224,0.0,3.9900000000052387,27.95000000001164,,,0.01,,0.99,,,0,54950.64,54920.64,0,-1.0,1.0,,,,,WAIT,0,TIME_FILTER
2026-09-21 17:14:49,1790010889,btc-updown-5m-1790010600,11,85983.71,85953.26,30.45000000001164,-7.610000000000582,-3.6199999999953434,20.34000000001106,,,0.01,,0.99,,,0,55271.22,55271.22,0,-1.0,1.0,,,,,WAIT,0,TIME_FILTER
2026-09-21 17:14:51,1790010890,btc-updown-5m-1790010600,10,85983.71,85953.26,30.45000000001164,-7.599999999991269,-3.6199999999953434,20.34000000001106,,,0.01,,0.99,,,0,55077.450000000004,54955.270000000004,0,-1.0,1.0,,,,,WAIT,0,TIME_FILTER
2026-09-21 17:14:52,1790010892,btc-updown-5m-1790010600,8,85983.71,85953.26,30.45000000001164,-7.610000000000582,-3.6199999999953434,13.360000000000582,,,0.01,,0.99,,,0,55585.12,55585.12,0,-1.0,1.0,,,,,WAIT,0,TIME_FILTER
2026-09-21 17:14:54,1790010893,btc-updown-5m-1790010600,7,85983.71,85953.26,30.45000000001164,-7.610000000000582,-7.610000000000582,13.360000000000582,,,0.001,,0.999,,,0,87365.53,87345.53,0,-1.0,1.0,,,,,WAIT,0,TIME_FILTER
2026-09-21 17:14:56,1790010895,btc-updown-5m-1790010600,5,85981.65,85953.26,28.389999999999418,-2.0600000000122236,-9.660000000003492,11.299999999988358,,,0.001,,0.999,,,0,79271.63,79276.63,0,-1.0,1.0,,,,,WAIT,0,TIME_FILTER
2026-09-21 17:14:58,1790010897,btc-updown-5m-1790010600,3,85974.08,85953.26,20.820000000006985,-9.630000000004657,-17.24000000000524,3.7400000000052387,,,0.001,,0.999,,,0,78957.63,78962.63,0,-1.0,1.0,,,,,WAIT,0,TIME_FILTER
2026-09-21 17:14:59,1790010899,btc-updown-5m-1790010600,1,85950.14,85953.26,-3.1199999999953434,-33.570000000006985,-41.18000000000757,-23.970000000001164,,,0.001,,0.999,,,0,80955.94,86763.03,0,-1.0,1.0,,,,,WAIT,0,TIME_FILTER
2026-09-21 17:15:02,1790010900,btc-updown-5m-1790010900,300,85951.52,85951.51,0.010000000009313226,,,,,0.43,0.44,0.435,0.56,0.57,0.565,4875.71,1293.4099999999999,1225.16,5020.71,0.5806824960448168,-0.6076895612620821,,,,1.01,WAIT,0,TIME_FILTER
2026-09-21 17:15:03,1790010903,btc-updown-5m-1790010900,297,85958.35,85951.51,6.8400000000110595,,,,,0.46,0.47,0.46499999999999997,0.53,0.54,0.535,2961.1099999999997,1089.4299999999998,1551.49,4400.19,0.462081598996677,-0.47863796440668854,,,,1.01,WAIT,0,TIME_FILTER
2026-09-21 17:15:05,1790010904,btc-updown-5m-1790010900,296,85965.85,85951.51,14.34000000001106,,,,,0.47,0.48,0.475,0.52,0.53,0.525,3301.5499999999997,1765.93,2837.35,2789.43,0.30303424976516924,0.008516416138537507,,,,1.01,WAIT,0,TIME_FILTER
2026-09-21 17:15:07,1790010906,btc-updown-5m-1790010900,294,85965.85,85951.51,14.34000000001106,14.330000000001746,,,,0.47,0.48,0.475,0.52,0.53,0.525,3285.5899999999997,3217.26,3226.5099999999998,3280.5899999999997,0.010507700469793931,-0.008310921916060908,0.03999999999999998,,,1.01,WAIT,0,TIME_FILTER
2026-09-21 17:15:09,1790010908,btc-updown-5m-1790010900,292,85965.84,85951.51,14.330000000001746,7.489999999990687,,,,0.47,0.48,0.475,0.52,0.53,0.525,3448.6499999999996,2375.0,1705.0,3443.6499999999996,0.18436032385187978,-0.337690462548435,0.010000000000000009,,,1.01,WAIT,0,TIME_FILTER
2026-09-21 17:15:10,1790010910,btc-updown-5m-1790010900,290,85974.44,85951.51,22.930000000007567,8.589999999996508,,,,0.53,0.54,0.535,0.46,0.47,0.46499999999999997,3356.62,2497.19,724.74,3356.62,0.14681549281579004,-0.644853676225572,0.06000000000000005,,,1.01,WAIT,0,TIME_FILTER
2026-09-21 17:15:12,1790010911,btc-updown-5m-1790010900,289,85974.45,85951.51,22.94000000000233,8.599999999991269,,,,0.53,0.54,0.535,0.42,0.47,0.44499999999999995,4070.29,1100.18,4068.98,4073.58,0.5744371401439327,-0.0005649328957968881,0.06000000000000005,,,1.01,WAIT,0,TIME_FILTER
2026-09-21 17:15:14,1790010913,btc-updown-5m-1790010900,287,85980.08,85951.51,28.570000000006985,14.240000000005239,,,,0.58,0.59,0.585,0.41,0.42,0.415,2313.82,4026.29,1623.82,2586.3,-0.27010099193862563,-0.22861106096738343,0.10999999999999999,,,1.01,WAIT,0,TIME_FILTER
2026-09-21 17:15:15,1790010915,btc-updown-5m-1790010900,285,85988.24,85951.51,36.73000000001048,13.80000000000291,36.720000000001164,,,0.59,0.6,0.595,0.4,0.41,0.405,2454.3700000000003,3018.6499999999996,1375.36,2241.6800000000003,-0.10310212643111102,-0.23951076017959447,0.05999999999999994,0.15999999999999998,,1.01,WAIT,0,TIME_FILTER
2026-09-21 17:15:17,1790010916,btc-updown-5m-1790010900,284,85988.25,85951.51,36.74000000000524,13.80000000000291,36.729999999995925,,,0.58,0.59,0.585,0.41,0.42,0.415,2371.15,4503.49,4541.75,1694.98,-0.3101747873343186,0.45645233960745457,0.04999999999999993,0.14999999999999997,,1.01,WAIT,0,TIME_FILTER
2026-09-21 17:15:19,1790010918,btc-updown-5m-1790010900,282,85988.25,85951.51,36.74000000000524,8.169999999998254,29.89999999999418,,,0.6,0.61,0.605,0.39,0.4,0.395,2709.79,3086.81,3560.88,2811.83,-0.06504157609633232,0.1175402615213936,0.020000000000000018,0.14,,1.01,WAIT,0,TIME_FILTER
2026-09-21 17:15:21,1790010920,btc-updown-5m-1790010900,280,85988.26,85951.51,36.75,0.01999999998952262,22.40999999998894,,,0.6,0.61,0.605,0.39,0.4,0.395,1134.0,4800.139999999999,4990.139999999999,613.0,-0.617804770362681,0.7811941161562981,0.010000000000000009,0.13,,1.01,WAIT,0,TIME_FILTER
2026-09-21 17:15:22,1790010922,btc-updown-5m-1790010900,278,85988.25,85951.51,36.74000000000524,0.0,22.39999999999418,,,0.53,0.54,0.535,0.46,0.47,0.46499999999999997,1811.0900000000001,2613.99,1700.69,2104.2200000000003,-0.18144304735733582,-0.1060550709478017,-0.04999999999999993,0.06000000000000005,,1.01,WAIT,0,TIME_FILTER
2026-09-21 17:15:24,1790010923,btc-updown-5m-1790010900,277,85988.25,85951.51,36.74000000000524,0.0,22.410000000003492,,,0.53,0.54,0.535,0.45,0.46,0.455,3613.6000000000004,1958.4099999999999,1686.82,2648.0699999999997,0.29705438432450776,-0.22174726463647287,-0.06999999999999995,0.06000000000000005,,1.0,WAIT,0,TIME_FILTER
2026-09-21 17:15:26,1790010925,btc-updown-5m-1790010900,275,85988.25,85951.51,36.74000000000524,-0.00999999999476131,13.809999999997672,,,0.56,0.58,0.5700000000000001,0.4,0.41,0.405,3391.46,211.0,741.0,1197.48,0.8828578249307417,-0.2354834715859849,-0.03499999999999992,0.03500000000000003,,0.99,WAIT,0,TIME_FILTER
2026-09-21 17:15:27,1790010927,btc-updown-5m-1790010900,273,85988.25,85951.51,36.74000000000524,0.0,13.80000000000291,,,0.59,0.6,0.595,0.4,0.41,0.405,962.0,5586.099999999999,5656.099999999999,643.0,-0.7061743101052214,0.7958438507088315,0.05999999999999994,0.05999999999999994,,1.01,WAIT,0,TIME_FILTER
2026-09-21 17:15:29,1790010928,btc-updown-5m-1790010900,272,85974.22,85951.51,22.710000000006403,-14.029999999998836,-5.860000000000582,,,0.46,0.47,0.46499999999999997,0.53,0.54,0.535,363.0,1388.88,1410.88,1012.3,-0.5855880539762998,0.164486336136812,-0.07000000000000006,-0.12,,1.01,WAIT,0,TIME_FILTER
2026-09-21 17:15:31,1790010930,btc-updown-5m-1790010900,270,85970.34,85951.51,18.830000000001746,-17.910000000003492,-17.90000000000873,18.819999999992433,,0.47,0.48,0.475,0.52,0.53,0.525,2452.9700000000003,2606.16,2606.16,2492.9700000000003,-0.030279909786860508,0.022197904348388763,-0.09500000000000008,-0.12,0.03999999999999998,1.01,WAIT,-4,"BTC5-,PM5-,PM15-"
2026-09-21 17:15:33,1790010932,btc-updown-5m-1790010900,268,85970.35,85951.51,18.84000000001106,-17.89999999999418,-17.89999999999418,18.830000000001746,,0.47,0.48,0.475,0.53,0.54,0.535,812.28,4516.1,4109.71,1915.1999999999998,-0.6951118351168649,0.3642394658177467,-0.12,-0.10999999999999999,0.03999999999999998,1.02,DOWN WATCH,-6,"BTC5-,PM5-,PM15-,DOWN_BOOK"
2026-09-21 17:15:34,1790010934,btc-updown-5m-1790010900,266,85960.79,85951.51,9.279999999998836,-13.430000000007567,-27.460000000006403,-5.060000000012224,,0.41,0.42,0.415,0.58,0.59,0.585,3275.8599999999997,1398.54,2271.96,3372.71,0.4016173198699298,-0.19500697117812024,-0.04999999999999999,-0.19,-0.06,1.01,WAIT,-5,"BTC5-,BTC15-,PM5-,PM15-,UP_BOOK"
2026-09-21 17:15:36,1790010935,btc-updown-5m-1790010900,265,85960.78,85951.51,9.270000000004075,-9.559999999997672,-27.479999999995925,-5.070000000006985,,0.42,0.43,0.425,0.57,0.58,0.575,4057.45,2478.91,3145.91,4103.45,0.2415013860925653,-0.13208614277674166,-0.04999999999999999,-0.18,-0.04999999999999999,1.01,WAIT,-5,"BTC15-,PM5-,PM15-"
2026-09-21 17:15:38,1790010937,btc-updown-5m-1790010900,263,85960.79,85951.51,9.279999999998836,-9.560000000012224,-27.460000000006403,-5.060000000012224,,0.44,0.45,0.445,0.55,0.56,0.555,3285.77,2777.77,3052.58,4151.12,0.08377944237194775,-0.15249663367436178,-0.02999999999999997,-0.09000000000000002,-0.02999999999999997,1.01,WAIT,-4,"BTC15-,PM15-"
2026-09-21 17:15:40,1790010939,btc-updown-5m-1790010900,261,85960.78,85951.51,9.270000000004075,-0.00999999999476131,-27.470000000001164,-5.059999999997672,,0.46,0.47,0.46499999999999997,0.53,0.54,0.535,3393.4399999999996,784.26,934.26,4016.18,0.6245493932067883,-0.6225547628089625,0.04999999999999999,-0.07000000000000006,-0.010000000000000009,1.01,WAIT,-1,"BTC15-,PM5+,PM15-,UP_BOOK"
2026-09-21 17:15:41,1790010941,btc-updown-5m-1790010900,259,85969.38,85951.51,17.870000000009895,8.60000000000582,-18.869999999995343,-5.069999999992433,,0.51,0.52,0.515,0.43,0.44,0.435,1247.46,53.0,377.0,1185.75,0.9184903803269613,-0.5175171972484403,0.09000000000000002,-0.05500000000000005,-0.020000000000000018,0.96,WAIT,1,"PM5+,PM15-,UP_BOOK"
2026-09-21 17:15:43,1790010942,btc-updown-5m-1790010900,258,85975.54,85951.51,24.029999999998836,14.75,-12.710000000006403,1.0899999999965075,,0.56,0.57,0.565,0.43,0.44,0.435,3370.79,1699.65,1744.65,3345.79,0.32958480920787936,-0.31453862534476384,0.11999999999999994,-0.030000000000000027,0.029999999999999916,1.01,UP WATCH,6,"BTC_ABOVE,BTC5+,PM5+,UP_BOOK"
2026-09-21 17:15:45,1790010944,btc-updown-5m-1790010900,256,85975.55,85951.51,24.04000000000815,14.770000000004075,1.3300000000017462,-4.529999999998836,,0.56,0.57,0.565,0.44,0.45,0.445,870.6700000000001,4443.05,2143.15,834.94,-0.6722936097498551,0.43927819508476906,0.09999999999999998,0.09999999999999998,-0.020000000000000018,1.02,WAIT,4,"BTC_ABOVE,BTC5+,PM5+,PM15+,DOWN_BOOK"
2026-09-21 17:15:47,1790010946,btc-updown-5m-1790010900,254,85975.54,85951.51,24.029999999998836,6.1599999999889405,5.19999999999709,-12.710000000006403,,0.53,0.54,0.535,0.46,0.47,0.46499999999999997,1636.78,4089.8399999999997,3673.8399999999997,2073.52,-0.4283608830339711,0.27844436402104616,0.020000000000000018,0.06000000000000005,-0.04999999999999993,1.01,WAIT,2,"BTC_ABOVE,PM15+,DOWN_BOOK"
2026-09-21 17:15:48,1790010948,btc-updown-5m-1790010900,252,85975.55,85951.51,24.04000000000815,0.010000000009313226,5.19999999999709,-12.69999999999709,,0.54,0.55,0.545,0.49,0.5,0.495,1512.21,3925.51,653.26,680.0799999999999,-0.4438073310137337,-0.020114899425502826,-0.019999999999999907,0.07000000000000006,-0.05999999999999994,1.05,WAIT,3,"BTC_ABOVE,PM15+"
2026-09-21 17:15:50,1790010949,btc-updown-5m-1790010900,251,85972.01,85951.51,20.5,-3.540000000008149,11.220000000001164,-16.24000000000524,,0.47,0.48,0.475,0.52,0.53,0.525,1410.56,2654.87,2654.87,1450.56,-0.3060709445249334,0.2933456422347963,-0.08999999999999997,0.06,-0.13,1.01,WAIT,0,"BTC_ABOVE,PM5-,PM15+,PM30-,DOWN_BOOK"
2026-09-21 17:15:52,1790010951,btc-updown-5m-1790010900,249,85972.02,85951.51,20.510000000009313,-3.5199999999895226,11.240000000005239,-16.239999999990687,,0.47,0.48,0.475,0.52,0.53,0.525,2402.2799999999997,2306.42,2235.42,2409.9,0.02035806061120897,-0.03756038335356876,-0.06000000000000005,0.04999999999999999,-0.13,1.01,WAIT,0,"BTC_ABOVE,PM5-,PM30-"
2026-09-21 17:15:53,1790010953,btc-updown-5m-1790010900,247,85972.02,85951.51,20.510000000009313,-3.529999999998836,11.230000000010477,-16.229999999995925,,0.47,0.48,0.475,0.52,0.53,0.525,3830.07,1468.26,1478.26,3840.07,0.44576498632588013,-0.4440886518888449,-0.07000000000000006,0.02999999999999997,-0.06000000000000005,1.01,WAIT,3,"BTC_ABOVE,PM5-,UP_BOOK"
2026-09-21 17:15:55,1790010954,btc-updown-5m-1790010900,246,85972.02,85951.51,20.510000000009313,0.010000000009313226,11.240000000005239,-16.229999999995925,,0.47,0.48,0.475,0.52,0.53,0.525,3736.61,2516.17,2513.7900000000004,3766.61,0.19518358234257402,-0.19948092478186097,0.0,0.010000000000000009,-0.06000000000000005,1.01,WAIT,2,BTC_ABOVE
2026-09-21 17:15:57,1790010956,btc-updown-5m-1790010900,244,85972.01,85951.51,20.5,-0.010000000009313226,2.6299999999901047,-16.24000000000524,,0.47,0.48,0.475,0.52,0.53,0.525,4170.27,2215.91,2170.91,4170.27,0.3060295826299917,-0.3152977836932559,0.0,-0.040000000000000036,-0.09500000000000008,1.01,WAIT,3,"BTC_ABOVE,PM30-,UP_BOOK"
2026-09-21 17:15:58,1790010958,btc-updown-5m-1790010900,242,85972.01,85951.51,20.5,-0.010000000009313226,-3.529999999998836,-2.210000000006403,,0.48,0.49,0.485,0.55,0.58,0.565,509.69,3555.69,1088.49,1453.7,-0.7492534523218002,-0.1436596005806018,0.010000000000000009,-0.07999999999999996,0.020000000000000018,1.0699999999999998,WAIT,-1,"BTC_ABOVE,PM15-"
2026-09-21 17:16:00,1790010959,btc-updown-5m-1790010900,241,85960.29,85951.51,8.779999999998836,-11.730000000010477,-15.260000000009313,-13.930000000007567,,0.47,0.48,0.475,0.52,0.53,0.525,2484.37,3571.04,3191.14,2513.74,-0.17945440523432768,0.11874044677539233,0.0,-0.08999999999999997,0.010000000000000009,1.01,WAIT,-3,"BTC5-,PM15-"
2026-09-21 17:16:02,1790010961,btc-updown-5m-1790010900,239,85965.09,85951.51,13.580000000001746,-6.919999999998254,-10.44999999999709,-5.25,13.569999999992433,0.49,0.5,0.495,0.5,0.51,0.505,2635.74,3732.2200000000003,4295.22,1851.7399999999998,-0.17218701122494495,0.3975103140414124,0.020000000000000018,-0.040000000000000036,0.020000000000000018,1.01,WAIT,-1,DOWN_BOOK
2026-09-21 17:16:04,1790010963,btc-updown-5m-1790010900,237,85949.69,85951.51,-1.819999999992433,-22.319999999992433,-25.860000000000582,-20.660000000003492,-8.660000000003492,0.37,0.38,0.375,0.61,0.62,0.615,853.22,152.98,1115.0,1866.44,0.6959252633671238,-0.2520392830310186,-0.10999999999999999,-0.17000000000000004,-0.09999999999999998,1.0,WAIT,-5,"BTC5-,BTC15-,PM5-,PM15-,PM30-,UP_BOOK"
2026-09-21 17:16:05,1790010965,btc-updown-5m-1790010900,235,85949.69,85951.51,-1.819999999992433,-10.599999999991269,-22.319999999992433,-11.089999999996508,-16.160000000003492,0.38,0.39,0.385,0.61,0.62,0.615,3557.63,2390.93,1486.0,3452.68,0.19613150073295055,-0.39821976722525043,-0.08999999999999997,-0.08999999999999997,-0.03999999999999998,1.01,WAIT,-5,"BTC5-,BTC15-,PM5-,PM15-"
2026-09-21 17:16:07,1790010966,btc-updown-5m-1790010900,234,85949.68,85951.51,-1.8300000000017462,-15.410000000003492,-22.34000000001106,-11.10000000000582,-16.170000000012806,0.4,0.41,0.405,0.59,0.6,0.595,3969.6000000000004,1224.71,2821.13,1822.1399999999999,0.5284416987049291,0.21514794530578668,-0.08999999999999997,-0.06999999999999995,-0.019999999999999962,1.01,WAIT,-5,"BTC5-,BTC15-,PM5-,PM15-,UP_BOOK"
2026-09-21 17:16:09,1790010968,btc-updown-5m-1790010900,232,85949.69,85951.51,-1.819999999992433,0.0,-22.330000000001746,-11.099999999991269,-16.14999999999418,0.42,0.43,0.425,0.56,0.57,0.565,3006.6400000000003,900.01,3102.42,3460.79,0.5392420616128908,-0.05460285439594343,0.04999999999999999,-0.04999999999999999,-0.020000000000000018,1.0,WAIT,0,"BTC15-,PM5+,UP_BOOK"
2026-09-21 17:16:11,1790010970,btc-updown-5m-1790010900,230,85949.69,85951.51,-1.819999999992433,0.0,-22.330000000001746,-11.089999999996508,-24.75,0.4,0.41,0.405,0.59,0.6,0.595,2580.2599999999998,1723.15,3635.11,2850.5,0.1991699605661556,0.12097705535793858,0.020000000000000018,-0.06999999999999995,-0.05999999999999994,1.01,WAIT,-4,"BTC15-,PM15-"
2026-09-21 17:16:12,1790010972,btc-updown-5m-1790010900,228,85949.69,85951.51,-1.819999999992433,0.010000000009313226,-22.319999999992433,-25.84999999999127,-24.75999999999476,0.4,0.41,0.405,0.59,0.6,0.595,2961.29,1309.1100000000001,3224.98,2546.31,0.38689115773698013,0.11759416005780338,0.0,-0.06999999999999995,-0.15999999999999992,1.01,WAIT,-4,"BTC15-,PM15-,PM30-,UP_BOOK"
2026-09-21 17:16:14,1790010973,btc-updown-5m-1790010900,227,85949.68,85951.51,-1.8300000000017462,-0.010000000009313226,-22.330000000001746,-25.860000000000582,-30.40000000000873,0.38,0.39,0.385,0.61,0.62,0.615,1992.96,3183.96,3137.96,2219.33,-0.2300595721007858,0.17147289021128223,-0.03999999999999998,-0.09999999999999998,-0.17999999999999994,1.01,DOWN WATCH,-6,"BTC15-,PM5-,PM15-,PM30-"
2026-09-21 17:16:16,1790010975,btc-updown-5m-1790010900,225,85954.0,85951.51,2.4900000000052387,4.309999999997672,-6.289999999993597,-21.55000000000291,-34.24000000000524,0.48,0.49,0.485,0.5,0.52,0.51,3537.32,335.0,677.8199999999999,2573.76,0.8269771093298075,-0.5830826859557509,0.07999999999999996,0.010000000000000009,-0.07999999999999996,1.01,WAIT,2,"PM5+,PM30-,UP_BOOK"
2026-09-21 17:16:18,1790010977,btc-updown-5m-1790010900,223,85962.34,85951.51,10.830000000001746,12.64999999999418,-2.75,-13.19999999999709,-25.910000000003492,0.46,0.47,0.46499999999999997,0.53,0.54,0.535,1246.3,1077.83,1131.83,2131.16,0.0724873393484874,-0.30626204799892126,0.05999999999999994,-0.030000000000000027,-0.07000000000000006,1.01,WAIT,2,"BTC5+,PM5+,PM30-"
2026-09-21 17:16:19,1790010979,btc-updown-5m-1790010900,221,85964.59,85951.51,13.080000000001746,14.910000000003492,14.89999999999418,-7.419999999998254,-23.660000000003492,0.46,0.47,0.46499999999999997,0.53,0.54,0.535,2247.16,1258.0,1218.0,3598.91,0.2822010978100857,-0.4942816037667301,0.07999999999999996,0.08999999999999997,-0.010000000000000009,1.01,UP WATCH,6,"BTC5+,PM5+,PM15+,UP_BOOK"
2026-09-21 17:16:21,1790010980,btc-updown-5m-1790010900,220,85968.66,85951.51,17.15000000000873,14.660000000003492,18.970000000001164,-3.349999999991269,-19.59999999999127,0.45,0.46,0.455,0.54,0.55,0.545,306.57,2576.67,2616.63,539.5,-0.7873434053356639,0.6581256158649992,-0.02999999999999997,0.07,-0.019999999999999962,1.01,WAIT,1,"BTC5+,PM15+,DOWN_BOOK"
2026-09-21 17:16:23,1790010982,btc-updown-5m-1790010900,218,85968.66,85951.51,17.15000000000873,6.320000000006985,18.980000000010477,-3.360000000000582,-19.589999999996508,0.45,0.46,0.455,0.54,0.55,0.545,2753.65,2728.86,2758.69,2807.0899999999997,0.004521651579294878,-0.008695995889165515,-0.009999999999999953,0.04999999999999999,-0.019999999999999962,1.01,WAIT,0,
2026-09-21 17:16:24,1790010984,btc-updown-5m-1790010900,216,85968.66,85951.51,17.15000000000873,4.070000000006985,18.970000000001164,-3.360000000000582,-19.589999999996508,0.44,0.45,0.445,0.55,0.56,0.555,2865.3199999999997,2406.38,2440.6400000000003,3479.7400000000002,0.08705730599237431,-0.17551238265111357,-0.019999999999999962,0.020000000000000018,-0.02999999999999997,1.01,WAIT,0,
2026-09-21 17:16:26,1790010985,btc-updown-5m-1790010900,215,85968.65,85951.51,17.139999999999418,-0.010000000009313226,18.95999999999185,-3.3700000000098953,-19.60000000000582,0.45,0.46,0.455,0.53,0.54,0.535,1883.95,434.66999999999996,1239.42,1799.99,0.6250614589712847,-0.1844338210376356,0.0,0.04999999999999999,-0.019999999999999962,1.0,WAIT,1,UP_BOOK
2026-09-21 17:16:28,1790010987,btc-updown-5m-1790010900,213,85951.23,85951.51,-0.27999999999883585,-17.430000000007567,1.5399999999935972,-20.779999999998836,-37.020000000004075,0.33,0.34,0.335,0.66,0.67,0.665,367.72,1639.31,3216.31,991.3100000000001,-0.6335680084502971,0.528802505929718,-0.12,-0.07,-0.13999999999999996,1.01,DOWN WATCH,-7,"BTC5-,PM5-,PM15-,PM30-,DOWN_BOOK"
2026-09-21 17:16:30,1790010989,btc-updown-5m-1790010900,211,85946.28,85951.51,-5.2299999999959255,-22.380000000004657,-3.3999999999941792,-14.009999999994761,-27.94000000000233,0.31,0.32,0.315,0.68,0.69,0.685,2695.31,2475.94,2513.94,2705.31,0.04242107807590039,-0.036666187670642315,-0.13,-0.07,-0.15999999999999998,1.01,WAIT,-5,"BTC5-,PM5-,PM15-,PM30-"
2026-09-21 17:16:31,1790010991,btc-updown-5m-1790010900,209,85943.02,85951.51,-8.489999999990687,-25.629999999990105,-10.979999999995925,-22.069999999992433,-27.319999999992433,0.28,0.29,0.28500000000000003,0.71,0.72,0.715,2324.7,1073.42,2117.42,2405.5299999999997,0.3682271373583039,-0.06369957660376517,-0.16999999999999998,-0.19999999999999996,-0.20999999999999996,1.01,WAIT,-4,"BTC5-,PM5-,PM15-,PM30-,UP_BOOK"
2026-09-21 17:16:33,1790010992,btc-updown-5m-1790010900,208,85943.01,85951.51,-8.5,-8.220000000001164,-19.330000000001746,-22.080000000001746,-27.34000000001106,0.29,0.3,0.295,0.7,0.71,0.705,2668.0699999999997,2008.93,2600.59,2606.6499999999996,0.14093222150951457,-0.0011637642974012127,-0.040000000000000036,-0.16999999999999998,-0.2,1.01,WAIT,-4,"PM5-,PM15-,PM30-"
2026-09-21 17:16:35,1790010994,btc-updown-5m-1790010900,206,85943.02,85951.51,-8.489999999990687,-3.2599999999947613,-21.569999999992433,-6.669999999998254,-17.769999999989523,0.29,0.3,0.295,0.7,0.71,0.705,3151.59,1479.77,2870.53,3000.04,0.36097820078767356,-0.02206089016909768,-0.020000000000000018,-0.16999999999999998,-0.08000000000000002,1.01,WAIT,-4,"BTC15-,PM15-,PM30-,UP_BOOK"
2026-09-21 17:16:37,1790010996,btc-updown-5m-1790010900,204,85943.02,85951.51,-8.489999999990687,0.0,-25.639999999999418,-6.6599999999889405,-17.75999999999476,0.3,0.31,0.305,0.69,0.7,0.695,2144.17,2893.66,3598.42,2140.17,-0.148772388111548,0.2541129441204198,0.019999999999999962,-0.15000000000000002,-0.10000000000000003,1.01,DOWN WATCH,-6,"BTC15-,PM15-,PM30-,DOWN_BOOK"
2026-09-21 17:16:38,1790010998,btc-updown-5m-1790010900,202,85943.01,85951.51,-8.5,0.0,-25.65000000000873,-6.680000000007567,-17.779999999998836,0.29,0.3,0.295,0.7,0.71,0.705,2874.08,3017.1800000000003,3628.8100000000004,2568.08,-0.02429021974925574,0.17117134562659664,0.0,-0.16000000000000003,-0.13,1.01,WAIT,-5,"BTC15-,PM15-,PM30-"
2026-09-21 17:16:40,1790010999,btc-updown-5m-1790010900,201,85943.01,85951.51,-8.5,-0.010000000009313226,-25.65000000000873,-6.680000000007567,-17.770000000004075,0.28,0.29,0.28500000000000003,0.71,0.72,0.715,2981.6800000000003,2049.01,2327.19,3052.4900000000002,0.18539603911193098,-0.13482214555512598,-0.009999999999999953,-0.15999999999999998,-0.13999999999999996,1.01,WAIT,-5,"BTC15-,PM15-,PM30-"
2026-09-21 17:16:42,1790011001,btc-updown-5m-1790010900,199,85943.02,85951.51,-8.489999999990687,0.0,-25.629999999990105,-6.669999999998254,-26.360000000000582,0.28,0.29,0.28500000000000003,0.71,0.72,0.715,2159.75,2393.27,3237.77,2077.22,-0.051289034530926716,0.21835412672460347,-0.019999999999999962,-0.16999999999999998,-0.12,1.01,WAIT,-5,"BTC15-,PM15-,PM30-"
2026-09-21 17:16:43,1790011003,btc-updown-5m-1790010900,197,85943.01,85951.51,-8.5,0.0,-8.220000000001164,-6.669999999998254,-32.529999999998836,0.26,0.27,0.265,0.73,0.74,0.735,2870.63,1967.93,1745.5,3216.85,0.18656377103931748,-0.2965026650679617,-0.02999999999999997,-0.07,-0.12,1.01,WAIT,-2,"PM15-,PM30-"
2026-09-21 17:16:45,1790011004,btc-updown-5m-1790010900,196,85943.02,85951.51,-8.489999999990687,0.010000000009313226,-3.2599999999947613,-6.6599999999889405,-32.529999999998836,0.29,0.3,0.295,0.71,0.72,0.715,1269.04,1977.9,2185.95,1675.4,-0.218316322445133,0.13222059642353057,0.009999999999999953,-0.020000000000000018,-0.09000000000000002,1.02,WAIT,-1,PM30-
2026-09-21 17:16:47,1790011006,btc-updown-5m-1790010900,194,85943.01,85951.51,-8.5,-0.010000000009313226,-0.010000000009313226,-10.990000000005239,-32.529999999998836,0.27,0.28,0.275,0.72,0.73,0.725,1490.6399999999999,1886.6000000000001,2336.98,1989.92,-0.11724366642583893,0.08020985000808893,-0.010000000000000009,-0.010000000000000009,-0.20999999999999996,1.01,WAIT,-1,PM30-
2026-09-21 17:16:49,1790011008,btc-updown-5m-1790010900,192,85943.02,85951.51,-8.489999999990687,0.010000000009313226,0.010000000009313226,-19.319999999992433,-32.529999999998836,0.26,0.27,0.265,0.74,0.75,0.745,2125.89,2409.74,3157.9,1589.35,-0.06258226530823721,0.330412343988625,0.0,-0.02999999999999997,-0.19999999999999996,1.02,WAIT,-2,"PM30-,DOWN_BOOK"
2026-09-21 17:16:51,1790011010,btc-updown-5m-1790010900,190,85943.01,85951.51,-8.5,-0.010000000009313226,-0.010000000009313226,-25.65000000000873,-29.0,0.24,0.25,0.245,0.75,0.76,0.755,1593.04,2316.91,2316.91,1593.04,-0.18513535978720955,0.18513535978720955,-0.04999999999999999,-0.04999999999999999,-0.21000000000000002,1.01,WAIT,-2,"PM5-,PM30-"
2026-09-21 17:16:52,1790011012,btc-updown-5m-1790010900,188,85921.08,85951.51,-30.429999999993015,-21.929999999993015,-21.94000000000233,-47.580000000001746,-50.94000000000233,0.19,0.2,0.195,0.82,0.83,0.825,274.4,3414.24,2980.6800000000003,790.88,-0.8512188774182354,0.5806085545503717,-0.08000000000000002,-0.10999999999999999,-0.26,1.03,WAIT,-14,DOWN_TOO_EXPENSIVE
2026-09-21 17:16:54,1790011013,btc-updown-5m-1790010900,187,85920.01,85951.51,-31.5,-23.010000000009313,-23.0,-48.65000000000873,-52.01000000000931,0.15,0.16,0.155,0.84,0.85,0.845,2063.19,1942.12,2770.95,1549.55,0.030227373162127317,0.2826987617173938,-0.11000000000000001,-0.13999999999999999,-0.30000000000000004,1.01,WAIT,-13,DOWN_TOO_EXPENSIVE
2026-09-21 17:16:56,1790011015,btc-updown-5m-1790010900,185,85903.07,85951.51,-48.439999999987776,-39.939999999987776,-39.939999999987776,-65.5799999999872,-68.94999999999709,0.12,0.13,0.125,0.87,0.88,0.875,2259.06,2378.02,2499.08,2270.37,-0.025654075409524968,0.04795311828407889,-0.12,-0.16000000000000003,-0.33,1.01,WAIT,-12,DOWN_TOO_EXPENSIVE
2026-09-21 17:16:57,1790011017,btc-updown-5m-1790010900,183,85903.07,85951.51,-48.439999999987776,-18.00999999999476,-39.94999999999709,-48.15999999998894,-68.93999999998778,0.12,0.13,0.125,0.87,0.88,0.875,1943.0800000000002,2533.5699999999997,3188.5,915.5699999999999,-0.13190443746998304,0.5538233996983484,-0.07,-0.16000000000000003,-0.21000000000000002,1.01,WAIT,-13,DOWN_TOO_EXPENSIVE
2026-09-21 17:16:59,1790011018,btc-updown-5m-1790010900,182,85870.43,85951.51,-81.08000000000175,-49.580000000001746,-72.58000000000175,-80.80000000000291,-101.58000000000175,0.07,0.08,0.07500000000000001,0.92,0.93,0.925,1910.1800000000003,2899.27,2794.27,2397.27,-0.20565553233737735,0.07647056557399154,-0.07999999999999999,-0.19,-0.26,1.01,WAIT,-13,DOWN_TOO_EXPENSIVE
2026-09-21 17:17:01,1790011020,btc-updown-5m-1790010900,180,85870.43,85951.51,-81.08000000000175,-32.64000000001397,-72.59000000001106,-75.85000000000582,-89.86000000000058,0.07,0.08,0.07500000000000001,0.92,0.93,0.925,2593.05,2562.3500000000004,3147.53,2345.56,0.005954921053652445,0.14599615152855683,-0.04999999999999999,-0.21999999999999997,-0.24,1.01,WAIT,-13,DOWN_TOO_EXPENSIVE
2026-09-21 17:17:03,1790011022,btc-updown-5m-1790010900,178,85870.43,85951.51,-81.08000000000175,-32.64000000001397,-72.58000000000175,-72.58000000000175,-94.66000000000349,0.07,0.08,0.07500000000000001,0.92,0.93,0.925,2046.42,2293.07,2133.57,2549.31,-0.05683847641082249,-0.08877870028700283,-0.04999999999999999,-0.2,-0.21999999999999997,1.01,WAIT,-13,DOWN_TOO_EXPENSIVE
2026-09-21 17:17:04,1790011024,btc-updown-5m-1790010900,176,85861.18,85951.51,-90.33000000000175,-9.25,-81.84000000001106,-81.84000000001106,-88.51000000000931,0.07,0.08,0.07500000000000001,0.92,0.93,0.925,1572.8300000000002,3066.52,3094.25,2039.44,-0.32196105057820595,0.20546819149578566,0.0,-0.19,-0.21999999999999997,1.01,WAIT,-12,DOWN_TOO_EXPENSIVE
2026-09-21 17:17:06,1790011025,btc-updown-5m-1790010900,175,85859.25,85951.51,-92.25999999999476,-11.179999999993015,-83.75999999999476,-83.77000000000407,-90.44000000000233,0.07,0.08,0.07500000000000001,0.92,0.93,0.925,1417.05,3505.29,3583.29,2062.18,-0.42423725301381043,0.26943903696237875,0.0,-0.16999999999999998,-0.21999999999999997,1.01,WAIT,-14,DOWN_TOO_EXPENSIVE
2026-09-21 17:17:08,1790011027,btc-updown-5m-1790010900,173,85859.25,85951.51,-92.25999999999476,-11.179999999993015,-61.830000000001746,-83.77000000000407,-90.42999999999302,0.06,0.07,0.065,0.93,0.94,0.935,2436.2200000000003,3036.19,2966.19,2507.4100000000003,-0.10963542570823455,0.08381686641332939,-0.010000000000000009,-0.13,-0.24,1.01,WAIT,-12,DOWN_TOO_EXPENSIVE
2026-09-21 17:17:09,1790011029,btc-updown-5m-1790010900,171,85851.47,85951.51,-100.0399999999936,-9.709999999991851,-68.5399999999936,-91.5399999999936,-98.22000000000116,0.04,0.05,0.045,0.95,0.96,0.955,3304.63,2350.26,2621.6499999999996,13858.42,0.16876897693854342,-0.6818399436410161,-0.030000000000000013,-0.11,-0.24000000000000005,1.01,WAIT,-11,DOWN_TOO_EXPENSIVE
2026-09-21 17:17:11,1790011030,btc-updown-5m-1790010900,170,85851.47,85951.51,-100.0399999999936,-7.779999999998836,-51.60000000000582,-91.5399999999936,-98.22000000000116,0.05,0.06,0.055,0.94,0.95,0.945,2635.0600000000004,3259.66,3269.66,3983.6800000000003,-0.10595923131208937,-0.09844016687484668,-0.02000000000000001,-0.07,-0.23000000000000004,1.01,WAIT,-11,DOWN_TOO_EXPENSIVE
2026-09-21 17:17:13,1790011032,btc-updown-5m-1790010900,168,85851.48,85951.51,-100.02999999999884,-7.7700000000040745,-51.59000000001106,-91.54000000000815,-98.2100000000064,0.05,0.06,0.055,0.94,0.95,0.945,3174.9900000000002,2306.8099999999995,1749.1699999999998,5201.93,0.15837498631836275,-0.4967213822272734,-0.010000000000000002,-0.07,-0.23000000000000004,1.01,WAIT,-10,DOWN_TOO_EXPENSIVE
2026-09-21 17:17:15,1790011034,btc-updown-5m-1790010900,166,85851.47,85951.51,-100.0399999999936,0.0,-18.95999999999185,-91.55000000000291,-98.20999999999185,0.05,0.06,0.055,0.94,0.95,0.945,3382.29,2781.14,2379.7999999999997,5027.96,0.09753497646602623,-0.3574845837338143,0.010000000000000002,-0.02000000000000001,-0.24,1.01,WAIT,-6,DOWN_TOO_EXPENSIVE
2026-09-21 17:17:16,1790011036,btc-updown-5m-1790010900,164,85848.86,85951.51,-102.64999999999418,-2.610000000000582,-21.569999999992433,-94.14999999999418,-105.13999999999942,0.04,0.05,0.045,0.95,0.96,0.955,3166.04,3375.74,3405.51,13576.43,-0.03205549559905711,-0.5989256822247634,-0.010000000000000002,-0.030000000000000013,-0.23000000000000004,1.01,WAIT,-8,DOWN_TOO_EXPENSIVE
2026-09-21 17:17:18,1790011037,btc-updown-5m-1790010900,163,85848.85,85951.51,-102.65999999998894,-2.6299999999901047,-21.579999999987194,-94.15999999998894,-113.48999999999069,0.04,0.05,0.045,0.95,0.96,0.955,3823.8900000000003,3105.76,3070.8599999999997,14131.75,0.10363149654022931,-0.642977431912948,-0.010000000000000002,-0.030000000000000013,-0.23000000000000004,1.01,WAIT,-8,DOWN_TOO_EXPENSIVE
2026-09-21 17:17:20,1790011039,btc-updown-5m-1790010900,161,85848.85,85951.51,-102.65999999998894,-2.6199999999953434,-12.329999999987194,-94.16999999999825,-115.73999999999069,0.03,0.04,0.035,0.96,0.97,0.965,11788.98,3368.45,3606.67,11461.34,0.5555381090329956,-0.5212811778064921,-0.019999999999999997,-0.04000000000000001,-0.23,1.01,WAIT,-5,"BTC_BELOW,BTC30-,BTC60-,PM30-,UP_BOOK"
2026-09-21 17:17:22,1790011041,btc-updown-5m-1790010900,159,85840.89,85951.51,-110.61999999999534,-7.970000000001164,-18.360000000000582,-102.11999999999534,-127.77000000000407,0.03,0.04,0.035,0.96,0.97,0.965,11581.9,3588.7200000000003,3658.42,11586.9,0.5268855195107385,-0.5200599265873068,-0.009999999999999995,-0.04000000000000001,-0.21,1.01,WAIT,-5,"BTC_BELOW,BTC30-,BTC60-,PM30-,UP_BOOK"
2026-09-21 17:17:23,1790011043,btc-updown-5m-1790010900,157,85814.49,85951.51,-137.01999999998952,-34.36000000000058,-44.75999999999476,-105.51999999998952,-154.16999999999825,0.02,0.03,0.025,0.97,0.98,0.975,4860.13,4027.78,3894.98,5103.23,0.09364968817190993,-0.1342767061448888,-0.019999999999999997,-0.04,-0.13,1.01,WAIT,-10,DOWN_TOO_EXPENSIVE
2026-09-21 17:17:25,1790011044,btc-updown-5m-1790010900,156,85822.26,85951.51,-129.25,-26.59000000001106,-29.210000000006403,-97.75,-146.40000000000873,0.02,0.03,0.025,0.97,0.98,0.975,6661.58,2275.4,2368.1,6914.58,0.49078995365324757,-0.4897809684272214,-0.010000000000000002,-0.019999999999999997,-0.13,1.01,WAIT,-8,DOWN_TOO_EXPENSIVE
2026-09-21 17:17:27,1790011046,btc-updown-5m-1790010900,154,85815.49,85951.51,-136.01999999998952,-25.39999999999418,-35.979999999995925,-87.58000000000175,-153.15999999998894,0.02,0.03,0.025,0.97,0.98,0.975,4689.37,4235.72,4321.72,4684.37,0.05082861909515754,-0.040267196974491666,-0.010000000000000002,-0.03,-0.1,1.01,WAIT,-10,DOWN_TOO_EXPENSIVE
2026-09-21 17:17:29,1790011048,btc-updown-5m-1790010900,152,85815.48,85951.51,-136.02999999999884,0.9899999999906868,-36.0,-54.94999999999709,-135.75,0.02,0.03,0.025,0.97,0.98,0.975,4723.27,4021.0800000000004,3991.0800000000004,4702.24,0.08030213795193468,-0.08180534019223949,0.0,-0.03,-0.05000000000000001,1.01,WAIT,-8,DOWN_TOO_EXPENSIVE
2026-09-21 17:17:30,1790011050,btc-updown-5m-1790010900,150,85815.48,85951.51,-136.02999999999884,-6.779999999998836,-35.99000000000524,-54.94999999999709,-130.8000000000029,0.02,0.03,0.025,0.97,0.98,0.975,4705.69,4017.0800000000004,3977.0800000000004,4690.69,0.07894395931567601,-0.08232913425252392,0.0,-0.03,-0.05000000000000001,1.01,WAIT,-8,DOWN_TOO_EXPENSIVE
2026-09-21 17:17:32,1790011051,btc-updown-5m-1790010900,149,85815.48,85951.51,-136.02999999999884,-0.010000000009313226,-33.38000000000466,-54.94999999999709,-127.54000000000815,0.02,0.03,0.025,0.97,0.98,0.975,4495.4800000000005,4296.43,4456.43,3978.57,0.022640131666497972,0.05665204505038531,0.0,-0.019999999999999997,-0.05000000000000001,1.01,WAIT,-8,DOWN_TOO_EXPENSIVE
2026-09-21 17:17:34,1790011053,btc-updown-5m-1790010900,147,85815.48,85951.51,-136.02999999999884,0.0,-33.370000000009895,-54.94999999999709,-127.52999999999884,0.02,0.03,0.025,0.97,0.98,0.975,4996.07,4485.950000000001,4489.26,5167.92,0.053798663154053565,-0.0702751734978534,0.0,-0.019999999999999997,-0.05000000000000001,1.01,WAIT,-8,DOWN_TOO_EXPENSIVE
2026-09-21 17:17:35,1790011055,btc-updown-5m-1790010900,145,85789.93,85951.51,-161.58000000000175,-25.55000000000291,-58.920000000012806,-69.32000000000698,-153.09000000001106,0.02,0.03,0.025,0.97,0.98,0.975,4156.38,4310.17,4551.960000000001,4181.38,-0.018164423525521018,0.04243279203603671,0.0,-0.010000000000000002,-0.05000000000000001,1.01,WAIT,-9,DOWN_TOO_EXPENSIVE
2026-09-21 17:17:37,1790011056,btc-updown-5m-1790010900,144,85783.78,85951.51,-167.72999999999593,-31.69999999999709,-57.11000000000058,-75.47000000000116,-159.24000000000524,0.02,0.03,0.025,0.97,0.98,0.975,4321.38,4351.17,4287.17,4311.38,-0.003434975872148326,-0.00281559100080828,0.0,-0.010000000000000002,-0.05000000000000001,1.01,WAIT,-9,DOWN_TOO_EXPENSIVE
2026-09-21 17:17:39,1790011058,btc-updown-5m-1790010900,142,85783.78,85951.51,-167.72999999999593,-31.69999999999709,-30.710000000006403,-75.47000000000116,-159.22999999999593,0.02,0.03,0.025,0.97,0.98,0.975,4501.93,3504.0000000000005,3039.8900000000003,5041.93,0.12464885403694509,-0.24772142908404293,0.0,0.0,-0.04,1.01,WAIT,-9,DOWN_TOO_EXPENSIVE
2026-09-21 17:17:41,1790011060,btc-updown-5m-1790010900,140,85785.18,85951.51,-166.33000000000175,-4.75,-37.080000000001746,-66.29000000000815,-157.83000000000175,0.02,0.03,0.025,0.97,0.98,0.975,4038.23,3918.1400000000003,3898.1400000000003,3913.23,0.015093566538509354,-0.0019317994154674134,0.0,0.0,-0.03,1.01,WAIT,-8,DOWN_TOO_EXPENSIVE
2026-09-21 17:17:42,1790011062,btc-updown-5m-1790010900,138,85785.28,85951.51,-166.22999999999593,1.5,-30.210000000006403,-66.19999999999709,-157.74000000000524,0.01,0.02,0.015,0.99,,,1806.7,2998.7200000000003,6756.009999999999,0,-0.2480574018504106,1.0,-0.010000000000000002,-0.010000000000000002,-0.04,,WAIT,-9,DOWN_TOO_EXPENSIVE
2026-09-21 17:17:44,1790011063,btc-updown-5m-1790010900,137,85799.55,85951.51,-151.95999999999185,15.770000000004075,-15.929999999993015,-51.929999999993015,-143.45999999999185,,0.01,,0.99,,,0,6347.82,6842.8099999999995,0,-1.0,1.0,,,,,WAIT,-7,DOWN_TOO_EXPENSIVE
2026-09-21 17:17:46,1790011065,btc-updown-5m-1790010900,135,85760.74,85951.51,-190.76999999998952,-24.439999999987776,-54.73999999999069,-90.72999999999593,-182.27999999999884,,0.01,,0.99,,,0,7451.92,7451.92,0,-1.0,1.0,,,,,WAIT,-11,DOWN_TOO_EXPENSIVE
2026-09-21 17:17:48,1790011067,btc-updown-5m-1790010900,133,85764.82,85951.51,-186.68999999998778,-20.45999999999185,-50.65999999998894,-84.02999999999884,-178.18999999998778,,0.01,,0.99,,,0,7206.84,7001.84,0,-1.0,1.0,,,,,WAIT,-11,DOWN_TOO_EXPENSIVE
2026-09-21 17:17:49,1790011069,btc-updown-5m-1790010900,131,85784.64,85951.51,-166.86999999999534,-14.910000000003492,-30.839999999996508,-64.2100000000064,-158.38000000000466,,0.01,,0.99,,,0,7205.049999999999,7230.049999999999,0,-1.0,1.0,,,,,WAIT,-11,DOWN_TOO_EXPENSIVE
2026-09-21 17:17:51,1790011070,btc-updown-5m-1790010900,130,85784.64,85951.51,-166.86999999999534,23.89999999999418,-5.289999999993597,-64.2100000000064,-158.36999999999534,,0.01,,0.99,,,0,6946.59,7182.59,0,-1.0,1.0,,,,,WAIT,-7,DOWN_TOO_EXPENSIVE
2026-09-21 17:17:53,1790011072,btc-updown-5m-1790010900,128,85785.51,85951.51,-166.0,20.689999999987776,1.7299999999959255,-55.38000000000466,-135.57000000000698,,0.01,,0.99,,,0,8019.9,8019.9,0,-1.0,1.0,,,,,WAIT,-7,DOWN_TOO_EXPENSIVE
2026-09-21 17:17:54,1790011074,btc-updown-5m-1790010900,126,85766.74,85951.51,-184.76999999998952,-17.89999999999418,-17.039999999993597,-55.51999999998952,-153.26999999998952,,0.01,,0.99,,,0,8599.35,8049.71,0,-1.0,1.0,,,,,WAIT,-9,DOWN_TOO_EXPENSIVE
2026-09-21 17:17:56,1790011075,btc-updown-5m-1790010900,125,85770.87,85951.51,-180.63999999999942,-13.770000000004075,-14.309999999997672,-51.38999999999942,-132.20000000001164,,0.01,,0.99,,,0,8070.41,8070.41,0,-1.0,1.0,,,,,WAIT,-9,DOWN_TOO_EXPENSIVE
2026-09-21 17:17:58,1790011077,btc-updown-5m-1790010900,123,85754.7,85951.51,-196.80999999999767,-30.80999999999767,-30.580000000001746,-60.79000000000815,-148.3700000000099,,0.01,,0.99,,,0,8624.41,8634.41,0,-1.0,1.0,,,,,WAIT,-11,DOWN_TOO_EXPENSIVE
2026-09-21 17:18:00,1790011079,btc-updown-5m-1790010900,121,85754.71,85951.51,-196.79999999998836,-12.029999999998836,-44.83999999999651,-60.76999999998952,-115.71999999998661,,0.01,,0.99,,,0,8724.41,10107.13,0,-1.0,1.0,,,,,WAIT,-11,DOWN_TOO_EXPENSIVE
2026-09-21 17:18:02,1790011081,btc-updown-5m-1790010900,119,85766.16,85951.51,-185.34999999999127,-4.709999999991851,5.419999999998254,-49.31999999999243,-104.26999999998952,,0.01,,0.99,,,0,9968.699999999999,9963.699999999999,0,-1.0,1.0,,,,,WAIT,-8,DOWN_TOO_EXPENSIVE
2026-09-21 17:18:03,1790011083,btc-updown-5m-1790010900,117,85764.79,85951.51,-186.72000000000116,10.089999999996508,-0.030000000013387762,-50.69000000000233,-105.63999999999942,,0.01,,0.99,,,0,10232.18,10243.220000000001,0,-1.0,1.0,,,,,WAIT,-7,DOWN_TOO_EXPENSIVE
2026-09-21 17:18:05,1790011084,btc-updown-5m-1790010900,116,85772.98,85951.51,-178.52999999999884,18.269999999989523,-11.660000000003492,-42.5,-88.19999999999709,,0.01,,0.99,,,0,9970.56,9959.82,0,-1.0,1.0,,,,,WAIT,-7,DOWN_TOO_EXPENSIVE
2026-09-21 17:18:07,1790011086,btc-updown-5m-1790010900,114,85787.24,85951.51,-164.26999999998952,21.080000000001746,2.6000000000058208,3.460000000006403,-72.00999999999476,,0.01,,0.99,,,0,9532.22,9655.53,0,-1.0,1.0,,,,,WAIT,-5,"BTC_BELOW,BTC5+,BTC60-,DOWN_BOOK"
2026-09-21 17:18:09,1790011088,btc-updown-5m-1790010900,112,85792.2,85951.51,-159.30999999999767,27.410000000003492,6.690000000002328,8.419999999998254,-67.05000000000291,,0.01,,0.99,,,0,8860.53,8870.53,0,-1.0,1.0,,,,,WAIT,-5,"BTC_BELOW,BTC5+,BTC60-,DOWN_BOOK"
2026-09-21 17:18:10,1790011090,btc-updown-5m-1790010900,110,85794.66,85951.51,-156.84999999999127,21.680000000007567,23.79000000000815,9.480000000010477,-56.80999999999767,,0.01,,0.99,,,0,8915.53,8945.53,0,-1.0,1.0,,,,,WAIT,-3,"BTC_BELOW,BTC5+,BTC15+,BTC60-,DOWN_BOOK"
2026-09-21 17:18:12,1790011091,btc-updown-5m-1790010900,109,85794.67,85951.51,-156.8399999999965,7.429999999993015,23.80000000000291,9.490000000005239,-56.80000000000291,,0.01,,0.99,,,0,8991.27,8991.27,0,-1.0,1.0,,,,,WAIT,-4,"BTC_BELOW,BTC15+,BTC60-,DOWN_BOOK"
2026-09-21 17:18:14,1790011093,btc-updown-5m-1790010900,107,85794.67,85951.51,-156.8399999999965,2.470000000001164,39.970000000001164,-4.880000000004657,-56.80999999999767,,0.01,,0.99,,,0,8971.27,8971.27,0,-1.0,1.0,,,,,WAIT,-4,"BTC_BELOW,BTC15+,BTC60-,DOWN_BOOK"
2026-09-21 17:18:15,1790011095,btc-updown-5m-1790010900,105,85799.72,85951.51,-151.7899999999936,5.059999999997672,45.00999999999476,38.979999999995925,-51.75,,0.01,,0.99,,,0,9149.27,9149.27,0,-1.0,1.0,,,,,WAIT,-2,"BTC_BELOW,BTC15+,BTC30+,BTC60-,DOWN_BOOK"
2026-09-21 17:18:17,1790011096,btc-updown-5m-1790010900,104,85799.72,85951.51,-151.7899999999936,5.05000000000291,33.55999999999767,38.979999999995925,-49.13999999999942,,0.001,,0.999,,,0,13642.98,12134.779999999999,0,-1.0,1.0,,,,,WAIT,-2,"BTC_BELOW,BTC15+,BTC30+,BTC60-,DOWN_BOOK"
2026-09-21 17:18:19,1790011098,btc-updown-5m-1790010900,102,85799.73,85951.51,-151.77999999999884,5.059999999997672,34.94000000000233,34.90999999998894,-49.120000000009895,,0.001,,0.999,,,0,11910.310000000001,11910.310000000001,0,-1.0,1.0,,,,,WAIT,-2,"BTC_BELOW,BTC15+,BTC30+,BTC60-,DOWN_BOOK"
2026-09-21 17:18:21,1790011100,btc-updown-5m-1790010900,100,85799.72,85951.51,-151.7899999999936,0.0,26.74000000000524,15.080000000001746,-49.13000000000466,,0.001,,0.999,,,0,13133.649999999998,13153.649999999998,0,-1.0,1.0,,,,,WAIT,-4,"BTC_BELOW,BTC15+,BTC60-,DOWN_BOOK"
2026-09-21 17:18:23,1790011102,btc-updown-5m-1790010900,98,85787.24,85951.51,-164.26999999998952,-12.479999999995925,0.0,1.7300000000104774,-53.64999999999418,,0.001,,0.999,,,0,12933.04,13135.04,0,-1.0,1.0,,,,,WAIT,-7,DOWN_TOO_EXPENSIVE
2026-09-21 17:18:24,1790011104,btc-updown-5m-1790010900,96,85788.09,85951.51,-163.41999999999825,-11.639999999999418,-4.110000000000582,21.34999999999127,-34.169999999998254,,0.001,,0.999,,,0,13163.5,13165.24,0,-1.0,1.0,,,,,WAIT,-6,DOWN_TOO_EXPENSIVE
2026-09-21 17:18:26,1790011105,btc-updown-5m-1790010900,95,85795.94,85951.51,-155.56999999999243,-3.779999999998836,1.2799999999988358,25.070000000006985,-26.319999999992433,,0.001,,0.999,,,0,13349.83,13144.83,0,-1.0,1.0,,,,,WAIT,-5,"BTC_BELOW,DOWN_BOOK"
2026-09-21 17:18:28,1790011107,btc-updown-5m-1790010900,93,85795.93,85951.51,-155.58000000000175,8.689999999987776,1.2599999999947613,41.229999999995925,-19.560000000012224,,0.001,,0.999,,,0,13361.0,13399.8,0,-1.0,1.0,,,,,WAIT,-3,"BTC_BELOW,BTC30+,DOWN_BOOK"
2026-09-21 17:18:30,1790011109,btc-updown-5m-1790010900,91,85786.22,85951.51,-165.2899999999936,-1.8699999999953434,-8.44999999999709,31.50999999999476,-29.25999999999476,,0.004,,0.997,,,0,9771.89,10055.09,0,-1.0,1.0,,,,,WAIT,-3,"BTC_BELOW,BTC30+,DOWN_BOOK"
2026-09-21 17:18:31,1790011111,btc-updown-5m-1790010900,89,85786.22,85951.51,-165.2899999999936,-9.720000000001164,-13.5,20.05999999999767,-29.25999999999476,0.001,0.003,0.002,0.997,0.999,0.998,67.33,7623.889999999999,7688.889999999999,60.0,-0.9824917243298202,0.9845139110246758,,,,1.002,WAIT,-5,"BTC_BELOW,DOWN_BOOK"
2026-09-21 17:18:33,1790011113,btc-updown-5m-1790010900,87,85782.65,85951.51,-168.86000000000058,-13.279999999998836,-17.080000000001746,17.860000000000582,-32.830000000001746,,0.001,,0.999,,,0,10672.91,10687.91,0,-1.0,1.0,,,,,WAIT,-6,DOWN_TOO_EXPENSIVE
2026-09-21 17:18:35,1790011114,btc-updown-5m-1790010900,86,85782.64,85951.51,-168.86999999999534,-3.5800000000017462,-17.089999999996508,9.660000000003492,-32.83999999999651,,0.001,,0.999,,,0,10500.220000000001,10485.220000000001,0,-1.0,1.0,,,,,WAIT,-5,"BTC_BELOW,DOWN_BOOK"
2026-09-21 17:18:37,1790011116,btc-updown-5m-1790010900,84,85782.64,85951.51,-168.86999999999534,-3.5800000000017462,-17.080000000001746,-4.600000000005821,-1.139999999999418,,0.001,,0.999,,,0,10861.32,10937.06,0,-1.0,1.0,,,,,WAIT,-5,"BTC_BELOW,DOWN_BOOK"
2026-09-21 17:18:39,1790011118,btc-updown-5m-1790010900,82,85782.65,85951.51,-168.86000000000058,0.0,-4.5900000000110595,-9.55000000000291,-1.1300000000046566,,0.001,,0.999,,,0,13929.329999999998,13909.329999999998,0,-1.0,1.0,,,,,WAIT,-5,"BTC_BELOW,DOWN_BOOK"
2026-09-21 17:18:40,1790011120,btc-updown-5m-1790010900,80,85782.65,85951.51,-168.86000000000058,0.00999999999476131,-13.290000000008149,-12.010000000009313,-2.529999999998836,,0.001,,0.999,,,0,13914.329999999998,13915.07,0,-1.0,1.0,,,,,WAIT,-5,"BTC_BELOW,DOWN_BOOK"
2026-09-21 17:18:42,1790011121,btc-updown-5m-1790010900,79,85782.65,85951.51,-168.86000000000058,0.00999999999476131,-13.290000000008149,-12.020000000004075,-2.529999999998836,,0.001,,0.999,,,0,14864.07,14864.07,0,-1.0,1.0,,,,,WAIT,-5,"BTC_BELOW,DOWN_BOOK"
2026-09-21 17:18:44,1790011123,btc-updown-5m-1790010900,77,85782.64,85951.51,-168.86999999999534,-0.00999999999476131,-13.289999999993597,-12.029999999998836,-16.910000000003492,,0.001,,0.999,,,0,14699.07,14699.07,0,-1.0,1.0,,,,,WAIT,-5,"BTC_BELOW,DOWN_BOOK"
2026-09-21 17:18:45,1790011125,btc-updown-5m-1790010900,75,85782.64,85951.51,-168.86999999999534,-0.00999999999476131,-3.5800000000017462,-17.080000000001746,21.89999999999418,,0.001,,0.999,,,0,17369.61,17524.61,0,-1.0,1.0,,,,,WAIT,-5,"BTC_BELOW,DOWN_BOOK"
2026-09-21 17:18:47,1790011126,btc-updown-5m-1790010900,74,85793.2,85951.51,-158.30999999999767,10.55000000000291,6.9799999999959255,-6.5200000000040745,32.45999999999185,,0.001,,0.999,,,0,17373.59,17378.59,0,-1.0,1.0,,,,,WAIT,-4,"BTC_BELOW,BTC5+,DOWN_BOOK"
2026-09-21 17:18:49,1790011128,btc-updown-5m-1790010900,72,85793.21,85951.51,-158.29999999998836,10.570000000006985,10.560000000012224,-6.519999999989523,28.389999999999418,,0.001,,0.999,,,0,17423.75,17423.75,0,-1.0,1.0,,,,,WAIT,-4,"BTC_BELOW,BTC5+,DOWN_BOOK"
2026-09-21 17:18:51,1790011130,btc-updown-5m-1790010900,70,85793.2,85951.51,-158.30999999999767,10.559999999997672,10.559999999997672,-6.5200000000040745,8.559999999997672,,0.001,,0.999,,,0,17448.75,17273.75,0,-1.0,1.0,,,,,WAIT,-4,"BTC_BELOW,BTC5+,DOWN_BOOK"
2026-09-21 17:18:52,1790011132,btc-updown-5m-1790010900,68,85793.2,85951.51,-158.30999999999767,0.0,10.559999999997672,5.959999999991851,7.690000000002328,,0.001,,0.999,,,0,17893.75,17853.75,0,-1.0,1.0,,,,,WAIT,-5,"BTC_BELOW,DOWN_BOOK"
2026-09-21 17:18:54,1790011133,btc-updown-5m-1790010900,67,85793.2,85951.51,-158.30999999999767,-0.010000000009313226,10.55000000000291,5.959999999991851,7.690000000002328,,0.001,,0.999,,,0,17963.36,17901.78,0,-1.0,1.0,,,,,WAIT,-5,"BTC_BELOW,DOWN_BOOK"
2026-09-21 17:18:56,1790011135,btc-updown-5m-1790010900,65,85780.33,85951.51,-171.17999999999302,-12.869999999995343,-2.319999999992433,-15.610000000000582,9.460000000006403,,0.001,,0.999,,,0,17539.24,17563.24,0,-1.0,1.0,,,,,WAIT,-6,DOWN_TOO_EXPENSIVE
2026-09-21 17:18:57,1790011137,btc-updown-5m-1790010900,63,85780.33,85951.51,-171.17999999999302,-12.869999999995343,-2.319999999992433,-15.599999999991269,25.630000000004657,,0.001,,0.999,,,0,17517.45,17484.45,0,-1.0,1.0,,,,,WAIT,-6,DOWN_TOO_EXPENSIVE
2026-09-21 17:18:59,1790011138,btc-updown-5m-1790010900,62,85768.96,85951.51,-182.54999999998836,-24.239999999990687,-13.679999999993015,-26.969999999986612,14.260000000009313,,0.001,,0.999,,,0,14451.68,14456.68,0,-1.0,1.0,,,,,WAIT,-6,DOWN_TOO_EXPENSIVE
2026-09-21 17:19:01,1790011140,btc-updown-5m-1790010900,60,85768.97,85951.51,-182.5399999999936,-11.360000000000582,-13.669999999998254,-17.25,14.259999999994761,,0.001,,0.999,,,0,17901.84,18659.41,0,-1.0,1.0,,,,,WAIT,-6,DOWN_TOO_EXPENSIVE
2026-09-21 17:19:03,1790011142,btc-updown-5m-1790010900,58,85768.96,85951.51,-182.54999999998836,-11.369999999995343,-24.239999999990687,-17.25999999999476,2.8000000000029104,,0.01,,0.99,,,0,18485.61,17708.82,0,-1.0,1.0,,,,,WAIT,-8,DOWN_TOO_EXPENSIVE
2026-09-21 17:19:04,1790011144,btc-updown-5m-1790010900,56,85780.77,85951.51,-170.7399999999907,11.809999999997672,-12.440000000002328,-1.8699999999953434,7.790000000008149,,0.001,,0.999,,,0,15293.310000000001,15177.310000000001,0,-1.0,1.0,,,,,WAIT,-4,"BTC_BELOW,BTC5+,DOWN_BOOK"
2026-09-21 17:19:06,1790011145,btc-updown-5m-1790010900,55,85789.99,85951.51,-161.51999999998952,21.020000000004075,-3.209999999991851,7.350000000005821,17.010000000009313,,0.001,,0.999,,,0,15050.57,15015.57,0,-1.0,1.0,,,,,WAIT,-4,"BTC_BELOW,BTC5+,DOWN_BOOK"
2026-09-21 17:19:08,1790011147,btc-updown-5m-1790010900,53,85789.99,85951.51,-161.51999999998952,21.029999999998836,-3.209999999991851,7.350000000005821,2.75,,0.001,,0.999,,,0,15150.57,15115.57,0,-1.0,1.0,,,,,WAIT,-4,"BTC_BELOW,BTC5+,DOWN_BOOK"
2026-09-21 17:19:10,1790011149,btc-updown-5m-1790010900,51,85790.0,85951.51,-161.50999999999476,9.229999999995925,-3.1999999999970896,7.350000000005821,-2.1999999999970896,,0.001,,0.999,,,0,21176.09,25537.09,0,-1.0,1.0,,,,,WAIT,-5,"BTC_BELOW,DOWN_BOOK"
2026-09-21 17:19:11,1790011151,btc-updown-5m-1790010900,49,85790.0,85951.51,-161.50999999999476,0.00999999999476131,9.669999999998254,7.350000000005821,-4.669999999998254,,0.001,,0.999,,,0,25697.09,25707.09,0,-1.0,1.0,,,,,WAIT,-5,"BTC_BELOW,DOWN_BOOK"
2026-09-21 17:19:13,1790011152,btc-updown-5m-1790010900,48,85790.0,85951.51,-161.50999999999476,0.00999999999476131,9.669999999998254,7.350000000005821,-4.669999999998254,,0.001,,0.999,,,0,25588.09,25588.09,0,-1.0,1.0,,,,,WAIT,-5,"BTC_BELOW,DOWN_BOOK"
2026-09-21 17:19:15,1790011154,btc-updown-5m-1790010900,46,85790.0,85951.51,-161.50999999999476,0.0,21.039999999993597,7.360000000000582,-4.669999999998254,,0.001,,0.999,,,0,25808.29,34828.29,0,-1.0,1.0,,,,,WAIT,-3,"BTC_BELOW,BTC15+,DOWN_BOOK"
2026-09-21 17:19:16,1790011156,btc-updown-5m-1790010900,44,85790.01,85951.51,-161.5,0.00999999999476131,21.039999999993597,-3.1900000000023283,-9.710000000006403,,0.001,,0.999,,,0,42474.28999999999,42474.85,0,-1.0,1.0,,,,,WAIT,-3,"BTC_BELOW,BTC15+,DOWN_BOOK"
2026-09-21 17:19:18,1790011157,btc-updown-5m-1790010900,43,85790.01,85951.51,-161.5,0.00999999999476131,21.04999999998836,-3.1900000000023283,-9.710000000006403,,0.001,,0.999,,,0,42402.51,42414.51,0,-1.0,1.0,,,,,WAIT,-3,"BTC_BELOW,BTC15+,DOWN_BOOK"
2026-09-21 17:19:20,1790011159,btc-updown-5m-1790010900,41,85790.0,85951.51,-161.50999999999476,0.0,9.229999999995925,-3.210000000006403,-9.729999999995925,,0.001,,0.999,,,0,42411.83,42436.83,0,-1.0,1.0,,,,,WAIT,-5,"BTC_BELOW,DOWN_BOOK"
2026-09-21 17:19:21,1790011161,btc-updown-5m-1790010900,39,85790.01,85951.51,-161.5,0.0,0.01999999998952262,-3.1900000000023283,-9.710000000006403,,0.001,,0.999,,,0,42416.82,42416.82,0,-1.0,1.0,,,,,WAIT,-5,"BTC_BELOW,DOWN_BOOK"
2026-09-21 17:19:23,1790011162,btc-updown-5m-1790010900,38,85803.16,85951.51,-148.34999999999127,13.150000000008731,13.169999999998254,9.960000000006403,15.919999999998254,,0.001,,0.999,,,0,42356.82,42318.82,0,-1.0,1.0,,,,,WAIT,-4,"BTC_BELOW,BTC5+,DOWN_BOOK"
2026-09-21 17:19:25,1790011164,btc-updown-5m-1790010900,36,85803.16,85951.51,-148.34999999999127,13.160000000003492,13.160000000003492,9.960000000006403,15.070000000006985,,0.001,,0.999,,,0,42336.07,42336.07,0,-1.0,1.0,,,,,WAIT,-4,"BTC_BELOW,BTC5+,DOWN_BOOK"
2026-09-21 17:19:27,1790011166,btc-updown-5m-1790010900,34,85803.16,85951.51,-148.34999999999127,13.150000000008731,13.160000000003492,22.830000000001746,7.220000000001164,,0.001,,0.999,,,0,42405.56,42405.56,0,-1.0,1.0,,,,,WAIT,-4,"BTC_BELOW,BTC5+,DOWN_BOOK"
2026-09-21 17:19:28,1790011168,btc-updown-5m-1790010900,32,85801.77,85951.51,-149.7399999999907,-1.389999999999418,11.770000000004075,32.80999999999767,5.8400000000110595,,0.001,,0.999,,,0,42447.049999999996,42450.049999999996,0,-1.0,1.0,,,,,WAIT,-3,"BTC_BELOW,BTC30+,DOWN_BOOK"
2026-09-21 17:19:30,1790011169,btc-updown-5m-1790010900,31,85789.99,85951.51,-161.51999999998952,-13.169999999998254,-0.00999999999476131,21.029999999998836,3.7700000000040745,,0.001,,0.999,,,0,55035.200000000004,55015.200000000004,0,-1.0,1.0,,,,,WAIT,-6,DOWN_TOO_EXPENSIVE
2026-09-21 17:19:32,1790011171,btc-updown-5m-1790010900,29,85787.72,85951.51,-163.7899999999936,-15.440000000002328,-2.289999999993597,18.75,1.5,,0.001,,0.999,,,0,55033.200000000004,55033.200000000004,0,-1.0,1.0,,,,,WAIT,-6,DOWN_TOO_EXPENSIVE
2026-09-21 17:19:34,1790011173,btc-updown-5m-1790010900,27,85787.72,85951.51,-163.7899999999936,-14.05000000000291,-2.289999999993597,18.75999999999476,5.070000000006985,,0.001,,0.999,,,0,55091.200000000004,55091.200000000004,0,-1.0,1.0,,,,,WAIT,-6,DOWN_TOO_EXPENSIVE
2026-09-21 17:19:36,1790011175,btc-updown-5m-1790010900,25,85787.71,85951.51,-163.79999999998836,-2.279999999998836,-2.289999999993597,-2.279999999998836,5.070000000006985,,0.001,,0.999,,,0,55156.200000000004,55215.200000000004,0,-1.0,1.0,,,,,WAIT,-5,"BTC_BELOW,DOWN_BOOK"
2026-09-21 17:19:37,1790011177,btc-updown-5m-1790010900,23,85787.71,85951.51,-163.79999999998836,-0.00999999999476131,-15.44999999999709,-2.279999999998836,5.070000000006985,,0.001,,0.999,,,0,55215.200000000004,55215.200000000004,0,-1.0,1.0,,,,,WAIT,-5,"BTC_BELOW,DOWN_BOOK"
2026-09-21 17:19:39,1790011178,btc-updown-5m-1790010900,22,85787.71,85951.51,-163.79999999998836,-0.00999999999476131,-15.44999999999709,-2.279999999998836,5.060000000012224,,0.001,,0.999,,,0,58915.200000000004,62865.200000000004,0,-1.0,1.0,,,,,WAIT,-5,"BTC_BELOW,DOWN_BOOK"
2026-09-21 17:19:41,1790011180,btc-updown-5m-1790010900,20,85787.71,85951.51,-163.79999999998836,0.0,-15.44999999999709,-2.289999999993597,5.060000000012224,,0.001,,0.999,,,0,63050.200000000004,63050.200000000004,0,-1.0,1.0,,,,,WAIT,-5,"BTC_BELOW,DOWN_BOOK"
2026-09-21 17:19:42,1790011182,btc-updown-5m-1790010900,18,85787.72,85951.51,-163.7899999999936,0.00999999999476131,-15.440000000002328,-2.279999999998836,5.070000000006985,,0.001,,0.999,,,0,63142.200000000004,63137.200000000004,0,-1.0,1.0,,,,,WAIT,0,TIME_FILTER
2026-09-21 17:19:44,1790011183,btc-updown-5m-1790010900,17,85787.72,85951.51,-163.7899999999936,0.00999999999476131,-14.05000000000291,-2.279999999998836,5.080000000001746,,0.001,,0.999,,,0,63102.200000000004,63102.200000000004,0,-1.0,1.0,,,,,WAIT,0,TIME_FILTER
2026-09-21 17:19:46,1790011185,btc-updown-5m-1790010900,15,85787.71,85951.51,-163.79999999998836,0.0,-2.279999999998836,-2.289999999993597,5.070000000006985,,0.001,,0.999,,,0,63207.200000000004,63247.200000000004,0,-1.0,1.0,,,,,WAIT,0,TIME_FILTER
2026-09-21 17:19:47,1790011187,btc-updown-5m-1790010900,13,85774.02,85951.51,-177.4899999999907,-13.69999999999709,-13.69999999999709,-15.989999999990687,-19.179999999993015,,0.001,,0.999,,,0,63202.200000000004,63252.200000000004,0,-1.0,1.0,,,,,WAIT,0,TIME_FILTER
2026-09-21 17:19:49,1790011188,btc-updown-5m-1790010900,12,85774.02,85951.51,-177.4899999999907,-13.69999999999709,-13.69999999999709,-15.989999999990687,-19.19000000000233,,0.001,,0.999,,,0,63862.200000000004,63852.200000000004,0,-1.0,1.0,,,,,WAIT,0,TIME_FILTER
2026-09-21 17:19:51,1790011190,btc-updown-5m-1790010900,10,85775.4,85951.51,-176.11000000000058,-12.310000000012224,-12.310000000012224,-14.60000000000582,-17.80000000000291,,0.001,,0.999,,,0,64048.100000000006,64048.100000000006,0,-1.0,1.0,,,,,WAIT,0,TIME_FILTER
2026-09-21 17:19:52,1790011192,btc-updown-5m-1790010900,8,85786.57,85951.51,-164.93999999998778,12.55000000000291,-1.139999999999418,-16.589999999996508,-6.629999999990105,,0.001,,0.999,,,0,64488.100000000006,64488.100000000006,0,-1.0,1.0,,,,,WAIT,0,TIME_FILTER
2026-09-21 17:19:54,1790011193,btc-updown-5m-1790010900,7,85786.57,85951.51,-164.93999999998778,12.55000000000291,-1.139999999999418,-16.589999999996508,-6.629999999990105,,0.001,,0.999,,,0,72603.1,72603.1,0,-1.0,1.0,,,,,WAIT,0,TIME_FILTER
2026-09-21 17:19:56,1790011195,btc-updown-5m-1790010900,5,85786.57,85951.51,-164.93999999998778,11.170000000012806,-1.139999999999418,-16.589999999996508,6.240000000005239,,0.001,,0.999,,,0,72584.20000000001,72584.20000000001,0,-1.0,1.0,,,,,WAIT,0,TIME_FILTER
2026-09-21 17:19:58,1790011197,btc-updown-5m-1790010900,3,85786.57,85951.51,-164.93999999998778,0.0,-1.1499999999941792,-16.589999999996508,6.240000000005239,,0.001,,0.999,,,0,72389.20000000001,72224.20000000001,0,-1.0,1.0,,,,,WAIT,0,TIME_FILTER
2026-09-21 17:19:59,1790011199,btc-updown-5m-1790010900,1,85786.57,85951.51,-164.93999999998778,0.0,-1.1499999999941792,-3.4199999999982538,17.610000000000582,,0.001,,0.999,,,0,73962.94,74262.94,0,-1.0,1.0,,,,,WAIT,0,TIME_FILTER
2026-09-21 17:20:02,1790011200,btc-updown-5m-1790011200,300,85797.28,85797.28,0.0,,,,,0.53,0.55,0.54,0.45,0.46,0.455,2195.81,393.13,218.13,3570.89,0.6963004163866292,-0.884862048761949,,,,1.01,WAIT,0,TIME_FILTER
2026-09-21 17:20:03,1790011203,btc-updown-5m-1790011200,297,85797.29,85797.28,0.00999999999476131,,,,,0.56,0.57,0.565,0.43,0.44,0.435,3067.8,1286.6,2237.6,2512.3199999999997,0.40905750505236094,-0.057836763566544235,,,,1.01,WAIT,0,TIME_FILTER
2026-09-21 17:20:05,1790011204,btc-updown-5m-1790011200,296,85797.28,85797.28,0.0,,,,,0.54,0.55,0.545,0.45,0.46,0.455,3405.24,1573.9,1255.75,4002.16,0.3678024719128203,-0.5223387239416422,,,,1.01,WAIT,0,TIME_FILTER
2026-09-21 17:20:07,1790011206,btc-updown-5m-1790011200,294,85797.29,85797.28,0.00999999999476131,0.00999999999476131,,,,0.54,0.55,0.545,0.45,0.46,0.455,4441.22,2101.0,2071.53,3370.86,0.3577103796570583,-0.23874253774536552,0.0050000000000000044,,,1.01,WAIT,0,TIME_FILTER
2026-09-21 17:20:09,1790011208,btc-updown-5m-1790011200,292,85797.28,85797.28,0.0,-0.00999999999476131,,,,0.55,0.56,0.555,0.44,0.45,0.445,3101.3500000000004,2563.41,1060.64,3093.03,0.09496254033710175,-0.4892998240110553,-0.009999999999999898,,,1.01,WAIT,0,TIME_FILTER
2026-09-21 17:20:11,1790011210,btc-updown-5m-1790011200,290,85797.28,85797.28,0.0,0.0,,,,0.54,0.55,0.545,0.45,0.46,0.455,2221.77,2906.6699999999996,2627.73,1846.81,-0.13354938343823847,0.17452520259065737,0.0,,,1.01,WAIT,0,TIME_FILTER
2026-09-21 17:20:12,1790011212,btc-updown-5m-1790011200,288,85797.28,85797.28,0.0,-0.00999999999476131,,,,0.54,0.55,0.545,0.42,0.43,0.425,3744.44,416.0,2687.95,1405.94,0.8000211516089644,0.3131520387699718,0.0,,,0.98,WAIT,0,TIME_FILTER
2026-09-21 17:20:14,1790011213,btc-updown-5m-1790011200,287,85797.28,85797.28,0.0,0.0,,,,0.54,0.55,0.545,0.45,0.46,0.455,2359.94,4131.78,3577.7799999999997,2489.94,-0.2729384508265914,0.17928315742980885,-0.010000000000000009,,,1.01,WAIT,0,TIME_FILTER
2026-09-21 17:20:16,1790011215,btc-updown-5m-1790011200,285,85797.29,85797.28,0.00999999999476131,0.00999999999476131,0.00999999999476131,,,0.54,0.55,0.545,0.45,0.46,0.455,2525.25,3608.0299999999997,2296.74,2888.12,-0.17654175253697854,-0.11405901027221567,0.0,0.0050000000000000044,,1.01,WAIT,0,TIME_FILTER
2026-09-21 17:20:18,1790011217,btc-updown-5m-1790011200,283,85786.9,85797.28,-10.380000000004657,-10.380000000004657,-10.380000000004657,,,0.49,0.5,0.495,0.5,0.51,0.505,885.4399999999999,3047.2400000000002,3561.9100000000003,1066.44,-0.5497014758383596,0.5391705467391187,-0.050000000000000044,-0.04500000000000004,,1.01,WAIT,0,TIME_FILTER
2026-09-21 17:20:20,1790011219,btc-updown-5m-1790011200,281,85786.9,85797.28,-10.380000000004657,-10.380000000004657,-10.380000000004657,,,0.53,0.54,0.535,0.46,0.47,0.46499999999999997,2943.38,2041.92,1943.56,3390.0999999999995,0.18082362144705433,-0.27120963840964735,-0.010000000000000009,-0.010000000000000009,,1.01,WAIT,0,TIME_FILTER
2026-09-21 17:20:22,1790011221,btc-updown-5m-1790011200,279,85786.91,85797.28,-10.369999999995343,-10.379999999990105,-10.379999999990105,,,0.54,0.55,0.545,0.45,0.46,0.455,2822.52,3415.3,2121.3599999999997,3406.37,-0.09502999445319041,-0.23246612985800688,0.0,0.0,,1.01,WAIT,0,TIME_FILTER
2026-09-21 17:20:24,1790011223,btc-updown-5m-1790011200,277,85789.66,85797.28,-7.619999999995343,2.7600000000093132,-7.619999999995343,,,0.57,0.58,0.575,0.42,0.43,0.425,3898.51,1464.0,2230.3,2826.19,0.4539870321920146,-0.11784656945826055,0.07999999999999996,0.019999999999999907,,1.01,WAIT,0,TIME_FILTER
2026-09-21 17:20:26,1790011225,btc-updown-5m-1790011200,275,85796.99,85797.28,-0.28999999999359716,10.09000000001106,-0.28999999999359716,,,0.6,0.61,0.605,0.38,0.39,0.385,3125.04,2885.1800000000003,3590.34,2716.73,0.03990868886663045,0.13851281181277522,0.06999999999999995,0.05999999999999994,,1.0,WAIT,0,TIME_FILTER
2026-09-21 17:20:28,1790011227,btc-updown-5m-1790011200,273,85796.99,85797.28,-0.28999999999359716,10.080000000001746,-0.28999999999359716,,,0.57,0.58,0.575,0.42,0.43,0.425,2745.73,2920.79,2450.8,2810.81,-0.030893740779173097,-0.06842202291693981,0.029999999999999916,0.029999999999999916,,1.01,WAIT,0,TIME_FILTER
2026-09-21 17:20:29,1790011229,btc-updown-5m-1790011200,271,85797.0,85797.28,-0.27999999999883585,7.3399999999965075,-0.27999999999883585,,,0.59,0.6,0.595,0.43,0.45,0.44,1408.38,3375.93,1612.9,1074.82,-0.41125052515409743,0.20019942553539807,0.020000000000000018,0.04999999999999993,,1.05,WAIT,0,TIME_FILTER
2026-09-21 17:20:31,1790011230,btc-updown-5m-1790011200,270,85797.0,85797.28,-0.27999999999883585,0.00999999999476131,-0.28999999999359716,-0.27999999999883585,,0.6,0.61,0.605,0.39,0.4,0.395,3705.1000000000004,929.09,2915.9100000000003,2193.7000000000003,0.5990280933669099,0.14134346848389603,0.0,0.05999999999999994,0.06499999999999995,1.01,WAIT,3,"PM15+,UP_BOOK"
2026-09-21 17:20:33,1790011232,btc-updown-5m-1790011200,268,85797.0,85797.28,-0.27999999999883585,0.00999999999476131,10.10000000000582,-0.27999999999883585,,0.58,0.59,0.585,0.41,0.42,0.415,2712.1099999999997,3536.0600000000004,3413.55,2122.84,-0.1318706117151103,0.23313205897705905,0.010000000000000009,0.08999999999999997,0.04499999999999993,1.01,WAIT,2,PM15+
2026-09-21 17:20:35,1790011234,btc-updown-5m-1790011200,266,85796.99,85797.28,-0.28999999999359716,-0.00999999999476131,10.09000000001106,-0.28999999999359716,,0.61,0.62,0.615,0.38,0.39,0.385,2268.0299999999997,3780.09,3760.2799999999997,2078.34,-0.25000496021904334,0.2880714963467394,0.020000000000000018,0.07999999999999996,0.06999999999999995,1.01,WAIT,0,"PM15+,DOWN_BOOK"
2026-09-21 17:20:36,1790011236,btc-updown-5m-1790011200,264,85797.0,85797.28,-0.27999999999883585,0.0,10.089999999996508,-0.28999999999359716,,0.61,0.62,0.615,0.4,0.41,0.405,803.36,4522.8099999999995,2537.83,707.75,-0.6983348259631217,0.5638683994848378,0.010000000000000009,0.06999999999999995,0.06999999999999995,1.03,WAIT,0,"PM15+,DOWN_BOOK"
2026-09-21 17:20:38,1790011237,btc-updown-5m-1790011200,263,85796.99,85797.28,-0.28999999999359716,-0.00999999999476131,10.080000000001746,-0.29999999998835847,,0.58,0.59,0.585,0.41,0.42,0.415,2600.96,3713.27,4392.9,793.77,-0.17615924665398633,0.6939192198462597,0.0,0.039999999999999925,0.039999999999999925,1.01,WAIT,-1,DOWN_BOOK
2026-09-21 17:20:40,1790011239,btc-updown-5m-1790011200,261,85797.0,85797.28,-0.27999999999883585,0.00999999999476131,7.3399999999965075,-0.27999999999883585,,0.58,0.59,0.585,0.41,0.42,0.415,3060.05,2841.3199999999997,2911.3199999999997,2168.84,0.03706427490565758,0.14615287707473773,-0.030000000000000027,0.010000000000000009,0.029999999999999916,1.01,WAIT,-1,PM5-
2026-09-21 17:20:42,1790011241,btc-updown-5m-1790011200,259,85796.99,85797.28,-0.28999999999359716,-0.00999999999476131,0.0,-0.28999999999359716,,0.58,0.59,0.585,0.44,0.45,0.445,84.89999999999999,3258.93,576.0,1743.02,-0.9492199065143861,-0.5032384369259428,-0.030000000000000027,-0.020000000000000018,0.039999999999999925,1.04,WAIT,-1,PM5-
2026-09-21 17:20:43,1790011243,btc-updown-5m-1790011200,257,85797.0,85797.28,-0.27999999999883585,0.00999999999476131,0.00999999999476131,-0.27999999999883585,,0.56,0.57,0.565,0.43,0.44,0.435,1778.91,3476.03,3384.03,1713.07,-0.3229570651615432,0.32782562633654433,-0.020000000000000018,-0.010000000000000009,0.019999999999999907,1.01,WAIT,-2,DOWN_BOOK
2026-09-21 17:20:45,1790011244,btc-updown-5m-1790011200,256,85797.0,85797.28,-0.27999999999883585,0.0,0.0,-0.27999999999883585,,0.57,0.58,0.575,0.42,0.43,0.425,3536.78,3081.55,3241.5499999999997,2986.7000000000003,0.06878321268356218,0.04091839601814305,-0.010000000000000009,-0.020000000000000018,0.029999999999999916,1.01,WAIT,0,
2026-09-21 17:20:47,1790011246,btc-updown-5m-1790011200,254,85797.0,85797.28,-0.27999999999883585,0.00999999999476131,0.0,-0.28999999999359716,,0.57,0.58,0.575,0.42,0.43,0.425,2468.32,3209.5899999999997,3176.0299999999997,2351.9300000000003,-0.13055331979548804,0.14907850273880408,-0.010000000000000009,-0.030000000000000027,0.029999999999999916,1.01,WAIT,0,
2026-09-21 17:20:49,1790011248,btc-updown-5m-1790011200,252,85797.0,85797.28,-0.27999999999883585,0.0,0.0,10.10000000000582,,0.57,0.58,0.575,0.42,0.43,0.425,1810.0,4478.2699999999995,4451.2699999999995,1005.61,-0.42432497332334645,0.631434079547287,0.010000000000000009,-0.010000000000000009,0.07999999999999996,1.01,WAIT,-1,"PM30+,DOWN_BOOK"
2026-09-21 17:20:50,1790011250,btc-updown-5m-1790011200,250,85797.0,85797.28,-0.27999999999883585,0.0,0.00999999999476131,10.10000000000582,,0.54,0.55,0.545,0.45,0.46,0.455,2857.01,2265.73,910.1,2790.01,0.11542260587107685,-0.5080686790392719,-0.029999999999999916,-0.06999999999999995,0.010000000000000009,1.01,WAIT,-1,PM15-
2026-09-21 17:20:52,1790011251,btc-updown-5m-1790011200,249,85797.0,85797.28,-0.27999999999883585,0.0,0.0,10.089999999996508,,0.55,0.56,0.555,0.44,0.45,0.445,2070.7,3541.75,2583.7,2090.73,-0.26210478489786104,0.10546098668714683,-0.019999999999999907,-0.05999999999999994,0.010000000000000009,1.01,WAIT,-3,PM15-
2026-09-21 17:20:54,1790011253,btc-updown-5m-1790011200,247,85797.0,85797.28,-0.27999999999883585,0.0,0.00999999999476131,7.3399999999965075,,0.55,0.56,0.555,0.44,0.45,0.445,2262.42,2928.7000000000003,1545.4,2289.42,-0.1283499514555626,-0.19401692908663248,-0.019999999999999907,-0.029999999999999916,-0.019999999999999907,1.01,WAIT,0,
2026-09-21 17:20:55,1790011255,btc-updown-5m-1790011200,245,85796.99,85797.28,-0.28999999999359716,-0.00999999999476131,-0.00999999999476131,0.0,,0.54,0.55,0.545,0.45,0.46,0.455,2576.57,2912.39,934.3,2686.7,-0.06118098874832385,-0.48395470864402096,0.0,-0.039999999999999925,-0.05999999999999994,1.01,WAIT,1,
2026-09-21 17:20:57,1790011256,btc-updown-5m-1790011200,244,85796.99,85797.28,-0.28999999999359716,-0.00999999999476131,0.0,0.0,,0.57,0.58,0.575,0.42,0.43,0.425,3435.88,2193.55,2248.78,2635.46,0.22068486507514967,-0.07916891880824854,0.019999999999999907,-0.010000000000000009,-0.030000000000000027,1.01,WAIT,0,
2026-09-21 17:20:59,1790011258,btc-updown-5m-1790011200,242,85797.0,85797.28,-0.27999999999883585,0.0,0.0,0.00999999999476131,,0.58,0.59,0.585,0.4,0.41,0.405,3487.67,2670.71,2456.52,2672.0600000000004,0.13265826402398034,-0.0420272278096472,0.029999999999999916,0.020000000000000018,0.010000000000000009,1.0,WAIT,0,
2026-09-21 17:21:01,1790011260,btc-updown-5m-1790011200,240,85797.0,85797.28,-0.27999999999883585,0.00999999999476131,0.0,0.0,-0.27999999999883585,0.63,0.64,0.635,0.36,0.37,0.365,2919.16,1659.73,3108.27,2594.16,0.27505137708047145,0.09015630178713287,0.08999999999999997,0.06000000000000005,0.030000000000000027,1.01,WAIT,4,"PM5+,PM15+,UP_BOOK"
2026-09-21 17:21:02,1790011262,btc-updown-5m-1790011200,238,85797.0,85797.28,-0.27999999999883585,0.00999999999476131,0.0,0.0,-0.27999999999883585,0.63,0.64,0.635,0.36,0.37,0.365,3177.88,3459.95,3240.64,3223.82,-0.04249430913415977,0.0026019187990953163,0.06000000000000005,0.06000000000000005,0.050000000000000044,1.01,WAIT,3,"PM5+,PM15+"
2026-09-21 17:21:04,1790011263,btc-updown-5m-1790011200,237,85814.82,85797.28,17.54000000000815,17.820000000006985,17.820000000006985,17.820000000006985,17.530000000013388,0.68,0.7,0.69,0.29,0.3,0.295,2400.14,231.11,95.59,2089.4300000000003,0.8243344418052255,-0.9125042333708616,0.10499999999999998,0.11499999999999999,0.10499999999999998,1.0,UP WATCH,7,"BTC5+,PM5+,PM15+,PM30+,UP_BOOK"
2026-09-21 17:21:06,1790011265,btc-updown-5m-1790011200,235,85830.93,85797.28,33.64999999999418,33.929999999993015,33.929999999993015,33.939999999987776,33.64999999999418,0.74,0.75,0.745,0.25,0.26,0.255,5111.5,1585.6399999999999,881.53,5548.0599999999995,0.5264724942288799,-0.7257896693257269,0.10999999999999999,0.19999999999999996,0.13,1.01,UP WATCH,13,"BTC_ABOVE,BTC5+,BTC15+,BTC30+,PM5+,PM15+,PM30+,UP_BOOK"
2026-09-21 17:21:08,1790011267,btc-updown-5m-1790011200,233,85837.18,85797.28,39.89999999999418,40.179999999993015,40.179999999993015,40.189999999987776,39.88999999999942,0.76,0.77,0.765,0.23,0.24,0.235,4232.81,1599.5300000000002,4461.02,291.05,0.4514963119434052,0.8775060131689979,0.13,0.20999999999999996,0.18000000000000005,1.01,WAIT,11,UP_TOO_EXPENSIVE
2026-09-21 17:21:10,1790011269,btc-updown-5m-1790011200,231,85814.83,85797.28,17.55000000000291,0.00999999999476131,17.830000000001746,17.830000000001746,17.55000000000291,0.61,0.62,0.615,0.38,0.39,0.385,2481.84,1450.27,1286.25,3171.96,0.2623451531111795,-0.4229746916363294,-0.07499999999999996,0.05999999999999994,0.030000000000000027,1.01,WAIT,3,"PM5-,PM15+,UP_BOOK"
2026-09-21 17:21:11,1790011271,btc-updown-5m-1790011200,229,85814.83,85797.28,17.55000000000291,-16.09999999999127,17.839999999996508,17.839999999996508,17.55000000000291,0.65,0.66,0.655,0.35,0.36,0.355,1745.5600000000002,3205.41,4267.07,1093.27,-0.2948614109962289,0.5920893077677908,-0.08999999999999997,0.08000000000000007,0.07000000000000006,1.02,WAIT,-1,"BTC5-,PM5-,PM15+,PM30+,DOWN_BOOK"
2026-09-21 17:21:13,1790011272,btc-updown-5m-1790011200,228,85814.83,85797.28,17.55000000000291,-22.34999999999127,17.839999999996508,17.839999999996508,17.55000000000291,0.61,0.62,0.615,0.38,0.39,0.385,3474.5699999999997,2072.47,2141.83,3424.5699999999997,0.2527654388646918,-0.23044337453291172,-0.15000000000000002,0.040000000000000036,0.030000000000000027,1.01,WAIT,-1,"BTC5-,PM5-,UP_BOOK"
2026-09-21 17:21:15,1790011274,btc-updown-5m-1790011200,226,85814.82,85797.28,17.54000000000815,-0.00999999999476131,17.820000000006985,17.820000000006985,17.54000000000815,0.62,0.63,0.625,0.36,0.37,0.365,3465.3300000000004,1544.01,2580.0299999999997,3148.66,0.3835475332079676,-0.09926004025353094,0.010000000000000009,0.040000000000000036,0.050000000000000044,1.0,WAIT,1,UP_BOOK
2026-09-21 17:21:17,1790011276,btc-updown-5m-1790011200,224,85814.83,85797.28,17.55000000000291,0.0,17.830000000001746,17.830000000001746,17.54000000000815,0.62,0.63,0.625,0.37,0.38,0.375,3186.96,2081.73,2046.45,3321.99,0.20977320738172106,-0.2375997496479424,-0.030000000000000027,-0.010000000000000009,0.050000000000000044,1.01,WAIT,-1,PM5-
2026-09-21 17:21:18,1790011278,btc-updown-5m-1790011200,222,85808.44,85797.28,11.160000000003492,-6.389999999999418,-6.380000000004657,11.440000000002328,21.54000000000815,0.59,0.6,0.595,0.4,0.41,0.405,4003.0700000000006,1964.6,2431.1,2379.27,0.3415855769504682,0.010774638957086446,-0.020000000000000018,-0.09499999999999997,0.020000000000000018,1.01,WAIT,-1,"PM15-,UP_BOOK"
2026-09-21 17:21:20,1790011279,btc-updown-5m-1790011200,221,85808.44,85797.28,11.160000000003492,-6.380000000004657,-6.380000000004657,11.440000000002328,21.54000000000815,0.59,0.6,0.595,0.4,0.41,0.405,2545.5699999999997,3914.9900000000002,4131.59,926.0,-0.21196614534962924,0.6338176878711007,-0.030000000000000027,-0.09499999999999997,0.020000000000000018,1.01,WAIT,-4,"PM5-,PM15-,DOWN_BOOK"
2026-09-21 17:21:22,1790011281,btc-updown-5m-1790011200,219,85804.24,85797.28,6.960000000006403,-10.589999999996508,-26.689999999987776,7.240000000005239,17.330000000001746,0.58,0.59,0.585,0.41,0.42,0.415,3025.55,1243.3700000000001,2182.87,2433.99,0.4174779569539837,-0.05439194604124879,-0.040000000000000036,-0.16000000000000003,0.029999999999999916,1.01,WAIT,-5,"BTC5-,BTC15-,PM5-,PM15-,UP_BOOK"
2026-09-21 17:21:23,1790011283,btc-updown-5m-1790011200,217,85804.23,85797.28,6.94999999999709,-4.210000000006403,-32.94999999999709,7.2299999999959255,14.569999999992433,0.58,0.59,0.585,0.41,0.42,0.415,2454.96,2483.4,2538.1800000000003,1581.81,-0.005758996913955251,0.23212920419709765,-0.010000000000000009,-0.18000000000000005,0.029999999999999916,1.01,WAIT,-4,"BTC15-,PM15-"
2026-09-21 17:21:25,1790011284,btc-updown-5m-1790011200,216,85804.23,85797.28,6.94999999999709,-4.210000000006403,-10.60000000000582,7.2299999999959255,14.569999999992433,0.62,0.63,0.625,0.35,0.36,0.355,2500.62,85.89999999999999,1704.52,1915.87,0.9335787080710761,-0.058377688591560555,0.030000000000000027,0.010000000000000009,0.06999999999999995,0.99,WAIT,2,"PM5+,UP_BOOK"
2026-09-21 17:21:27,1790011286,btc-updown-5m-1790011200,214,85805.62,85797.28,8.339999999996508,1.3799999999901047,-9.210000000006403,8.629999999990105,8.629999999990105,0.62,0.63,0.625,0.38,0.39,0.385,572.0,5108.46,3840.9,1142.3,-0.7986078592226686,0.5415395729651631,0.040000000000000036,-0.030000000000000027,0.050000000000000044,1.02,WAIT,-1,"PM5+,DOWN_BOOK"
2026-09-21 17:21:29,1790011288,btc-updown-5m-1790011200,212,85805.61,85797.28,8.330000000001746,1.3800000000046566,-9.220000000001164,8.610000000000582,8.619999999995343,0.59,0.6,0.595,0.39,0.4,0.395,3422.63,1204.83,2340.17,3006.18,0.47926940481387204,-0.12457283941380563,0.010000000000000009,-0.020000000000000018,0.010000000000000009,1.0,WAIT,1,UP_BOOK
2026-09-21 17:21:30,1790011290,btc-updown-5m-1790011200,210,85805.61,85797.28,8.330000000001746,1.3800000000046566,-9.210000000006403,8.610000000000582,8.610000000000582,0.61,0.63,0.62,0.32,0.33,0.325,4029.7,327.0,507.64,254.0,0.8498863818945532,0.3330182238327819,-0.0050000000000000044,-0.0050000000000000044,-0.015000000000000013,0.96,WAIT,0,"UP_BOOK,DOWN_BOOK"
2026-09-21 17:21:32,1790011291,btc-updown-5m-1790011200,209,85812.82,85797.28,15.540000000008149,7.2000000000116415,-2.0099999999947613,15.820000000006985,15.820000000006985,0.69,0.7,0.695,0.3,0.31,0.305,2428.8199999999997,3893.25,4293.39,994.0,-0.23163773890513714,0.6240110905380538,0.06999999999999995,0.06999999999999995,0.05999999999999994,1.01,WAIT,2,"PM5+,PM15+,DOWN_BOOK"
2026-09-21 17:21:34,1790011293,btc-updown-5m-1790011200,207,85812.81,85797.28,15.529999999998836,7.19999999999709,4.369999999995343,-2.0100000000093132,15.809999999997672,0.62,0.63,0.625,0.37,0.38,0.375,1101.6299999999999,3636.4400000000005,3615.7400000000002,1374.73,-0.5349878748097854,0.4490579043657211,0.030000000000000027,0.030000000000000027,-0.06499999999999995,1.01,WAIT,-1,"PM5+,DOWN_BOOK"
2026-09-21 17:21:36,1790011295,btc-updown-5m-1790011200,205,85812.82,85797.28,15.540000000008149,7.210000000006403,4.380000000004657,-18.10999999998603,15.830000000001746,0.64,0.65,0.645,0.35,0.36,0.355,3713.9599999999996,3289.12,3259.12,3708.9599999999996,0.060664736087550006,-0.0645572381488157,0.025000000000000022,0.050000000000000044,-0.09999999999999998,1.01,WAIT,1,"PM15+,PM30-"
2026-09-21 17:21:37,1790011297,btc-updown-5m-1790011200,203,85812.82,85797.28,15.540000000008149,0.0,8.580000000001746,-24.35999999998603,15.830000000001746,0.65,0.66,0.655,0.34,0.35,0.345,3725.24,2150.08,1158.52,3870.24,0.2680977376551405,-0.5392422784145594,-0.039999999999999925,0.07000000000000006,-0.10999999999999999,1.01,WAIT,2,"PM5-,PM15+,PM30-,UP_BOOK"
2026-09-21 17:21:39,1790011298,btc-updown-5m-1790011200,202,85817.58,85797.28,20.30000000000291,4.7700000000040745,13.35000000000582,-19.59999999999127,20.589999999996508,0.72,0.73,0.725,0.27,0.28,0.275,2295.31,984.0,482.93,3219.1299999999997,0.39987375392994257,-0.7391020134735796,0.09999999999999998,0.14,-0.040000000000000036,1.01,UP WATCH,7,"BTC_ABOVE,PM5+,PM15+,UP_BOOK"
2026-09-21 17:21:41,1790011300,btc-updown-5m-1790011200,200,85845.91,85797.28,48.63000000000466,33.08999999999651,41.68000000000757,31.080000000001746,48.91000000000349,0.78,0.79,0.785,0.21,0.22,0.215,3761.1,1562.9999999999998,1605.4699999999998,3240.1,0.41285851129768425,-0.33734524524462556,0.14,0.16000000000000003,0.17000000000000004,1.01,WAIT,14,UP_TOO_EXPENSIVE
2026-09-21 17:21:42,1790011302,btc-updown-5m-1790011200,198,85845.91,85797.28,48.63000000000466,33.08999999999651,40.29000000000815,31.080000000001746,48.919999999998254,0.79,0.8,0.795,0.2,0.21,0.20500000000000002,3822.4700000000003,3079.6299999999997,2995.7299999999996,3837.01,0.10762521551411897,-0.12312483718098459,0.14,0.17000000000000004,0.18000000000000005,1.01,WAIT,12,UP_TOO_EXPENSIVE
2026-09-21 17:21:44,1790011303,btc-updown-5m-1790011200,197,85845.9,85797.28,48.61999999999534,28.319999999992433,40.2899999999936,31.069999999992433,48.89999999999418,0.79,0.8,0.795,0.2,0.21,0.20500000000000002,3738.94,3593.79,3719.0199999999995,4061.79,0.019794810391218564,-0.04405325409565334,0.07000000000000006,0.20000000000000007,0.18000000000000005,1.01,WAIT,12,UP_TOO_EXPENSIVE
2026-09-21 17:21:46,1790011305,btc-updown-5m-1790011200,195,85856.39,85797.28,59.11000000000058,10.479999999995925,50.779999999998836,41.56999999999243,59.38999999999942,0.84,0.85,0.845,0.15,0.16,0.155,2814.96,1374.46,1498.48,3612.1400000000003,0.3438423457185004,-0.4135819137404072,0.05999999999999994,0.22499999999999998,0.21999999999999997,1.01,WAIT,15,UP_TOO_EXPENSIVE
2026-09-21 17:21:48,1790011307,btc-updown-5m-1790011200,193,85855.12,85797.28,57.83999999999651,9.209999999991851,42.29999999998836,40.2899999999936,58.11999999999534,0.8,0.81,0.805,0.19,0.2,0.195,2162.9700000000003,3536.85,1862.54,2590.25,-0.24103919071128557,-0.16342787331089048,0.010000000000000009,0.1100000000000001,0.18000000000000005,1.01,WAIT,11,UP_TOO_EXPENSIVE
2026-09-21 17:21:49,1790011309,btc-updown-5m-1790011200,191,85855.01,85797.28,57.729999999995925,9.110000000000582,42.19999999999709,46.56999999999243,58.00999999999476,0.79,0.8,0.795,0.2,0.21,0.20500000000000002,3070.5699999999997,1912.64,1365.09,3150.3199999999997,0.2323662859883488,-0.3953638761485668,0.0,0.17000000000000004,0.20000000000000007,1.01,WAIT,12,UP_TOO_EXPENSIVE
2026-09-21 17:21:51,1790011310,btc-updown-5m-1790011200,190,85840.12,85797.28,42.83999999999651,-16.270000000004075,27.29999999998836,31.679999999993015,43.11999999999534,0.76,0.77,0.765,0.23,0.24,0.235,2401.34,3617.1900000000005,1700.1900000000003,3008.68,-0.202017768458411,-0.27787770739052037,-0.07999999999999996,0.12,0.17000000000000004,1.01,WAIT,9,UP_TOO_EXPENSIVE
2026-09-21 17:21:53,1790011312,btc-updown-5m-1790011200,188,85828.61,85797.28,31.330000000001746,-26.50999999999476,15.789999999993597,24.369999999995343,31.610000000000582,0.7,0.71,0.705,0.29,0.3,0.295,1764.01,3436.65,3565.52,1262.27,-0.32162071737048764,0.47708164605337017,-0.10000000000000009,0.04999999999999993,0.12,1.01,WAIT,-1,"BTC_ABOVE,BTC5-,PM5-,PM30+,DOWN_BOOK"
2026-09-21 17:21:55,1790011314,btc-updown-5m-1790011200,186,85816.14,85797.28,18.860000000000582,-38.86999999999534,-1.4400000000023283,11.910000000003492,19.139999999999418,0.63,0.64,0.635,0.34,0.35,0.345,3694.6099999999997,158.0,191.77,4405.02,0.9179776826618837,-0.9165635149745799,-0.16000000000000003,-0.08999999999999997,0.010000000000000009,0.99,WAIT,-2,"BTC5-,PM5-,PM15-,UP_BOOK"
2026-09-21 17:21:56,1790011316,btc-updown-5m-1790011200,184,85816.15,85797.28,18.869999999995343,-23.970000000001164,-29.760000000009313,10.529999999998836,19.15999999998894,0.64,0.65,0.645,0.35,0.36,0.355,2050.19,2041.58,2090.16,1839.0,0.0021042238444487662,0.06392205967687746,-0.12,-0.14,0.020000000000000018,1.01,DOWN WATCH,-6,"BTC5-,BTC15-,PM5-,PM15-"
2026-09-21 17:21:58,1790011317,btc-updown-5m-1790011200,183,85816.14,85797.28,18.860000000000582,-12.470000000001164,-29.770000000004075,10.520000000004075,19.14999999999418,0.64,0.65,0.645,0.35,0.36,0.355,1078.3,2681.21,2681.21,1098.3,-0.4263614141204572,0.4188135499046173,-0.05999999999999994,-0.15000000000000002,0.020000000000000018,1.01,DOWN WATCH,-8,"BTC5-,BTC15-,PM5-,PM15-,DOWN_BOOK"
2026-09-21 17:22:00,1790011319,btc-updown-5m-1790011200,181,85807.71,85797.28,10.430000000007567,-8.429999999993015,-38.189999999987776,2.1000000000058208,10.710000000006403,0.64,0.65,0.645,0.35,0.36,0.355,1471.96,437.94,1452.48,140.26,0.5414000733022671,0.8238758366086116,0.010000000000000009,-0.15000000000000002,0.050000000000000044,1.01,WAIT,-4,"BTC15-,PM15-,UP_BOOK,DOWN_BOOK"
2026-09-21 17:22:02,1790011321,btc-updown-5m-1790011200,179,85799.42,85797.28,2.139999999999418,-16.729999999995925,-56.970000000001164,-13.400000000008731,2.4199999999982538,0.59,0.6,0.595,0.37,0.38,0.375,2095.0,876.81,538.85,1665.9599999999998,0.4099151695431404,-0.5112050471469195,-0.050000000000000044,-0.25,-0.09999999999999998,0.98,WAIT,-5,"BTC5-,BTC15-,PM5-,PM15-,PM30-,UP_BOOK"
2026-09-21 17:22:03,1790011323,btc-updown-5m-1790011200,177,85799.42,85797.28,2.139999999999418,-16.720000000001164,-55.69999999999709,-13.389999999999418,-15.400000000008731,0.61,0.62,0.615,0.38,0.39,0.385,1346.68,2019.5,2021.56,1821.32,-0.1998764177792037,0.052106753268382044,-0.030000000000000027,-0.19000000000000006,-0.010000000000000009,1.01,DOWN WATCH,-6,"BTC5-,BTC15-,PM5-,PM15-"
2026-09-21 17:22:05,1790011324,btc-updown-5m-1790011200,176,85799.42,85797.28,2.139999999999418,-8.290000000008149,-55.58999999999651,-13.389999999999418,-15.400000000008731,0.57,0.6,0.585,0.36,0.37,0.365,3332.23,20.0,553.9899999999999,753.65,0.988067644523198,-0.15268728396194678,-0.06000000000000005,-0.21000000000000008,-0.040000000000000036,0.97,WAIT,-4,"BTC15-,PM5-,PM15-,UP_BOOK"
2026-09-21 17:22:07,1790011326,btc-updown-5m-1790011200,174,85802.91,85797.28,5.630000000004657,3.4900000000052387,-37.20999999999185,-9.910000000003492,-28.019999999989523,0.63,0.64,0.635,0.36,0.37,0.365,2429.81,1496.4299999999998,3061.58,1661.75,0.2377287175516525,0.2963650644778154,0.040000000000000036,-0.13,-0.010000000000000009,1.01,WAIT,-4,"BTC15-,PM5+,PM15-,DOWN_BOOK"
2026-09-21 17:22:08,1790011328,btc-updown-5m-1790011200,172,85802.9,85797.28,5.619999999995343,3.4799999999959255,-25.710000000006403,-14.680000000007567,-34.279999999998836,0.61,0.62,0.615,0.37,0.38,0.375,3215.66,1463.9099999999999,784.9,4698.6900000000005,0.3743399500381446,-0.7137276856949554,0.0,-0.08999999999999997,-0.10999999999999999,1.0,WAIT,-3,"BTC15-,PM15-,PM30-,UP_BOOK"
2026-09-21 17:22:10,1790011329,btc-updown-5m-1790011200,171,85812.39,85797.28,15.110000000000582,12.970000000001164,-3.75,-5.190000000002328,-2.4400000000023283,0.65,0.66,0.655,0.34,0.35,0.345,2505.36,2137.36,882.04,2706.36,0.07926387979460316,-0.5083937130754654,0.07000000000000006,0.020000000000000018,-0.06999999999999995,1.01,WAIT,3,"BTC5+,PM5+"
2026-09-21 17:22:12,1790011331,btc-updown-5m-1790011200,169,85812.4,85797.28,15.119999999995343,9.489999999990687,-3.75,-33.51000000000931,-2.430000000007567,0.63,0.64,0.635,0.35,0.36,0.355,2820.2799999999997,574.65,825.58,3111.42,0.6614657739629388,-0.5806045212090425,0.0,-0.010000000000000009,-0.15000000000000002,1.0,WAIT,-1,"BTC30-,PM30-,UP_BOOK"
2026-09-21 17:22:14,1790011333,btc-updown-5m-1790011200,167,85812.4,85797.28,15.119999999995343,9.5,-3.7400000000052387,-33.5,-2.430000000007567,0.64,0.65,0.645,0.35,0.36,0.355,1466.0700000000002,2842.8,2302.8,1452.67,-0.3195106837755606,0.22637113330688305,0.030000000000000027,0.0,-0.15000000000000002,1.01,WAIT,-3,"BTC30-,PM5+,PM30-"
2026-09-21 17:22:15,1790011335,btc-updown-5m-1790011200,165,85812.4,85797.28,15.119999999995343,0.00999999999476131,4.689999999987776,-43.99000000000524,-2.4200000000128057,0.64,0.65,0.645,0.35,0.36,0.355,2484.33,1633.22,654.84,2734.6800000000003,0.20670301514249975,-0.6136090065850032,-0.010000000000000009,0.0,-0.19999999999999996,1.01,WAIT,-2,"BTC30-,PM30-"
2026-09-21 17:22:17,1790011336,btc-updown-5m-1790011200,164,85812.39,85797.28,15.110000000000582,-0.00999999999476131,12.970000000001164,-44.0,-2.4400000000023283,0.65,0.66,0.655,0.34,0.35,0.345,1738.31,2703.08,2445.67,788.12,-0.21722253618799522,0.5125719357162958,0.020000000000000018,0.06000000000000005,-0.18999999999999995,1.01,WAIT,-2,"BTC30-,PM15+,PM30-,DOWN_BOOK"
2026-09-21 17:22:19,1790011338,btc-updown-5m-1790011200,162,85798.5,85797.28,1.2200000000011642,-13.89999999999418,-0.9199999999982538,-56.61999999999534,-9.940000000002328,0.53,0.54,0.535,0.48,0.49,0.485,128.0,1509.94,1653.17,568.0,-0.8437061186612452,0.4885578321335152,-0.10999999999999999,-0.07999999999999996,-0.27,1.03,DOWN WATCH,-9,"BTC5-,BTC30-,PM5-,PM15-,PM30-,DOWN_BOOK"
2026-09-21 17:22:21,1790011340,btc-updown-5m-1790011200,160,85793.81,85797.28,-3.470000000001164,-18.589999999996508,-5.610000000000582,-46.30999999999767,-14.630000000004657,0.53,0.54,0.535,0.45,0.46,0.455,2658.85,460.76,445.46,2530.3999999999996,0.70460410115367,-0.7006176365823661,-0.10999999999999999,-0.04999999999999993,-0.22999999999999998,1.0,WAIT,-3,"BTC5-,BTC30-,PM5-,PM30-,UP_BOOK"
2026-09-21 17:22:22,1790011342,btc-updown-5m-1790011200,158,85793.81,85797.28,-3.470000000001164,-18.580000000001746,-9.10000000000582,-34.80000000000291,-10.430000000007567,0.53,0.54,0.535,0.46,0.47,0.46499999999999997,1472.5,2240.69,2263.99,1312.5,-0.20688141463270127,0.2660401678740888,-0.12,-0.09999999999999998,-0.16999999999999993,1.01,DOWN WATCH,-8,"BTC5-,BTC30-,PM5-,PM15-,PM30-,DOWN_BOOK"
2026-09-21 17:22:24,1790011343,btc-updown-5m-1790011200,157,85793.81,85797.28,-3.470000000001164,-4.690000000002328,-9.089999999996508,-34.80000000000291,-10.419999999998254,0.52,0.53,0.525,0.47,0.48,0.475,2212.5699999999997,1401.59,1312.8899999999999,2520.6,0.22438962303827165,-0.31504190698293205,-0.010000000000000009,-0.08999999999999997,-0.17999999999999994,1.01,WAIT,-4,"BTC30-,PM15-,PM30-"
2026-09-21 17:22:26,1790011345,btc-updown-5m-1790011200,155,85793.81,85797.28,-3.470000000001164,0.0,-18.580000000001746,-22.330000000001746,-10.419999999998254,0.54,0.55,0.545,0.45,0.46,0.455,2846.11,1436.13,1311.08,2911.11,0.32926225526827085,-0.37895736572726474,0.010000000000000009,-0.10999999999999999,-0.08999999999999997,1.01,WAIT,-1,"PM15-,PM30-,UP_BOOK"
2026-09-21 17:22:28,1790011347,btc-updown-5m-1790011200,153,85793.81,85797.28,-3.470000000001164,0.0,-18.589999999996508,-22.330000000001746,-11.809999999997672,0.52,0.53,0.525,0.47,0.48,0.475,2582.46,3207.91,3271.0600000000004,2600.37,-0.10801554995622038,0.11422941259625005,-0.010000000000000009,-0.10999999999999999,-0.12,1.01,WAIT,-3,"PM15-,PM30-"
2026-09-21 17:22:29,1790011349,btc-updown-5m-1790011200,151,85793.82,85797.28,-3.459999999991851,0.010000000009313226,-18.579999999987194,-13.889999999999418,-11.789999999993597,0.53,0.54,0.535,0.46,0.47,0.46499999999999997,1164.06,2063.75,1539.72,1357.06,-0.27873078031234805,0.06305622104543669,0.010000000000000009,-0.10999999999999999,-0.10999999999999999,1.01,WAIT,-4,"PM15-,PM30-"
2026-09-21 17:22:31,1790011350,btc-updown-5m-1790011200,150,85793.82,85797.28,-3.459999999991851,0.010000000009313226,-18.579999999987194,-13.889999999999418,-11.789999999993597,0.55,0.56,0.555,0.44,0.45,0.445,2205.06,1480.03,947.88,2185.85,0.19674689084934152,-0.3950467972671544,0.010000000000000009,-0.08999999999999997,-0.08999999999999997,1.01,WAIT,-2,"PM15-,PM30-"
2026-09-21 17:22:33,1790011352,btc-updown-5m-1790011200,148,85793.81,85797.28,-3.470000000001164,0.0,-18.580000000001746,-5.610000000000582,-19.010000000009313,0.57,0.58,0.575,0.42,0.43,0.425,2182.89,2348.27,2388.27,1345.83,-0.03649838010575661,0.27916767092472083,0.04999999999999993,-0.08000000000000007,-0.020000000000000018,1.01,WAIT,-2,"PM5+,PM15-,DOWN_BOOK"
2026-09-21 17:22:34,1790011354,btc-updown-5m-1790011200,146,85793.82,85797.28,-3.459999999991851,0.0,-4.679999999993015,-5.599999999991269,-18.989999999990687,0.56,0.57,0.565,0.44,0.45,0.445,1033.57,3527.16,2624.94,1914.99,-0.5467523839385362,0.1563790631133079,0.029999999999999916,0.029999999999999916,-0.020000000000000018,1.02,WAIT,-1,
2026-09-21 17:22:36,1790011355,btc-updown-5m-1790011200,145,85793.81,85797.28,-3.470000000001164,-0.010000000009313226,0.0,-5.610000000000582,-19.010000000009313,0.54,0.55,0.545,0.46,0.47,0.46499999999999997,1842.59,3116.0,2132.0,3132.3100000000004,-0.2568088912372267,-0.19001730521188917,-0.010000000000000009,0.010000000000000009,-0.039999999999999925,1.02,WAIT,-1,
2026-09-21 17:22:38,1790011357,btc-updown-5m-1790011200,143,85778.71,85797.28,-18.569999999992433,-15.099999999991269,-15.099999999991269,-24.19999999999709,-34.11000000000058,0.39,0.4,0.395,0.6,0.61,0.605,2808.85,1496.0,1831.67,1913.1499999999999,0.30496997572505424,-0.02175805512681512,-0.17999999999999994,-0.14,-0.24,1.01,WAIT,-4,"BTC5-,PM5-,PM15-,PM30-,UP_BOOK"
2026-09-21 17:22:40,1790011359,btc-updown-5m-1790011200,141,85778.71,85797.28,-18.569999999992433,-15.110000000000582,-15.099999999991269,-33.679999999993015,-38.86999999999534,0.4,0.41,0.405,0.6,0.61,0.605,2078.54,1591.99,1947.23,2322.24,0.13255578894601053,-0.08783525824048415,-0.15999999999999992,-0.12,-0.25,1.02,DOWN WATCH,-7,"BTC5-,BTC30-,PM5-,PM15-,PM30-"
2026-09-21 17:22:42,1790011361,btc-updown-5m-1790011200,139,85778.7,85797.28,-18.580000000001746,-15.110000000000582,-15.110000000000582,-33.69999999999709,-67.2100000000064,0.44,0.45,0.445,0.56,0.57,0.565,1837.25,774.42,2159.95,1017.52,0.40695417108593346,0.35954076671062196,-0.10000000000000003,-0.10000000000000003,-0.19,1.02,DOWN WATCH,-8,"BTC5-,BTC30-,BTC60-,PM5-,PM15-,PM30-,UP_BOOK,DOWN_BOOK"
2026-09-21 17:22:43,1790011363,btc-updown-5m-1790011200,137,85778.71,85797.28,-18.569999999992433,0.0,-15.099999999991269,-33.689999999987776,-67.18999999998778,0.42,0.43,0.425,0.57,0.58,0.575,5128.2,797.3199999999999,1395.32,4915.7,0.7308860656955002,-0.5578147431001645,0.02999999999999997,-0.10000000000000003,-0.22000000000000003,1.01,WAIT,-4,"BTC30-,BTC60-,PM15-,PM30-,UP_BOOK"
2026-09-21 17:22:45,1790011364,btc-updown-5m-1790011200,136,85778.6,85797.28,-18.679999999993015,-0.11000000000058208,-15.220000000001164,-33.79999999998836,-67.29999999998836,0.37,0.38,0.375,0.62,0.63,0.625,1440.52,2999.7200000000003,2821.7200000000003,1543.52,-0.3511521899717133,0.29281322447333946,-0.030000000000000027,-0.16000000000000003,-0.27,1.01,DOWN WATCH,-9,"BTC30-,BTC60-,PM5-,PM15-,PM30-,DOWN_BOOK"
2026-09-21 17:22:47,1790011366,btc-updown-5m-1790011200,134,85778.59,85797.28,-18.69000000000233,-0.11000000000058208,-15.230000000010477,-33.80000000000291,-77.80000000000291,0.36,0.37,0.365,0.66,0.67,0.665,196.88,3350.35,2061.9300000000003,652.0,-0.8889950750303758,0.5195159786729946,-0.08000000000000002,-0.19000000000000006,-0.29000000000000004,1.04,DOWN WATCH,-9,"BTC30-,BTC60-,PM5-,PM15-,PM30-,DOWN_BOOK"
2026-09-21 17:22:48,1790011368,btc-updown-5m-1790011200,132,85761.89,85797.28,-35.38999999999942,-16.820000000006985,-31.919999999998254,-36.61000000000058,-93.22999999999593,0.28,0.29,0.28500000000000003,0.69,0.7,0.695,1142.3,1023.78,488.19,2124.82,0.054716353966612494,-0.626338973061718,-0.13999999999999996,-0.2899999999999999,-0.25,0.99,DOWN WATCH,-11,"BTC_BELOW,BTC5-,BTC15-,BTC30-,BTC60-,PM5-,PM15-,PM30-"
2026-09-21 17:22:50,1790011369,btc-updown-5m-1790011200,131,85761.89,85797.28,-35.38999999999942,-16.710000000006403,-31.930000000007567,-36.61000000000058,-93.11999999999534,0.31,0.32,0.315,0.68,0.69,0.685,4833.700000000001,1674.47,1559.03,4734.79,0.48542524242605833,-0.5045838616293444,-0.06,-0.24999999999999994,-0.22000000000000003,1.01,DOWN WATCH,-10,"BTC_BELOW,BTC5-,BTC15-,BTC30-,BTC60-,PM5-,PM15-,PM30-,UP_BOOK"
2026-09-21 17:22:52,1790011371,btc-updown-5m-1790011200,129,85761.88,85797.28,-35.39999999999418,-16.70999999999185,-31.929999999993015,-31.929999999993015,-78.23999999999069,0.31,0.32,0.315,0.66,0.67,0.665,4666.79,1603.6100000000001,1813.1399999999999,2647.34,0.4885142893595305,-0.18702023100652854,-0.04999999999999999,-0.23000000000000004,-0.22000000000000003,0.99,DOWN WATCH,-11,"BTC_BELOW,BTC5-,BTC15-,BTC30-,BTC60-,PM5-,PM15-,PM30-,UP_BOOK"
2026-09-21 17:22:53,1790011373,btc-updown-5m-1790011200,127,85761.89,85797.28,-35.38999999999942,0.0,-16.820000000006985,-31.919999999998254,-66.72000000000116,0.3,0.31,0.305,0.69,0.7,0.695,3572.6600000000003,1624.35,2308.55,4334.67,0.37489056207319216,-0.3049906521235184,0.019999999999999962,-0.09000000000000002,-0.22000000000000003,1.01,DOWN WATCH,-6,"BTC_BELOW,BTC30-,BTC60-,PM15-,PM30-,UP_BOOK"
2026-09-21 17:22:55,1790011374,btc-updown-5m-1790011200,126,85761.88,85797.28,-35.39999999999418,-0.00999999999476131,-16.830000000001746,-31.929999999993015,-54.25999999999476,0.34,0.35,0.345,0.65,0.66,0.655,1219.97,2047.1699999999998,2047.1699999999998,2748.98,-0.2531878033999155,-0.14632778374321076,0.02999999999999997,-0.06000000000000005,-0.18000000000000005,1.01,DOWN WATCH,-9,"BTC_BELOW,BTC30-,BTC60-,PM15-,PM30-"
2026-09-21 17:22:57,1790011376,btc-updown-5m-1790011200,124,85766.0,85797.28,-31.279999999998836,4.119999999995343,-12.69999999999709,-27.80999999999767,-50.14999999999418,0.41,0.42,0.415,0.57,0.58,0.575,3385.7799999999997,256.0,172.18,4500.27,0.8594094096842753,-0.9262999069010903,0.09999999999999998,-0.030000000000000027,-0.13000000000000006,1.0,WAIT,-1,"BTC_BELOW,BTC60-,PM5+,PM30-,UP_BOOK"
2026-09-21 17:22:58,1790011378,btc-updown-5m-1790011200,122,85771.33,85797.28,-25.94999999999709,9.440000000002328,-7.380000000004657,-22.479999999995925,-44.80999999999767,0.41,0.42,0.415,0.58,0.59,0.585,4518.880000000001,1034.62,1699.93,1525.83,0.6273989376069147,0.05397177719359163,0.10999999999999999,-0.010000000000000009,-0.11000000000000004,1.01,WAIT,-2,"BTC_BELOW,BTC60-,PM5+,PM30-,UP_BOOK"
2026-09-21 17:23:00,1790011379,btc-updown-5m-1790011200,121,85773.01,85797.28,-24.270000000004075,11.129999999990105,-5.5900000000110595,-20.810000000012224,-34.70000000001164,0.4,0.41,0.405,0.59,0.6,0.595,2631.72,854.12,1062.25,2891.23,0.5099488215179125,-0.4626253326183514,0.06000000000000005,0.030000000000000027,-0.13,1.01,WAIT,1,"BTC_BELOW,BTC5+,PM5+,PM30-,UP_BOOK"
2026-09-21 17:23:02,1790011381,btc-updown-5m-1790011200,119,85773.0,85797.28,-24.279999999998836,7.0,-5.5899999999965075,-20.820000000006985,-26.419999999998254,0.37,0.38,0.375,0.62,0.63,0.625,2164.9300000000003,1006.26,1171.26,3250.13,0.3653738817289409,-0.4701847156663402,-0.03999999999999998,0.010000000000000009,-0.18000000000000005,1.01,WAIT,-2,"BTC_BELOW,PM5-,PM30-,UP_BOOK"
2026-09-21 17:23:03,1790011383,btc-updown-5m-1790011200,117,85773.01,85797.28,-24.270000000004075,1.679999999993015,11.119999999995343,-20.80000000000291,-26.410000000003492,0.47,0.48,0.475,0.48,0.49,0.485,813.0999999999999,461.15999999999997,343.3,760.26,0.2761916720292562,-0.37783174453586577,0.06,0.18999999999999995,-0.09999999999999998,0.97,WAIT,2,"BTC_BELOW,PM5+,PM15+,PM30-,UP_BOOK"
2026-09-21 17:23:05,1790011384,btc-updown-5m-1790011200,116,85793.66,85797.28,-3.6199999999953434,20.65000000000873,31.770000000004075,-0.16000000000349246,-5.759999999994761,0.57,0.58,0.575,0.42,0.43,0.425,3026.1800000000003,1293.6899999999998,351.63,1620.19,0.4010514205288586,-0.6433447272063372,0.16999999999999993,0.25999999999999995,0.010000000000000009,1.01,UP WATCH,8,"BTC5+,BTC15+,PM5+,PM15+,UP_BOOK"
2026-09-21 17:23:07,1790011386,btc-updown-5m-1790011200,114,85793.66,85797.28,-3.6199999999953434,20.660000000003492,31.779999999998836,-0.14999999999417923,-9.25,0.59,0.6,0.595,0.42,0.43,0.425,724.49,2483.68,3357.5,437.0,-0.5483468768799658,0.7696666227434444,0.21999999999999997,0.27999999999999997,0.04999999999999993,1.03,WAIT,4,"BTC5+,BTC15+,PM5+,PM15+,DOWN_BOOK"
2026-09-21 17:23:09,1790011388,btc-updown-5m-1790011200,112,85793.67,85797.28,-3.610000000000582,20.660000000003492,31.779999999998836,14.959999999991851,-9.229999999995925,0.5,0.51,0.505,0.49,0.5,0.495,2316.7999999999997,2443.67,2406.14,2501.8,-0.026650729864908372,-0.01949086582150562,0.030000000000000027,0.2,0.10999999999999999,1.01,UP WATCH,7,"BTC5+,BTC15+,PM5+,PM15+,PM30+"
2026-09-21 17:23:10,1790011390,btc-updown-5m-1790011200,110,85793.67,85797.28,-3.610000000000582,0.00999999999476131,31.789999999993597,14.959999999991851,-18.720000000001164,0.52,0.53,0.525,0.47,0.48,0.475,1469.21,798.39,849.54,1485.8,0.29582818839301467,-0.27244855138866286,-0.04999999999999993,0.18000000000000005,0.12,1.01,UP WATCH,6,"BTC15+,PM5-,PM15+,PM30+,UP_BOOK"
2026-09-21 17:23:12,1790011392,btc-updown-5m-1790011200,108,85793.66,85797.28,-3.6199999999953434,0.0,27.660000000003492,14.960000000006403,-18.739999999990687,0.54,0.55,0.545,0.45,0.46,0.455,2272.67,1192.34,827.6,2290.79,0.31178264997792215,-0.46921327992970735,-0.04999999999999993,0.13000000000000006,0.10000000000000003,1.01,UP WATCH,6,"BTC15+,PM5-,PM15+,PM30+,UP_BOOK"
2026-09-21 17:23:14,1790011393,btc-updown-5m-1790011200,107,85793.67,85797.28,-3.610000000000582,0.0,22.339999999996508,14.959999999991851,-18.729999999995925,0.53,0.54,0.535,0.46,0.47,0.46499999999999997,3269.7700000000004,1354.28,501.09,3973.89,0.41424508818027495,-0.7760481611090999,0.030000000000000027,0.12000000000000005,0.11000000000000004,1.01,UP WATCH,8,"BTC15+,PM5+,PM15+,PM30+,UP_BOOK"
2026-09-21 17:23:16,1790011395,btc-updown-5m-1790011200,105,85793.67,85797.28,-3.610000000000582,0.0,20.660000000003492,15.069999999992433,-18.729999999995925,0.54,0.55,0.545,0.45,0.46,0.455,1761.0199999999998,1083.84,556.85,2173.34,0.2380363181316479,-0.5920796721107323,0.020000000000000018,0.14,0.17000000000000004,1.01,UP WATCH,6,"BTC15+,PM15+,PM30+"
2026-09-21 17:23:18,1790011397,btc-updown-5m-1790011200,103,85793.67,85797.28,-3.610000000000582,0.00999999999476131,20.669999999998254,15.080000000001746,-18.720000000001164,0.61,0.63,0.62,0.28,0.31,0.29500000000000004,2633.0699999999997,258.97,597.56,378.0,0.8209084245031187,0.22506047808438226,0.07499999999999996,0.245,0.255,0.94,UP WATCH,7,"BTC15+,PM5+,PM15+,PM30+,UP_BOOK"
2026-09-21 17:23:19,1790011399,btc-updown-5m-1790011200,101,85805.61,85797.28,8.330000000001746,11.940000000002328,11.94999999999709,43.720000000001164,7.110000000000582,0.71,0.72,0.715,0.28,0.29,0.28500000000000003,1383.44,733.99,1054.85,1645.48,0.3067161606286866,-0.21872511878177858,0.17999999999999994,0.14,0.39999999999999997,1.01,UP WATCH,8,"BTC5+,BTC30+,PM5+,PM15+,PM30+,UP_BOOK"
2026-09-21 17:23:22,1790011400,btc-updown-5m-1790011200,100,85811.11,85797.28,13.830000000001746,17.44000000000233,17.44999999999709,49.220000000001164,17.30000000000291,0.76,0.77,0.765,0.23,0.24,0.235,1919.2,1774.01,1419.98,2198.63,0.039312684629360384,-0.21517930918225509,0.21999999999999997,0.19000000000000006,0.45,1.01,WAIT,7,UP_TOO_EXPENSIVE
2026-09-21 17:23:23,1790011403,btc-updown-5m-1790011200,97,85817.72,85797.28,20.44000000000233,24.05000000000291,24.05000000000291,55.830000000001746,23.910000000003492,0.82,0.83,0.825,0.2,0.21,0.20500000000000002,699.0,2785.0299999999997,2412.08,1440.02,-0.598740538973545,0.2523454738973547,0.20499999999999996,0.31999999999999995,0.52,1.04,WAIT,9,UP_TOO_EXPENSIVE
2026-09-21 17:23:25,1790011404,btc-updown-5m-1790011200,96,85822.65,85797.28,25.369999999995343,17.039999999993597,28.979999999995925,60.76999999998952,28.839999999996508,0.84,0.85,0.845,0.13,0.14,0.135,1577.0300000000002,556.25,1336.1,2189.1000000000004,0.47850258756468916,-0.241972086690117,0.13,0.33999999999999997,0.5,0.99,WAIT,12,UP_TOO_EXPENSIVE
2026-09-21 17:23:27,1790011406,btc-updown-5m-1790011200,94,85829.77,85797.28,32.49000000000524,18.660000000003492,36.10000000000582,63.770000000004075,35.9600000000064,0.88,0.89,0.885,0.1,0.11,0.10500000000000001,2954.8599999999997,923.0,1490.0,4502.1,0.5239642483225284,-0.5026785267268571,0.12,0.36,0.47000000000000003,1.0,WAIT,13,UP_TOO_EXPENSIVE
2026-09-21 17:23:29,1790011408,btc-updown-5m-1790011200,92,85841.87,85797.28,44.58999999999651,24.14999999999418,48.19999999999709,70.5399999999936,48.05999999999767,0.92,0.93,0.925,0.07,0.08,0.07500000000000001,5177.33,1656.7,1610.0,4642.5599999999995,0.5151616249855503,-0.4850109395191729,0.10000000000000009,0.39,0.51,1.01,WAIT,14,UP_TOO_EXPENSIVE
2026-09-21 17:23:31,1790011410,btc-updown-5m-1790011200,90,85841.88,85797.28,44.60000000000582,19.230000000010477,48.2100000000064,68.8700000000099,48.05999999999767,0.92,0.94,0.9299999999999999,0.05,0.06,0.055,5210.88,2917.93,1751.8,2777.87,0.282076958373981,-0.22652202036792965,0.08499999999999996,0.3849999999999999,0.5249999999999999,1.0,WAIT,13,UP_TOO_EXPENSIVE
2026-09-21 17:23:33,1790011412,btc-updown-5m-1790011200,88,85851.84,85797.28,54.55999999999767,22.069999999992433,58.169999999998254,78.83999999999651,58.029999999998836,0.94,0.95,0.945,0.05,0.06,0.055,2995.48,3410.02,1630.77,3054.71,-0.06471625946452267,-0.3039048293878109,0.05999999999999994,0.32499999999999996,0.57,1.01,WAIT,14,UP_TOO_EXPENSIVE
2026-09-21 17:23:34,1790011414,btc-updown-5m-1790011200,86,85851.85,85797.28,54.570000000006985,9.980000000010477,46.24000000000524,58.19000000000233,58.029999999998836,0.95,0.96,0.955,0.04,0.05,0.045,1609.48,12440.83,3233.76,1739.48,-0.7708975816191956,0.3004640837763712,0.029999999999999916,0.24,0.38,1.01,WAIT,9,UP_TOO_EXPENSIVE
2026-09-21 17:23:36,1790011415,btc-updown-5m-1790011200,85,85861.2,85797.28,63.919999999998254,19.319999999992433,50.08999999999651,67.5399999999936,67.38999999999942,0.97,0.98,0.975,0.02,0.03,0.025,5091.68,9015.560000000001,9040.470000000001,5409.73,-0.2781465403580006,0.25125880610649,0.04500000000000004,0.20999999999999996,0.4,1.01,WAIT,11,UP_TOO_EXPENSIVE
2026-09-21 17:23:38,1790011417,btc-updown-5m-1790011200,83,85872.07,85797.28,74.79000000000815,20.230000000010477,60.9600000000064,78.41000000000349,93.36000000000058,0.97,0.98,0.975,0.02,0.03,0.025,6880.339999999999,4095.98,4095.98,6829.85,0.25366971808402083,-0.2502208070233566,0.030000000000000027,0.20999999999999996,0.38,1.01,WAIT,15,UP_TOO_EXPENSIVE
2026-09-21 17:23:39,1790011419,btc-updown-5m-1790011200,81,85872.79,85797.28,75.50999999999476,20.939999999987776,50.13999999999942,79.11999999999534,94.0799999999872,0.97,0.98,0.975,0.02,0.03,0.025,6810.91,3590.53,3590.53,6800.91,0.30960905413096645,-0.3089446698436405,0.020000000000000018,0.13,0.47,1.01,WAIT,14,UP_TOO_EXPENSIVE
2026-09-21 17:23:41,1790011420,btc-updown-5m-1790011200,80,85872.79,85797.28,75.50999999999476,11.589999999996508,50.13999999999942,79.11999999999534,94.0799999999872,0.97,0.98,0.975,0.02,0.03,0.025,1515.62,3709.15,3821.3,1607.57,-0.41983283474679267,0.40776994107429365,0.0,0.13,0.44999999999999996,1.01,WAIT,10,UP_TOO_EXPENSIVE
2026-09-21 17:23:43,1790011422,btc-updown-5m-1790011200,78,85875.1,85797.28,77.82000000000698,3.029999999998836,45.330000000001746,81.44000000000233,96.40000000000873,0.98,0.99,0.985,0.01,0.02,0.015,1381.27,2591.64,3345.62,1312.6,-0.30465578127871007,0.436437093997278,0.010000000000000009,0.09999999999999998,0.43999999999999995,1.01,WAIT,9,UP_TOO_EXPENSIVE
2026-09-21 17:23:44,1790011424,btc-updown-5m-1790011200,76,85875.11,85797.28,77.83000000000175,2.320000000006985,33.24000000000524,81.44000000000233,96.50999999999476,0.99,,,,0.01,,8202.39,0,0,8207.39,1.0,-1.0,,,,,WAIT,10,UP_TOO_EXPENSIVE
2026-09-21 17:23:46,1790011425,btc-updown-5m-1790011200,75,85875.27,85797.28,77.99000000000524,2.4800000000104774,33.38999999999942,81.60000000000582,96.66999999999825,0.99,,,,0.01,,7960.27,0,0,7960.27,1.0,-1.0,,,,,WAIT,10,UP_TOO_EXPENSIVE
2026-09-21 17:23:48,1790011427,btc-updown-5m-1790011200,73,85875.27,85797.28,77.99000000000524,0.16999999999825377,23.430000000007567,81.60000000000582,96.68000000000757,0.99,,,,0.01,,7689.789999999999,0,0,7688.469999999999,1.0,-1.0,,,,,WAIT,10,UP_TOO_EXPENSIVE
2026-09-21 17:23:50,1790011429,btc-updown-5m-1790011200,71,85877.28,85797.28,80.0,2.1699999999982538,25.429999999993015,71.66999999999825,115.38999999999942,0.99,,,,0.01,,7673.299999999999,0,0,7642.16,1.0,-1.0,,,,,WAIT,10,UP_TOO_EXPENSIVE
2026-09-21 17:23:51,1790011431,btc-updown-5m-1790011200,69,85881.82,85797.28,84.54000000000815,6.55000000000291,20.620000000009895,70.7100000000064,119.94000000000233,0.99,,,,0.01,,7678.67,0,0,7693.88,1.0,-1.0,,,,,WAIT,10,UP_TOO_EXPENSIVE
2026-09-21 17:23:53,1790011432,btc-updown-5m-1790011200,68,85881.82,85797.28,84.54000000000815,6.55000000000291,9.75,70.7100000000064,119.94000000000233,0.99,,,,0.01,,11237.599999999999,0,0,11229.96,1.0,-1.0,,,,,WAIT,8,UP_TOO_EXPENSIVE
2026-09-21 17:23:55,1790011434,btc-updown-5m-1790011200,66,85881.81,85797.28,84.52999999999884,4.529999999998836,9.020000000004075,59.16000000000349,119.92999999999302,0.99,,,,0.01,,11019.06,0,0,11033.06,1.0,-1.0,,,,,WAIT,8,UP_TOO_EXPENSIVE
2026-09-21 17:23:57,1790011436,btc-updown-5m-1790011200,64,85881.81,85797.28,84.52999999999884,-0.010000000009313226,9.020000000004075,52.0399999999936,115.80999999999767,0.99,,,,0.01,,11026.57,0,0,11026.57,1.0,-1.0,,,,,WAIT,8,UP_TOO_EXPENSIVE
2026-09-21 17:23:58,1790011438,btc-updown-5m-1790011200,62,85881.82,85797.28,84.54000000000815,0.0,6.720000000001164,39.95000000001164,110.49000000000524,0.99,,,,0.01,,10727.259999999998,0,0,10749.259999999998,1.0,-1.0,,,,,WAIT,8,UP_TOO_EXPENSIVE
2026-09-21 17:24:00,1790011439,btc-updown-5m-1790011200,61,85886.68,85797.28,89.39999999999418,4.869999999995343,11.569999999992433,44.80999999999767,113.66999999999825,0.99,,,,0.01,,13678.16,0,0,13852.52,1.0,-1.0,,,,,WAIT,8,UP_TOO_EXPENSIVE
2026-09-21 17:24:02,1790011441,btc-updown-5m-1790011200,59,85886.67,85797.28,89.38999999999942,4.860000000000582,11.39999999999418,44.7899999999936,113.66999999999825,0.99,,,,0.01,,12960.81,0,0,12958.17,1.0,-1.0,,,,,WAIT,8,UP_TOO_EXPENSIVE
2026-09-21 17:24:03,1790011443,btc-updown-5m-1790011200,57,85886.67,85797.28,89.38999999999942,4.849999999991269,11.39999999999418,34.830000000001746,113.66000000000349,0.99,,,,0.01,,13516.1,0,0,13506.1,1.0,-1.0,,,,,WAIT,8,UP_TOO_EXPENSIVE
2026-09-21 17:24:05,1790011444,btc-updown-5m-1790011200,56,85886.68,85797.28,89.39999999999418,0.0,9.39999999999418,34.829999999987194,93.01999999998952,0.99,,,,0.01,,13454.3,0,0,13442.3,1.0,-1.0,,,,,WAIT,8,UP_TOO_EXPENSIVE
2026-09-21 17:24:07,1790011446,btc-updown-5m-1790011200,54,85903.49,85797.28,106.2100000000064,16.820000000006985,21.669999999998254,42.29000000000815,109.83000000000175,0.99,,,,0.01,,16665.41,0,0,16815.41,1.0,-1.0,,,,,WAIT,11,UP_TOO_EXPENSIVE
2026-09-21 17:24:09,1790011448,btc-updown-5m-1790011200,52,85903.49,85797.28,106.2100000000064,16.820000000006985,21.669999999998254,31.419999999998254,109.82000000000698,0.99,,,,0.01,,17025.36,0,0,17075.36,1.0,-1.0,,,,,WAIT,11,UP_TOO_EXPENSIVE
2026-09-21 17:24:11,1790011450,btc-updown-5m-1790011200,50,85914.11,85797.28,116.83000000000175,27.430000000007567,32.30000000000291,41.320000000006985,120.44000000000233,0.99,,,,0.01,,22040.809999999998,0,0,22040.809999999998,1.0,-1.0,,,,,WAIT,11,UP_TOO_EXPENSIVE
2026-09-21 17:24:12,1790011452,btc-updown-5m-1790011200,48,85914.52,85797.28,117.24000000000524,11.029999999998836,32.7100000000064,39.419999999998254,120.86000000000058,0.99,,,,0.01,,22195.91,0,0,22205.91,1.0,-1.0,,,,,WAIT,11,UP_TOO_EXPENSIVE
2026-09-21 17:24:14,1790011453,btc-updown-5m-1790011200,47,85914.53,85797.28,117.25,11.039999999993597,32.70999999999185,39.429999999993015,120.86000000000058,0.99,,,,0.01,,23260.91,0,0,23260.91,1.0,-1.0,,,,,WAIT,11,UP_TOO_EXPENSIVE
2026-09-21 17:24:16,1790011455,btc-updown-5m-1790011200,45,85914.52,85797.28,117.24000000000524,0.41000000000349246,27.84000000001106,39.25,120.85000000000582,0.99,,,,0.01,,34942.909999999996,0,0,35002.909999999996,1.0,-1.0,,,,,WAIT,10,UP_TOO_EXPENSIVE
2026-09-21 17:24:18,1790011457,btc-updown-5m-1790011200,43,85919.41,85797.28,122.13000000000466,4.889999999999418,32.74000000000524,44.13999999999942,125.74000000000524,0.99,,,,0.01,,35035.96,0,0,35006.26,1.0,-1.0,,,,,WAIT,10,UP_TOO_EXPENSIVE
2026-09-21 17:24:19,1790011459,btc-updown-5m-1790011200,41,85930.63,85797.28,133.35000000000582,16.10000000000582,43.95000000001164,53.35000000000582,125.02000000000407,0.99,,,,0.01,,35715.26,0,0,35655.36,1.0,-1.0,,,,,WAIT,11,UP_TOO_EXPENSIVE
2026-09-21 17:24:21,1790011460,btc-updown-5m-1790011200,40,85930.63,85797.28,133.35000000000582,16.110000000000582,43.95000000001164,53.35000000000582,119.52000000000407,0.99,,,,0.01,,35675.36,0,0,35685.46,1.0,-1.0,,,,,WAIT,11,UP_TOO_EXPENSIVE
2026-09-21 17:24:23,1790011462,btc-updown-5m-1790011200,38,85930.62,85797.28,133.3399999999965,11.209999999991851,27.129999999990105,48.79999999998836,119.50999999999476,0.99,,,,0.01,,35535.36,0,0,35532.36,1.0,-1.0,,,,,WAIT,11,UP_TOO_EXPENSIVE
2026-09-21 17:24:24,1790011464,btc-updown-5m-1790011200,36,85929.72,85797.28,132.44000000000233,-0.9100000000034925,26.229999999995925,47.91000000000349,107.07000000000698,0.99,,,,0.01,,35648.15,0,0,35673.15,1.0,-1.0,,,,,WAIT,10,UP_TOO_EXPENSIVE
2026-09-21 17:24:26,1790011465,btc-updown-5m-1790011200,35,85929.72,85797.28,132.44000000000233,-0.9100000000034925,15.610000000000582,47.91000000000349,107.07000000000698,0.99,,,,0.01,,35565.2,0,0,35783.2,1.0,-1.0,,,,,WAIT,8,UP_TOO_EXPENSIVE
2026-09-21 17:24:28,1790011467,btc-updown-5m-1790011200,33,85930.1,85797.28,132.82000000000698,-0.5199999999895226,15.580000000001746,48.29000000000815,100.33000000000175,0.99,,,,0.01,,36078.3,0,0,39822.3,1.0,-1.0,,,,,WAIT,8,UP_TOO_EXPENSIVE
2026-09-21 17:24:30,1790011469,btc-updown-5m-1790011200,31,85931.68,85797.28,134.39999999999418,1.959999999991851,17.14999999999418,45.0,89.80999999999767,0.99,,,,0.01,,40159.32,0,0,39865.37,1.0,-1.0,,,,,WAIT,8,UP_TOO_EXPENSIVE
2026-09-21 17:24:31,1790011471,btc-updown-5m-1790011200,29,85924.47,85797.28,127.19000000000233,-5.25,9.94999999999709,37.80000000000291,82.58999999999651,0.99,,,,0.01,,39864.42,0,0,52796.42,1.0,-1.0,,,,,WAIT,8,UP_TOO_EXPENSIVE
2026-09-21 17:24:33,1790011472,btc-updown-5m-1790011200,28,85923.09,85797.28,125.80999999999767,-7.010000000009313,3.679999999993015,36.419999999998254,71.25,0.99,,,,0.01,,52796.42,0,0,52806.42,1.0,-1.0,,,,,WAIT,8,UP_TOO_EXPENSIVE
2026-09-21 17:24:35,1790011474,btc-updown-5m-1790011200,26,85913.81,85797.28,116.52999999999884,-17.869999999995343,-16.820000000006985,27.130000000004657,61.95999999999185,0.99,,,,0.01,,52832.94,0,0,52842.94,1.0,-1.0,,,,,WAIT,5,"BTC_ABOVE,BTC5-,BTC60+,UP_BOOK"
2026-09-21 17:24:36,1790011476,btc-updown-5m-1790011200,24,85897.75,85797.28,100.47000000000116,-26.720000000001164,-32.88000000000466,-5.740000000005239,36.55000000000291,0.99,,,,0.01,,49696.94,0,0,49696.94,1.0,-1.0,,,,,WAIT,2,"BTC_ABOVE,BTC5-,BTC15-,UP_BOOK"
2026-09-21 17:24:38,1790011477,btc-updown-5m-1790011200,23,85885.6,85797.28,88.32000000000698,-37.48999999999069,-45.01999999998952,-17.889999999999418,13.529999999998836,0.99,,,,0.01,,49526.94,0,0,49526.94,1.0,-1.0,,,,,WAIT,2,"BTC_ABOVE,BTC5-,BTC15-,UP_BOOK"
2026-09-21 17:24:40,1790011479,btc-updown-5m-1790011200,21,85885.61,85797.28,88.33000000000175,-28.19999999999709,-44.11000000000058,-17.880000000004657,12.820000000006985,0.99,,,,0.01,,49580.42,0,0,49580.42,1.0,-1.0,,,,,WAIT,2,"BTC_ABOVE,BTC5-,BTC15-,UP_BOOK"
2026-09-21 17:24:42,1790011481,btc-updown-5m-1790011200,19,85885.6,85797.28,88.32000000000698,-12.14999999999418,-44.11999999999534,-28.50999999999476,12.810000000012224,0.99,,,,0.01,,49639.42,0,0,49619.42,1.0,-1.0,,,,,WAIT,0,TIME_FILTER
2026-09-21 17:24:43,1790011483,btc-updown-5m-1790011200,17,85876.55,85797.28,79.27000000000407,-9.05000000000291,-53.55000000000291,-37.979999999995925,1.4499999999970896,0.99,,,,0.01,,49767.46,0,0,49779.46,1.0,-1.0,,,,,WAIT,0,TIME_FILTER
2026-09-21 17:24:45,1790011484,btc-updown-5m-1790011200,16,85876.55,85797.28,79.27000000000407,-9.059999999997672,-55.129999999990105,-37.979999999995925,1.4400000000023283,0.99,,,,0.01,,49744.46,0,0,49712.46,1.0,-1.0,,,,,WAIT,0,TIME_FILTER
2026-09-21 17:24:47,1790011486,btc-updown-5m-1790011200,14,85876.55,85797.28,79.27000000000407,-9.05000000000291,-47.919999999998254,-37.970000000001164,1.2799999999988358,0.99,,,,0.01,,49857.46,0,0,49852.46,1.0,-1.0,,,,,WAIT,0,TIME_FILTER
2026-09-21 17:24:48,1790011488,btc-updown-5m-1790011200,12,85876.55,85797.28,79.27000000000407,0.0,-46.5399999999936,-42.86000000000058,1.2799999999988358,0.99,,,,0.01,,50027.46,0,0,50027.46,1.0,-1.0,,,,,WAIT,0,TIME_FILTER
2026-09-21 17:24:50,1790011489,btc-updown-5m-1790011200,11,85876.56,85797.28,79.27999999999884,0.00999999999476131,-37.25,-54.070000000006985,-0.7200000000011642,0.99,,,,0.01,,50091.61,0,0,50091.61,1.0,-1.0,,,,,WAIT,0,TIME_FILTER
2026-09-21 17:24:52,1790011491,btc-updown-5m-1790011200,9,85876.55,85797.28,79.27000000000407,0.0,-21.19999999999709,-54.080000000001746,-5.2700000000040745,0.99,,,,0.01,,50571.46,0,0,50551.46,1.0,-1.0,,,,,WAIT,0,TIME_FILTER
2026-09-21 17:24:54,1790011493,btc-updown-5m-1790011200,7,85876.55,85797.28,79.27000000000407,0.0,-9.05000000000291,-54.06999999999243,-5.2700000000040745,0.99,,,,0.01,,58933.46,0,0,58933.46,1.0,-1.0,,,,,WAIT,0,TIME_FILTER
2026-09-21 17:24:55,1790011495,btc-updown-5m-1790011200,5,85876.56,85797.28,79.27999999999884,0.0,-9.05000000000291,-53.16000000000349,-5.25,0.99,,,,0.01,,58893.46,0,0,58893.46,1.0,-1.0,,,,,WAIT,0,TIME_FILTER
2026-09-21 17:24:57,1790011496,btc-updown-5m-1790011200,4,85876.55,85797.28,79.27000000000407,0.0,-9.05000000000291,-53.169999999998254,-5.259999999994761,0.99,,,,0.01,,58813.46,0,0,58813.46,1.0,-1.0,,,,,WAIT,0,TIME_FILTER
2026-09-21 17:24:59,1790011498,btc-updown-5m-1790011200,2,85876.56,85797.28,79.27999999999884,0.00999999999476131,0.00999999999476131,-53.54000000000815,-5.260000000009313,0.99,,,,0.01,,70464.42000000001,0,0,70424.42000000001,1.0,-1.0,,,,,WAIT,0,TIME_FILTER
2026-09-21 17:25:01,1790011500,btc-updown-5m-1790011500,300,85863.33,85863.34,-0.00999999999476131,,,,,0.35,0.36,0.355,0.64,0.65,0.645,423.53999999999996,275.94,505.0,551.54,0.21101389603705603,-0.044049444412894885,,,,1.01,WAIT,0,TIME_FILTER
2026-09-21 17:25:03,1790011502,btc-updown-5m-1790011500,298,85863.34,85863.34,0.0,,,,,0.32,0.33,0.325,0.67,0.68,0.675,1620.52,3287.08,3248.26,3631.81,-0.33958757844975135,-0.05574797930835002,,,,1.01,WAIT,0,TIME_FILTER
2026-09-21 17:25:04,1790011504,btc-updown-5m-1790011500,296,85863.33,85863.34,-0.00999999999476131,,,,,0.32,0.33,0.325,0.67,0.68,0.675,1341.09,3266.94,3263.94,3521.09,-0.4179334769955925,-0.037899611350281436,,,,1.01,WAIT,0,TIME_FILTER
2026-09-21 17:25:06,1790011505,btc-updown-5m-1790011500,295,85863.33,85863.34,-0.00999999999476131,0.0,,,,0.32,0.33,0.325,0.69,0.7,0.695,234.3,5487.18,4934.1,220.85,-0.9180981144738773,0.9143153667833829,-0.02999999999999997,,,1.03,WAIT,0,TIME_FILTER
2026-09-21 17:25:08,1790011507,btc-updown-5m-1790011500,293,85851.68,85863.34,-11.660000000003492,-11.660000000003492,,,,0.27,0.28,0.275,0.72,0.73,0.725,3139.0,2685.6299999999997,2585.5699999999997,3686.0,0.07783670379062711,-0.17546324126175747,-0.04999999999999999,,,1.01,WAIT,0,TIME_FILTER
2026-09-21 17:25:10,1790011509,btc-updown-5m-1790011500,291,85851.69,85863.34,-11.64999999999418,-11.639999999999418,,,,0.29,0.3,0.295,0.7,0.71,0.705,4696.42,592.61,643.94,4662.42,0.7759097603908468,-0.7572950195614319,-0.030000000000000027,,,1.01,WAIT,0,TIME_FILTER
2026-09-21 17:25:12,1790011511,btc-updown-5m-1790011500,289,85865.83,85863.34,2.4900000000052387,2.5,,,,0.4,0.41,0.405,0.6,0.61,0.605,1670.0,2023.3799999999999,2605.7,1577.09,-0.09567929647098318,0.2459148080587359,0.08000000000000002,,,1.02,WAIT,0,TIME_FILTER
2026-09-21 17:25:13,1790011513,btc-updown-5m-1790011500,287,85872.06,85863.34,8.720000000001164,20.380000000004657,,,,0.42,0.43,0.425,0.56,0.57,0.565,4525.9400000000005,307.61999999999995,1871.9099999999999,3006.09,0.8727149347478877,-0.23250922509225097,0.14999999999999997,,,1.0,WAIT,0,TIME_FILTER
2026-09-21 17:25:15,1790011514,btc-updown-5m-1790011500,286,85872.06,85863.34,8.720000000001164,20.369999999995343,,,,0.38,0.39,0.385,0.62,0.63,0.625,1522.3899999999999,2769.1800000000003,2219.39,1535.55,-0.29052071852492223,0.1821174239801435,0.09000000000000002,,,1.02,WAIT,0,TIME_FILTER
2026-09-21 17:25:17,1790011516,btc-updown-5m-1790011500,284,85872.07,85863.34,8.730000000010477,6.240000000005239,8.740000000005239,,,0.35,0.36,0.355,0.64,0.65,0.645,4157.259999999999,1090.31,1069.75,4133.259999999999,0.5844514699184574,-0.5887957163257421,-0.050000000000000044,0.0,,1.01,WAIT,0,TIME_FILTER
2026-09-21 17:25:19,1790011518,btc-updown-5m-1790011500,282,85863.17,85863.34,-0.16999999999825377,-8.889999999999418,-0.16999999999825377,,,0.31,0.32,0.315,0.68,0.69,0.685,4005.7799999999997,780.26,1535.75,4057.38,0.6739433853457137,-0.45084416060416976,-0.10999999999999999,-0.010000000000000009,,1.01,WAIT,0,TIME_FILTER
2026-09-21 17:25:21,1790011520,btc-updown-5m-1790011500,280,85862.56,85863.34,-0.7799999999988358,-9.5,-0.7700000000040745,,,0.31,0.32,0.315,0.68,0.69,0.685,4544.5599999999995,1139.47,1124.47,4551.5599999999995,0.5990626368967087,-0.6037829257421119,-0.07,-0.010000000000000009,,1.01,WAIT,0,TIME_FILTER
2026-09-21 17:25:22,1790011522,btc-updown-5m-1790011500,278,85862.55,85863.34,-0.7899999999935972,-9.520000000004075,10.870000000009895,,,0.32,0.33,0.325,0.67,0.68,0.675,4139.8,1437.0,1232.0,4880.4,0.4846506957394922,-0.5968850206138342,-0.02999999999999997,0.04999999999999999,,1.01,WAIT,0,TIME_FILTER
2026-09-21 17:25:24,1790011523,btc-updown-5m-1790011500,277,85860.24,85863.34,-3.099999999991269,-2.929999999993015,8.560000000012224,,,0.3,0.31,0.305,0.69,0.7,0.695,4869.8,925.05,1852.05,4343.8,0.6807337549720872,-0.40216435194525363,-0.010000000000000009,0.02999999999999997,,1.01,WAIT,0,TIME_FILTER
2026-09-21 17:25:26,1790011525,btc-updown-5m-1790011500,275,85860.23,85863.34,-3.110000000000582,-2.3300000000017462,8.539999999993597,,,0.3,0.31,0.305,0.69,0.7,0.695,4446.58,1798.17,2354.43,4487.4400000000005,0.4241018455502622,-0.31175833507505996,-0.010000000000000009,0.010000000000000009,,1.01,WAIT,0,TIME_FILTER
2026-09-21 17:25:27,1790011527,btc-updown-5m-1790011500,273,85860.23,85863.34,-3.110000000000582,-2.320000000006985,-5.600000000005821,,,0.3,0.31,0.305,0.69,0.7,0.695,2973.06,2925.81,3697.8100000000004,3395.06,0.00801000869658087,0.04268370913325641,-0.020000000000000018,-0.10000000000000003,,1.01,WAIT,0,TIME_FILTER
2026-09-21 17:25:29,1790011528,btc-updown-5m-1790011500,272,85856.76,85863.34,-6.580000000001746,-3.4800000000104774,-15.30000000000291,,,0.29,0.3,0.295,0.7,0.71,0.705,877.6,3147.14,4136.139999999999,877.6,-0.5638972952290086,0.6499220143046907,-0.010000000000000009,-0.13,,1.01,WAIT,0,TIME_FILTER
2026-09-21 17:25:31,1790011530,btc-updown-5m-1790011500,270,85856.77,85863.34,-6.569999999992433,-3.459999999991851,-15.289999999993597,-6.559999999997672,,0.27,0.28,0.275,0.72,0.73,0.725,935.67,2872.49,3248.37,2290.53,-0.5085973278433679,0.1729296430699236,-0.02999999999999997,-0.10999999999999999,-0.07999999999999996,1.01,WAIT,-4,"PM15-,PM30-"
2026-09-21 17:25:32,1790011532,btc-updown-5m-1790011500,268,85851.69,85863.34,-11.64999999999418,-8.539999999993597,-20.380000000004657,-11.64999999999418,,0.27,0.28,0.275,0.72,0.73,0.725,2113.9,3375.2699999999995,3425.2699999999995,3509.9,-0.22979248228785035,-0.01220301737376309,-0.02999999999999997,-0.07999999999999996,-0.04999999999999999,1.01,WAIT,-4,"BTC15-,PM15-"
2026-09-21 17:25:34,1790011533,btc-updown-5m-1790011500,267,85851.68,85863.34,-11.660000000003492,-5.080000000001746,-11.490000000005239,-11.660000000003492,,0.26,0.27,0.265,0.72,0.73,0.725,5143.97,1232.33,2159.7400000000002,5195.04,0.6134654893903988,-0.412697592586046,-0.02999999999999997,-0.04999999999999999,-0.06,1.0,WAIT,2,UP_BOOK
2026-09-21 17:25:36,1790011535,btc-updown-5m-1790011500,265,85851.68,85863.34,-11.660000000003492,-5.0900000000110595,-10.880000000004657,-11.650000000008731,,0.26,0.27,0.265,0.73,0.74,0.735,3889.45,2985.26,2971.73,3915.22,0.13152409337993887,-0.13699678377220684,-0.010000000000000009,-0.04999999999999999,-0.06,1.01,WAIT,0,
2026-09-21 17:25:38,1790011537,btc-updown-5m-1790011500,263,85851.68,85863.34,-11.660000000003492,-0.010000000009313226,-10.870000000009895,0.0,,0.26,0.27,0.265,0.73,0.74,0.735,4842.62,1873.99,1397.83,5184.34,0.44198338149751143,-0.5752677308547182,-0.010000000000000009,-0.06,-0.010000000000000009,1.01,WAIT,0,"PM15-,UP_BOOK"
2026-09-21 17:25:39,1790011539,btc-updown-5m-1790011500,261,85851.68,85863.34,-11.660000000003492,0.0,-8.560000000012224,-0.010000000009313226,,0.26,0.27,0.265,0.73,0.74,0.735,5011.69,2053.03,2083.03,4989.69,0.4187936676895899,-0.41096777477406143,0.0,-0.03999999999999998,-0.02999999999999997,1.01,WAIT,2,UP_BOOK
2026-09-21 17:25:41,1790011540,btc-updown-5m-1790011500,260,85841.35,85863.34,-21.989999999990687,-10.329999999987194,-18.879999999990105,-10.339999999996508,,0.26,0.27,0.265,0.73,0.74,0.735,1964.2,2818.1800000000003,2788.1800000000003,2172.13,-0.17856799334222714,0.12419586679058368,0.0,-0.03999999999999998,-0.02999999999999997,1.01,WAIT,-3,"BTC_BELOW,BTC5-"
2026-09-21 17:25:43,1790011542,btc-updown-5m-1790011500,258,85841.34,85863.34,-22.0,-10.339999999996508,-18.889999999999418,-24.49000000000524,,0.26,0.27,0.265,0.73,0.74,0.735,2313.2,3140.07,3156.2799999999997,2308.2,-0.15162828908159695,0.15519866483178638,0.0,-0.03999999999999998,-0.14,1.01,WAIT,-4,"BTC_BELOW,BTC5-,PM30-"
2026-09-21 17:25:44,1790011544,btc-updown-5m-1790011500,256,85841.35,85863.34,-21.989999999990687,-10.329999999987194,-15.40999999998894,-30.70999999999185,,0.26,0.27,0.265,0.73,0.74,0.735,3576.68,1943.81,1938.81,3221.68,0.2957835264623249,-0.2485946102017444,0.0,-0.02999999999999997,-0.12,1.01,WAIT,-5,"BTC_BELOW,BTC5-,BTC30-,PM30-,UP_BOOK"
2026-09-21 17:25:46,1790011545,btc-updown-5m-1790011500,255,85841.35,85863.34,-21.989999999990687,0.0,-15.419999999998254,-30.70999999999185,,0.26,0.27,0.265,0.73,0.74,0.735,2308.84,3091.04,3141.04,2308.8399999999997,-0.14485507085342633,0.1527006099216864,0.0,-0.010000000000000009,-0.12,1.01,WAIT,-5,"BTC_BELOW,BTC30-,PM30-"
2026-09-21 17:25:48,1790011547,btc-updown-5m-1790011500,253,85854.05,85863.34,-9.289999999993597,12.710000000006403,2.360000000000582,-18.020000000004075,,0.26,0.28,0.27,0.65,0.7,0.675,5506.15,63.730000000000004,829.71,1026.79,0.9771162035806877,-0.106156746566119,0.0050000000000000044,-0.0050000000000000044,-0.08499999999999996,0.98,WAIT,1,"BTC5+,PM30-,UP_BOOK"
2026-09-21 17:25:50,1790011549,btc-updown-5m-1790011500,251,85857.15,85863.34,-6.190000000002328,15.799999999988358,5.470000000001164,-6.0200000000040745,,0.33,0.34,0.335,0.66,0.67,0.665,961.5,3142.41,3205.41,1782.5,-0.531422472715045,0.2852717871814046,0.07,0.07,0.020000000000000018,1.01,WAIT,2,"BTC5+,PM5+,PM15+,DOWN_BOOK"
2026-09-21 17:25:51,1790011551,btc-updown-5m-1790011500,249,85857.42,85863.34,-5.919999999998254,16.069999999992433,5.740000000005239,-5.139999999999418,,0.34,0.35,0.345,0.65,0.66,0.655,3766.24,1819.85,1834.85,4808.24,0.34843513083391064,-0.447591407010894,0.07999999999999996,0.07999999999999996,0.02999999999999997,1.01,UP WATCH,6,"BTC5+,PM5+,PM15+,UP_BOOK"
2026-09-21 17:25:53,1790011552,btc-updown-5m-1790011500,248,85873.32,85863.34,9.980000000010477,19.270000000004075,21.64000000001397,10.770000000004075,,0.4,0.41,0.405,0.59,0.6,0.595,2483.37,1315.5,1854.25,2796.97,0.3074256292002622,-0.2026823070076238,0.135,0.14,0.08000000000000002,1.01,UP WATCH,8,"BTC5+,BTC15+,PM5+,PM15+,PM30+,UP_BOOK"
2026-09-21 17:25:55,1790011554,btc-updown-5m-1790011500,246,85873.32,85863.34,9.980000000010477,16.170000000012806,21.64000000001397,13.080000000001746,,0.41,0.42,0.415,0.58,0.59,0.585,3573.13,952.0,2131.91,2064.62,0.5792386075096185,0.01603467626825019,0.07999999999999996,0.14999999999999997,0.10999999999999999,1.01,UP WATCH,8,"BTC5+,BTC15+,PM5+,PM15+,PM30+,UP_BOOK"
2026-09-21 17:25:56,1790011556,btc-updown-5m-1790011500,244,85873.32,85863.34,9.980000000010477,15.900000000008731,31.970000000001164,13.09000000001106,,0.41,0.42,0.415,0.58,0.59,0.585,1894.0500000000002,1601.25,2529.43,1385.8100000000002,0.08376963350785345,0.29209448207517286,0.07,0.14999999999999997,0.10999999999999999,1.01,UP WATCH,6,"BTC5+,BTC15+,PM5+,PM15+,PM30+,DOWN_BOOK"
2026-09-21 17:25:58,1790011557,btc-updown-5m-1790011500,243,85873.33,85863.34,9.990000000005239,0.00999999999476131,31.99000000000524,13.10000000000582,,0.4,0.41,0.405,0.59,0.6,0.595,937.37,2923.9,4549.610000000001,1227.2800000000002,-0.514475807182611,0.5751070212519193,0.0,0.14,0.10000000000000003,1.01,WAIT,3,"BTC15+,PM15+,PM30+,DOWN_BOOK"
2026-09-21 17:26:00,1790011559,btc-updown-5m-1790011500,241,85873.32,85863.34,9.980000000010477,0.0,31.970000000001164,16.560000000012224,,0.4,0.41,0.405,0.59,0.6,0.595,2116.52,2622.94,3403.1200000000003,2056.52,-0.10685183544116841,0.2466462990233789,-0.009999999999999953,0.14,0.11000000000000004,1.01,WAIT,5,"BTC15+,PM15+,PM30+"
2026-09-21 17:26:02,1790011561,btc-updown-5m-1790011500,239,85873.32,85863.34,9.980000000010477,0.0,31.970000000001164,16.55000000000291,9.990000000005239,0.4,0.41,0.405,0.59,0.6,0.595,1783.8400000000001,2803.54,2736.9800000000005,2072.84,-0.2222837436619595,0.13808001131019462,-0.009999999999999953,0.14,0.13,1.01,WAIT,5,"BTC15+,PM15+,PM30+"
2026-09-21 17:26:03,1790011563,btc-updown-5m-1790011500,237,85873.33,85863.34,9.990000000005239,0.0,19.279999999998836,21.65000000000873,9.990000000005239,0.39,0.4,0.395,0.6,0.61,0.605,2384.38,2131.67,2166.67,2413.04,0.05595819355410149,-0.053795982715062717,-0.010000000000000009,0.125,0.13,1.01,WAIT,3,"PM15+,PM30+"
2026-09-21 17:26:05,1790011564,btc-updown-5m-1790011500,236,85873.33,85863.34,9.990000000005239,0.00999999999476131,16.180000000007567,21.65000000000873,10.0,0.39,0.4,0.395,0.6,0.61,0.605,2264.31,2247.2700000000004,2647.2700000000004,2104.31,0.0037769473222240345,0.11426935882380188,-0.010000000000000009,0.06,0.13,1.01,WAIT,3,"PM15+,PM30+"
2026-09-21 17:26:07,1790011566,btc-updown-5m-1790011500,234,85873.33,85863.34,9.990000000005239,0.00999999999476131,15.910000000003492,21.65000000000873,10.0,0.38,0.39,0.385,0.61,0.62,0.615,4891.52,1508.63,1513.73,4856.52,0.5285641742771654,-0.52475020603587,-0.020000000000000018,0.040000000000000036,0.12,1.01,WAIT,3,"PM30+,UP_BOOK"
2026-09-21 17:26:08,1790011568,btc-updown-5m-1790011500,232,85873.33,85863.34,9.990000000005239,0.0,0.00999999999476131,21.65000000000873,21.65000000000873,0.39,0.4,0.395,0.6,0.61,0.605,2584.24,2349.13,2741.67,2259.49,0.04765707822441854,0.09641363203736739,0.0,-0.010000000000000009,0.13,1.01,WAIT,1,PM30+
2026-09-21 17:26:10,1790011569,btc-updown-5m-1790011500,231,85873.32,85863.34,9.980000000010477,-0.00999999999476131,0.0,21.64000000001397,21.630000000004657,0.39,0.4,0.395,0.6,0.61,0.605,1960.44,2537.84,2687.84,1958.8,-0.12836017322176477,0.15689616583165472,0.0,-0.019999999999999962,0.13,1.01,WAIT,1,PM30+
2026-09-21 17:26:12,1790011572,btc-updown-5m-1790011500,228,85873.33,85863.34,9.990000000005239,0.0,0.0,31.99000000000524,7.5,0.39,0.4,0.395,0.6,0.61,0.605,2032.75,3006.1000000000004,2837.2000000000003,2225.68,-0.19316907627732524,0.12078500774262879,0.010000000000000009,-0.010000000000000009,0.13,1.01,WAIT,3,"BTC30+,PM30+"
2026-09-21 17:26:14,1790011573,btc-updown-5m-1790011500,227,85873.32,85863.34,9.980000000010477,-0.00999999999476131,-0.00999999999476131,31.980000000010477,1.2600000000093132,0.39,0.4,0.395,0.6,0.61,0.605,1789.42,3124.15,3134.15,1784.3600000000001,-0.2716415966395106,0.27443067107721647,0.0,-0.010000000000000009,0.13,1.01,WAIT,1,"BTC30+,PM30+,DOWN_BOOK"
2026-09-21 17:26:16,1790011575,btc-updown-5m-1790011500,225,85873.32,85863.34,9.980000000010477,0.0,0.0,31.970000000001164,1.2600000000093132,0.39,0.4,0.395,0.6,0.61,0.605,1729.99,3645.86,3655.86,1709.99,-0.3563845717421431,0.3626396563452202,0.0,-0.010000000000000009,0.13,1.01,WAIT,1,"BTC30+,PM30+,DOWN_BOOK"
2026-09-21 17:26:17,1790011577,btc-updown-5m-1790011500,223,85873.33,85863.34,9.990000000005239,0.0,0.00999999999476131,19.279999999998836,1.2599999999947613,0.38,0.39,0.385,0.61,0.62,0.615,2670.13,3095.0099999999998,3147.62,2690.13,-0.07369812354947143,0.07836752173354457,-0.010000000000000009,-0.020000000000000018,0.11499999999999999,1.01,WAIT,1,PM30+
2026-09-21 17:26:19,1790011578,btc-updown-5m-1790011500,222,85873.33,85863.34,9.990000000005239,0.00999999999476131,0.0,19.279999999998836,10.160000000003492,0.37,0.38,0.375,0.62,0.63,0.625,3046.0,2317.5,2607.38,3219.3100000000004,0.1358254870886548,-0.10502189064460273,-0.020000000000000018,-0.020000000000000018,0.10499999999999998,1.01,WAIT,1,PM30+
2026-09-21 17:26:21,1790011580,btc-updown-5m-1790011500,220,85873.33,85863.34,9.990000000005239,0.00999999999476131,0.0,16.180000000007567,10.770000000004075,0.33,0.34,0.335,0.66,0.67,0.665,800.62,2194.29,2144.91,1770.02,-0.4653462040595544,0.09575905571747129,-0.06,-0.06,0.0,1.01,WAIT,-4,"PM5-,PM15-"
2026-09-21 17:26:23,1790011582,btc-updown-5m-1790011500,218,85873.32,85863.34,9.980000000010477,-0.00999999999476131,-0.00999999999476131,0.0,10.770000000004075,0.32,0.33,0.325,0.67,0.68,0.675,1316.15,2318.73,2257.9700000000003,2031.15,-0.27582203539043926,0.052882642593352513,-0.06,-0.06,-0.08000000000000002,1.01,WAIT,-5,"PM5-,PM15-,PM30-"
2026-09-21 17:26:24,1790011584,btc-updown-5m-1790011500,216,85873.32,85863.34,9.980000000010477,-0.00999999999476131,0.0,0.0,13.080000000001746,0.33,0.34,0.335,0.66,0.67,0.665,3234.09,976.0699999999999,1041.07,5305.09,0.5363264103977047,-0.6719055302734253,-0.03999999999999998,-0.06,-0.07999999999999996,1.01,WAIT,-2,"PM5-,PM15-,PM30-,UP_BOOK"
2026-09-21 17:26:26,1790011585,btc-updown-5m-1790011500,215,85873.32,85863.34,9.980000000010477,-0.00999999999476131,0.0,0.0,13.09000000001106,0.33,0.34,0.335,0.66,0.67,0.665,3116.69,1545.54,1563.54,5197.6900000000005,0.3369953863280019,-0.5374983545893277,0.0,-0.06,-0.07999999999999996,1.01,WAIT,-1,"PM15-,PM30-,UP_BOOK"
2026-09-21 17:26:28,1790011587,btc-updown-5m-1790011500,213,85873.32,85863.34,9.980000000010477,0.0,-0.00999999999476131,-0.00999999999476131,13.09000000001106,0.34,0.35,0.345,0.65,0.66,0.655,2715.84,1674.07,1745.07,3358.4399999999996,0.23731010430737765,-0.31612948735282187,0.019999999999999962,-0.050000000000000044,-0.06000000000000005,1.01,WAIT,-1,PM15-
2026-09-21 17:26:30,1790011589,btc-updown-5m-1790011500,211,85873.33,85863.34,9.990000000005239,0.00999999999476131,0.00999999999476131,0.00999999999476131,16.570000000006985,0.34,0.35,0.345,0.65,0.66,0.655,2683.62,1693.35,1694.35,3398.0,0.22624555343079805,-0.3345508458766581,0.009999999999999953,-0.050000000000000044,-0.06000000000000005,1.01,WAIT,-1,PM15-
2026-09-21 17:26:32,1790011591,btc-updown-5m-1790011500,209,85873.32,85863.34,9.980000000010477,0.0,0.0,0.0,16.55000000000291,0.36,0.37,0.365,0.63,0.64,0.635,4469.67,1689.0,1729.0,4515.219999999999,0.451504951556099,-0.4462078530224751,0.02999999999999997,-0.030000000000000027,-0.040000000000000036,1.01,WAIT,2,UP_BOOK
2026-09-21 17:26:33,1790011593,btc-updown-5m-1790011500,207,85873.33,85863.34,9.990000000005239,0.00999999999476131,0.0,0.0,21.65000000000873,0.37,0.39,0.38,0.61,0.62,0.615,3217.6699999999996,2148.7200000000003,2593.01,2330.2599999999998,0.19919349879527942,0.053369000684504495,0.03500000000000003,0.0050000000000000044,-0.015000000000000013,1.01,WAIT,1,PM5+
2026-09-21 17:26:35,1790011594,btc-updown-5m-1790011500,206,85873.32,85863.34,9.980000000010477,-0.00999999999476131,-0.00999999999476131,-0.00999999999476131,21.64000000001397,0.37,0.38,0.375,0.62,0.63,0.625,2849.18,2432.85,1812.12,3085.83,0.07882007485758315,-0.2600496125930236,0.030000000000000027,0.0,-0.020000000000000018,1.01,WAIT,2,PM5+
2026-09-21 17:26:37,1790011596,btc-updown-5m-1790011500,204,85873.32,85863.34,9.980000000010477,0.0,-0.00999999999476131,-0.00999999999476131,21.64000000001397,0.38,0.39,0.385,0.61,0.62,0.615,1468.1499999999999,2866.58,2872.58,1370.85,-0.32261063549517505,0.3538953158176286,0.020000000000000018,0.04999999999999999,0.0,1.01,WAIT,-2,DOWN_BOOK
2026-09-21 17:26:38,1790011598,btc-updown-5m-1790011500,202,85873.33,85863.34,9.990000000005239,0.0,0.00999999999476131,0.0,21.65000000000873,0.39,0.41,0.4,0.54,0.55,0.545,4494.469999999999,48.72,538.28,1144.26,0.9785525148629046,-0.36015785657398935,0.020000000000000018,0.07500000000000001,0.0050000000000000044,0.96,WAIT,4,"PM15+,UP_BOOK"
2026-09-21 17:26:40,1790011600,btc-updown-5m-1790011500,200,85885.74,85863.34,22.40000000000873,12.419999999998254,12.419999999998254,12.419999999998254,44.38999999999942,0.44,0.45,0.445,0.55,0.56,0.555,1001.63,2860.32,2822.53,1312.63,-0.4812827716568055,0.36513702009112103,0.07,0.10999999999999999,0.04999999999999999,1.01,WAIT,5,"BTC_ABOVE,BTC5+,BTC60+,PM5+,PM15+,DOWN_BOOK"
2026-09-21 17:26:42,1790011601,btc-updown-5m-1790011500,199,85885.74,85863.34,22.40000000000873,12.419999999998254,12.419999999998254,12.419999999998254,44.38999999999942,0.42,0.43,0.425,0.57,0.58,0.575,1690.0,2377.1,2646.99,1810.7,-0.16894101448206336,0.18760613681076965,0.03999999999999998,0.08999999999999997,0.02999999999999997,1.01,UP WATCH,7,"BTC_ABOVE,BTC5+,BTC60+,PM5+,PM15+"
2026-09-21 17:26:44,1790011603,btc-updown-5m-1790011500,197,85885.75,85863.34,22.410000000003492,12.419999999998254,12.429999999993015,12.429999999993015,44.41000000000349,0.42,0.43,0.425,0.56,0.57,0.565,3267.58,419.0,1618.88,2937.58,0.7726890505563422,-0.28941327258441857,0.024999999999999967,0.08000000000000002,0.02999999999999997,1.0,UP WATCH,8,"BTC_ABOVE,BTC5+,BTC60+,PM15+,UP_BOOK"
2026-09-21 17:26:45,1790011605,btc-updown-5m-1790011500,195,85885.74,85863.34,22.40000000000873,0.0,12.410000000003492,12.419999999998254,44.38999999999942,0.44,0.45,0.445,0.55,0.56,0.555,323.91999999999996,4322.55,3915.88,997.9200000000001,-0.8605737258607071,0.5938296226952664,0.0,0.10000000000000003,0.04999999999999999,1.01,WAIT,3,"BTC_ABOVE,BTC60+,PM15+,DOWN_BOOK"
2026-09-21 17:26:47,1790011606,btc-updown-5m-1790011500,194,85885.75,85863.34,22.410000000003492,0.00999999999476131,12.429999999993015,12.429999999993015,44.39999999999418,0.44,0.45,0.445,0.53,0.54,0.535,1298.29,3475.79,3397.12,1357.5900000000001,-0.45610882096655275,0.428949399647928,0.020000000000000018,0.08000000000000002,0.04999999999999999,0.99,WAIT,3,"BTC_ABOVE,BTC60+,PM15+,DOWN_BOOK"
2026-09-21 17:26:49,1790011608,btc-updown-5m-1790011500,192,85885.74,85863.34,22.40000000000873,-0.00999999999476131,12.410000000003492,12.410000000003492,31.69000000000233,0.45,0.46,0.455,0.59,0.6,0.595,307.90999999999997,3840.87,1208.45,1061.83,-0.8515660025356853,0.06458234226615225,0.030000000000000027,0.07500000000000001,0.08000000000000002,1.06,WAIT,5,"BTC_ABOVE,PM5+,PM15+,PM30+"
2026-09-21 17:26:51,1790011610,btc-updown-5m-1790011500,190,85885.74,85863.34,22.40000000000873,0.0,12.419999999998254,12.410000000003492,28.59000000001106,0.41,0.42,0.415,0.58,0.59,0.585,1781.9699999999998,1389.3600000000001,2584.36,1743.49,0.12379979377737406,0.19429277816929885,-0.030000000000000027,0.03999999999999998,0.07999999999999996,1.01,WAIT,2,"BTC_ABOVE,PM5-,PM30+"
2026-09-21 17:26:52,1790011612,btc-updown-5m-1790011500,188,85885.74,85863.34,22.40000000000873,-0.00999999999476131,12.419999999998254,12.419999999998254,12.419999999998254,0.41,0.42,0.415,0.58,0.59,0.585,2866.37,819.6099999999999,1547.05,2893.02,0.5552824486296725,-0.30314161713666676,-0.030000000000000027,0.02999999999999997,0.08999999999999997,1.01,WAIT,4,"BTC_ABOVE,PM5-,PM30+,UP_BOOK"
2026-09-21 17:26:54,1790011613,btc-updown-5m-1790011500,187,85885.74,85863.34,22.40000000000873,0.0,12.410000000003492,12.419999999998254,12.419999999998254,0.42,0.43,0.425,0.57,0.58,0.575,2457.51,2024.69,3102.69,2518.51,0.09656418722948554,0.10392442894755564,-0.030000000000000027,0.024999999999999967,0.09999999999999998,1.01,WAIT,2,"BTC_ABOVE,PM5-,PM30+"
2026-09-21 17:26:56,1790011615,btc-updown-5m-1790011500,185,85885.74,85863.34,22.40000000000873,0.0,0.0,12.419999999998254,12.419999999998254,0.41,0.42,0.415,0.58,0.59,0.585,2805.19,786.06,2701.06,2805.19,0.5622359902540899,-0.018911237230419996,0.0,-0.030000000000000027,0.07999999999999996,1.01,WAIT,4,"BTC_ABOVE,PM30+,UP_BOOK"
2026-09-21 17:26:57,1790011617,btc-updown-5m-1790011500,183,85885.74,85863.34,22.40000000000873,0.0,0.0,12.419999999998254,12.410000000003492,0.4,0.41,0.405,0.59,0.6,0.595,1874.1299999999999,2570.26,3252.01,1854.1299999999999,-0.15663116873181704,0.27376452662872547,-0.009999999999999953,-0.019999999999999962,0.06000000000000005,1.01,WAIT,1,"BTC_ABOVE,DOWN_BOOK"
2026-09-21 17:26:59,1790011618,btc-updown-5m-1790011500,182,85876.53,85863.34,13.190000000002328,-9.210000000006403,-9.220000000001164,3.209999999991851,3.1999999999970896,0.32,0.33,0.325,0.67,0.68,0.675,1462.13,1560.45,1787.45,1259.1299999999999,-0.0325285021405554,0.17341412337768913,-0.09999999999999998,-0.09999999999999998,-0.019999999999999962,1.01,WAIT,-3,"PM5-,PM15-"
2026-09-21 17:27:01,1790011620,btc-updown-5m-1790011500,180,85883.07,85863.34,19.730000000010477,-2.6699999999982538,-2.6699999999982538,9.740000000005239,9.75,0.4,0.41,0.405,0.59,0.6,0.595,1669.26,1844.8400000000001,1459.22,1995.26,-0.049964429014541456,-0.15517241379310343,-0.009999999999999953,-0.03999999999999998,0.06000000000000005,1.01,WAIT,0,
2026-09-21 17:27:03,1790011622,btc-updown-5m-1790011500,178,85883.08,85863.34,19.74000000000524,-2.6600000000034925,-2.6699999999982538,9.759999999994761,9.759999999994761,0.39,0.4,0.395,0.6,0.61,0.605,1684.13,2579.3,2589.3,1652.73,-0.20996474669456283,0.220783445661629,-0.010000000000000009,-0.04999999999999999,0.030000000000000027,1.01,WAIT,0,
2026-09-21 17:27:04,1790011624,btc-updown-5m-1790011500,176,85883.07,85863.34,19.730000000010477,6.540000000008149,-2.6699999999982538,9.75,9.740000000005239,0.39,0.4,0.395,0.61,0.62,0.615,2140.25,3344.55,2095.05,2488.26,-0.2195704492415403,-0.08579170948506647,0.07,-0.06,0.020000000000000018,1.02,WAIT,-1,"PM5+,PM15-"
2026-09-21 17:27:06,1790011625,btc-updown-5m-1790011500,175,85878.08,85863.34,14.740000000005239,-4.990000000005239,-7.6600000000034925,4.759999999994761,4.75,0.31,0.32,0.315,0.68,0.69,0.685,1057.58,1344.0,2283.88,563.45,-0.11926315175842574,0.6042257132120268,-0.09000000000000002,-0.09999999999999998,-0.06,1.01,WAIT,-4,"PM5-,PM15-,DOWN_BOOK"
2026-09-21 17:27:08,1790011627,btc-updown-5m-1790011500,173,85861.58,85863.34,-1.7599999999947613,-21.5,-24.160000000003492,-11.740000000005239,-11.75,0.23,0.25,0.24,0.76,0.77,0.765,246.6,3464.34,3038.38,1777.1699999999998,-0.8670956684829181,0.2619036247157646,-0.15500000000000003,-0.175,-0.14500000000000002,1.02,WAIT,-9,DOWN_TOO_EXPENSIVE
2026-09-21 17:27:10,1790011629,btc-updown-5m-1790011500,171,85852.6,85863.34,-10.739999999990687,-30.470000000001164,-33.13999999999942,-20.729999999995925,-20.720000000001164,0.2,0.21,0.20500000000000002,0.79,0.8,0.795,3426.51,4043.25,3744.21,3466.51,-0.0825649016835882,0.03851210420041269,-0.19,-0.21999999999999997,-0.195,1.01,WAIT,-7,DOWN_TOO_EXPENSIVE
2026-09-21 17:27:11,1790011631,btc-updown-5m-1790011500,169,85852.61,85863.34,-10.729999999995925,-25.470000000001164,-33.13000000000466,-33.13000000000466,-20.710000000006403,0.2,0.21,0.20500000000000002,0.79,0.8,0.795,4385.72,2747.43,2852.43,4415.72,0.22967272523359253,-0.21508774585004445,-0.10999999999999999,-0.20999999999999996,-0.21999999999999997,1.01,WAIT,-9,DOWN_TOO_EXPENSIVE
2026-09-21 17:27:13,1790011632,btc-updown-5m-1790011500,168,85861.57,85863.34,-1.7699999999895226,-0.00999999999476131,-24.169999999998254,-24.169999999998254,-11.759999999994761,0.3,0.31,0.305,0.69,0.7,0.695,2001.5900000000001,847.53,1449.7,1924.05,0.4050584039984277,-0.1406002223045572,0.065,-0.10000000000000003,-0.12,1.01,WAIT,-3,"BTC15-,PM5+,PM15-,PM30-,UP_BOOK"
2026-09-21 17:27:15,1790011634,btc-updown-5m-1790011500,166,85861.57,85863.34,-1.7699999999895226,8.970000000001164,-14.959999999991851,-24.179999999993015,-11.75,0.29,0.3,0.295,0.7,0.71,0.705,1863.9099999999999,2319.4300000000003,3156.4300000000003,1860.95,-0.10888906949949094,0.25819850200702366,0.08999999999999997,-0.030000000000000027,-0.13,1.01,WAIT,-1,"PM5+,PM30-,DOWN_BOOK"
2026-09-21 17:27:17,1790011636,btc-updown-5m-1790011500,164,85861.57,85863.34,-1.7699999999895226,8.960000000006403,-21.5,-24.179999999993015,-11.75,0.27,0.28,0.275,0.72,0.73,0.725,1845.9099999999999,2073.93,2038.93,2499.19,-0.05817074166292502,-0.10142085268789719,0.07,-0.13,-0.16999999999999998,1.01,WAIT,-4,"BTC15-,PM5+,PM15-,PM30-"
2026-09-21 17:27:18,1790011638,btc-updown-5m-1790011500,162,85861.57,85863.34,-1.7699999999895226,0.0,-21.50999999999476,-24.169999999998254,-11.759999999994761,0.26,0.27,0.265,0.73,0.74,0.735,3068.31,1382.29,1437.29,3079.25,0.37882982069833276,-0.36354377465936316,-0.03999999999999998,-0.13,-0.19,1.01,WAIT,-4,"BTC15-,PM5-,PM15-,PM30-,UP_BOOK"
2026-09-21 17:27:20,1790011639,btc-updown-5m-1790011500,161,85869.7,85863.34,6.360000000000582,8.129999999990105,-13.370000000009895,-16.04000000000815,-3.6300000000046566,0.26,0.27,0.265,0.57,0.61,0.59,5643.0599999999995,54.83,603.96,216.62,0.9807542792156395,0.4720319773818519,-0.02999999999999997,-0.13,-0.19,0.88,WAIT,-3,"PM15-,PM30-,UP_BOOK,DOWN_BOOK"
2026-09-21 17:27:22,1790011641,btc-updown-5m-1790011500,159,85898.17,85863.34,34.830000000001746,36.59999999999127,20.089999999996508,12.429999999993015,24.839999999996508,0.49,0.5,0.495,0.49,0.5,0.495,3295.3700000000003,1557.57,1114.08,4248.27,0.35809220802235353,-0.5844806847743993,0.21999999999999997,0.18,0.08000000000000002,1.0,UP WATCH,11,"BTC_ABOVE,BTC5+,BTC15+,PM5+,PM15+,PM30+,UP_BOOK"
2026-09-21 17:27:24,1790011643,btc-updown-5m-1790011500,157,85898.17,85863.34,34.830000000001746,36.59999999999127,36.58999999999651,12.429999999993015,24.84999999999127,0.5,0.51,0.505,0.5,0.51,0.505,2854.0299999999997,2142.08,2294.83,1353.04,0.14250086567349396,0.25817531874765276,0.24,0.265,0.08000000000000002,1.02,UP WATCH,8,"BTC_ABOVE,BTC5+,BTC15+,PM5+,PM15+,PM30+,DOWN_BOOK"
2026-09-21 17:27:25,1790011645,btc-updown-5m-1790011500,155,85898.2,85863.34,34.86000000000058,28.5,45.59999999999127,12.459999999991851,24.879999999990105,0.48,0.49,0.485,0.47,0.48,0.475,2707.2599999999998,483.81,630.63,137.92000000000002,0.6967725559138471,0.6410903649730011,0.21999999999999997,0.27999999999999997,0.07,0.97,UP WATCH,9,"BTC_ABOVE,BTC5+,BTC15+,PM5+,PM15+,PM30+,UP_BOOK,DOWN_BOOK"
2026-09-21 17:27:27,1790011646,btc-updown-5m-1790011500,154,85898.2,85863.34,34.86000000000058,0.029999999998835847,45.58999999999651,12.459999999991851,24.879999999990105,0.5,0.51,0.505,0.49,0.5,0.495,1610.7399999999998,1301.5,1517.28,2037.0700000000002,0.10618630332664883,-0.1462405221770507,0.010000000000000009,0.3,0.09000000000000002,1.01,UP WATCH,7,"BTC_ABOVE,BTC15+,PM15+,PM30+"
2026-09-21 17:27:29,1790011648,btc-updown-5m-1790011500,152,85898.2,85863.34,34.86000000000058,0.029999999998835847,36.629999999990105,21.669999999998254,24.879999999990105,0.5,0.51,0.505,0.49,0.5,0.495,4343.280000000001,1139.49,1349.1100000000001,4341.88,0.5843378438271167,-0.5258786256872706,0.0,0.2,0.18,1.01,UP WATCH,9,"BTC_ABOVE,BTC15+,PM15+,PM30+,UP_BOOK"
2026-09-21 17:27:30,1790011650,btc-updown-5m-1790011500,150,85903.75,85863.34,40.41000000000349,5.55000000000291,42.179999999993015,20.679999999993015,30.419999999998254,0.54,0.55,0.545,0.46,0.47,0.46499999999999997,1381.26,2483.5299999999997,2278.19,2050.29,-0.2852082519360689,0.05265127712268513,0.06000000000000005,0.25000000000000006,0.14,1.02,UP WATCH,7,"BTC_ABOVE,BTC15+,PM5+,PM15+,PM30+"
2026-09-21 17:27:32,1790011651,btc-updown-5m-1790011500,149,85903.75,85863.34,40.41000000000349,5.55000000000291,42.179999999993015,20.679999999993015,30.429999999993015,0.54,0.55,0.545,0.45,0.46,0.455,2835.52,1412.92,1946.99,1862.52,0.3348523222641722,0.022173455378775755,0.040000000000000036,0.27,0.14,1.01,UP WATCH,9,"BTC_ABOVE,BTC15+,PM5+,PM15+,PM30+,UP_BOOK"
2026-09-21 17:27:34,1790011653,btc-updown-5m-1790011500,147,85903.75,85863.34,40.41000000000349,5.55000000000291,42.179999999993015,20.669999999998254,30.419999999998254,0.55,0.56,0.555,0.44,0.45,0.445,2885.08,1832.74,1121.74,2650.2200000000003,0.22305641164775256,-0.40522168845905054,0.050000000000000044,0.29000000000000004,0.16000000000000003,1.01,UP WATCH,9,"BTC_ABOVE,BTC15+,PM5+,PM15+,PM30+"
2026-09-21 17:27:36,1790011655,btc-updown-5m-1790011500,145,85903.76,85863.34,40.419999999998254,0.00999999999476131,34.05999999999767,25.679999999993015,30.439999999987776,0.56,0.58,0.5700000000000001,0.42,0.43,0.425,3665.49,443.0,345.0,2150.19,0.7843489943994022,-0.7234679523403027,0.025000000000000022,0.30500000000000005,0.25500000000000006,1.01,UP WATCH,9,"BTC_ABOVE,BTC15+,PM15+,PM30+,UP_BOOK"
2026-09-21 17:27:37,1790011657,btc-updown-5m-1790011500,143,85905.25,85863.34,41.91000000000349,1.5,7.080000000001746,43.669999999998254,31.929999999993015,0.59,0.6,0.595,0.4,0.41,0.405,2469.86,2737.8199999999997,2736.1499999999996,2065.86,-0.051454774486911554,0.1395852986561876,0.04999999999999993,0.09999999999999998,0.355,1.01,UP WATCH,8,"BTC_ABOVE,BTC30+,PM5+,PM15+,PM30+"
2026-09-21 17:27:39,1790011658,btc-updown-5m-1790011500,142,85914.53,85863.34,51.19000000000233,10.779999999998836,16.360000000000582,52.94999999999709,41.19999999999709,0.65,0.66,0.655,0.34,0.35,0.345,1931.23,521.81,602.47,1796.03,0.5745605452825882,-0.49762768396914736,0.09999999999999998,0.15000000000000002,0.41500000000000004,1.01,UP WATCH,13,"BTC_ABOVE,BTC5+,BTC30+,BTC60+,PM5+,PM15+,PM30+,UP_BOOK"
2026-09-21 17:27:41,1790011660,btc-updown-5m-1790011500,140,85914.52,85863.34,51.18000000000757,10.760000000009313,16.320000000006985,61.919999999998254,28.779999999998836,0.65,0.66,0.655,0.34,0.35,0.345,1774.17,2189.62,1288.43,1648.92,-0.10481130433246964,-0.12272626687320203,0.08499999999999996,0.17000000000000004,0.45,1.01,UP WATCH,10,"BTC_ABOVE,BTC5+,BTC30+,PM5+,PM15+,PM30+"
2026-09-21 17:27:42,1790011662,btc-updown-5m-1790011500,138,85914.52,85863.34,51.18000000000757,9.270000000004075,16.320000000006985,52.94999999999709,28.779999999998836,0.66,0.67,0.665,0.33,0.34,0.335,1373.5,4162.85,2983.93,2190.31,-0.5038247220641758,0.15337904697114937,0.07000000000000006,0.16000000000000003,0.36000000000000004,1.01,UP WATCH,8,"BTC_ABOVE,BTC30+,PM5+,PM15+,PM30+"
2026-09-21 17:27:44,1790011663,btc-updown-5m-1790011500,137,85914.52,85863.34,51.18000000000757,-0.00999999999476131,16.320000000006985,52.94999999999709,28.770000000004075,0.65,0.66,0.655,0.34,0.35,0.345,2452.84,1963.8400000000001,423.96999999999997,2994.82,0.11071664689314145,-0.7519765765080629,0.0,0.15000000000000002,0.35000000000000003,1.01,UP WATCH,9,"BTC_ABOVE,BTC30+,PM15+,PM30+"
2026-09-21 17:27:46,1790011665,btc-updown-5m-1790011500,135,85930.0,85863.34,66.66000000000349,15.479999999995925,26.25,68.42999999999302,44.25999999999476,0.77,0.78,0.775,0.22,0.23,0.225,2278.3599999999997,3347.2400000000002,4182.07,1375.0,-0.1900028441410695,0.5051349002261983,0.12,0.22999999999999998,0.48000000000000004,1.01,WAIT,12,UP_TOO_EXPENSIVE
2026-09-21 17:27:48,1790011667,btc-updown-5m-1790011500,133,85930.97,85863.34,67.63000000000466,16.44999999999709,27.220000000001164,69.39999999999418,45.220000000001164,0.77,0.78,0.775,0.27,0.28,0.275,927.84,4255.610000000001,5.25,227.0,-0.6419990546836566,-0.9547900968783638,0.10999999999999999,0.22999999999999998,0.5,1.06,WAIT,13,UP_TOO_EXPENSIVE
2026-09-21 17:27:50,1790011669,btc-updown-5m-1790011500,131,85892.27,85863.34,28.930000000007567,-22.25,-11.479999999995925,22.570000000006985,6.529999999998836,0.4,0.41,0.405,0.57,0.58,0.575,316.81,171.57,735.0,599.86,0.2973913755682051,0.10123908125196648,-0.25,-0.15000000000000002,0.14,0.99,WAIT,0,"BTC_ABOVE,BTC5-,PM5-,PM15-,PM30+,UP_BOOK"
2026-09-21 17:27:51,1790011671,btc-updown-5m-1790011500,129,85902.22,85863.34,38.88000000000466,-27.779999999998836,-1.5399999999935972,4.05000000000291,16.479999999995925,0.5,0.51,0.505,0.44,0.45,0.445,380.0,5.0,284.23,354.21000000000004,0.974025974025974,-0.10961092663366959,-0.27,-0.06500000000000006,0.010000000000000009,0.96,WAIT,-1,"BTC_ABOVE,BTC5-,PM5-,PM15-,UP_BOOK"
2026-09-21 17:27:53,1790011672,btc-updown-5m-1790011500,128,85906.47,85863.34,43.13000000000466,-24.5,1.2200000000011642,8.30000000000291,20.729999999995925,0.47,0.48,0.475,0.52,0.53,0.525,2895.22,1991.75,2019.82,2511.17,0.18487324456667423,-0.10844208440098084,-0.30000000000000004,-0.12,-0.020000000000000018,1.01,WAIT,-2,"BTC_ABOVE,BTC5-,PM5-,PM15-"
2026-09-21 17:27:55,1790011674,btc-updown-5m-1790011500,126,85906.46,85863.34,43.120000000009895,14.190000000002328,-8.069999999992433,8.290000000008149,20.720000000001164,0.45,0.46,0.455,0.54,0.55,0.545,2016.96,1201.59,557.0,3614.6900000000005,0.25333457612900223,-0.7329619410838294,0.04999999999999999,-0.2,-0.04999999999999999,1.01,WAIT,4,"BTC_ABOVE,BTC5+,PM5+,PM15-,UP_BOOK"
2026-09-21 17:27:57,1790011676,btc-updown-5m-1790011500,124,85906.46,85863.34,43.120000000009895,4.240000000005239,-8.059999999997672,8.260000000009313,20.720000000001164,0.47,0.48,0.475,0.54,0.55,0.545,1456.4099999999999,2279.55,2784.2200000000003,1062.32,-0.2203289114444481,0.4476490560347742,-0.030000000000000027,-0.18000000000000005,-0.030000000000000027,1.03,WAIT,-2,"BTC_ABOVE,PM5-,PM15-,DOWN_BOOK"
2026-09-21 17:27:58,1790011678,btc-updown-5m-1790011500,122,85905.09,85863.34,41.75,-1.3800000000046566,-9.430000000007567,6.889999999999418,28.55999999999767,0.46,0.47,0.46499999999999997,0.53,0.54,0.535,3261.02,791.85,849.09,3789.98,0.6092398719919465,-0.6339395611620433,-0.010000000000000009,-0.19000000000000006,-0.040000000000000036,1.01,WAIT,2,"BTC_ABOVE,PM15-,UP_BOOK"
2026-09-21 17:28:00,1790011679,btc-updown-5m-1790011500,121,85905.08,85863.34,41.74000000000524,-1.3800000000046566,-9.440000000002328,6.880000000004657,28.55000000000291,0.48,0.49,0.485,0.51,0.52,0.515,2475.55,1748.53,1054.1100000000001,2685.86,0.17211321755269793,-0.4363002911788062,0.02999999999999997,-0.17000000000000004,-0.020000000000000018,1.01,WAIT,1,"BTC_ABOVE,PM15-"
2026-09-21 17:28:02,1790011681,btc-updown-5m-1790011500,119,85905.08,85863.34,41.74000000000524,-1.3800000000046566,-24.919999999998254,1.3300000000017462,22.00999999999476,0.47,0.48,0.475,0.53,0.54,0.535,1417.06,1831.97,2417.2,2130.89,-0.1277027297377987,0.06295170060398979,0.0,-0.30000000000000004,-0.07000000000000006,1.02,WAIT,-3,"BTC_ABOVE,BTC15-,PM15-,PM30-"
2026-09-21 17:29:01,1790011683,btc-updown-5m-1790011500,117,85885.14,85863.34,21.80000000000291,-19.94999999999709,-45.830000000001746,-18.610000000000582,2.0599999999976717,0.29,0.3,0.295,0.69,0.7,0.695,760.5899999999999,208.8,5.0,1099.12,0.5692136291894904,-0.990943013440568,-0.16999999999999998,-0.48000000000000004,-0.26000000000000006,1.0,WAIT,-3,"BTC_ABOVE,BTC5-,BTC15-,PM5-,PM15-,PM30-,UP_BOOK"
2026-09-21 17:29:03,1790011742,btc-updown-5m-1790011500,58,85917.6,85863.34,54.26000000000931,32.4600000000064,32.4600000000064,32.4600000000064,12.520000000004075,0.71,0.72,0.715,0.29,0.3,0.295,1631.4699999999998,917.59,1381.2599999999998,323.47,0.28005617757133994,0.6205029535468959,0.42,0.42,0.42,1.02,UP WATCH,12,"BTC_ABOVE,BTC5+,BTC15+,BTC30+,PM5+,PM15+,PM30+,UP_BOOK,DOWN_BOOK"
2026-09-21 17:29:05,1790011744,btc-updown-5m-1790011500,56,85917.61,85863.34,54.270000000004075,32.470000000001164,32.470000000001164,32.470000000001164,32.470000000001164,0.82,0.83,0.825,0.15,0.17,0.16,1685.31,803.1600000000001,83.46000000000001,1777.45,0.35449493062001947,-0.9103019490464342,0.53,0.53,0.53,1.0,WAIT,14,UP_TOO_EXPENSIVE
2026-09-21 17:29:07,1790011746,btc-updown-5m-1790011500,54,85927.93,85863.34,64.58999999999651,42.7899999999936,42.7899999999936,42.7899999999936,42.7899999999936,0.93,0.94,0.935,0.06,0.07,0.065,1253.09,2428.12,2749.44,1140.5,-0.31919667717951433,0.413615634174306,0.6400000000000001,0.6400000000000001,0.6400000000000001,1.01,WAIT,11,UP_TOO_EXPENSIVE
2026-09-21 17:29:09,1790011748,btc-updown-5m-1790011500,52,85927.93,85863.34,64.58999999999651,10.329999999987194,42.7899999999936,42.7899999999936,42.7899999999936,0.9,0.91,0.905,0.11,0.12,0.11499999999999999,32.66,2279.74,974.0,1990.58,-0.9717522919910051,-0.34290860762738734,0.19000000000000006,0.6100000000000001,0.6100000000000001,1.03,WAIT,13,UP_TOO_EXPENSIVE
2026-09-21 17:29:10,1790011750,btc-updown-5m-1790011500,50,85927.94,85863.34,64.60000000000582,10.330000000001746,42.80000000000291,42.80000000000291,42.80000000000291,0.89,0.9,0.895,0.1,0.11,0.10500000000000001,1377.95,1125.84,553.84,2727.98,0.10069135191050373,-0.6624799653850607,0.07000000000000006,0.6000000000000001,0.6000000000000001,1.01,WAIT,14,UP_TOO_EXPENSIVE
2026-09-21 17:29:12,1790011751,btc-updown-5m-1790011500,49,85927.93,85863.34,64.58999999999651,0.0,42.7899999999936,42.7899999999936,42.7899999999936,0.93,0.94,0.935,0.06,0.07,0.065,2037.0,1441.0,2087.31,1805.17,0.17136285221391603,0.07248335251561983,0.0,0.6400000000000001,0.6400000000000001,1.01,WAIT,11,UP_TOO_EXPENSIVE
2026-09-21 17:29:14,1790011753,btc-updown-5m-1790011500,47,85927.93,85863.34,64.58999999999651,0.0,42.7899999999936,42.7899999999936,42.7899999999936,0.92,0.93,0.925,0.07,0.08,0.07500000000000001,1061.31,751.44,457.40999999999997,1240.93,0.17093918080264786,-0.4613446070869202,0.020000000000000018,0.6300000000000001,0.6300000000000001,1.01,WAIT,12,UP_TOO_EXPENSIVE
2026-09-21 17:29:16,1790011755,btc-updown-5m-1790011500,45,85927.93,85863.34,64.58999999999651,-0.010000000009313226,42.7899999999936,42.7899999999936,42.7899999999936,0.91,0.92,0.915,0.07,0.09,0.08,2027.3200000000002,432.2,405.94,1914.2000000000003,0.6485493104345564,-0.6500728404320429,0.020000000000000018,0.6200000000000001,0.6200000000000001,1.01,WAIT,13,UP_TOO_EXPENSIVE
2026-09-21 17:29:18,1790011757,btc-updown-5m-1790011500,43,85927.94,85863.34,64.60000000000582,0.010000000009313226,10.339999999996508,42.80000000000291,42.80000000000291,0.92,0.93,0.925,0.06,0.07,0.065,1702.22,817.8900000000001,1157.25,3420.2200000000003,0.3509092857057826,-0.49437134486954587,-0.010000000000000009,0.21000000000000008,0.6300000000000001,1.0,WAIT,11,UP_TOO_EXPENSIVE
2026-09-21 17:29:20,1790011759,btc-updown-5m-1790011500,41,85927.93,85863.34,64.58999999999651,0.0,10.319999999992433,42.7899999999936,42.7899999999936,0.96,0.97,0.965,0.05,0.06,0.055,518.47,4730.62,1830.8,579.79,-0.8024533776330753,0.518964236971032,0.039999999999999925,0.14,0.6699999999999999,1.03,WAIT,8,UP_TOO_EXPENSIVE
2026-09-21 17:29:22,1790011761,btc-updown-5m-1790011500,39,85920.01,85863.34,56.669999999998254,-7.919999999998254,-7.919999999998254,34.86999999999534,34.86999999999534,0.87,0.88,0.875,0.11,0.12,0.11499999999999999,487.84000000000003,311.54,606.66,432.15999999999997,0.22054592309039503,0.167979053156466,-0.040000000000000036,-0.06000000000000005,0.5800000000000001,1.0,WAIT,3,"BTC_ABOVE,BTC30+,PM5-,PM15-,PM30+"
2026-09-21 17:29:23,1790011763,btc-updown-5m-1790011500,37,85920.01,85863.34,56.669999999998254,-7.930000000007567,-7.919999999998254,34.86999999999534,34.86999999999534,0.98,0.99,0.985,0.01,0.02,0.015,1580.96,2409.72,1956.02,1629.44,-0.20767388014072785,0.09108454703162214,0.05999999999999994,0.07999999999999996,0.69,1.01,WAIT,9,UP_TOO_EXPENSIVE
2026-09-21 17:29:25,1790011764,btc-updown-5m-1790011500,36,85920.01,85863.34,56.669999999998254,-7.919999999998254,-7.919999999998254,34.86999999999534,34.86999999999534,0.98,0.99,0.985,0.01,0.02,0.015,1717.35,1426.71,1426.65,1755.35,0.09244098395068792,-0.10329981143934626,0.020000000000000018,0.07999999999999996,0.69,1.01,WAIT,8,UP_TOO_EXPENSIVE
2026-09-21 17:29:27,1790011766,btc-updown-5m-1790011500,34,85926.1,85863.34,62.76000000000931,6.0900000000110595,-1.8299999999871943,40.9600000000064,40.9600000000064,0.98,0.99,0.985,0.01,0.02,0.015,2753.01,2047.48,2625.34,1030.0,0.14697041343696168,0.4364409329911855,0.10999999999999999,0.04999999999999993,0.69,1.01,WAIT,7,UP_TOO_EXPENSIVE
2026-09-21 17:29:29,1790011768,btc-updown-5m-1790011500,32,85926.09,85863.34,62.75,6.080000000001746,-1.8399999999965075,40.94999999999709,40.94999999999709,0.96,0.97,0.965,0.03,0.04,0.035,1817.0,3226.75,3136.48,822.0,-0.27950433705080546,0.5846890725733109,-0.020000000000000018,0.039999999999999925,0.6699999999999999,1.01,WAIT,5,"BTC_ABOVE,BTC30+,BTC60+,PM30+,DOWN_BOOK"
2026-09-21 17:29:30,1790011770,btc-updown-5m-1790011500,30,85920.0,85863.34,56.66000000000349,-0.00999999999476131,-7.929999999993015,34.86000000000058,34.86000000000058,0.96,0.97,0.965,0.03,0.04,0.035,1136.84,1903.75,1574.78,1111.84,-0.25222407493282556,0.17231316672994323,-0.020000000000000018,0.04999999999999993,0.6699999999999999,1.01,WAIT,5,"BTC_ABOVE,BTC30+,PM30+"
2026-09-21 17:29:32,1790011771,btc-updown-5m-1790011500,29,85920.0,85863.34,56.66000000000349,-6.100000000005821,-7.929999999993015,34.86000000000058,34.86000000000058,0.98,0.99,0.985,0.01,0.02,0.015,1608.48,1131.38,1164.72,1550.48,0.1741329848970385,-0.14207424867413082,0.0,0.06999999999999995,0.69,1.01,WAIT,8,UP_TOO_EXPENSIVE
2026-09-21 17:29:34,1790011773,btc-updown-5m-1790011500,27,85918.98,85863.34,55.63999999999942,-7.110000000000582,-8.960000000006403,1.3799999999901047,33.83999999999651,0.98,0.99,0.985,0.01,0.02,0.015,2215.21,888.1,883.1,2255.21,0.4276433872220307,-0.4372130222954393,0.020000000000000018,0.05999999999999994,0.27,1.01,WAIT,8,UP_TOO_EXPENSIVE
2026-09-21 17:29:35,1790011775,btc-updown-5m-1790011500,25,85918.99,85863.34,55.65000000000873,-1.0099999999947613,-8.939999999987776,1.3800000000046566,33.85000000000582,0.99,,,,0.01,,3816.8099999999995,0,0,3711.8099999999995,1.0,-1.0,,,,,WAIT,5,"BTC_ABOVE,UP_BOOK"
2026-09-21 17:29:37,1790011776,btc-updown-5m-1790011500,24,85918.98,85863.34,55.63999999999942,-1.0200000000040745,-1.0299999999988358,-8.94999999999709,33.83999999999651,0.99,,,,0.01,,3926.8099999999995,0,0,4039.1099999999997,1.0,-1.0,,,,,WAIT,5,"BTC_ABOVE,UP_BOOK"
2026-09-21 17:29:39,1790011778,btc-updown-5m-1790011500,22,85914.37,85863.34,51.029999999998836,-4.610000000000582,-5.639999999999418,-13.559999999997672,29.229999999995925,0.99,,,,0.01,,3091.6800000000003,0,0,3086.6800000000003,1.0,-1.0,,,,,WAIT,5,"BTC_ABOVE,UP_BOOK"
2026-09-21 17:29:40,1790011780,btc-updown-5m-1790011500,20,85914.37,85863.34,51.029999999998836,-4.620000000009895,-5.639999999999418,-13.570000000006985,29.229999999995925,0.99,,,,0.01,,6088.32,0,0,5685.030000000001,1.0,-1.0,,,,,WAIT,5,"BTC_ABOVE,UP_BOOK"
2026-09-21 17:29:43,1790011781,btc-updown-5m-1790011500,19,85908.46,85863.34,45.120000000009895,-10.519999999989523,-17.639999999999418,-19.469999999986612,23.320000000006985,0.99,,,,0.01,,2249.87,0,0,2224.87,1.0,-1.0,,,,,WAIT,0,TIME_FILTER
2026-09-21 17:29:44,1790011784,btc-updown-5m-1790011500,16,85907.02,85863.34,43.68000000000757,-7.349999999991269,-19.069999999992433,-20.90999999998894,21.880000000004657,0.99,,,,0.01,,3669.91,0,0,7652.92,1.0,-1.0,,,,,WAIT,0,TIME_FILTER
2026-09-21 17:29:46,1790011785,btc-updown-5m-1790011500,15,85907.03,85863.34,43.69000000000233,-7.3399999999965075,-12.970000000001164,-20.89999999999418,21.889999999999418,0.99,,,,0.01,,10913.810000000001,0,0,10848.119999999999,1.0,-1.0,,,,,WAIT,0,TIME_FILTER
2026-09-21 17:29:48,1790011787,btc-updown-5m-1790011500,13,85900.33,85863.34,36.99000000000524,-8.130000000004657,-19.669999999998254,-27.610000000000582,15.190000000002328,0.99,,,,0.01,,11116.89,0,0,11139.45,1.0,-1.0,,,,,WAIT,0,TIME_FILTER
2026-09-21 17:29:50,1790011789,btc-updown-5m-1790011500,11,85900.34,85863.34,37.0,-6.680000000007567,-18.639999999999418,-27.589999999996508,15.19999999999709,0.99,,,,0.01,,22924.82,0,0,22855.100000000002,1.0,-1.0,,,,,WAIT,0,TIME_FILTER
2026-09-21 17:29:51,1790011791,btc-updown-5m-1790011500,9,85900.34,85863.34,37.0,-6.690000000002328,-18.639999999999418,-19.669999999998254,15.19999999999709,0.99,,,,0.01,,35949.51,0,0,35904.51,1.0,-1.0,,,,,WAIT,0,TIME_FILTER
2026-09-21 17:29:53,1790011792,btc-updown-5m-1790011500,8,85900.34,85863.34,37.0,0.00999999999476131,-18.639999999999418,-19.669999999998254,15.19999999999709,0.99,,,,0.01,,44399.53,0,0,44399.53,1.0,-1.0,,,,,WAIT,0,TIME_FILTER
2026-09-21 17:29:54,1790011794,btc-updown-5m-1790011500,6,85894.93,85863.34,31.589999999996508,-5.4100000000034925,-19.44000000000233,-25.080000000001746,9.789999999993597,0.99,,,,0.01,,38582.53,0,0,38477.53,1.0,-1.0,,,,,WAIT,0,TIME_FILTER
2026-09-21 17:29:56,1790011795,btc-updown-5m-1790011500,5,85894.93,85863.34,31.589999999996508,-5.4100000000034925,-19.44000000000233,-25.080000000001746,9.789999999993597,0.99,,,,0.01,,42073.16,0,0,42073.16,1.0,-1.0,,,,,WAIT,0,TIME_FILTER
2026-09-21 17:29:58,1790011797,btc-updown-5m-1790011500,3,85890.39,85863.34,27.05000000000291,-9.94999999999709,-18.070000000006985,-35.7100000000064,5.25,0.99,,,,0.01,,58848.85,0,0,58869.05,1.0,-1.0,,,,,WAIT,0,TIME_FILTER
2026-09-21 17:30:00,1790011799,btc-updown-5m-1790011500,1,85884.92,85863.34,21.580000000001746,-10.009999999994761,-22.10000000000582,-41.169999999998254,-0.22000000000116415,0.99,,,,0.01,,59154.05,0,0,57346.26,1.0,-1.0,,,,,WAIT,0,TIME_FILTER
2026-09-21 17:30:02,1790011801,btc-updown-5m-1790011800,299,85884.93,85884.93,0.0,,,,,0.36,0.37,0.365,0.63,0.64,0.635,3865.1699999999996,907.42,1503.42,4248.17,0.61973687243195,-0.47721586552588063,,,,1.01,WAIT,0,TIME_FILTER
2026-09-21 17:30:03,1790011803,btc-updown-5m-1790011800,297,85887.66,85884.93,2.7300000000104774,,,,,0.41,0.42,0.415,0.58,0.59,0.585,4899.14,570.74,773.45,4937.77,0.7913153487827888,-0.7291471874660757,,,,1.01,WAIT,0,TIME_FILTER
2026-09-21 17:30:05,1790011804,btc-updown-5m-1790011800,296,85887.66,85884.93,2.7300000000104774,,,,,0.41,0.42,0.415,0.58,0.59,0.585,1531.64,1840.53,5031.09,102.0,-0.0915997710672949,0.9602578563789063,,,,1.01,WAIT,0,TIME_FILTER
2026-09-21 17:30:07,1790011806,btc-updown-5m-1790011800,294,85887.66,85884.93,2.7300000000104774,2.7300000000104774,,,,0.37,0.38,0.375,0.62,0.63,0.625,2727.9799999999996,2628.2999999999997,2744.2999999999997,2663.9799999999996,0.018609930772849788,0.01485130207755519,0.010000000000000009,,,1.01,WAIT,0,TIME_FILTER
2026-09-21 17:30:09,1790011808,btc-updown-5m-1790011800,292,85887.66,85884.93,2.7300000000104774,0.0,,,,0.37,0.38,0.375,0.62,0.63,0.625,4750.47,1628.74,1766.74,4731.47,0.48935996777030394,-0.45623794860430805,-0.03999999999999998,,,1.01,WAIT,0,TIME_FILTER
2026-09-21 17:30:10,1790011810,btc-updown-5m-1790011800,290,85887.66,85884.93,2.7300000000104774,0.0,,,,0.37,0.38,0.375,0.62,0.63,0.625,2884.3,4517.34,5102.07,806.3,-0.22063218421863262,0.7270651634884071,-0.03999999999999998,,,1.01,WAIT,0,TIME_FILTER
2026-09-21 17:30:12,1790011811,btc-updown-5m-1790011800,289,85883.66,85884.93,-1.2699999999895226,-4.0,,,,0.35,0.36,0.355,0.64,0.65,0.645,3614.23,3516.1400000000003,3526.1400000000003,3479.23,0.013756649374436344,0.0066962915591896365,-0.020000000000000018,,,1.01,WAIT,0,TIME_FILTER
2026-09-21 17:30:14,1790011813,btc-updown-5m-1790011800,287,85883.66,85884.93,-1.2699999999895226,-4.0,,,,0.35,0.36,0.355,0.64,0.65,0.645,3558.5899999999997,3578.0200000000004,365.43,4042.36,-0.0027225811694909408,-0.8341890153569023,-0.020000000000000018,,,1.01,WAIT,0,TIME_FILTER
2026-09-21 17:30:16,1790011815,btc-updown-5m-1790011800,285,85889.4,85884.93,4.470000000001164,1.7399999999906868,,,,0.43,0.44,0.435,0.56,0.57,0.565,3068.84,814.0,1993.7,2832.25,0.5807192673404004,-0.17375853458904464,0.06,,,1.01,WAIT,0,TIME_FILTER
2026-09-21 17:30:17,1790011817,btc-updown-5m-1790011800,283,85890.25,85884.93,5.320000000006985,6.5899999999965075,5.320000000006985,,,0.42,0.43,0.425,0.6,0.61,0.605,254.0,4479.01,2942.81,1304.8999999999999,-0.8926687245537195,0.38559835770332723,0.07,0.06,,1.04,WAIT,0,TIME_FILTER
2026-09-21 17:30:19,1790011818,btc-updown-5m-1790011800,282,85890.26,85884.93,5.330000000001746,6.599999999991269,2.599999999991269,,,0.39,0.4,0.395,0.6,0.61,0.605,2759.3199999999997,2619.1600000000003,2579.1600000000003,2769.45,0.026059407118739757,-0.035577467790696926,0.040000000000000036,-0.019999999999999962,,1.01,WAIT,0,TIME_FILTER
2026-09-21 17:30:21,1790011820,btc-updown-5m-1790011800,280,85890.25,85884.93,5.320000000006985,0.8500000000058208,2.5899999999965075,,,0.39,0.4,0.395,0.63,0.65,0.64,74.68,6316.13,4081.44,1658.34,-0.9766289406194206,0.4221590374543973,-0.03999999999999998,-0.019999999999999962,,1.05,WAIT,0,TIME_FILTER
2026-09-21 17:30:23,1790011822,btc-updown-5m-1790011800,278,85877.6,85884.93,-7.329999999987194,-12.64999999999418,-10.059999999997672,,,0.35,0.36,0.355,0.64,0.65,0.645,1862.1599999999999,3672.49,3820.39,1290.83,-0.3270902405752848,0.4949033694499552,-0.07,-0.020000000000000018,,1.01,WAIT,0,TIME_FILTER
2026-09-21 17:30:24,1790011824,btc-updown-5m-1790011800,276,85859.25,85884.93,-25.679999999993015,-31.00999999999476,-28.410000000003492,,,0.25,0.26,0.255,0.75,0.76,0.755,774.0699999999999,1669.8200000000002,2537.61,1009.48,-0.3665263166509131,0.43081229965972107,-0.14,-0.12,,1.02,WAIT,0,TIME_FILTER
2026-09-21 17:30:26,1790011825,btc-updown-5m-1790011800,275,85844.37,85884.93,-40.55999999999767,-45.88000000000466,-43.29000000000815,,,0.22,0.23,0.225,0.76,0.77,0.765,5001.66,1249.3,1870.69,5245.1,0.6002853961631492,-0.47421438800189436,-0.17,-0.15,,1.0,WAIT,0,TIME_FILTER
2026-09-21 17:30:28,1790011827,btc-updown-5m-1790011800,273,85844.37,85884.93,-40.55999999999767,-33.23000000001048,-39.29000000000815,,,0.23,0.24,0.235,0.77,0.78,0.775,3215.2,2056.27,1498.78,4237.349999999999,0.21984949169776172,-0.4774246748243154,-0.12,-0.12,,1.02,WAIT,0,TIME_FILTER
2026-09-21 17:30:30,1790011829,btc-updown-5m-1790011800,271,85823.98,85884.93,-60.94999999999709,-35.270000000004075,-59.68000000000757,,,0.17,0.19,0.18,0.82,0.83,0.825,1455.75,512.03,815.95,2242.9700000000003,0.4795861325961236,-0.4665110561897664,-0.07500000000000001,-0.175,,1.02,WAIT,0,TIME_FILTER
2026-09-21 17:30:32,1790011831,btc-updown-5m-1790011800,269,85823.98,85884.93,-60.94999999999709,-20.389999999999418,-65.41999999999825,-60.94999999999709,,0.19,0.2,0.195,0.8,0.81,0.805,5855.799999999999,1019.46,939.46,5957.33,0.7034410335027329,-0.7275660125942649,-0.03,-0.24,-0.16999999999999998,1.01,WAIT,-10,DOWN_TOO_EXPENSIVE
2026-09-21 17:30:33,1790011833,btc-updown-5m-1790011800,267,85823.97,85884.93,-60.95999999999185,-20.39999999999418,-66.2899999999936,-63.69000000000233,,0.2,0.21,0.20500000000000002,0.79,0.8,0.795,2977.16,2781.91,2786.91,2938.16,0.03390304337332243,-0.026418890948058278,-0.02999999999999997,-0.19,-0.20999999999999996,1.01,WAIT,-11,DOWN_TOO_EXPENSIVE
2026-09-21 17:30:35,1790011834,btc-updown-5m-1790011800,266,85823.97,85884.93,-60.95999999999185,-0.00999999999476131,-66.2899999999936,-63.69000000000233,,0.18,0.19,0.185,0.81,0.82,0.815,4488.009999999999,2795.2700000000004,1714.0,4808.860000000001,0.23241451653650538,-0.4744636555130725,0.0050000000000000044,-0.21000000000000002,-0.22999999999999998,1.01,WAIT,-9,DOWN_TOO_EXPENSIVE
2026-09-21 17:30:37,1790011836,btc-updown-5m-1790011800,264,85823.98,85884.93,-60.94999999999709,0.0,-66.27000000000407,-63.68000000000757,,0.21,0.22,0.215,0.78,0.79,0.785,4948.98,1180.45,1355.99,4882.03,0.6148255221121703,-0.565249870952642,0.01999999999999999,-0.18000000000000002,-0.16,1.01,WAIT,-8,DOWN_TOO_EXPENSIVE
2026-09-21 17:30:38,1790011838,btc-updown-5m-1790011800,262,85831.99,85884.93,-52.939999999987776,8.020000000004075,-45.61000000000058,-55.669999999998254,,0.22,0.23,0.225,0.77,0.78,0.775,4141.47,2015.3,1813.31,4696.47,0.34533854602332065,-0.4428966877528887,0.01999999999999999,-0.12999999999999998,-0.15,1.01,WAIT,-8,DOWN_TOO_EXPENSIVE
2026-09-21 17:30:40,1790011839,btc-updown-5m-1790011800,261,85831.99,85884.93,-52.939999999987776,8.020000000004075,-27.25999999999476,-55.669999999998254,,0.19,0.2,0.195,0.8,0.81,0.805,3226.3300000000004,2370.79,3065.29,2476.26,0.1528536104282203,0.10629336557461355,0.010000000000000009,-0.06,-0.18,1.01,WAIT,-10,DOWN_TOO_EXPENSIVE
2026-09-21 17:30:42,1790011841,btc-updown-5m-1790011800,259,85831.99,85884.93,-52.939999999987776,8.010000000009313,-12.379999999990105,-51.669999999998254,,0.2,0.21,0.20500000000000002,0.79,0.8,0.795,3999.8999999999996,2159.1499999999996,2349.1499999999996,3820.2,0.29886914378029084,-0.23844489289795526,-0.009999999999999981,-0.01999999999999999,-0.14999999999999997,1.01,WAIT,-5,"BTC_BELOW,BTC30-,PM30-,UP_BOOK"
2026-09-21 17:30:44,1790011843,btc-updown-5m-1790011800,257,85844.38,85884.93,-40.54999999998836,12.389999999999418,0.010000000009313226,-39.279999999998836,,0.26,0.27,0.265,0.71,0.72,0.715,2963.89,717.53,3336.52,2077.4399999999996,0.6101884598877606,0.2325617477779667,0.04000000000000001,0.030000000000000027,-0.08999999999999997,0.99,WAIT,-2,"BTC_BELOW,BTC5+,BTC30-,PM5+,PM30-,UP_BOOK"
2026-09-21 17:30:45,1790011845,btc-updown-5m-1790011800,255,85857.28,85884.93,-27.64999999999418,25.289999999993597,33.30000000000291,-32.11999999999534,,0.31,0.33,0.32,0.66,0.67,0.665,2737.59,1131.0,798.0,4569.58,0.4152908423999442,-0.7026592989764475,0.125,0.14,-0.11499999999999999,1.0,WAIT,3,"BTC_BELOW,BTC5+,BTC15+,BTC30-,PM5+,PM15+,PM30-,UP_BOOK"
2026-09-21 17:30:47,1790011846,btc-updown-5m-1790011800,254,85862.43,85884.93,-22.5,30.439999999987776,38.44999999999709,-26.970000000001164,,0.3,0.31,0.305,0.69,0.7,0.695,3891.0900000000006,570.72,1158.76,3901.0900000000006,0.7441755700041016,-0.541978517149718,0.09999999999999998,0.10999999999999999,-0.13,1.01,WAIT,5,"BTC_BELOW,BTC5+,BTC15+,PM5+,PM15+,PM30-,UP_BOOK"
2026-09-21 17:30:49,1790011848,btc-updown-5m-1790011800,252,85870.82,85884.93,-14.10999999998603,26.44000000000233,46.85000000000582,-19.439999999987776,,0.32,0.33,0.325,0.67,0.68,0.675,4019.9300000000003,1226.1499999999999,1256.1499999999999,5036.33,0.5325462059289986,-0.6007456519528073,0.06,0.12,-0.07,1.01,UP WATCH,7,"BTC5+,BTC15+,PM5+,PM15+,PM30-,UP_BOOK"
2026-09-21 17:30:51,1790011850,btc-updown-5m-1790011800,250,85870.84,85884.93,-14.089999999996508,13.559999999997672,46.86999999999534,-19.410000000003492,,0.34,0.35,0.345,0.65,0.66,0.655,3545.8599999999997,924.88,1811.01,2956.28,0.586251940394655,-0.24023501821789742,0.024999999999999967,0.15999999999999998,-0.050000000000000044,1.01,UP WATCH,6,"BTC5+,BTC15+,PM15+,UP_BOOK"
2026-09-21 17:30:53,1790011852,btc-updown-5m-1790011800,248,85870.83,85884.93,-14.099999999991269,8.400000000008731,46.85000000000582,-6.7700000000040745,,0.34,0.35,0.345,0.66,0.67,0.665,1202.33,2925.89,3074.2200000000003,2081.71,-0.4175068189195344,0.19249873446691482,0.03999999999999998,0.12999999999999998,-0.010000000000000009,1.02,WAIT,4,"BTC15+,PM5+,PM15+"
2026-09-21 17:30:55,1790011854,btc-updown-5m-1790011800,246,85879.29,85884.93,-5.639999999999418,8.469999999986612,47.29999999998836,20.039999999993597,,0.38,0.39,0.385,0.61,0.62,0.615,198.41,1031.99,4068.02,156.0,-0.6774869960988297,0.9261367133678343,0.06,0.19,0.13,1.01,WAIT,4,"BTC15+,PM5+,PM15+,PM30+,DOWN_BOOK"
2026-09-21 17:30:56,1790011856,btc-updown-5m-1790011800,244,85870.84,85884.93,-14.089999999996508,0.0,38.84999999999127,26.470000000001164,,0.31,0.32,0.315,0.68,0.69,0.685,3289.3599999999997,2467.21,1301.41,3236.41,0.14281942198218725,-0.42641620866407215,-0.02999999999999997,0.10999999999999999,0.09,1.01,UP WATCH,6,"BTC15+,PM15+,PM30+"
2026-09-21 17:30:58,1790011857,btc-updown-5m-1790011800,243,85881.39,85884.93,-3.539999999993597,10.559999999997672,49.39999999999418,37.020000000004075,,0.39,0.4,0.395,0.6,0.61,0.605,1708.45,1565.36,3198.7799999999997,1302.02,0.043707484551638656,0.421427301813011,0.050000000000000044,0.19,0.16000000000000003,1.01,UP WATCH,8,"BTC5+,BTC15+,BTC30+,PM5+,PM15+,PM30+,DOWN_BOOK"
2026-09-21 17:31:00,1790011859,btc-updown-5m-1790011800,241,85885.75,85884.93,0.8200000000069849,6.460000000006403,41.36999999999534,61.770000000004075,,0.43,0.44,0.435,0.56,0.57,0.565,3981.6800000000003,870.0,920.0,3787.46,0.6413613428750453,-0.6091310388192358,0.04999999999999999,0.16999999999999998,0.255,1.01,UP WATCH,10,"BTC15+,BTC30+,PM5+,PM15+,PM30+,UP_BOOK"
2026-09-21 17:31:02,1790011861,btc-updown-5m-1790011800,239,85894.38,85884.93,9.450000000011642,23.54000000000815,31.95000000001164,70.40000000000873,9.450000000011642,0.46,0.47,0.46499999999999997,0.53,0.54,0.535,3070.44,1140.99,745.99,3550.9,0.4581460454050049,-0.6527767757610736,0.14999999999999997,0.15999999999999998,0.26999999999999996,1.01,UP WATCH,11,"BTC5+,BTC15+,BTC30+,PM5+,PM15+,PM30+,UP_BOOK"
2026-09-21 17:31:04,1790011863,btc-updown-5m-1790011800,237,85894.38,85884.93,9.450000000011642,12.990000000005239,23.55999999999767,70.41000000000349,6.720000000001164,0.46,0.47,0.46499999999999997,0.52,0.53,0.525,2905.76,548.89,1137.89,3695.1099999999997,0.682231195634869,-0.5291164907924684,0.06999999999999995,0.13999999999999996,0.25999999999999995,1.0,UP WATCH,11,"BTC5+,BTC15+,BTC30+,PM5+,PM15+,PM30+,UP_BOOK"
2026-09-21 17:31:05,1790011865,btc-updown-5m-1790011800,235,85895.41,85884.93,10.480000000010477,9.660000000003492,24.570000000006985,71.44000000000233,7.75,0.47,0.48,0.475,0.52,0.53,0.525,2887.2,2296.63,2321.63,2967.2,0.11392541807891071,-0.12206291372572001,0.03999999999999998,0.13,0.29,1.01,UP WATCH,8,"BTC15+,BTC30+,PM5+,PM15+,PM30+"
2026-09-21 17:31:07,1790011866,btc-updown-5m-1790011800,234,85895.41,85884.93,10.480000000010477,1.0299999999988358,24.570000000006985,71.43000000000757,7.75,0.45,0.46,0.455,0.54,0.55,0.545,456.26,4406.2,3944.54,801.23,-0.8123336747243164,0.6623393042646398,-0.009999999999999953,0.11000000000000004,0.24000000000000002,1.01,WAIT,5,"BTC15+,BTC30+,PM15+,PM30+,DOWN_BOOK"
2026-09-21 17:31:09,1790011868,btc-updown-5m-1790011800,232,85895.41,85884.93,10.480000000010477,1.0299999999988358,24.580000000001746,63.419999999998254,7.75,0.42,0.43,0.425,0.57,0.58,0.575,1248.48,2410.0,1089.77,1904.6999999999998,-0.31748704379961074,-0.2721449872598489,-0.03999999999999998,0.08000000000000002,0.19999999999999998,1.01,UP WATCH,6,"BTC15+,BTC30+,PM5-,PM15+,PM30+"
2026-09-21 17:31:10,1790011870,btc-updown-5m-1790011800,230,85895.41,85884.93,10.480000000010477,0.0,16.120000000009895,63.419999999998254,7.75,0.43,0.44,0.435,0.57,0.58,0.575,1561.3700000000001,2856.19,2448.57,2482.6600000000003,-0.29310750731172863,-0.00691308253721691,-0.03999999999999998,0.04999999999999999,0.24,1.02,WAIT,1,"BTC30+,PM5-,PM30+"
2026-09-21 17:31:12,1790011871,btc-updown-5m-1790011800,229,85895.42,85884.93,10.490000000005239,0.00999999999476131,24.580000000001746,63.429999999993015,11.759999999994761,0.44,0.45,0.445,0.55,0.56,0.555,1435.73,2496.43,2621.43,1753.69,-0.2697499593098958,0.19833513137925354,-0.010000000000000009,0.13,0.24,1.01,UP WATCH,6,"BTC15+,BTC30+,PM15+,PM30+"
2026-09-21 17:31:14,1790011873,btc-updown-5m-1790011800,227,85884.41,85884.93,-0.5199999999895226,-11.0,3.0200000000040745,40.029999999998836,0.75,0.37,0.38,0.375,0.62,0.63,0.625,751.34,1636.42,423.04,3062.3999999999996,-0.3706737695580795,-0.757253029746603,-0.04999999999999999,-0.020000000000000018,0.10999999999999999,1.01,WAIT,1,"BTC5-,BTC30+,PM5-,PM30+"
2026-09-21 17:31:16,1790011875,btc-updown-5m-1790011800,225,85884.41,85884.93,-0.5199999999895226,-11.0,-1.3399999999965075,27.130000000004657,-4.989999999990687,0.39,0.4,0.395,0.6,0.61,0.605,2735.0699999999997,2126.5299999999997,1781.56,2767.95,0.12517278262300477,-0.2168123600123969,-0.03999999999999998,-0.03999999999999998,0.07500000000000001,1.01,WAIT,-1,"BTC5-,PM5-,PM30+"
2026-09-21 17:31:17,1790011877,btc-updown-5m-1790011800,223,85884.42,85884.93,-0.5099999999947613,-11.0,-9.960000000006403,21.99000000000524,-5.830000000001746,0.39,0.4,0.395,0.6,0.61,0.605,1571.6,3891.8,4041.91,1409.24,-0.4246806018230407,0.482956807279198,-0.04999999999999999,-0.06999999999999995,0.09000000000000002,1.01,WAIT,-5,"BTC5-,PM5-,PM15-,PM30+,DOWN_BOOK"
2026-09-21 17:31:19,1790011878,btc-updown-5m-1790011800,222,85884.42,85884.93,-0.5099999999947613,0.00999999999476131,-9.960000000006403,13.599999999991269,-5.8399999999965075,0.38,0.39,0.385,0.61,0.62,0.615,1390.91,4061.69,3515.06,1247.29,-0.4898177016469207,0.4761871764989973,0.010000000000000009,-0.07999999999999996,0.06,1.01,WAIT,-4,"PM15-,DOWN_BOOK"
2026-09-21 17:31:21,1790011880,btc-updown-5m-1790011800,220,85884.41,85884.93,-0.5199999999895226,0.0,-11.0,13.570000000006985,-5.8399999999965075,0.37,0.38,0.375,0.62,0.63,0.625,2050.0800000000004,2511.3500000000004,2959.7200000000003,2239.19,-0.10112398962606024,0.1385925126613079,-0.020000000000000018,-0.09999999999999998,0.030000000000000027,1.01,WAIT,-2,PM15-
2026-09-21 17:31:22,1790011882,btc-updown-5m-1790011800,218,85884.42,85884.93,-0.5099999999947613,0.0,-10.990000000005239,13.589999999996508,6.819999999992433,0.37,0.38,0.375,0.63,0.64,0.635,23.900000000000002,3875.76,3861.1499999999996,1336.93,-0.9877425211428689,0.4856062238364934,-0.020000000000000018,-0.08000000000000002,0.030000000000000027,1.02,WAIT,-4,"PM15-,DOWN_BOOK"
2026-09-21 17:31:24,1790011883,btc-updown-5m-1790011800,217,85884.41,85884.93,-0.5199999999895226,-0.00999999999476131,-11.0,13.580000000001746,6.809999999997672,0.38,0.39,0.385,0.61,0.62,0.615,2496.49,2162.9,1849.53,2378.72,0.07159520881488773,-0.1251557973156743,0.0,-0.03999999999999998,0.040000000000000036,1.01,WAIT,0,
2026-09-21 17:31:26,1790011885,btc-updown-5m-1790011800,215,85884.42,85884.93,-0.5099999999947613,0.00999999999476131,-10.990000000005239,5.130000000004657,40.05000000000291,0.38,0.39,0.385,0.61,0.62,0.615,3317.92,1772.2299999999998,1825.3999999999999,3377.33,0.30366295688732164,-0.29829147389927985,0.010000000000000009,-0.04999999999999999,0.0,1.01,WAIT,3,"BTC60+,UP_BOOK"
2026-09-21 17:31:28,1790011887,btc-updown-5m-1790011800,213,85884.42,85884.93,-0.5099999999947613,0.0,-11.0,3.029999999998836,40.05000000000291,0.38,0.39,0.385,0.61,0.62,0.615,3300.5899999999997,1881.52,1796.72,3209.5899999999997,0.2738401925084569,-0.2822178410845513,0.010000000000000009,-0.06,-0.010000000000000009,1.01,WAIT,1,"BTC60+,PM15-,UP_BOOK"
2026-09-21 17:31:29,1790011889,btc-updown-5m-1790011800,211,85884.42,85884.93,-0.5099999999947613,0.00999999999476131,0.00999999999476131,-1.3300000000017462,60.44000000000233,0.39,0.4,0.395,0.57,0.58,0.575,3397.09,305.9,154.0,2195.4799999999996,0.8347821625227181,-0.8689071624359432,0.010000000000000009,0.020000000000000018,-0.03999999999999998,0.98,WAIT,3,"BTC60+,UP_BOOK"
2026-09-21 17:31:31,1790011890,btc-updown-5m-1790011800,210,85890.25,85884.93,5.320000000006985,5.830000000001746,5.8399999999965075,4.5,66.27000000000407,0.44,0.45,0.445,0.55,0.56,0.555,2043.8000000000002,1559.26,1674.26,2319.2200000000003,0.1344801363285652,-0.16150325029798576,0.06,0.04999999999999999,0.010000000000000009,1.01,WAIT,2,"BTC60+,PM5+"
2026-09-21 17:31:33,1790011892,btc-updown-5m-1790011800,208,85890.25,85884.93,5.320000000006985,5.830000000001746,5.830000000001746,-4.130000000004657,66.27000000000407,0.44,0.45,0.445,0.56,0.57,0.565,999.4000000000001,2760.82,3058.5699999999997,1865.98,-0.46843535750567783,0.24217238123280296,0.06,0.04999999999999999,-0.019999999999999962,1.02,WAIT,1,"BTC60+,PM5+"
2026-09-21 17:31:35,1790011894,btc-updown-5m-1790011800,206,85890.25,85884.93,5.320000000006985,5.830000000001746,5.830000000001746,-4.130000000004657,66.27999999999884,0.43,0.44,0.435,0.56,0.57,0.565,2429.19,3163.0099999999998,2981.38,2593.22,-0.13122205929687775,0.06963010798981098,0.03999999999999998,0.04999999999999999,-0.02999999999999997,1.01,WAIT,2,"BTC60+,PM5+"
2026-09-21 17:31:36,1790011896,btc-updown-5m-1790011800,204,85890.25,85884.93,5.320000000006985,0.0,5.8399999999965075,-5.1600000000034925,66.27000000000407,0.43,0.44,0.435,0.56,0.57,0.565,2351.54,2488.26,2088.26,2251.54,-0.028249101202529082,-0.03762385363380795,-0.010000000000000009,0.06,-0.020000000000000018,1.01,WAIT,3,"BTC60+,PM15+"
2026-09-21 17:31:38,1790011897,btc-updown-5m-1790011800,203,85900.01,85884.93,15.080000000001746,9.759999999994761,15.589999999996508,4.599999999991269,76.02999999999884,0.45,0.46,0.455,0.54,0.55,0.545,1946.51,1397.5,1985.96,1257.0,0.16417714061859862,0.22478229765399513,0.010000000000000009,0.08000000000000002,0.0,1.01,WAIT,3,"BTC60+,PM15+"
2026-09-21 17:31:40,1790011899,btc-updown-5m-1790011800,201,85900.01,85884.93,15.080000000001746,9.759999999994761,15.599999999991269,4.599999999991269,68.01999999998952,0.43,0.44,0.435,0.56,0.57,0.565,1576.67,2933.3900000000003,2809.3900000000003,2787.48,-0.3008208316519071,0.003914688030988804,0.0,0.04999999999999999,0.010000000000000009,1.01,WAIT,0,BTC60+
2026-09-21 17:31:42,1790011901,btc-updown-5m-1790011800,199,85900.01,85884.93,15.080000000001746,9.759999999994761,15.589999999996508,4.5899999999965075,68.01999999998952,0.43,0.44,0.435,0.57,0.59,0.58,1480.12,3444.5299999999997,2970.8199999999997,1193.0,-0.39889332236808706,0.4269685048825357,0.0,0.04999999999999999,-0.010000000000000009,1.03,WAIT,-1,"BTC60+,DOWN_BOOK"
2026-09-21 17:31:43,1790011903,btc-updown-5m-1790011800,197,85886.76,85884.93,1.8300000000017462,-13.25,2.3399999999965075,2.349999999991269,42.379999999990105,0.32,0.33,0.325,0.67,0.68,0.675,876.7099999999999,668.84,1087.0,2603.85,0.13449581055287754,-0.41097579148434643,-0.13,-0.06,-0.04999999999999999,1.01,WAIT,-2,"BTC5-,BTC60+,PM5-,PM15-"
2026-09-21 17:31:45,1790011904,btc-updown-5m-1790011800,196,85859.25,85884.93,-25.679999999993015,-40.75999999999476,-25.169999999998254,-25.160000000003492,14.869999999995343,0.24,0.25,0.245,0.75,0.76,0.755,48.3,1844.52,1844.52,48.3,-0.9489650362950519,0.9489650362950519,-0.19,-0.15000000000000002,-0.13,1.01,WAIT,-11,DOWN_TOO_EXPENSIVE
2026-09-21 17:31:47,1790011906,btc-updown-5m-1790011800,194,85859.26,85884.93,-25.669999999998254,-40.75,-30.99000000000524,-25.15000000000873,-3.1699999999982538,0.22,0.23,0.225,0.77,0.78,0.775,2384.18,2451.1200000000003,2743.1200000000003,1558.04,-0.013844022087564476,0.2755256721442589,-0.21,-0.22,-0.17,1.01,WAIT,-10,DOWN_TOO_EXPENSIVE
2026-09-21 17:31:49,1790011908,btc-updown-5m-1790011800,192,85855.79,85884.93,-29.139999999999418,-30.970000000001164,-34.4600000000064,-28.630000000004657,-15.030000000013388,0.21,0.22,0.215,0.78,0.79,0.785,4758.08,1461.21,1464.58,4961.08,0.5301039186145042,-0.5441464378756423,-0.11000000000000001,-0.23,-0.17,1.01,WAIT,-7,DOWN_TOO_EXPENSIVE
2026-09-21 17:31:50,1790011910,btc-updown-5m-1790011800,190,85855.79,85884.93,-29.139999999999418,-3.460000000006403,-34.4600000000064,-28.620000000009895,-15.05000000000291,0.22,0.23,0.225,0.77,0.78,0.775,5784.74,1482.1499999999999,622.93,5349.74,0.59208134428896,-0.7914065233806655,-0.01999999999999999,-0.21,-0.15,1.01,WAIT,-5,"BTC_BELOW,BTC15-,PM15-,PM30-,UP_BOOK"
2026-09-21 17:31:52,1790011911,btc-updown-5m-1790011800,189,85862.53,85884.93,-22.39999999999418,3.2700000000040745,-27.720000000001164,-21.880000000004657,-8.309999999997672,0.31,0.32,0.315,0.68,0.69,0.685,2292.71,1858.4499999999998,1624.11,2427.71,0.10461172298827322,-0.19833062673070379,0.09,-0.12,-0.06,1.01,WAIT,-5,"BTC_BELOW,BTC15-,PM5+,PM15-"
2026-09-21 17:31:54,1790011913,btc-updown-5m-1790011800,187,85867.21,85884.93,-17.719999999986612,11.420000000012806,-32.79999999998836,-17.19999999999709,-3.6199999999953434,0.31,0.32,0.315,0.68,0.69,0.685,2076.6099999999997,1991.06,2009.69,2172.6099999999997,0.02103169627821326,-0.03895464218253106,0.1,-0.14,-0.07,1.01,WAIT,-3,"BTC5+,BTC15-,PM5+,PM15-,PM30-"
2026-09-21 17:31:55,1790011915,btc-updown-5m-1790011800,185,85868.2,85884.93,-16.729999999995925,12.410000000003492,-31.80999999999767,-16.220000000001164,-11.089999999996508,0.31,0.32,0.315,0.68,0.69,0.685,1486.61,3520.13,3451.7599999999993,1522.2600000000002,-0.4061565010366027,0.3879156095069982,0.09,-0.12,-0.07,1.01,WAIT,-5,"BTC5+,BTC15-,PM5+,PM15-,PM30-,DOWN_BOOK"
2026-09-21 17:31:57,1790011916,btc-updown-5m-1790011800,184,85868.19,85884.93,-16.739999999990687,5.6600000000034925,-31.819999999992433,-16.229999999995925,-2.6499999999941792,0.29,0.3,0.295,0.7,0.71,0.705,1122.42,2118.99,2695.34,1664.3200000000002,-0.30744953585013923,0.23649091901662056,-0.020000000000000018,-0.14,-0.09000000000000002,1.01,DOWN WATCH,-6,"BTC15-,PM15-,PM30-"
2026-09-21 17:31:59,1790011918,btc-updown-5m-1790011800,182,85868.2,85884.93,-16.729999999995925,0.9899999999906868,-18.55999999999767,-16.220000000001164,-13.190000000002328,0.3,0.31,0.305,0.68,0.69,0.685,4454.59,657.88,3160.4500000000003,2891.7,0.7426371206090207,0.04440570706277942,-0.010000000000000009,-0.020000000000000018,-0.08000000000000002,1.0,WAIT,0,"PM30-,UP_BOOK"
2026-09-21 17:32:01,1790011920,btc-updown-5m-1790011800,180,85867.2,85884.93,-17.729999999995925,-1.0,7.94999999999709,-23.05000000000291,-18.55000000000291,0.26,0.27,0.265,0.73,0.74,0.735,1980.48,1899.37,1874.37,2000.48,0.020905447375542903,-0.03254577596552128,-0.04999999999999999,0.020000000000000018,-0.18,1.01,WAIT,-2,"PM5-,PM30-"
2026-09-21 17:32:02,1790011922,btc-updown-5m-1790011800,178,85867.2,85884.93,-17.729999999995925,-0.9900000000052387,7.940000000002328,-23.05000000000291,-27.180000000007567,0.27,0.28,0.275,0.72,0.73,0.725,1995.79,1620.13,2049.82,3355.9700000000003,0.10389057280028315,-0.24162055869724866,-0.019999999999999962,0.05000000000000002,-0.16999999999999998,1.01,WAIT,1,"PM15+,PM30-"
2026-09-21 17:32:04,1790011923,btc-updown-5m-1790011800,177,85867.2,85884.93,-17.729999999995925,-1.0,11.410000000003492,-23.05000000000291,-27.180000000007567,0.26,0.27,0.265,0.73,0.74,0.735,1610.29,3373.13,3199.76,1538.29,-0.3537410051731542,0.3506653581114594,-0.03999999999999998,0.05000000000000002,-0.18,1.01,WAIT,-2,"PM5-,PM15+,PM30-,DOWN_BOOK"
2026-09-21 17:32:06,1790011925,btc-updown-5m-1790011800,175,85867.2,85884.93,-17.729999999995925,0.0,11.410000000003492,-23.05000000000291,-28.210000000006403,0.26,0.27,0.265,0.73,0.74,0.735,1816.1699999999998,3670.79,3570.79,1047.05,-0.33800501552772394,0.546519584914159,0.0,0.04000000000000001,-0.16999999999999998,1.01,WAIT,-3,"PM30-,DOWN_BOOK"
2026-09-21 17:32:08,1790011927,btc-updown-5m-1790011800,173,85867.21,85884.93,-17.719999999986612,0.010000000009313226,4.680000000007567,-32.79999999998836,-28.19999999999709,0.26,0.27,0.265,0.73,0.74,0.735,4732.87,1731.0500000000002,1821.88,4627.87,0.4643962177749724,-0.43505407186325046,-0.010000000000000009,-0.04999999999999999,-0.19,1.01,WAIT,-1,"BTC30-,PM30-,UP_BOOK"
2026-09-21 17:32:09,1790011929,btc-updown-5m-1790011800,171,85867.2,85884.93,-17.729999999995925,0.0,-0.010000000009313226,-32.80999999999767,-28.210000000006403,0.26,0.27,0.265,0.73,0.74,0.735,4446.4,1857.29,1858.6000000000001,4438.4,0.4107292712680985,-0.409687152612355,0.0,-0.04999999999999999,-0.16999999999999998,1.01,WAIT,-1,"BTC30-,PM30-,UP_BOOK"
2026-09-21 17:32:11,1790011930,btc-updown-5m-1790011800,170,85867.21,85884.93,-17.719999999986612,0.010000000009313226,-0.9899999999906868,-32.79999999998836,-28.19999999999709,0.27,0.28,0.275,0.72,0.73,0.725,2071.33,1725.83,1905.83,2634.6499999999996,0.09098905497793087,-0.160516068785679,0.010000000000000009,-0.03999999999999998,-0.15999999999999998,1.01,WAIT,-3,"BTC30-,PM30-"
2026-09-21 17:32:13,1790011932,btc-updown-5m-1790011800,168,85867.2,85884.93,-17.729999999995925,-0.010000000009313226,-0.9900000000052387,-32.80999999999767,-28.220000000001164,0.23,0.24,0.235,0.76,0.77,0.765,1568.12,3260.66,2529.94,1724.6499999999999,-0.3505108950915138,0.1892755823710393,-0.030000000000000027,-0.06,-0.2,1.01,WAIT,-7,DOWN_TOO_EXPENSIVE
2026-09-21 17:32:14,1790011934,btc-updown-5m-1790011800,166,85867.21,85884.93,-17.719999999986612,0.010000000009313226,-0.9899999999906868,7.960000000006403,-17.19999999999709,0.25,0.26,0.255,0.74,0.75,0.745,1933.01,2623.88,2763.88,1755.98,-0.1516099796132889,0.2229936325461408,-0.010000000000000009,-0.04999999999999999,0.010000000000000009,1.01,WAIT,0,
2026-09-21 17:32:16,1790011935,btc-updown-5m-1790011800,165,85867.07,85884.93,-17.85999999998603,-0.13999999999941792,-0.1299999999901047,7.820000000006985,-17.339999999996508,0.21,0.22,0.215,0.78,0.79,0.785,474.65,4424.59,4320.389999999999,216.65,-0.8062352528147223,0.904497205226315,-0.060000000000000026,-0.05000000000000002,-0.03,1.01,WAIT,-5,"PM5-,PM15-,DOWN_BOOK"
2026-09-21 17:32:18,1790011937,btc-updown-5m-1790011800,163,85859.16,85884.93,-25.769999999989523,-8.039999999993597,-8.039999999993597,-0.09999999999126885,-25.25999999999476,0.27,0.28,0.275,0.72,0.73,0.725,1119.21,2278.52,2362.1499999999996,2080.79,-0.3412013314771921,0.06332743633720007,0.040000000000000036,0.0,0.05000000000000002,1.01,WAIT,-2,"BTC_BELOW,PM5+"
2026-09-21 17:32:20,1790011939,btc-updown-5m-1790011800,161,85859.16,85884.93,-25.769999999989523,-8.05000000000291,-8.039999999993597,3.3700000000098953,-25.25999999999476,0.24,0.25,0.245,0.75,0.76,0.755,1095.32,2602.93,3124.4399999999996,1085.32,-0.4076549719461907,0.4843791570065752,-0.010000000000000009,-0.020000000000000018,0.03,1.01,WAIT,-4,"BTC_BELOW,DOWN_BOOK"
2026-09-21 17:32:21,1790011941,btc-updown-5m-1790011800,159,85859.15,85884.93,-25.779999999998836,-7.920000000012806,-8.05000000000291,-3.3800000000046566,-25.260000000009313,0.21,0.22,0.215,0.78,0.79,0.785,563.94,2340.15,2340.15,563.94,-0.6116236067064037,0.6116236067064037,0.0,-0.05000000000000002,-0.1,1.01,WAIT,-7,DOWN_TOO_EXPENSIVE
2026-09-21 17:32:23,1790011942,btc-updown-5m-1790011800,158,85860.8,85884.93,-24.129999999990105,1.639999999999418,-6.4100000000034925,-1.7299999999959255,-23.619999999995343,0.28,0.29,0.28500000000000003,0.7,0.71,0.705,2322.72,518.17,228.09,3497.13,0.6352058685834369,-0.8775428028411744,0.010000000000000009,0.020000000000000018,-0.02999999999999997,1.0,WAIT,0,"BTC_BELOW,UP_BOOK"
2026-09-21 17:32:25,1790011944,btc-updown-5m-1790011800,156,85879.38,85884.93,-5.5499999999883585,20.220000000001164,12.180000000007567,12.169999999998254,-5.029999999998836,0.36,0.37,0.365,0.63,0.64,0.635,944.44,2570.4,3527.6000000000004,374.0,-0.462598582012268,0.8082837810129178,0.12,0.09999999999999998,0.04999999999999999,1.01,WAIT,2,"BTC5+,PM5+,PM15+,DOWN_BOOK"
2026-09-21 17:32:27,1790011946,btc-updown-5m-1790011800,154,85879.38,85884.93,-5.5499999999883585,20.230000000010477,12.169999999998254,11.190000000002328,-5.039999999993597,0.3,0.34,0.32,0.7,0.71,0.705,84.43,3552.8900000000003,1743.72,561.44,-0.9535757095883783,0.5128841381943119,0.10500000000000001,0.044999999999999984,0.025000000000000022,1.05,WAIT,0,"BTC5+,PM5+,DOWN_BOOK"
2026-09-21 17:32:28,1790011948,btc-updown-5m-1790011800,152,85879.37,85884.93,-5.559999999997672,18.569999999992433,12.169999999998254,11.169999999998254,-5.05000000000291,0.27,0.28,0.275,0.72,0.73,0.725,1780.3200000000002,2038.0,2059.63,2545.76,-0.06748517672693745,-0.10555674980837672,-0.010000000000000009,0.040000000000000036,-0.02999999999999997,1.01,WAIT,1,BTC5+
2026-09-21 17:32:30,1790011949,btc-updown-5m-1790011800,151,85879.38,85884.93,-5.5499999999883585,0.0,12.169999999998254,11.180000000007567,-5.039999999993597,0.31,0.32,0.315,0.62,0.63,0.625,1870.21,26.0,1122.73,483.46,0.9725768770336619,0.39800397213281113,-0.04999999999999999,0.06,0.010000000000000009,0.95,WAIT,1,"PM5-,PM15+,UP_BOOK,DOWN_BOOK"
2026-09-21 17:32:32,1790011951,btc-updown-5m-1790011800,149,85884.98,85884.93,0.05000000000291038,5.599999999991269,17.90999999998894,17.779999999998836,-5.2700000000040745,0.35,0.36,0.355,0.65,0.66,0.655,1899.9,2327.66,1952.75,2114.49,-0.10118366149741218,-0.03976652471946573,0.034999999999999976,0.13999999999999999,0.08999999999999997,1.02,WAIT,4,"PM5+,PM15+,PM30+"
2026-09-21 17:32:34,1790011953,btc-updown-5m-1790011800,147,85884.98,85884.93,0.05000000000291038,5.610000000000582,25.819999999992433,17.779999999998836,-5.2700000000040745,0.34,0.35,0.345,0.65,0.66,0.655,1627.8600000000001,1774.16,1788.8700000000003,2789.86,-0.043003862411155704,-0.21861738953814697,0.06999999999999995,0.06999999999999995,0.07999999999999996,1.01,UP WATCH,6,"BTC15+,PM5+,PM15+,PM30+"
2026-09-21 17:32:35,1790011955,btc-updown-5m-1790011800,145,85884.98,85884.93,0.05000000000291038,5.599999999991269,25.819999999992433,17.779999999998836,-5.2700000000040745,0.34,0.35,0.345,0.65,0.66,0.655,655.86,2998.1899999999996,3429.19,1265.86,-0.6410229745077379,0.4607682559291168,0.02999999999999997,0.09999999999999998,0.07999999999999996,1.01,WAIT,3,"BTC15+,PM15+,PM30+,DOWN_BOOK"
2026-09-21 17:32:37,1790011956,btc-updown-5m-1790011800,144,85884.98,85884.93,0.05000000000291038,0.0,25.830000000001746,17.779999999998836,-5.2700000000040745,0.33,0.34,0.335,0.66,0.67,0.665,1368.79,2776.24,2786.24,2607.35,-0.3395512215834385,0.03316714841135494,-0.019999999999999962,0.12000000000000002,0.07,1.01,WAIT,4,"BTC15+,PM15+,PM30+"
2026-09-21 17:32:39,1790011958,btc-updown-5m-1790011800,142,85884.99,85884.93,0.06000000001222361,0.010000000009313226,24.19000000000233,17.779999999998836,-15.019999999989523,0.33,0.34,0.335,0.66,0.67,0.665,1184.81,2927.0299999999997,3926.26,302.31,-0.42370812093855786,0.8570154922349635,-0.009999999999999953,0.04999999999999999,0.07,1.01,WAIT,1,"BTC15+,PM30+,DOWN_BOOK"
2026-09-21 17:32:40,1790011960,btc-updown-5m-1790011800,140,85884.98,85884.93,0.05000000000291038,0.0,5.599999999991269,17.769999999989523,-15.029999999998836,0.31,0.32,0.315,0.68,0.69,0.685,1672.8700000000001,2557.21,2317.8,2433.31,-0.2090598759361525,-0.024312213356457703,-0.02999999999999997,-0.04999999999999999,0.03999999999999998,1.01,WAIT,0,
2026-09-21 17:32:42,1790011961,btc-updown-5m-1790011800,139,85884.98,85884.93,0.05000000000291038,0.0,5.599999999991269,17.769999999989523,-15.029999999998836,0.33,0.34,0.335,0.66,0.67,0.665,1721.5,2174.23,2210.81,2469.9700000000003,-0.11621185246410815,-0.05536684056930688,0.0,0.015000000000000013,0.06,1.01,WAIT,0,
2026-09-21 17:32:44,1790011963,btc-updown-5m-1790011800,137,85884.98,85884.93,0.05000000000291038,-0.010000000009313226,5.610000000000582,17.779999999998836,-1.7799999999988358,0.35,0.36,0.355,0.64,0.65,0.645,1568.57,3640.0699999999997,3640.0699999999997,1568.57,-0.3977045831541439,0.3977045831541439,0.019999999999999962,0.07999999999999996,0.12,1.01,WAIT,1,"PM15+,PM30+,DOWN_BOOK"
2026-09-21 17:32:45,1790011965,btc-updown-5m-1790011800,135,85884.98,85884.93,0.05000000000291038,0.0,5.599999999991269,17.90999999998894,25.729999999995925,0.34,0.35,0.345,0.65,0.66,0.655,1781.03,1614.67,1735.23,2553.58,0.048991371440351004,-0.19081050454554993,0.02999999999999997,0.02999999999999997,0.12999999999999998,1.01,WAIT,1,PM30+
2026-09-21 17:32:47,1790011966,btc-updown-5m-1790011800,134,85884.98,85884.93,0.05000000000291038,0.0,0.0,17.90999999998894,25.720000000001164,0.32,0.33,0.325,0.67,0.68,0.675,1245.43,2596.31,2682.94,2001.86,-0.3516323332656557,0.14538080601092898,-0.010000000000000009,-0.02999999999999997,0.11000000000000001,1.01,WAIT,0,PM30+
2026-09-21 17:32:49,1790011968,btc-updown-5m-1790011800,132,85884.98,85884.93,0.05000000000291038,0.0,0.0,25.819999999992433,29.19000000000233,0.31,0.32,0.315,0.68,0.69,0.685,4118.23,1794.3,1484.3,4114.23,0.39305170544589196,-0.4697536674805707,-0.03999999999999998,-0.02999999999999997,0.03999999999999998,1.01,WAIT,1,"PM5-,UP_BOOK"
2026-09-21 17:32:51,1790011970,btc-updown-5m-1790011800,130,85884.99,85884.93,0.06000000001222361,0.010000000009313226,0.010000000009313226,25.830000000001746,29.20000000001164,0.34,0.35,0.345,0.65,0.66,0.655,2868.84,622.0,862.56,4483.25,0.6436387803508611,-0.6772949281773951,0.0,0.0,0.09999999999999998,1.01,WAIT,3,"PM30+,UP_BOOK"
2026-09-21 17:32:53,1790011972,btc-updown-5m-1790011800,128,85884.99,85884.93,0.06000000001222361,0.010000000009313226,0.010000000009313226,24.19000000000233,22.460000000006403,0.36,0.37,0.365,0.63,0.64,0.635,3084.5099999999998,1442.83,1502.83,2974.75,0.3626146920708407,-0.328731144948834,0.03999999999999998,0.02999999999999997,0.07999999999999996,1.01,WAIT,4,"PM5+,PM30+,UP_BOOK"
2026-09-21 17:32:55,1790011974,btc-updown-5m-1790011800,126,85884.98,85884.93,0.05000000000291038,0.0,-0.010000000009313226,5.599999999991269,17.769999999989523,0.34,0.35,0.345,0.65,0.66,0.655,1378.81,2414.1600000000003,1835.6299999999999,3220.3499999999995,-0.27296551251394036,-0.27387766565532295,0.02999999999999997,0.009999999999999953,-0.020000000000000018,1.01,WAIT,0,
2026-09-21 17:32:57,1790011976,btc-updown-5m-1790011800,124,85884.98,85884.93,0.05000000000291038,-0.010000000009313226,0.0,5.599999999991269,16.789999999993597,0.41,0.43,0.42,0.4,0.5,0.45,317.0,10.0,250.95000000000002,662.0,0.9388379204892966,-0.450243715428008,0.07500000000000001,0.08499999999999996,0.09999999999999998,0.9299999999999999,UP WATCH,6,"PM5+,PM15+,PM30+,UP_BOOK"
2026-09-21 17:32:58,1790011978,btc-updown-5m-1790011800,122,85918.32,85884.93,33.39000000001397,33.330000000001746,33.34000000001106,38.95000000001164,50.120000000009895,0.6,0.61,0.605,0.39,0.4,0.395,2285.9,1467.23,1395.54,1831.9,0.21812993421490864,-0.13520313313338128,0.24,0.25,0.32999999999999996,1.01,UP WATCH,12,"BTC_ABOVE,BTC5+,BTC15+,BTC30+,BTC60+,PM5+,PM15+,PM30+"
2026-09-21 17:33:00,1790011979,btc-updown-5m-1790011800,121,85920.0,85884.93,35.070000000006985,35.020000000004075,35.020000000004075,40.61999999999534,51.80000000000291,0.62,0.63,0.625,0.35,0.36,0.355,1466.0700000000002,891.69,370.61999999999995,1206.37,0.24361258143322478,-0.5299653136671761,0.28,0.27,0.31,0.99,UP WATCH,13,"BTC_ABOVE,BTC5+,BTC15+,BTC30+,BTC60+,PM5+,PM15+,PM30+"
2026-09-21 17:33:02,1790011981,btc-updown-5m-1790011800,119,85922.71,85884.93,37.78000000001339,37.73000000001048,37.73000000001048,37.73000000001048,55.51000000000931,0.67,0.68,0.675,0.31,0.32,0.315,2475.33,1323.38,2440.77,1490.99,0.3032476814497553,0.24156611797261276,0.25500000000000006,0.35000000000000003,0.32000000000000006,1.0,UP WATCH,13,"BTC_ABOVE,BTC5+,BTC15+,BTC30+,BTC60+,PM5+,PM15+,PM30+,UP_BOOK"
2026-09-21 17:33:04,1790011983,btc-updown-5m-1790011800,117,85928.31,85884.93,43.38000000000466,9.989999999990687,43.330000000001746,43.330000000001746,61.11000000000058,0.67,0.68,0.675,0.32,0.33,0.325,2224.77,1383.92,589.67,2081.77,0.2330069914567336,-0.5585377174857006,0.07000000000000006,0.36000000000000004,0.33000000000000007,1.01,UP WATCH,12,"BTC_ABOVE,BTC15+,BTC30+,BTC60+,PM5+,PM15+,PM30+"
2026-09-21 17:33:06,1790011985,btc-updown-5m-1790011800,115,85928.31,85884.93,43.38000000000466,8.309999999997672,43.31999999999243,43.330000000001746,61.11000000000058,0.63,0.64,0.635,0.36,0.37,0.365,1039.42,1499.79,1499.79,964.4200000000001,-0.18130442145391673,0.21725826938450857,0.010000000000000009,0.29000000000000004,0.29000000000000004,1.01,UP WATCH,10,"BTC_ABOVE,BTC15+,BTC30+,BTC60+,PM15+,PM30+"
2026-09-21 17:33:07,1790011987,btc-updown-5m-1790011800,113,85925.62,85884.93,40.69000000000233,2.9099999999889405,40.629999999990105,40.63999999999942,58.40999999998894,0.55,0.56,0.555,0.45,0.46,0.455,605.73,336.11,377.32,684.09,0.2862694300518135,-0.28902120763889544,-0.12,0.19000000000000006,0.22000000000000003,1.02,UP WATCH,11,"BTC_ABOVE,BTC15+,BTC30+,BTC60+,PM5-,PM15+,PM30+,UP_BOOK"
2026-09-21 17:33:09,1790011988,btc-updown-5m-1790011800,112,85924.24,85884.93,39.310000000012224,-4.069999999992433,39.25,39.25,57.029999999998836,0.52,0.53,0.525,0.47,0.48,0.475,2553.79,391.0,1100.09,1446.97,0.7344462593257923,-0.13618838975132116,-0.15000000000000002,0.16000000000000003,0.19,1.01,UP WATCH,10,"BTC_ABOVE,BTC15+,BTC30+,BTC60+,PM5-,PM15+,PM30+,UP_BOOK"
2026-09-21 17:33:11,1790011990,btc-updown-5m-1790011800,110,85920.06,85884.93,35.13000000000466,-8.25,35.080000000001746,35.080000000001746,52.84999999999127,0.52,0.53,0.525,0.47,0.48,0.475,1408.3000000000002,912.0,1140.3899999999999,1219.8700000000001,0.21389475498857913,-0.0336742562260091,-0.10999999999999999,0.18000000000000005,0.21000000000000002,1.01,UP WATCH,9,"BTC_ABOVE,BTC15+,BTC30+,BTC60+,PM5-,PM15+,PM30+"
2026-09-21 17:33:13,1790011992,btc-updown-5m-1790011800,108,85920.05,85884.93,35.120000000009895,-5.569999999992433,35.070000000006985,35.070000000006985,52.85000000000582,0.53,0.54,0.535,0.46,0.47,0.46499999999999997,2416.83,1070.88,1049.22,1830.29,0.3859122461443181,-0.2712510114568103,-0.020000000000000018,0.11500000000000005,0.2,1.01,UP WATCH,12,"BTC_ABOVE,BTC15+,BTC30+,BTC60+,PM15+,PM30+,UP_BOOK"
2026-09-21 17:33:14,1790011994,btc-updown-5m-1790011800,106,85920.0,85884.93,35.070000000006985,-4.240000000005239,0.0,35.020000000004075,52.7899999999936,0.49,0.5,0.495,0.51,0.52,0.515,1903.19,994.25,617.99,2989.21,0.31370451156883317,-0.6573575072078067,-0.030000000000000027,-0.13,0.14,1.02,WAIT,5,"BTC_ABOVE,BTC30+,BTC60+,PM5-,PM15-,PM30+,UP_BOOK"
2026-09-21 17:33:16,1790011995,btc-updown-5m-1790011800,105,85920.0,85884.93,35.070000000006985,-0.059999999997671694,0.0,35.020000000004075,52.929999999993015,0.52,0.53,0.525,0.45,0.46,0.455,4553.93,355.0,373.81,3763.86,0.8553656295771176,-0.8193137683768885,0.0,-0.09999999999999998,0.18000000000000005,0.99,UP WATCH,6,"BTC_ABOVE,BTC30+,BTC60+,PM15-,PM30+,UP_BOOK"
2026-09-21 17:33:18,1790011997,btc-updown-5m-1790011800,103,85920.0,85884.93,35.070000000006985,-0.05000000000291038,-2.710000000006403,35.020000000004075,60.83999999999651,0.53,0.54,0.535,0.49,0.5,0.495,351.0,2751.46,2538.79,344.66999999999996,-0.7737279449211271,0.7609330457159107,0.0,-0.14,0.21000000000000002,1.04,WAIT,2,"BTC_ABOVE,BTC30+,BTC60+,PM15-,PM30+,DOWN_BOOK"
2026-09-21 17:33:20,1790011999,btc-updown-5m-1790011800,101,85918.33,85884.93,33.40000000000873,-1.6699999999982538,-9.979999999995925,33.35000000000582,59.169999999998254,0.5,0.51,0.505,0.51,0.52,0.515,3268.16,845.1300000000001,633.94,4134.02,0.5890734667383043,-0.7340833396253323,0.010000000000000009,-0.17000000000000004,0.19,1.03,UP WATCH,6,"BTC_ABOVE,BTC30+,BTC60+,PM15-,PM30+,UP_BOOK"
2026-09-21 17:33:21,1790012001,btc-updown-5m-1790011800,99,85918.33,85884.93,33.40000000000873,-1.6699999999982538,-9.979999999995925,33.33999999999651,59.18000000000757,0.48,0.49,0.485,0.51,0.52,0.515,3441.99,1090.75,1105.75,3716.99,0.5187237741410272,-0.5414432459556185,-0.040000000000000036,-0.15000000000000002,0.14,1.01,WAIT,5,"BTC_ABOVE,BTC30+,BTC60+,PM5-,PM15-,PM30+,UP_BOOK"
2026-09-21 17:33:23,1790012002,btc-updown-5m-1790011800,98,85918.33,85884.93,33.40000000000873,-1.6699999999982538,-7.289999999993597,33.33999999999651,57.529999999998836,0.48,0.49,0.485,0.51,0.52,0.515,3638.2999999999997,1773.18,1670.92,3869.13,0.34465987123670416,-0.3967852275701483,-0.050000000000000044,-0.07000000000000006,0.12,1.01,WAIT,5,"BTC_ABOVE,BTC30+,BTC60+,PM5-,PM15-,PM30+,UP_BOOK"
2026-09-21 17:33:25,1790012004,btc-updown-5m-1790011800,96,85918.33,85884.93,33.40000000000873,0.0,-5.9100000000034925,33.35000000000582,38.94999999999709,0.54,0.55,0.545,0.45,0.46,0.455,1795.76,1719.45,1332.58,1384.69,0.021708518125517377,-0.019177336076282494,0.040000000000000036,0.020000000000000018,0.20000000000000007,1.01,UP WATCH,6,"BTC_ABOVE,BTC30+,PM5+,PM30+"
2026-09-21 17:33:27,1790012006,btc-updown-5m-1790011800,94,85918.33,85884.93,33.40000000000873,0.0,-1.7299999999959255,33.35000000000582,38.94999999999709,0.59,0.6,0.595,0.4,0.41,0.405,468.6,454.51,740.2099999999999,271.88,0.01526361972029339,0.4627355274728532,0.10999999999999999,0.06999999999999995,0.175,1.01,UP WATCH,7,"BTC_ABOVE,BTC30+,PM5+,PM15+,PM30+,DOWN_BOOK"
2026-09-21 17:33:28,1790012008,btc-updown-5m-1790011800,92,85918.33,85884.93,33.40000000000873,0.0,-1.7200000000011642,0.00999999999476131,38.9600000000064,0.59,0.6,0.595,0.41,0.42,0.415,972.0,2335.48,2577.08,58.0,-0.41224134386300143,0.9559785661156398,0.10999999999999999,0.05999999999999994,-0.010000000000000009,1.02,WAIT,3,"BTC_ABOVE,PM5+,PM15+,DOWN_BOOK"
2026-09-21 17:33:30,1790012009,btc-updown-5m-1790011800,91,85918.33,85884.93,33.40000000000873,0.0,-1.6699999999982538,-1.6699999999982538,38.94999999999709,0.54,0.55,0.545,0.45,0.46,0.455,2240.83,833.8299999999999,1013.8399999999999,1835.83,0.4576115733121711,-0.28845094344257405,0.0,0.050000000000000044,-0.07999999999999996,1.01,WAIT,5,"BTC_ABOVE,PM15+,PM30-,UP_BOOK"
2026-09-21 17:33:32,1790012011,btc-updown-5m-1790011800,89,85918.33,85884.93,33.40000000000873,0.0,-1.6699999999982538,-4.380000000004657,33.35000000000582,0.52,0.53,0.525,0.46,0.47,0.46499999999999997,1972.36,1451.79,1680.67,1356.27,0.15202897069345678,0.10681804711321267,-0.06999999999999995,0.0,-0.15000000000000002,1.0,WAIT,0,"BTC_ABOVE,PM5-,PM30-"
2026-09-21 17:33:34,1790012013,btc-updown-5m-1790011800,87,85918.34,85884.93,33.41000000000349,0.00999999999476131,-1.6600000000034925,-9.970000000001164,33.36000000000058,0.54,0.55,0.545,0.45,0.46,0.455,1067.3,1944.32,1598.04,1142.3,-0.2912120387034221,0.16630783041520394,-0.04999999999999993,0.010000000000000009,-0.13,1.01,WAIT,-1,"BTC_ABOVE,PM5-,PM30-"
2026-09-21 17:33:35,1790012015,btc-updown-5m-1790011800,85,85918.33,85884.93,33.40000000000873,0.0,0.0,-9.979999999995925,33.35000000000582,0.54,0.55,0.545,0.47,0.48,0.475,708.3000000000001,2313.0,2465.5,266.59000000000003,-0.5311289842120941,0.8048453747863357,0.0,0.040000000000000036,-0.08999999999999997,1.03,WAIT,-1,"BTC_ABOVE,PM30-,DOWN_BOOK"
2026-09-21 17:33:37,1790012016,btc-updown-5m-1790011800,84,85918.33,85884.93,33.40000000000873,0.0,0.0,-9.979999999995925,33.35000000000582,0.57,0.58,0.575,0.42,0.43,0.425,2079.9500000000003,1701.84,1931.94,723.5699999999999,0.09998175467172962,0.4550425342024696,0.04999999999999993,0.08999999999999997,-0.06000000000000005,1.01,WAIT,4,"BTC_ABOVE,PM5+,PM15+,DOWN_BOOK"
2026-09-21 17:33:39,1790012018,btc-updown-5m-1790011800,82,85918.33,85884.93,33.40000000000873,-0.00999999999476131,0.0,-5.9100000000034925,33.33999999999651,0.47,0.49,0.48,0.52,0.53,0.525,109.0,1055.3600000000001,1442.0,1094.72,-0.8127726819883885,0.1369011952442524,-0.06500000000000006,-0.0050000000000000044,-0.04500000000000004,1.02,WAIT,0,"BTC_ABOVE,PM5-"
2026-09-21 17:33:41,1790012020,btc-updown-5m-1790011800,80,85918.33,85884.93,33.40000000000873,0.0,0.0,-1.7299999999959255,33.35000000000582,0.51,0.52,0.515,0.48,0.49,0.485,1877.49,965.17,944.56,1835.72,0.3209388389747631,-0.3205288675960695,-0.030000000000000027,-0.030000000000000027,-0.010000000000000009,1.01,WAIT,3,"BTC_ABOVE,PM5-,UP_BOOK"
2026-09-21 17:33:43,1790012022,btc-updown-5m-1790011800,78,85902.23,85884.93,17.30000000000291,-16.10000000000582,-16.10000000000582,-17.820000000006985,17.25,0.3,0.31,0.305,0.66,0.67,0.665,1914.94,508.53,41.0,1749.5500000000002,0.5803290323379287,-0.9542040155259557,-0.26999999999999996,-0.29,-0.23000000000000004,0.98,WAIT,-3,"BTC5-,PM5-,PM15-,PM30-,UP_BOOK"
2026-09-21 17:33:44,1790012024,btc-updown-5m-1790011800,76,85903.25,85884.93,18.320000000006985,-15.080000000001746,-15.080000000001746,-16.75,18.270000000004075,0.55,0.56,0.555,0.44,0.45,0.445,743.57,1341.37,685.24,1538.5700000000002,-0.2867228793154718,-0.38372432896695313,0.07500000000000007,0.010000000000000009,0.06000000000000005,1.01,WAIT,0,"BTC5-,PM5+"
2026-09-21 17:33:46,1790012025,btc-updown-5m-1790011800,75,85907.54,85884.93,22.610000000000582,-10.790000000008149,-10.790000000008149,-12.460000000006403,22.55999999999767,0.36,0.37,0.365,0.65,0.66,0.655,690.56,1073.83,1302.8400000000001,699.1500000000001,-0.21722521664711317,0.3015449627620517,-0.15000000000000002,-0.18000000000000005,-0.16000000000000003,1.03,WAIT,-4,"BTC_ABOVE,BTC5-,PM5-,PM15-,PM30-,DOWN_BOOK"
2026-09-21 17:33:48,1790012027,btc-updown-5m-1790011800,73,85902.57,85884.93,17.64000000001397,0.34000000001105946,-15.759999999994761,-17.429999999993015,17.59000000001106,0.22,0.24,0.22999999999999998,0.77,0.78,0.775,446.96,451.38,241.0,791.3100000000001,-0.004920186121067765,-0.5330859916110472,-0.07500000000000001,-0.29500000000000004,-0.30500000000000005,1.02,WAIT,-3,"PM5-,PM15-,PM30-"
2026-09-21 17:33:50,1790012029,btc-updown-5m-1790011800,71,85885.0,85884.93,0.07000000000698492,-18.25,-33.33999999999651,-33.330000000001746,0.020000000004074536,0.32,0.33,0.325,0.81,0.84,0.825,32.64,1865.0,1047.28,70.74,-0.9655993760671149,0.8734548576948534,-0.23000000000000004,-0.22000000000000003,-0.18,1.17,WAIT,-11,DOWN_TOO_EXPENSIVE
2026-09-21 17:33:52,1790012031,btc-updown-5m-1790011800,69,85875.17,85884.93,-9.759999999994761,-32.36999999999534,-43.16000000000349,-43.16000000000349,-9.820000000006985,0.15,0.16,0.155,0.74,0.75,0.745,3437.02,25.0,718.0799999999999,305.0,0.985557564658783,0.40376119169566405,-0.21,-0.41999999999999993,-0.32999999999999996,0.91,DOWN WATCH,-9,"BTC5-,BTC15-,BTC30-,PM5-,PM15-,PM30-,UP_BOOK,DOWN_BOOK"
2026-09-21 17:33:53,1790012033,btc-updown-5m-1790011800,67,85879.31,85884.93,-5.619999999995343,-23.260000000009313,-39.020000000004075,-39.020000000004075,-5.680000000007567,0.26,0.27,0.265,0.73,0.74,0.735,986.9000000000001,1266.1999999999998,1763.02,980.1800000000001,-0.12396254049975577,0.28537474482356373,0.03500000000000003,-0.21499999999999997,-0.21999999999999997,1.01,DOWN WATCH,-8,"BTC5-,BTC15-,BTC30-,PM5+,PM15-,PM30-,DOWN_BOOK"
2026-09-21 17:33:55,1790012034,btc-updown-5m-1790011800,66,85880.68,85884.93,-4.25,-4.320000000006985,-37.65000000000873,-37.65000000000873,-4.30000000000291,0.21,0.22,0.215,0.78,0.79,0.785,614.71,2497.81,2384.44,390.75,-0.6050081605901327,0.718397659259366,-0.11000000000000001,-0.265,-0.33000000000000007,1.01,WAIT,-10,DOWN_TOO_EXPENSIVE
2026-09-21 17:33:57,1790012036,btc-updown-5m-1790011800,64,85880.68,85884.93,-4.25,5.509999999994761,-37.65000000000873,-37.65000000000873,-4.30000000000291,0.2,0.21,0.20500000000000002,0.79,0.8,0.795,730.28,2575.54,2740.46,520.0,-0.5581852611454949,0.6810266036080799,0.05000000000000002,-0.31,-0.38999999999999996,1.01,WAIT,-8,DOWN_TOO_EXPENSIVE
2026-09-21 17:33:58,1790012038,btc-updown-5m-1790011800,62,85880.68,85884.93,-4.25,1.3699999999953434,-21.55000000000291,-37.65000000000873,-37.64000000001397,0.18,0.19,0.185,0.81,0.82,0.815,2221.85,434.6,570.79,2181.85,0.6727964012121441,-0.5852781329923273,-0.08000000000000002,-0.12,-0.41,1.01,WAIT,-6,DOWN_TOO_EXPENSIVE
2026-09-21 17:34:00,1790012039,btc-updown-5m-1790011800,61,85889.26,85884.93,4.330000000001746,8.580000000001746,-13.990000000005239,-29.070000000006985,-30.74000000000524,0.22,0.32,0.27,0.68,0.69,0.685,1229.99,1.0,9.68,168.09,0.9983752914320994,-0.8910952354165494,0.05500000000000002,-0.28500000000000003,-0.275,1.01,WAIT,0,"PM5+,PM15-,PM30-,UP_BOOK"
2026-09-21 17:34:02,1790012041,btc-updown-5m-1790011800,59,85901.69,85884.93,16.760000000009313,21.010000000009313,-5.849999999991269,-16.639999999999418,-21.020000000004075,0.33,0.34,0.335,0.66,0.67,0.665,232.34,1012.66,809.66,480.0,-0.6267630522088353,0.25561775971961603,0.13,-0.02999999999999997,-0.19,1.01,WAIT,-1,"BTC5+,PM5+,PM30-,DOWN_BOOK"
2026-09-21 17:34:04,1790012043,btc-updown-5m-1790011800,57,85901.69,85884.93,16.760000000009313,21.010000000009313,-0.8800000000046566,-16.64999999999418,-26.619999999995343,0.29,0.3,0.295,0.71,0.72,0.715,620.0,1249.21,1519.52,382.0,-0.33661814349377545,0.5982161639109764,0.10999999999999999,0.065,-0.25000000000000006,1.02,WAIT,1,"BTC5+,PM5+,PM15+,PM30-,DOWN_BOOK"
2026-09-21 17:34:05,1790012045,btc-updown-5m-1790011800,55,85901.68,85884.93,16.75,12.419999999998254,16.679999999993015,-16.65000000000873,-26.630000000004657,0.27,0.28,0.275,0.72,0.73,0.725,1107.42,910.48,295.48,1219.42,0.09759651122454038,-0.6099016436728497,0.0050000000000000044,-0.04999999999999999,-0.27,1.01,WAIT,1,"BTC5+,PM30-"
2026-09-21 17:34:07,1790012046,btc-updown-5m-1790011800,54,85901.68,85884.93,16.75,-0.010000000009313226,26.50999999999476,-16.65000000000873,-26.630000000004657,0.19,0.23,0.21000000000000002,0.79,0.8,0.795,950.9,1101.0,486.0,811.55,-0.07315171304644477,-0.2508959192323995,-0.125,0.05500000000000002,-0.36499999999999994,1.03,WAIT,3,"BTC15+,PM5-,PM15+,PM30-"
2026-09-21 17:34:09,1790012048,btc-updown-5m-1790011800,52,85901.68,85884.93,16.75,-0.010000000009313226,22.369999999995343,-16.65000000000873,-22.560000000012224,0.24,0.25,0.245,0.75,0.76,0.755,1191.8400000000001,770.67,770.67,1191.8400000000001,0.21460782365440184,-0.21460782365440184,-0.04999999999999999,-0.020000000000000018,-0.235,1.01,WAIT,0,"BTC15+,PM5-,PM30-"
2026-09-21 17:34:11,1790012050,btc-updown-5m-1790011800,50,85901.69,85884.93,16.760000000009313,0.010000000009313226,21.010000000009313,-16.639999999999418,-18.369999999995343,0.34,0.35,0.345,0.66,0.67,0.665,764.4200000000001,1005.6999999999999,1609.57,624.0,-0.13630714301855235,0.44125324032826374,0.06999999999999995,0.12999999999999998,-0.17000000000000004,1.02,WAIT,3,"BTC15+,PM5+,PM15+,PM30-,DOWN_BOOK"
2026-09-21 17:34:12,1790012052,btc-updown-5m-1790011800,48,85901.68,85884.93,16.75,0.0,21.0,-0.5500000000029104,-18.370000000009895,0.31,0.32,0.315,0.68,0.69,0.685,933.51,884.42,649.42,985.46,0.02700323994873292,-0.20554413779604622,0.10499999999999998,0.10999999999999999,0.010000000000000009,1.01,WAIT,5,"BTC15+,PM5+,PM15+"
2026-09-21 17:34:14,1790012053,btc-updown-5m-1790011800,47,85905.46,85884.93,20.530000000013388,3.7800000000133878,24.780000000013388,3.2300000000104774,-14.589999999996508,0.27,0.29,0.28,0.74,0.75,0.745,5.0,578.3299999999999,2207.0,54.0,-0.9828570448973994,0.952233524988943,0.03500000000000003,0.09500000000000003,-0.024999999999999967,1.04,WAIT,5,"BTC_ABOVE,BTC15+,PM5+,PM15+,DOWN_BOOK"
2026-09-21 17:34:16,1790012055,btc-updown-5m-1790011800,45,85905.46,85884.93,20.530000000013388,3.7700000000040745,16.20000000001164,-2.0799999999871943,-14.539999999993597,0.21,0.22,0.215,0.74,0.75,0.745,1828.79,173.0,1799.55,396.0,0.8271546965465908,0.6392703422832547,-0.12999999999999998,-0.05500000000000002,-0.15,0.97,WAIT,-2,"BTC_ABOVE,PM5-,PM15-,PM30-,UP_BOOK,DOWN_BOOK"
2026-09-21 17:34:18,1790012057,btc-updown-5m-1790011800,43,85905.47,85884.93,20.54000000000815,3.790000000008149,3.779999999998836,2.8999999999941792,-14.529999999998836,0.25,0.26,0.255,0.74,0.75,0.745,364.0,2282.0,2644.74,377.66999999999996,-0.7248677248677249,0.7500868512213763,-0.06,-0.08000000000000002,0.025000000000000022,1.01,WAIT,-3,"BTC_ABOVE,PM5-,PM15-,DOWN_BOOK"
2026-09-21 17:34:19,1790012059,btc-updown-5m-1790011800,41,85905.47,85884.93,20.54000000000815,0.00999999999476131,3.779999999998836,20.470000000001164,-12.860000000000582,0.22,0.23,0.225,0.78,0.79,0.785,955.0,1410.0,1758.0,820.67,-0.19238900634249473,0.3634935839017788,-0.05500000000000002,-0.06999999999999998,-0.1,1.02,WAIT,-3,"BTC_ABOVE,PM5-,PM15-,PM30-,DOWN_BOOK"
2026-09-21 17:34:21,1790012060,btc-updown-5m-1790011800,40,85905.47,85884.93,20.54000000000815,0.00999999999476131,3.790000000008149,20.470000000001164,-12.860000000000582,0.2,0.21,0.20500000000000002,0.79,0.8,0.795,844.37,1632.08,1643.71,842.3199999999999,-0.31808031658220437,0.32235733277554984,-0.009999999999999981,-0.07,-0.12,1.01,WAIT,-3,"BTC_ABOVE,PM15-,PM30-,DOWN_BOOK"
2026-09-21 17:34:23,1790012062,btc-updown-5m-1790011800,38,85905.47,85884.93,20.54000000000815,0.0,3.790000000008149,30.30000000000291,-12.860000000000582,0.19,0.2,0.195,0.8,0.81,0.805,586.6700000000001,1811.05,1679.42,324.0,-0.5106434446057087,0.6765530942089027,-0.06,-0.015000000000000013,0.04000000000000001,1.01,WAIT,1,"BTC_ABOVE,BTC30+,PM5-,DOWN_BOOK"
2026-09-21 17:34:24,1790012064,btc-updown-5m-1790011800,36,85905.46,85884.93,20.530000000013388,-0.00999999999476131,3.7800000000133878,24.780000000013388,-12.869999999995343,0.16,0.17,0.165,0.85,0.86,0.855,451.0,1236.05,1051.0,580.98,-0.465338905189532,0.28800598046544684,-0.06,-0.07999999999999999,-0.04999999999999999,1.03,WAIT,-3,"BTC_ABOVE,PM5-,PM15-,DOWN_BOOK"
2026-09-21 17:34:26,1790012065,btc-updown-5m-1790011800,35,85907.53,85884.93,22.60000000000582,2.0599999999976717,5.8399999999965075,26.85000000000582,-10.80000000000291,0.4,0.47,0.435,0.54,0.55,0.545,29.29,426.15999999999997,1043.1599999999999,800.1800000000001,-0.8713799538917553,0.1318150748098559,0.22999999999999998,0.09000000000000002,0.22,1.02,WAIT,5,"BTC_ABOVE,PM5+,PM15+,PM30+"
2026-09-21 17:34:28,1790012067,btc-updown-5m-1790011800,33,85907.53,85884.93,22.60000000000582,2.0599999999976717,5.850000000005821,26.85000000000582,-10.80000000000291,0.36,0.37,0.365,0.53,0.59,0.56,1695.84,10.0,15.9,511.47999999999996,0.9882755709796933,-0.9397019227122757,0.16999999999999998,0.04999999999999999,0.15999999999999998,0.96,UP WATCH,6,"BTC_ABOVE,PM5+,PM30+,UP_BOOK"
2026-09-21 17:34:30,1790012069,btc-updown-5m-1790011800,31,85920.04,85884.93,35.11000000000058,14.579999999987194,14.579999999987194,30.779999999998836,1.709999999991851,0.55,0.56,0.555,0.44,0.45,0.445,215.32999999999998,1269.26,1034.03,744.09,-0.7099131746812252,0.16305986097676195,0.39,0.275,0.28500000000000003,1.01,UP WATCH,8,"BTC_ABOVE,BTC5+,BTC30+,PM5+,PM15+,PM30+"
2026-09-21 17:34:31,1790012071,btc-updown-5m-1790011800,29,85920.04,85884.93,35.11000000000058,12.509999999994761,14.579999999987194,18.34999999999127,1.709999999991851,0.5,0.51,0.505,0.49,0.5,0.495,413.94,250.09,1210.1599999999999,76.94,0.2467508998087436,0.8804444099137595,0.07,0.29000000000000004,0.16999999999999998,1.01,UP WATCH,6,"BTC_ABOVE,BTC5+,PM5+,PM15+,PM30+,DOWN_BOOK"
2026-09-21 17:34:33,1790012072,btc-updown-5m-1790011800,28,85911.29,85884.93,26.360000000000582,3.7599999999947613,5.819999999992433,9.599999999991269,-7.040000000008149,0.13,0.14,0.135,0.86,0.87,0.865,295.69,74.0,554.73,328.04999999999995,0.599664583840515,0.25677971861618987,-0.22999999999999998,-0.12,-0.2,1.01,WAIT,-2,"BTC_ABOVE,PM5-,PM15-,PM30-,UP_BOOK,DOWN_BOOK"
2026-09-21 17:34:35,1790012074,btc-updown-5m-1790011800,26,85911.29,85884.93,26.360000000000582,-8.75,5.819999999992433,9.599999999991269,-7.05000000000291,0.1,0.11,0.10500000000000001,0.92,0.93,0.925,164.11,2340.09,2840.56,301.24999999999994,-0.868932193914224,0.808231560788208,-0.45000000000000007,-0.12,-0.18999999999999997,1.04,WAIT,-4,"BTC_ABOVE,PM5-,PM15-,PM30-,DOWN_BOOK"
2026-09-21 17:34:37,1790012076,btc-updown-5m-1790011800,24,85903.2,85884.93,18.270000000004075,-16.839999999996508,-2.2700000000040745,1.5200000000040745,-15.130000000004657,0.03,0.04,0.035,0.96,0.97,0.965,3940.5099999999998,2216.5699999999997,2512.19,3900.5099999999998,0.2799931136187933,-0.2164953919565861,-0.47,-0.17,-0.17500000000000002,1.01,WAIT,-4,"BTC5-,PM5-,PM15-,PM30-,UP_BOOK"
2026-09-21 17:34:38,1790012078,btc-updown-5m-1790011800,22,85889.44,85884.93,4.510000000009313,-21.84999999999127,-16.029999999998836,-12.239999999990687,-28.889999999999418,,0.01,,0.99,,,0,4780.3099999999995,3492.4,0,-1.0,1.0,,,,,WAIT,-3,"BTC5-,DOWN_BOOK"
2026-09-21 17:34:40,1790012079,btc-updown-5m-1790011800,21,85889.44,85884.93,4.510000000009313,-21.84999999999127,-16.020000000004075,-12.239999999990687,-28.889999999999418,,0.01,,0.99,,,0,6628.06,9181.22,0,-1.0,1.0,,,,,WAIT,-3,"BTC5-,DOWN_BOOK"
2026-09-21 17:34:42,1790012081,btc-updown-5m-1790011800,19,85892.88,85884.93,7.9500000000116415,-10.319999999992433,-14.64999999999418,-8.809999999997672,-25.44999999999709,,0.01,,0.99,,,0,7479.59,7454.650000000001,0,-1.0,1.0,,,,,WAIT,0,TIME_FILTER
2026-09-21 17:34:43,1790012083,btc-updown-5m-1790011800,17,85892.88,85884.93,7.9500000000116415,3.4400000000023283,-14.64999999999418,-12.580000000001746,-9.349999999991269,,0.01,,0.99,,,0,12481.76,12312.68,0,-1.0,1.0,,,,,WAIT,0,TIME_FILTER
2026-09-21 17:34:45,1790012084,btc-updown-5m-1790011800,16,85892.87,85884.93,7.940000000002328,3.429999999993015,-27.169999999998254,-12.59000000001106,-10.380000000004657,,0.01,,0.99,,,0,18616.47,18611.47,0,-1.0,1.0,,,,,WAIT,0,TIME_FILTER
2026-09-21 17:34:47,1790012086,btc-updown-5m-1790011800,14,85892.88,85884.93,7.9500000000116415,0.0,-27.15999999998894,-12.580000000001746,-14.65999999998894,,0.01,,0.99,,,0,18730.370000000003,18952.38,0,-1.0,1.0,,,,,WAIT,0,TIME_FILTER
2026-09-21 17:34:49,1790012088,btc-updown-5m-1790011800,12,85892.87,85884.93,7.940000000002328,-0.010000000009313226,-18.419999999998254,-12.60000000000582,-9.700000000011642,,0.01,,0.99,,,0,32939.1,33061.85,0,-1.0,1.0,,,,,WAIT,0,TIME_FILTER
2026-09-21 17:34:50,1790012090,btc-updown-5m-1790011800,10,85892.88,85884.93,7.9500000000116415,0.010000000009313226,-18.40999999998894,-12.589999999996508,7.880000000004657,,0.01,,0.99,,,0,33158.97,33138.97,0,-1.0,1.0,,,,,WAIT,0,TIME_FILTER
2026-09-21 17:34:52,1790012091,btc-updown-5m-1790011800,9,85892.87,85884.93,7.940000000002328,-0.010000000009313226,-10.330000000001746,-12.60000000000582,17.69999999999709,,0.01,,0.99,,,0,33178.97,33112.97,0,-1.0,1.0,,,,,WAIT,0,TIME_FILTER
2026-09-21 17:34:54,1790012093,btc-updown-5m-1790011800,7,85892.88,85884.93,7.9500000000116415,0.010000000009313226,3.4400000000023283,-12.589999999996508,13.570000000006985,,0.01,,0.99,,,0,42939.97,44417.59,0,-1.0,1.0,,,,,WAIT,0,TIME_FILTER
2026-09-21 17:34:56,1790012095,btc-updown-5m-1790011800,5,85859.26,85884.93,-25.669999999998254,-33.620000000009895,-30.180000000007567,-48.270000000004075,-21.419999999998254,,0.01,,0.99,,,0,54585.46,54585.46,0,-1.0,1.0,,,,,WAIT,0,TIME_FILTER
2026-09-21 17:34:57,1790012097,btc-updown-5m-1790011800,3,85859.26,85884.93,-25.669999999998254,-33.61000000000058,-33.620000000009895,-48.270000000004075,-21.419999999998254,,0.01,,0.99,,,0,57365.56,57360.56,0,-1.0,1.0,,,,,WAIT,0,TIME_FILTER
2026-09-21 17:34:59,1790012098,btc-updown-5m-1790011800,2,85859.26,85884.93,-25.669999999998254,-33.620000000009895,-33.620000000009895,-48.270000000004075,-21.419999999998254,,0.01,,0.99,,,0,70078.14,70054.77,0,-1.0,1.0,,,,,WAIT,0,TIME_FILTER
2026-09-21 17:35:01,1790012100,btc-updown-5m-1790012100,300,85859.26,85859.26,0.0,,,,,0.37,0.38,0.375,0.62,0.63,0.625,1314.0,1943.6799999999998,2677.58,1599.0,-0.1932909309692787,0.25220620215218703,,,,1.01,WAIT,0,TIME_FILTER
2026-09-21 17:35:03,1790012102,btc-updown-5m-1790012100,298,85859.25,85859.26,-0.00999999999476131,,,,,0.35,0.36,0.355,0.64,0.65,0.645,2869.0,3407.6400000000003,3358.6400000000003,3120.0,-0.08581661525911957,0.0368348912734772,,,,1.01,WAIT,0,TIME_FILTER
2026-09-21 17:35:05,1790012104,btc-updown-5m-1790012100,296,85859.26,85859.26,0.0,,,,,0.35,0.36,0.355,0.64,0.65,0.645,3627.5800000000004,2739.56,2633.56,4454.59,0.13946921223657724,-0.25691188815135124,,,,1.01,WAIT,0,TIME_FILTER
2026-09-21 17:35:07,1790012106,btc-updown-5m-1790012100,294,85859.26,85859.26,0.0,0.0,,,,0.35,0.36,0.355,0.64,0.65,0.645,3643.61,3086.3199999999997,3048.8700000000003,3693.61,0.08280769636534116,-0.09562356877588064,-0.020000000000000018,,,1.01,WAIT,0,TIME_FILTER
2026-09-21 17:35:08,1790012108,btc-updown-5m-1790012100,292,85859.25,85859.26,-0.00999999999476131,0.0,,,,0.35,0.36,0.355,0.64,0.65,0.645,3797.31,3063.37,3069.37,3742.31,0.10697773398555245,-0.09879207478918564,0.0,,,1.01,WAIT,0,TIME_FILTER
2026-09-21 17:35:10,1790012109,btc-updown-5m-1790012100,291,85859.25,85859.26,-0.00999999999476131,-0.00999999999476131,,,,0.34,0.35,0.345,0.65,0.66,0.655,3293.2799999999997,1625.93,1640.21,4075.6,0.33894670079138717,-0.42607959326849565,-0.010000000000000009,,,1.01,WAIT,0,TIME_FILTER
2026-09-21 17:35:12,1790012111,btc-updown-5m-1790012100,289,85859.26,85859.26,0.0,0.0,,,,0.32,0.33,0.325,0.67,0.68,0.675,2903.07,1568.33,2293.33,4388.07,0.29850606074160224,-0.31351812494387404,-0.02999999999999997,,,1.01,WAIT,0,TIME_FILTER
2026-09-21 17:35:14,1790012113,btc-updown-5m-1790012100,287,85859.25,85859.26,-0.00999999999476131,0.0,,,,0.31,0.32,0.315,0.68,0.69,0.685,3594.3,2953.25,3107.81,3716.38,0.09790685065406146,-0.08917834937186686,-0.03999999999999998,,,1.01,WAIT,0,TIME_FILTER
2026-09-21 17:35:15,1790012115,btc-updown-5m-1790012100,285,85859.25,85859.26,-0.00999999999476131,0.0,-0.00999999999476131,,,0.31,0.33,0.32,0.68,0.69,0.685,5172.67,2611.63,1760.1599999999999,4322.67,0.3290006808576237,-0.4212693762607208,-0.024999999999999967,-0.05499999999999999,,1.02,WAIT,0,TIME_FILTER
2026-09-21 17:35:17,1790012116,btc-updown-5m-1790012100,284,85859.25,85859.26,-0.00999999999476131,-0.00999999999476131,-0.00999999999476131,,,0.32,0.33,0.325,0.67,0.68,0.675,3949.3199999999997,1776.11,2024.6299999999999,5106.32,0.37957149070026186,-0.4321570057285494,0.0,-0.04999999999999999,,1.01,WAIT,0,TIME_FILTER
2026-09-21 17:35:19,1790012118,btc-updown-5m-1790012100,282,85859.26,85859.26,0.0,0.00999999999476131,0.00999999999476131,,,0.32,0.33,0.325,0.67,0.68,0.675,2140.6,3924.67,5115.67,2992.6000000000004,-0.29414519056859795,0.26184007192656383,0.010000000000000009,-0.02999999999999997,,1.01,WAIT,0,TIME_FILTER
2026-09-21 17:35:21,1790012120,btc-updown-5m-1790012100,280,85859.25,85859.26,-0.00999999999476131,0.0,-0.00999999999476131,,,0.29,0.3,0.295,0.7,0.71,0.705,3792.93,2073.8500000000004,1195.87,4614.12,0.2930193393991251,-0.5883400832015202,-0.025000000000000022,-0.06,,1.01,WAIT,0,TIME_FILTER
2026-09-21 17:35:23,1790012122,btc-updown-5m-1790012100,278,85859.25,85859.26,-0.00999999999476131,0.0,-0.00999999999476131,,,0.32,0.33,0.325,0.67,0.68,0.675,3068.8599999999997,1745.04,1755.04,4736.88,0.2749994806705581,-0.45931557998250133,0.0,-0.02999999999999997,,1.01,WAIT,0,TIME_FILTER
2026-09-21 17:35:24,1790012124,btc-updown-5m-1790012100,276,85859.25,85859.26,-0.00999999999476131,-0.00999999999476131,0.0,,,0.34,0.35,0.345,0.64,0.65,0.645,2718.16,849.8,1606.3,2369.69,0.5236493682664604,-0.1919999798792251,0.019999999999999962,0.0,,1.0,WAIT,0,TIME_FILTER
2026-09-21 17:35:26,1790012125,btc-updown-5m-1790012100,275,85860.63,85859.26,1.3700000000098953,1.3800000000046566,1.3800000000046566,,,0.34,0.35,0.345,0.65,0.66,0.655,1701.0,2525.59,2469.92,2831.14,-0.1950958100975018,-0.06814108876337936,0.04999999999999999,0.0,,1.01,WAIT,0,TIME_FILTER
2026-09-21 17:35:28,1790012127,btc-updown-5m-1790012100,273,85870.01,85859.26,10.75,10.759999999994761,10.75,,,0.4,0.41,0.405,0.59,0.6,0.595,1988.6999999999998,457.51,1185.93,3328.1899999999996,0.6259438069503435,-0.4745686866986255,0.08000000000000002,0.08000000000000002,,1.01,WAIT,0,TIME_FILTER
2026-09-21 17:35:29,1790012129,btc-updown-5m-1790012100,271,85870.83,85859.26,11.570000000006985,11.580000000001746,11.580000000001746,,,0.34,0.35,0.345,0.65,0.66,0.655,733.79,4097.68,3707.24,1259.79,-0.6962456560839662,0.4927391217689444,0.0,0.02999999999999997,,1.01,WAIT,0,TIME_FILTER
2026-09-21 17:35:31,1790012130,btc-updown-5m-1790012100,270,85867.2,85859.26,7.940000000002328,6.569999999992433,7.94999999999709,7.940000000002328,,0.31,0.32,0.315,0.68,0.69,0.685,1585.0,3081.42,3402.6,1751.0,-0.3206783787143035,0.3204750077615647,-0.02999999999999997,-0.0050000000000000044,-0.06,1.01,WAIT,-2,DOWN_BOOK
2026-09-21 17:35:33,1790012132,btc-updown-5m-1790012100,268,85864.53,85859.26,5.2700000000040745,-5.4799999999959255,5.279999999998836,5.279999999998836,,0.31,0.32,0.315,0.69,0.7,0.695,3484.13,2588.95,4073.67,1530.5,0.14740131860604508,0.45379958138314863,-0.09000000000000002,-0.010000000000000009,-0.03999999999999998,1.02,WAIT,-2,"PM5-,DOWN_BOOK"
2026-09-21 17:35:34,1790012134,btc-updown-5m-1790012100,266,85859.25,85859.26,-0.00999999999476131,-11.580000000001746,-0.00999999999476131,-0.00999999999476131,,0.26,0.27,0.265,0.73,0.74,0.735,4675.03,2054.92,2049.92,4837.03,0.3893208716260893,-0.40469438575857236,-0.07999999999999996,-0.06,-0.08999999999999997,1.01,WAIT,-3,"BTC5-,PM5-,PM15-,PM30-,UP_BOOK"
2026-09-21 17:35:36,1790012135,btc-updown-5m-1790012100,265,85850.27,85859.26,-8.989999999990687,-16.929999999993015,-8.979999999995925,-8.989999999990687,,0.26,0.27,0.265,0.73,0.74,0.735,1659.8600000000001,1537.31,1537.31,1659.8600000000001,0.038330773778060025,-0.038330773778060025,-0.04999999999999999,-0.02999999999999997,-0.08999999999999997,1.01,WAIT,-3,"BTC5-,PM5-,PM30-"
2026-09-21 17:35:38,1790012137,btc-updown-5m-1790012100,263,85834.51,85859.26,-24.75,-30.020000000004075,-24.74000000000524,-24.75,,0.22,0.23,0.225,0.77,0.78,0.775,2208.36,2659.62,2659.62,2208.36,-0.09269964132966853,0.09269964132966853,-0.09,-0.1,-0.12999999999999998,1.01,WAIT,-9,DOWN_TOO_EXPENSIVE
2026-09-21 17:35:40,1790012139,btc-updown-5m-1790012100,261,85834.51,85859.26,-24.75,-24.74000000000524,-24.74000000000524,-24.74000000000524,,0.21,0.22,0.215,0.78,0.79,0.785,3105.0,3270.98,3285.98,3100.0,-0.026032076637630613,0.029123172950745232,-0.05000000000000002,-0.12999999999999998,-0.12999999999999998,1.01,WAIT,-9,DOWN_TOO_EXPENSIVE
2026-09-21 17:35:41,1790012141,btc-updown-5m-1790012100,259,85834.5,85859.26,-24.75999999999476,-15.770000000004075,-26.130000000004657,-24.75999999999476,,0.22,0.23,0.225,0.77,0.78,0.775,1399.08,4206.1,4808.12,1344.4399999999998,-0.500790340363735,0.562965659822903,-0.04000000000000001,-0.11999999999999997,-0.1,1.01,WAIT,-11,DOWN_TOO_EXPENSIVE
2026-09-21 17:35:43,1790012142,btc-updown-5m-1790012100,258,85834.51,85859.26,-24.75,0.0,-35.5,-24.75,,0.22,0.23,0.225,0.77,0.78,0.775,1858.01,4502.1900000000005,4497.1900000000005,1839.01,-0.41573849878934627,0.4195227423376787,0.0,-0.18000000000000002,-0.1,1.01,WAIT,-9,DOWN_TOO_EXPENSIVE
2026-09-21 17:35:45,1790012144,btc-updown-5m-1790012100,256,85834.5,85859.26,-24.75999999999476,-0.00999999999476131,-36.330000000001746,-24.75,,0.22,0.23,0.225,0.77,0.78,0.775,4245.42,2780.05,1677.05,5005.42,0.20857963951166253,-0.4980748136542326,0.010000000000000009,-0.11999999999999997,-0.09,1.01,WAIT,-6,DOWN_TOO_EXPENSIVE
2026-09-21 17:35:47,1790012146,btc-updown-5m-1790012100,254,85834.51,85859.26,-24.75,0.00999999999476131,-32.69000000000233,-24.74000000000524,,0.22,0.23,0.225,0.75,0.76,0.755,5017.799999999999,1606.1,1493.67,3793.51,0.5150591041531424,-0.4349842449093846,0.0,-0.09,-0.1,0.99,WAIT,-5,"BTC_BELOW,BTC15-,PM15-,PM30-,UP_BOOK"
2026-09-21 17:35:48,1790012148,btc-updown-5m-1790012100,252,85834.51,85859.26,-24.75,0.0,-30.020000000004075,-24.75,,0.25,0.26,0.255,0.74,0.75,0.745,3755.99,1669.8999999999999,1709.8999999999999,3760.99,0.38446964461129884,-0.37490974960198437,0.03,-0.06,-0.07,1.01,WAIT,-4,"BTC_BELOW,BTC15-,PM5+,PM15-,PM30-,UP_BOOK"
2026-09-21 17:35:50,1790012149,btc-updown-5m-1790012100,251,85834.51,85859.26,-24.75,0.00999999999476131,-24.74000000000524,-24.75,,0.25,0.26,0.255,0.74,0.75,0.745,3721.0400000000004,2245.1400000000003,2285.1400000000003,3704.0400000000004,0.24737771907652803,-0.23691056204689123,0.03,-0.010000000000000009,-0.07,1.01,WAIT,-4,"BTC_BELOW,BTC15-,PM5+,PM30-"
2026-09-21 17:35:52,1790012151,btc-updown-5m-1790012100,249,85836.23,85859.26,-23.029999999998836,1.7200000000011642,-14.040000000008149,-23.020000000004075,,0.27,0.28,0.275,0.72,0.73,0.725,2503.54,1275.9099999999999,2128.9100000000003,3458.84,0.3248171030176349,-0.2380081428124021,0.05000000000000002,0.010000000000000009,-0.019999999999999962,1.01,WAIT,0,"BTC_BELOW,PM5+,UP_BOOK"
2026-09-21 17:35:54,1790012153,btc-updown-5m-1790012100,247,85850.0,85859.26,-9.259999999994761,15.490000000005239,15.490000000005239,-9.25,,0.31,0.32,0.315,0.68,0.69,0.685,2866.5600000000004,1522.25,1632.25,3429.5600000000004,0.3063039867298881,-0.35507259261015334,0.06,0.09,-0.010000000000000009,1.01,UP WATCH,6,"BTC5+,PM5+,PM15+,UP_BOOK"
2026-09-21 17:35:55,1790012155,btc-updown-5m-1790012100,245,85850.0,85859.26,-9.259999999994761,15.490000000005239,15.490000000005239,-10.630000000004657,,0.25,0.28,0.265,0.72,0.73,0.725,1101.07,190.35,1151.4099999999999,3171.33,0.7052082204085426,-0.4672776988669224,0.010000000000000009,0.05000000000000002,-0.07999999999999996,1.01,WAIT,4,"BTC5+,PM15+,PM30-,UP_BOOK"
2026-09-21 17:35:57,1790012156,btc-updown-5m-1790012100,244,85850.0,85859.26,-9.259999999994761,13.770000000004075,15.5,-10.630000000004657,,0.27,0.28,0.275,0.72,0.73,0.725,2732.7700000000004,1606.87,2016.87,3361.9300000000003,0.2594454839571947,-0.250066929426638,0.0,0.05000000000000002,-0.06999999999999995,1.01,WAIT,5,"BTC5+,PM15+,UP_BOOK"
2026-09-21 17:35:59,1790012158,btc-updown-5m-1790012100,242,85850.01,85859.26,-9.25,0.00999999999476131,15.5,-20.0,,0.27,0.28,0.275,0.72,0.73,0.725,1260.02,2454.39,982.0,4451.51,-0.3215503942752685,-0.6385393603766258,-0.03999999999999998,0.05000000000000002,-0.13,1.01,WAIT,0,"PM5-,PM15+,PM30-"
2026-09-21 17:36:00,1790012160,btc-updown-5m-1790012100,240,85850.01,85859.26,-9.25,0.00999999999476131,15.509999999994761,-17.19000000000233,-9.25,0.26,0.27,0.265,0.73,0.74,0.735,2237.7999999999997,1977.15,2310.11,2020.22,0.0618394049751479,0.0669440897114077,0.0,0.04000000000000001,-0.04999999999999999,1.01,WAIT,0,
2026-09-21 17:36:02,1790012161,btc-updown-5m-1790012100,239,85850.0,85859.26,-9.259999999994761,0.0,15.490000000005239,-17.19999999999709,-9.259999999994761,0.27,0.28,0.275,0.72,0.73,0.725,1894.96,1922.99,1855.7,2740.6800000000003,-0.007341636218389443,-0.19253847593105883,0.0,0.05000000000000002,-0.03999999999999998,1.01,WAIT,2,PM15+
2026-09-21 17:36:04,1790012163,btc-updown-5m-1790012100,237,85840.35,85859.26,-18.90999999998894,-9.65999999998894,5.8400000000110595,-24.179999999993015,-18.89999999999418,0.23,0.24,0.235,0.76,0.77,0.765,3713.12,2048.5699999999997,2003.57,3752.05,0.2888996110516186,-0.3037865599188272,-0.040000000000000036,-0.020000000000000018,-0.08000000000000002,1.01,WAIT,0,"PM5-,PM30-,UP_BOOK"
2026-09-21 17:36:06,1790012165,btc-updown-5m-1790012100,235,85840.34,85859.26,-18.919999999998254,-9.669999999998254,5.830000000001746,-9.930000000007567,-18.919999999998254,0.24,0.25,0.245,0.75,0.76,0.755,3895.01,1950.68,1846.08,4008.01,0.33260915306832894,-0.3693024876624719,-0.020000000000000018,-0.010000000000000009,-0.020000000000000018,1.01,WAIT,2,UP_BOOK
2026-09-21 17:36:07,1790012167,btc-updown-5m-1790012100,233,85840.35,85859.26,-18.90999999998894,-9.64999999999418,4.120000000009895,5.8400000000110595,-18.90999999998894,0.24,0.25,0.245,0.75,0.76,0.755,3010.68,1697.19,1867.34,3155.68,0.2789987828890772,-0.25648713323856964,-0.030000000000000027,-0.030000000000000027,0.01999999999999999,1.01,WAIT,1,"PM5-,UP_BOOK"
2026-09-21 17:36:09,1790012168,btc-updown-5m-1790012100,232,85840.35,85859.26,-18.90999999998894,0.0,-9.64999999999418,5.8400000000110595,-18.89999999999418,0.25,0.26,0.255,0.74,0.75,0.745,3395.0,1342.14,1429.35,3350.0,0.43335430238498324,-0.40186427024595395,0.020000000000000018,-0.06,0.03,1.01,WAIT,0,"PM15-,UP_BOOK"
2026-09-21 17:36:11,1790012170,btc-updown-5m-1790012100,230,85840.34,85859.26,-18.919999999998254,0.0,-9.660000000003492,5.830000000001746,-18.910000000003492,0.25,0.26,0.255,0.73,0.74,0.735,4666.81,922.0,1834.49,3713.8,0.6700549848715559,-0.3387187764157966,0.010000000000000009,-0.010000000000000009,0.04000000000000001,1.0,WAIT,2,UP_BOOK
2026-09-21 17:36:13,1790012172,btc-updown-5m-1790012100,228,85840.35,85859.26,-18.90999999998894,0.0,-9.64999999999418,5.8400000000110595,-18.90999999998894,0.27,0.28,0.275,0.71,0.72,0.715,2657.38,1031.0,949.81,3376.9700000000003,0.4409469740102701,-0.5609621935943127,0.030000000000000027,0.0,0.05000000000000002,1.0,WAIT,3,"PM5+,UP_BOOK"
2026-09-21 17:36:14,1790012174,btc-updown-5m-1790012100,226,85845.46,85859.26,-13.799999999988358,5.110000000000582,-4.5499999999883585,10.960000000006403,-13.789999999993597,0.28,0.29,0.28500000000000003,0.71,0.72,0.715,2333.87,1063.03,1036.69,2263.74,0.37411757779151583,-0.3717848886357232,0.030000000000000027,0.010000000000000009,0.060000000000000026,1.01,WAIT,3,"PM5+,UP_BOOK"
2026-09-21 17:36:16,1790012175,btc-updown-5m-1790012100,225,85850.79,85859.26,-8.470000000001164,10.44999999999709,0.7799999999988358,16.289999999993597,-8.460000000006403,0.28,0.29,0.28500000000000003,0.71,0.72,0.715,3102.0299999999997,554.04,915.78,3093.85,0.6969204637766783,-0.5432097225928576,0.030000000000000027,0.020000000000000018,0.060000000000000026,1.01,WAIT,4,"BTC5+,PM5+,UP_BOOK"
2026-09-21 17:36:18,1790012177,btc-updown-5m-1790012100,223,85850.8,85859.26,-8.459999999991851,10.44999999999709,0.8000000000029104,16.29000000000815,-8.44999999999709,0.28,0.29,0.28500000000000003,0.71,0.72,0.715,2163.0,1157.43,2308.2899999999995,2268.0,0.3028433064392262,0.008804074916580792,0.010000000000000009,0.010000000000000009,0.060000000000000026,1.01,WAIT,2,"BTC5+,UP_BOOK"
2026-09-21 17:36:20,1790012179,btc-updown-5m-1790012100,221,85850.79,85859.26,-8.470000000001164,5.329999999987194,10.439999999987776,16.279999999998836,-8.470000000001164,0.27,0.28,0.275,0.72,0.73,0.725,1701.78,1952.0300000000002,2028.5700000000002,3896.28,-0.06849015137623472,-0.3152332970454948,-0.010000000000000009,0.040000000000000036,0.020000000000000018,1.01,WAIT,1,
2026-09-21 17:36:21,1790012181,btc-updown-5m-1790012100,219,85850.79,85859.26,-8.470000000001164,0.0,10.44999999999709,14.559999999997672,-8.460000000006403,0.27,0.28,0.275,0.72,0.73,0.725,1650.08,1960.1,1944.1,3874.5,-0.08587383454564593,-0.3317636544873337,-0.010000000000000009,0.030000000000000027,0.0,1.01,WAIT,1,
2026-09-21 17:36:23,1790012182,btc-updown-5m-1790012100,218,85850.79,85859.26,-8.470000000001164,-0.010000000009313226,10.439999999987776,14.559999999997672,-8.460000000006403,0.27,0.28,0.275,0.73,0.74,0.735,1410.62,2472.1,2149.3,4386.6,-0.27338566777928874,-0.34230939885861167,-0.010000000000000009,0.030000000000000027,0.0,1.02,WAIT,0,
2026-09-21 17:36:25,1790012184,btc-updown-5m-1790012100,216,85874.96,85859.26,15.700000000011642,24.170000000012806,34.61000000000058,24.960000000006403,15.710000000006403,0.38,0.39,0.385,0.61,0.62,0.615,1304.0,1774.35,3717.34,437.06,-0.1527928922961976,0.7895917581359522,0.10999999999999999,0.13,0.07,1.01,UP WATCH,6,"BTC5+,BTC15+,PM5+,PM15+,PM30+,DOWN_BOOK"
2026-09-21 17:36:27,1790012186,btc-updown-5m-1790012100,214,85874.97,85859.26,15.710000000006403,24.180000000007567,34.63000000000466,24.970000000001164,14.339999999996508,0.36,0.37,0.365,0.63,0.64,0.635,3276.88,1861.48,2161.48,3260.19,0.2754575389813092,-0.20265158152377405,0.08999999999999997,0.10999999999999999,0.08999999999999997,1.01,UP WATCH,8,"BTC5+,BTC15+,PM5+,PM15+,PM30+,UP_BOOK"
2026-09-21 17:36:28,1790012188,btc-updown-5m-1790012100,212,85874.96,85859.26,15.700000000011642,24.170000000012806,34.61000000000058,24.95000000001164,4.9500000000116415,0.36,0.37,0.365,0.63,0.64,0.635,2498.1800000000003,2115.11,2071.98,2540.1800000000003,0.08303618458843907,-0.10151425796156253,0.08999999999999997,0.08999999999999997,0.08999999999999997,1.01,UP WATCH,7,"BTC5+,BTC15+,PM5+,PM15+,PM30+"
2026-09-21 17:36:30,1790012189,btc-updown-5m-1790012100,211,85874.96,85859.26,15.700000000011642,0.0,29.5,24.95000000001164,4.130000000004657,0.35,0.36,0.355,0.64,0.65,0.645,2458.0,793.37,1264.05,3283.5,0.511978027723698,-0.4440742817561104,-0.030000000000000027,0.06999999999999995,0.07999999999999996,1.01,UP WATCH,6,"BTC15+,PM5-,PM15+,PM30+,UP_BOOK"
2026-09-21 17:36:32,1790012191,btc-updown-5m-1790012100,209,85861.17,85859.26,1.9100000000034925,-13.80000000000291,10.380000000004657,11.169999999998254,-6.029999999998836,0.31,0.32,0.315,0.67,0.68,0.675,3290.93,685.85,368.14,5042.82,0.6550726970061206,-0.8639280275588804,-0.04999999999999999,0.02999999999999997,0.03999999999999998,1.0,WAIT,0,"BTC5-,PM5-,UP_BOOK"
2026-09-21 17:36:34,1790012193,btc-updown-5m-1790012100,207,85870.01,85859.26,10.75,-4.9500000000116415,19.20999999999185,29.65999999998894,5.4799999999959255,0.4,0.41,0.405,0.59,0.6,0.595,1248.41,2390.97,4032.97,1160.83,-0.3139435837972401,0.552993954330163,0.040000000000000036,0.12,0.17000000000000004,1.01,WAIT,2,"PM5+,PM15+,PM30+,DOWN_BOOK"
2026-09-21 17:36:36,1790012195,btc-updown-5m-1790012100,205,85870.0,85859.26,10.740000000005239,-4.960000000006403,19.210000000006403,29.660000000003492,19.729999999995925,0.37,0.38,0.375,0.62,0.63,0.625,2953.63,1146.98,1182.8700000000001,2998.43,0.4405807916383172,-0.4342094563891612,0.020000000000000018,0.09999999999999998,0.13,1.01,WAIT,5,"PM15+,PM30+,UP_BOOK"
2026-09-21 17:36:37,1790012197,btc-updown-5m-1790012100,203,85870.01,85859.26,10.75,8.839999999996508,19.220000000001164,29.65999999998894,35.5,0.36,0.37,0.365,0.63,0.64,0.635,3435.89,1283.19,1340.19,3616.89,0.456169422853607,-0.45928248081531864,0.04999999999999999,0.08999999999999997,0.12,1.01,UP WATCH,6,"PM5+,PM15+,PM30+,UP_BOOK"
2026-09-21 17:36:39,1790012198,btc-updown-5m-1790012100,202,85870.0,85859.26,10.740000000005239,-0.00999999999476131,19.210000000006403,29.64999999999418,35.49000000000524,0.38,0.39,0.385,0.61,0.62,0.615,2281.31,2198.2400000000002,2448.8900000000003,2179.81,0.01854427342032117,0.058132953096981944,-0.020000000000000018,0.10999999999999999,0.13,1.01,WAIT,3,"PM15+,PM30+"
2026-09-21 17:36:41,1790012200,btc-updown-5m-1790012100,200,85870.0,85859.26,10.740000000005239,0.0,-4.960000000006403,29.660000000003492,35.49000000000524,0.36,0.37,0.365,0.63,0.64,0.635,2911.5,850.13,1375.13,1461.65,0.5479991386712675,-0.030499369002883542,-0.010000000000000009,-0.020000000000000018,0.10999999999999999,1.01,WAIT,2,"PM30+,UP_BOOK"
2026-09-21 17:36:42,1790012202,btc-updown-5m-1790012100,198,85859.26,85859.26,0.0,-10.75,-15.710000000006403,18.90999999998894,24.75,0.3,0.31,0.305,0.69,0.7,0.695,1779.6599999999999,1039.48,2471.19,1676.45,0.26255524734493496,0.1916125796838684,-0.06,-0.06,0.02999999999999997,1.01,WAIT,-3,"BTC5-,PM5-,PM15-,UP_BOOK"
2026-09-21 17:36:44,1790012203,btc-updown-5m-1790012100,197,85861.87,85859.26,2.610000000000582,-8.130000000004657,-13.09000000001106,21.519999999989523,27.360000000000582,0.33,0.34,0.335,0.68,0.69,0.685,1000.76,2545.65,2296.36,1480.52,-0.43562081090454857,0.21600898095782767,-0.04999999999999999,-0.02999999999999997,0.06,1.03,WAIT,-2,PM5-
2026-09-21 17:36:46,1790012205,btc-updown-5m-1790012100,195,85861.87,85859.26,2.610000000000582,-8.130000000004657,-13.09000000001106,11.080000000001746,27.369999999995343,0.31,0.32,0.315,0.68,0.69,0.685,2324.6400000000003,1952.3200000000002,2109.3199999999997,2201.6400000000003,0.08705248587781977,-0.021415183624993183,-0.04999999999999999,-0.03999999999999998,0.02999999999999997,1.01,WAIT,-1,PM5-
2026-09-21 17:36:48,1790012207,btc-updown-5m-1790012100,193,85861.87,85859.26,2.610000000000582,2.610000000000582,0.6999999999970896,11.069999999992433,27.360000000000582,0.31,0.32,0.315,0.66,0.67,0.665,4238.49,130.91,580.6600000000001,4055.05,0.9400787293449903,-0.7494838978279488,0.010000000000000009,0.0,0.02999999999999997,0.99,WAIT,2,UP_BOOK
2026-09-21 17:36:50,1790012209,btc-updown-5m-1790012100,191,85870.0,85859.26,10.740000000005239,8.130000000004657,-0.00999999999476131,19.210000000006403,35.49000000000524,0.38,0.39,0.385,0.63,0.64,0.635,379.0,4367.72,4403.21,1259.08,-0.8403107830249098,0.5552753391295748,0.04999999999999999,-0.020000000000000018,0.10999999999999999,1.03,WAIT,0,"PM5+,PM30+,DOWN_BOOK"
2026-09-21 17:36:52,1790012211,btc-updown-5m-1790012100,189,85869.99,85859.26,10.730000000010477,8.120000000009895,-0.00999999999476131,19.20000000001164,33.76000000000931,0.32,0.33,0.325,0.67,0.68,0.675,1233.87,2533.17,2544.49,1743.3899999999999,-0.34491271661569833,0.186828922451188,0.010000000000000009,-0.04999999999999999,0.04999999999999999,1.01,WAIT,-1,
2026-09-21 17:36:53,1790012213,btc-updown-5m-1790012100,187,85869.99,85859.26,10.730000000010477,8.120000000009895,-0.00999999999476131,19.20000000001164,19.99000000000524,0.31,0.32,0.315,0.68,0.69,0.685,1824.0700000000002,2417.12,2425.96,1829.0700000000002,-0.13983103798698,0.14027868193643753,0.0,-0.07,0.03999999999999998,1.01,WAIT,-2,PM15-
2026-09-21 17:36:55,1790012214,btc-updown-5m-1790012100,186,85869.99,85859.26,10.730000000010477,-0.00999999999476131,-0.00999999999476131,-4.970000000001164,19.99000000000524,0.31,0.32,0.315,0.64,0.66,0.65,4070.1000000000004,642.52,224.0,3951.83,0.727319410434111,-0.8927159391067165,-0.07,-0.07,-0.07,0.98,WAIT,-2,"PM5-,PM15-,PM30-,UP_BOOK"
2026-09-21 17:36:57,1790012216,btc-updown-5m-1790012100,184,85887.37,85859.26,28.110000000000582,17.379999999990105,17.369999999995343,12.39999999999418,37.36999999999534,0.47,0.48,0.475,0.5,0.51,0.505,1268.58,300.15,597.39,1143.67,0.6173337668049951,-0.3137628800845463,0.14999999999999997,0.10999999999999999,0.10999999999999999,0.99,UP WATCH,9,"BTC_ABOVE,BTC5+,PM5+,PM15+,PM30+,UP_BOOK"
2026-09-21 17:36:58,1790012218,btc-updown-5m-1790012100,182,85890.12,85859.26,30.860000000000582,20.129999999990105,28.25,15.15999999998894,40.11000000000058,0.46,0.47,0.46499999999999997,0.53,0.54,0.535,1286.1100000000001,2610.55,3082.95,394.96,-0.33989108621229464,0.7728750887745801,0.14999999999999997,0.12999999999999995,0.09999999999999998,1.01,UP WATCH,8,"BTC_ABOVE,BTC5+,BTC15+,BTC60+,PM5+,PM15+,PM30+,DOWN_BOOK"
2026-09-21 17:37:00,1790012219,btc-updown-5m-1790012100,181,85890.12,85859.26,30.860000000000582,20.129999999990105,28.25,15.15999999998894,40.11000000000058,0.4,0.41,0.405,0.59,0.6,0.595,3161.9399999999996,508.0,2192.82,1677.69,0.7231562368867066,0.1330909880093321,0.09000000000000002,0.07,0.050000000000000044,1.01,UP WATCH,10,"BTC_ABOVE,BTC5+,BTC15+,BTC60+,PM5+,PM15+,UP_BOOK"
2026-09-21 17:37:02,1790012221,btc-updown-5m-1790012100,179,85885.98,85859.26,26.720000000001164,-1.389999999999418,24.110000000000582,24.80999999999767,35.979999999995925,0.38,0.39,0.385,0.61,0.62,0.615,3104.43,2249.79,1916.99,3678.6299999999997,0.15961988861122628,-0.3148248094044985,-0.08999999999999997,0.07,0.07,1.01,UP WATCH,7,"BTC_ABOVE,BTC15+,PM5-,PM15+,PM30+"
2026-09-21 17:37:04,1790012223,btc-updown-5m-1790012100,177,85885.99,85859.26,26.730000000010477,-4.129999999990105,24.120000000009895,15.980000000010477,45.63999999999942,0.4,0.41,0.405,0.59,0.6,0.595,5562.35,371.0,749.0,5532.35,0.8749441715051363,-0.7615162345674099,-0.05999999999999994,0.09000000000000002,0.0,1.01,UP WATCH,8,"BTC_ABOVE,BTC15+,BTC60+,PM5-,PM15+,UP_BOOK"
2026-09-21 17:37:05,1790012225,btc-updown-5m-1790012100,175,85894.21,85859.26,34.95000000001164,4.0900000000110595,24.210000000006403,24.210000000006403,53.870000000009895,0.47,0.48,0.475,0.53,0.54,0.535,579.0,2417.3599999999997,2080.41,2133.08,-0.6135310843823839,-0.012500326332802517,0.06999999999999995,0.08999999999999997,0.09999999999999998,1.02,UP WATCH,8,"BTC_ABOVE,BTC15+,BTC60+,PM5+,PM15+,PM30+"
2026-09-21 17:37:07,1790012226,btc-updown-5m-1790012100,174,85894.21,85859.26,34.95000000001164,8.230000000010477,24.220000000001164,24.210000000006403,53.870000000009895,0.4,0.41,0.405,0.59,0.6,0.595,1086.5700000000002,2736.94,1778.67,1990.69,-0.43163742215922013,-0.05624827556932741,0.020000000000000018,0.08000000000000002,0.030000000000000027,1.01,UP WATCH,6,"BTC_ABOVE,BTC15+,BTC60+,PM15+"
2026-09-21 17:37:09,1790012228,btc-updown-5m-1790012100,172,85894.21,85859.26,34.95000000001164,8.220000000001164,24.220000000001164,24.210000000006403,53.86000000000058,0.46,0.47,0.46499999999999997,0.53,0.54,0.535,646.5600000000001,2310.36,2972.02,567.6800000000001,-0.5626800860354694,0.679249653925474,0.05999999999999994,0.14999999999999997,0.07999999999999996,1.01,UP WATCH,7,"BTC_ABOVE,BTC15+,BTC60+,PM5+,PM15+,PM30+,DOWN_BOOK"
2026-09-21 17:37:10,1790012230,btc-updown-5m-1790012100,170,85894.21,85859.26,34.95000000001164,0.0,24.220000000001164,24.210000000006403,53.870000000009895,0.47,0.48,0.475,0.52,0.53,0.525,2999.65,1494.5200000000002,1361.17,3165.35,0.3349072242483039,-0.3985799245336372,0.0,0.15999999999999998,0.10999999999999999,1.01,UP WATCH,10,"BTC_ABOVE,BTC15+,BTC60+,PM15+,PM30+,UP_BOOK"
2026-09-21 17:37:12,1790012231,btc-updown-5m-1790012100,169,85894.21,85859.26,34.95000000001164,0.0,6.8400000000110595,24.210000000006403,53.870000000009895,0.49,0.5,0.495,0.5,0.51,0.505,2443.9,2072.79,1994.85,2454.87,0.08216415118150683,-0.1033817858202314,0.08999999999999997,0.020000000000000018,0.13,1.01,WAIT,5,"BTC_ABOVE,BTC60+,PM5+,PM30+"
2026-09-21 17:37:14,1790012233,btc-updown-5m-1790012100,167,85894.22,85859.26,34.9600000000064,0.00999999999476131,4.100000000005821,32.35000000000582,53.86999999999534,0.51,0.52,0.515,0.48,0.49,0.485,2509.1499999999996,1900.06,1810.37,2641.92,0.138140392496615,-0.18676905592403015,0.050000000000000044,0.050000000000000044,0.18,1.01,UP WATCH,9,"BTC_ABOVE,BTC30+,BTC60+,PM5+,PM15+,PM30+"
2026-09-21 17:37:16,1790012235,btc-updown-5m-1790012100,165,85894.21,85859.26,34.95000000001164,0.0,4.0900000000110595,32.34000000001106,43.420000000012806,0.51,0.52,0.515,0.36,0.45,0.405,3557.06,184.75,501.43,371.43,0.9012509988481511,0.1489356826982563,0.040000000000000036,0.10999999999999999,0.2,0.97,UP WATCH,10,"BTC_ABOVE,BTC30+,BTC60+,PM5+,PM15+,PM30+,UP_BOOK"
2026-09-21 17:37:18,1790012237,btc-updown-5m-1790012100,163,85940.93,85859.26,81.66999999999825,46.71999999998661,54.94999999999709,79.05999999999767,90.1299999999901,0.76,0.77,0.765,0.23,0.24,0.235,760.69,1146.18,1849.61,1921.06,-0.20215851106787563,-0.018948887067815546,0.27,0.38,0.45,1.01,WAIT,13,UP_TOO_EXPENSIVE
2026-09-21 17:37:19,1790012239,btc-updown-5m-1790012100,161,85941.54,85859.26,82.27999999999884,47.31999999999243,55.54999999998836,71.5399999999936,90.75,0.74,0.75,0.745,0.24,0.26,0.25,2339.2,3945.3199999999997,1125.1299999999999,3153.7200000000003,-0.25556764876235577,-0.47409701204762966,0.22999999999999998,0.33999999999999997,0.36,1.01,UP WATCH,13,"BTC_ABOVE,BTC5+,BTC15+,BTC30+,BTC60+,PM5+,PM15+,PM30+"
2026-09-21 17:37:21,1790012240,btc-updown-5m-1790012100,160,85957.97,85859.26,98.7100000000064,63.75999999999476,63.75999999999476,87.97000000000116,107.18000000000757,0.81,0.82,0.815,0.15,0.16,0.155,2390.37,215.22,1857.8899999999999,908.8800000000001,0.8348013309845372,0.34300285170071954,0.29999999999999993,0.33999999999999997,0.42999999999999994,0.98,WAIT,13,UP_TOO_EXPENSIVE
2026-09-21 17:37:23,1790012242,btc-updown-5m-1790012100,158,85971.3,85859.26,112.04000000000815,30.370000000009895,77.08999999999651,101.30999999999767,120.51000000000931,0.84,0.85,0.845,0.15,0.16,0.155,2744.26,3121.39,3233.96,2148.59,-0.06429466470041678,0.20164605995299623,0.07999999999999996,0.43999999999999995,0.52,1.01,WAIT,13,UP_TOO_EXPENSIVE
2026-09-21 17:37:25,1790012244,btc-updown-5m-1790012100,156,85971.29,85859.26,112.02999999999884,29.75,77.0799999999872,101.29999999998836,96.3299999999872,0.84,0.85,0.845,0.15,0.16,0.155,3714.64,2114.58,2084.58,3899.3399999999997,0.2744895543486093,-0.3032727710263506,0.09999999999999998,0.38,0.53,1.01,WAIT,15,UP_TOO_EXPENSIVE
2026-09-21 17:37:26,1790012246,btc-updown-5m-1790012100,154,85971.29,85859.26,112.02999999999884,13.319999999992433,77.0799999999872,83.91999999999825,96.31999999999243,0.85,0.86,0.855,0.14,0.15,0.14500000000000002,2466.33,3797.2700000000004,2462.6800000000003,878.96,-0.21248802605530373,0.4739349540943968,0.040000000000000036,0.36,0.38,1.01,WAIT,12,UP_TOO_EXPENSIVE
2026-09-21 17:37:28,1790012247,btc-updown-5m-1790012100,153,85962.36,85859.26,103.10000000000582,-8.940000000002328,68.14999999999418,74.99000000000524,87.38999999999942,0.79,0.8,0.795,0.2,0.21,0.20500000000000002,1653.25,2678.5599999999995,1063.99,2915.58,-0.23669320676576294,-0.4652738863746586,-0.04999999999999993,0.30000000000000004,0.32000000000000006,1.01,WAIT,11,UP_TOO_EXPENSIVE
2026-09-21 17:37:30,1790012249,btc-updown-5m-1790012100,151,85959.84,85859.26,100.58000000000175,-11.44999999999709,65.61999999999534,69.72000000000116,84.8799999999901,0.83,0.84,0.835,0.16,0.17,0.165,3051.58,2254.79,2398.35,2491.45,0.15015726381688424,-0.019039633522843453,-0.010000000000000009,0.31999999999999995,0.42999999999999994,1.01,WAIT,10,UP_TOO_EXPENSIVE
2026-09-21 17:37:32,1790012251,btc-updown-5m-1790012100,149,85959.83,85859.26,100.57000000000698,-11.459999999991851,65.61999999999534,73.85000000000582,98.66000000000349,0.82,0.83,0.825,0.17,0.18,0.175,2397.22,4839.99,4280.139999999999,2535.17,-0.3375292412407544,0.2560367760233943,-0.030000000000000027,0.30999999999999994,0.43999999999999995,1.01,WAIT,7,UP_TOO_EXPENSIVE
2026-09-21 17:37:33,1790012253,btc-updown-5m-1790012100,147,85959.83,85859.26,100.57000000000698,-2.529999999998836,18.90000000000873,73.83999999999651,89.82000000000698,0.83,0.84,0.835,0.16,0.17,0.165,2763.0200000000004,2729.67,2747.9500000000003,2713.9700000000003,0.00607170621316702,0.006221255529191203,0.039999999999999925,0.06999999999999995,0.42999999999999994,1.01,WAIT,10,UP_TOO_EXPENSIVE
2026-09-21 17:37:35,1790012254,btc-updown-5m-1790012100,146,85959.84,85859.26,100.58000000000175,0.0,18.30000000000291,73.84999999999127,89.83000000000175,0.83,0.84,0.835,0.17,0.18,0.175,1845.9299999999998,3394.5499999999997,5405.9800000000005,564.0,-0.29551109822001037,0.8110546433991404,0.0,0.08999999999999997,0.42999999999999994,1.02,WAIT,7,UP_TOO_EXPENSIVE
2026-09-21 17:37:37,1790012256,btc-updown-5m-1790012100,144,85957.07,85859.26,97.81000000001222,-2.7599999999947613,-0.8999999999941792,62.86000000000058,87.07000000000698,0.79,0.8,0.795,0.2,0.21,0.20500000000000002,2655.08,1818.99,2682.55,1211.3400000000001,0.18687459069706105,0.3778252595733315,-0.029999999999999916,-0.019999999999999907,0.39,1.01,WAIT,6,UP_TOO_EXPENSIVE
2026-09-21 17:37:39,1790012258,btc-updown-5m-1790012100,142,85955.93,85859.26,96.66999999999825,-3.900000000008731,-15.370000000009895,61.71999999998661,85.92999999999302,0.79,0.8,0.795,0.2,0.21,0.20500000000000002,2553.58,2544.7400000000002,2509.7400000000002,1525.65,0.001733904501875067,0.24386490525079363,-0.039999999999999925,-0.04999999999999993,0.33000000000000007,1.01,WAIT,6,UP_TOO_EXPENSIVE
2026-09-21 17:37:40,1790012260,btc-updown-5m-1790012100,140,85952.01,85859.26,92.75,-7.830000000001746,-19.279999999998836,57.79999999998836,82.00999999999476,0.76,0.77,0.765,0.23,0.24,0.235,2725.12,1972.99,1917.99,2717.62,0.16009203701062766,-0.172497254945951,-0.06999999999999995,-0.07999999999999996,0.29000000000000004,1.01,WAIT,4,"BTC_ABOVE,BTC30+,BTC60+,PM5-,PM15-,PM30+"
2026-09-21 17:37:42,1790012261,btc-updown-5m-1790012100,139,85952.01,85859.26,92.75,-5.060000000012224,-19.279999999998836,57.79999999998836,82.00999999999476,0.82,0.83,0.825,0.17,0.18,0.175,2410.86,4190.79,4730.25,2300.86,-0.26961895889663945,0.34552012413402716,0.029999999999999916,-0.030000000000000027,0.32999999999999996,1.01,WAIT,5,"BTC_ABOVE,BTC30+,BTC60+,PM30+,DOWN_BOOK"
2026-09-21 17:37:44,1790012263,btc-updown-5m-1790012100,137,85952.01,85859.26,92.75,-3.9199999999982538,-10.35000000000582,57.7899999999936,90.13999999999942,0.8,0.81,0.805,0.19,0.2,0.195,1934.74,2733.52,2777.12,1996.22,-0.17110872145081893,0.1635961402288544,0.010000000000000009,0.010000000000000009,0.29000000000000004,1.01,WAIT,7,UP_TOO_EXPENSIVE
2026-09-21 17:37:45,1790012265,btc-updown-5m-1790012100,135,85952.01,85859.26,92.75,0.0,-7.830000000001746,57.79999999998836,90.13999999999942,0.81,0.82,0.815,0.18,0.19,0.185,2292.31,3033.24,1999.76,2709.56,-0.13912741406990825,-0.15072239728878054,0.04999999999999993,-0.020000000000000018,0.29999999999999993,1.01,WAIT,8,UP_TOO_EXPENSIVE
2026-09-21 17:37:47,1790012266,btc-updown-5m-1790012100,134,85952.01,85859.26,92.75,0.0,-7.820000000006985,57.79999999998836,90.13999999999942,0.83,0.84,0.835,0.16,0.17,0.165,2364.49,2811.55,5997.21,1715.4299999999998,-0.08637104813718603,0.5551639905402043,0.010000000000000009,0.010000000000000009,0.31999999999999995,1.01,WAIT,6,UP_TOO_EXPENSIVE
2026-09-21 17:37:49,1790012268,btc-updown-5m-1790012100,132,85952.01,85859.26,92.75,0.0,-7.820000000006985,11.080000000001746,90.13999999999942,0.83,0.84,0.835,0.17,0.19,0.18,1636.4,5516.96,5312.9400000000005,1864.24,-0.5424807363253072,0.4805090578750987,0.029999999999999916,0.0,0.06999999999999995,1.03,WAIT,2,"BTC_ABOVE,BTC60+,DOWN_BOOK"
2026-09-21 17:37:51,1790012270,btc-updown-5m-1790012100,130,85952.02,85859.26,92.76000000000931,0.010000000009313226,-7.819999999992433,-5.94999999999709,82.02000000000407,0.81,0.82,0.815,0.18,0.19,0.185,2492.6800000000003,3829.81,5845.25,21.59,-0.21148787898438742,0.9926399901821082,0.0,-0.020000000000000018,0.0,1.01,WAIT,3,"BTC_ABOVE,BTC60+,DOWN_BOOK"
2026-09-21 17:37:52,1790012272,btc-updown-5m-1790012100,128,85941.55,85859.26,82.29000000000815,-10.459999999991851,-15.520000000004075,-29.75,71.55999999999767,0.78,0.79,0.785,0.21,0.22,0.215,1593.0,2468.32,3953.3599999999997,1109.0,-0.2155259866250382,0.561864426868101,-0.04999999999999993,-0.010000000000000009,-0.05999999999999994,1.01,WAIT,1,"BTC_ABOVE,BTC5-,BTC60+,PM5-,DOWN_BOOK"
2026-09-21 17:37:54,1790012273,btc-updown-5m-1790012100,127,85941.54,85859.26,82.27999999999884,-10.470000000001164,-14.389999999999418,-29.760000000009313,71.54999999998836,0.77,0.78,0.775,0.22,0.23,0.225,1181.9199999999998,3719.0299999999997,3222.74,1293.9199999999998,-0.5176771850355543,0.42704564877586537,-0.05999999999999994,-0.020000000000000018,-0.06999999999999995,1.01,WAIT,0,"BTC_ABOVE,BTC5-,BTC60+,PM5-,DOWN_BOOK"
2026-09-21 17:37:56,1790012275,btc-updown-5m-1790012100,125,85941.54,85859.26,82.27999999999884,-10.480000000010477,-10.470000000001164,-29.75,71.54999999998836,0.76,0.77,0.765,0.23,0.24,0.235,2400.2400000000002,2006.5400000000002,1995.8700000000001,2220.2400000000002,0.0893396085123378,-0.05321730220511327,-0.04999999999999993,0.0,-0.07999999999999996,1.01,WAIT,1,"BTC_ABOVE,BTC5-,BTC60+,PM5-,PM30-"
2026-09-21 17:37:57,1790012277,btc-updown-5m-1790012100,123,85931.69,85859.26,72.43000000000757,-9.860000000000582,-20.319999999992433,-30.669999999998254,44.320000000006985,0.7,0.71,0.705,0.3,0.32,0.31,575.1,4127.48,2424.51,817.24,-0.7554108595707036,0.4958031927199816,-0.08000000000000007,-0.12,-0.09000000000000008,1.03,DOWN WATCH,-6,"BTC_ABOVE,BTC15-,BTC30-,BTC60+,PM5-,PM15-,PM30-,DOWN_BOOK"
2026-09-21 17:37:59,1790012278,btc-updown-5m-1790012100,122,85927.0,85859.26,67.74000000000524,-14.539999999993597,-25.00999999999476,-35.36000000000058,36.88000000000466,0.69,0.7,0.695,0.3,0.31,0.305,2254.5699999999997,1279.49,1403.21,2067.0,0.2759092941263023,-0.19128237196019837,-0.08000000000000007,-0.1100000000000001,-0.10000000000000009,1.01,WAIT,-5,"BTC_ABOVE,BTC5-,BTC15-,BTC30-,PM5-,PM15-,PM30-,UP_BOOK"
2026-09-21 17:38:01,1790012280,btc-updown-5m-1790012100,120,85927.0,85859.26,67.74000000000524,-14.539999999993597,-25.00999999999476,-32.83999999999651,36.88000000000466,0.72,0.73,0.725,0.26,0.27,0.265,2340.46,1590.96,10.0,3023.62,0.19064358425200054,-0.9934072164608619,-0.040000000000000036,-0.08999999999999997,-0.10999999999999999,1.0,WAIT,-5,"BTC_ABOVE,BTC5-,BTC15-,BTC30-,PM5-,PM15-,PM30-"
2026-09-21 17:38:03,1790012282,btc-updown-5m-1790012100,118,85932.9,85859.26,73.63999999999942,1.209999999991851,-19.110000000000582,-26.930000000007567,46.919999999998254,0.79,0.8,0.795,0.2,0.21,0.20500000000000002,2088.49,1555.55,1480.84,2361.19,0.14624976674240672,-0.2291366803486699,0.09000000000000008,-0.039999999999999925,-0.029999999999999916,1.01,WAIT,5,"BTC_ABOVE,BTC60+,PM5+"
2026-09-21 17:38:05,1790012284,btc-updown-5m-1790012100,116,85940.94,85859.26,81.68000000000757,13.940000000002328,-11.069999999992433,-18.89999999999418,54.94999999999709,0.8,0.81,0.805,0.19,0.2,0.195,936.44,1855.96,2480.95,1662.1,-0.329293797450222,0.19764424759537058,0.1100000000000001,-0.029999999999999916,-0.029999999999999916,1.01,WAIT,5,"BTC_ABOVE,BTC5+,BTC60+,PM5+"
2026-09-21 17:38:06,1790012286,btc-updown-5m-1790012100,114,85940.94,85859.26,81.68000000000757,13.940000000002328,-11.080000000001746,-16.130000000004657,46.729999999995925,0.78,0.79,0.785,0.21,0.22,0.215,2427.6800000000003,1254.68,1713.19,1688.2,0.3185457152478302,0.007346996375011394,0.06000000000000005,-0.029999999999999916,-0.010000000000000009,1.01,WAIT,7,UP_TOO_EXPENSIVE
2026-09-21 17:38:08,1790012287,btc-updown-5m-1790012100,113,85930.86,85859.26,71.60000000000582,-2.039999999993597,-10.690000000002328,-26.210000000006403,36.64999999999418,0.73,0.74,0.735,0.26,0.27,0.265,1203.8600000000001,1867.41,3006.8500000000004,1048.09,-0.21605068912860148,0.4830552363290209,-0.06000000000000005,-0.050000000000000044,-0.06000000000000005,1.01,WAIT,-1,"BTC_ABOVE,PM5-,PM15-,DOWN_BOOK"
2026-09-21 17:38:10,1790012289,btc-updown-5m-1790012100,111,85930.86,85859.26,71.60000000000582,-10.080000000001746,-10.679999999993015,-25.069999999992433,36.64999999999418,0.78,0.79,0.785,0.19,0.2,0.195,2649.0899999999997,938.52,2860.03,1115.56,0.4767993176515842,0.4387952480009257,-0.020000000000000018,0.010000000000000009,-0.010000000000000009,0.99,WAIT,2,"BTC_ABOVE,BTC5-,UP_BOOK,DOWN_BOOK"
2026-09-21 17:38:11,1790012291,btc-updown-5m-1790012100,109,85930.86,85859.26,71.60000000000582,-10.080000000001746,-10.679999999993015,-21.14999999999418,36.64999999999418,0.79,0.8,0.795,0.16,0.17,0.165,3299.23,122.56,1328.31,1005.21,0.9283649785638511,0.13846035174328908,0.010000000000000009,0.030000000000000027,-0.029999999999999916,0.9700000000000001,WAIT,3,"BTC_ABOVE,BTC5-,UP_BOOK"
2026-09-21 17:38:13,1790012293,btc-updown-5m-1790012100,107,85933.62,85859.26,74.36000000000058,2.7599999999947613,6.619999999995343,-18.389999999999418,39.39999999999418,0.79,0.8,0.795,0.2,0.21,0.20500000000000002,3097.91,1182.52,1202.52,3282.91,0.4474760713292823,-0.4638106045574225,0.06000000000000005,0.10000000000000009,-0.010000000000000009,1.01,WAIT,8,UP_TOO_EXPENSIVE
2026-09-21 17:38:15,1790012294,btc-updown-5m-1790012100,106,85933.62,85859.26,74.36000000000058,2.7599999999947613,6.619999999995343,-18.389999999999418,39.39999999999418,0.81,0.82,0.815,0.18,0.19,0.185,2185.96,3599.6800000000003,3056.82,2076.42,-0.24434980399748346,0.19099048554129558,0.029999999999999916,0.12,0.009999999999999898,1.01,WAIT,5,"BTC_ABOVE,PM15+"
2026-09-21 17:38:17,1790012296,btc-updown-5m-1790012100,104,85933.62,85859.26,74.36000000000058,2.7599999999947613,6.619999999995343,-18.389999999999418,39.40999999998894,0.82,0.83,0.825,0.17,0.18,0.175,2111.92,1967.2,3494.1699999999996,2037.3799999999999,0.0354782404047932,0.26336017933490613,0.029999999999999916,0.09999999999999998,-0.010000000000000009,1.01,WAIT,4,"BTC_ABOVE,PM15+,DOWN_BOOK"
2026-09-21 17:38:18,1790012298,btc-updown-5m-1790012100,102,85933.62,85859.26,74.36000000000058,0.0,0.7200000000011642,-18.389999999999418,-7.309999999997672,0.8,0.81,0.805,0.19,0.2,0.195,1523.75,3744.9000000000005,3829.9000000000005,1565.74,-0.4215785827489016,0.4196276994017393,0.010000000000000009,0.010000000000000009,-0.029999999999999916,1.01,WAIT,1,"BTC_ABOVE,DOWN_BOOK"
2026-09-21 17:38:20,1790012299,btc-updown-5m-1790012100,101,85929.04,85859.26,69.77999999999884,-4.580000000001746,-11.900000000008731,-22.970000000001164,-12.5,0.67,0.73,0.7,0.33,0.36,0.345,867.24,1388.73,178.52,286.0,-0.23115998882963867,-0.23137862740032722,-0.11499999999999999,-0.1050000000000001,-0.135,1.0899999999999999,WAIT,-1,"BTC_ABOVE,PM5-,PM15-,PM30-"
2026-09-21 17:38:22,1790012301,btc-updown-5m-1790012100,99,85920.01,85859.26,60.75,-13.610000000000582,-20.930000000007567,-32.01000000000931,-37.9600000000064,0.66,0.67,0.665,0.25,0.28,0.265,2312.81,361.0,421.54,415.0,0.7299733339317304,0.007817916656705023,-0.15999999999999992,-0.12,-0.1499999999999999,0.9500000000000001,WAIT,-5,"BTC_ABOVE,BTC5-,BTC15-,BTC30-,PM5-,PM15-,PM30-,UP_BOOK"
2026-09-21 17:38:24,1790012303,btc-updown-5m-1790012100,97,85920.01,85859.26,60.75,-13.610000000000582,-10.85000000000582,-21.529999999998836,-51.29000000000815,0.76,0.77,0.765,0.23,0.24,0.235,792.13,2622.21,3280.23,584.5,-0.535998172413995,0.6975209134920163,-0.040000000000000036,0.030000000000000027,-0.010000000000000009,1.01,WAIT,-2,"BTC_ABOVE,BTC5-,BTC60-,PM5-,DOWN_BOOK"
2026-09-21 17:38:26,1790012305,btc-updown-5m-1790012100,95,85920.01,85859.26,60.75,-9.029999999998836,-10.85000000000582,-21.529999999998836,-51.279999999998836,0.76,0.77,0.765,0.23,0.24,0.235,2069.25,1717.6100000000001,1692.6100000000001,2069.25,0.09285793507021645,-0.10012068498030226,0.06500000000000006,-0.020000000000000018,0.0,1.01,WAIT,3,"BTC_ABOVE,BTC60-,PM5+"
2026-09-21 17:38:27,1790012307,btc-updown-5m-1790012100,93,85920.0,85859.26,60.74000000000524,-0.00999999999476131,-10.860000000000582,-11.690000000002328,-42.36000000000058,0.77,0.78,0.775,0.22,0.23,0.225,1991.53,3703.6100000000006,3724.55,1973.29,-0.3006212314359262,0.30735506788537414,0.10999999999999999,-0.020000000000000018,0.07000000000000006,1.01,WAIT,2,"BTC_ABOVE,BTC60-,PM5+,PM30+,DOWN_BOOK"
2026-09-21 17:38:29,1790012308,btc-updown-5m-1790012100,92,85928.82,85859.26,69.56000000001222,8.810000000012224,-4.7999999999883585,1.820000000006985,-33.5399999999936,0.8,0.81,0.805,0.19,0.2,0.195,1630.21,1419.38,1429.38,1741.34,0.06913388357123414,-0.09838774789322292,0.040000000000000036,0.010000000000000009,0.1100000000000001,1.01,WAIT,5,"BTC_ABOVE,PM5+,PM30+"
2026-09-21 17:38:31,1790012310,btc-updown-5m-1790012100,90,85928.83,85859.26,69.57000000000698,8.820000000006985,-4.789999999993597,1.8300000000017462,-31.00999999999476,0.82,0.83,0.825,0.17,0.18,0.175,896.34,3195.2,2805.2,993.34,-0.5618569047351363,0.4769885271709656,0.05999999999999994,0.010000000000000009,0.09999999999999998,1.01,WAIT,3,"BTC_ABOVE,PM5+,PM30+,DOWN_BOOK"
2026-09-21 17:38:32,1790012312,btc-updown-5m-1790012100,88,85908.29,85859.26,49.029999999998836,-11.710000000006403,-25.330000000001746,-24.610000000000582,-51.54000000000815,0.62,0.63,0.625,0.39,0.4,0.395,257.0,1539.27,1278.03,1129.61,-0.7138514811247753,0.061645428718579226,-0.15000000000000002,-0.19999999999999996,-0.17000000000000004,1.03,DOWN WATCH,-7,"BTC_ABOVE,BTC5-,BTC15-,BTC60-,PM5-,PM15-,PM30-"
2026-09-21 17:38:34,1790012313,btc-updown-5m-1790012100,87,85908.29,85859.26,49.029999999998836,-20.530000000013388,-25.330000000001746,-24.610000000000582,-51.54000000000815,0.63,0.64,0.635,0.36,0.37,0.365,923.6,2314.44,2995.4399999999996,909.6,-0.4295314449481786,0.5341404953598426,-0.17000000000000004,-0.17000000000000004,-0.16000000000000003,1.01,DOWN WATCH,-8,"BTC_ABOVE,BTC5-,BTC15-,BTC60-,PM5-,PM15-,PM30-,DOWN_BOOK"
2026-09-21 17:38:36,1790012315,btc-updown-5m-1790012100,85,85908.29,85859.26,49.029999999998836,-20.54000000000815,-20.75,-32.65000000000873,-51.55000000000291,0.61,0.62,0.615,0.39,0.4,0.395,1301.0,3630.63,3022.7200000000003,1529.0,-0.4723853979313128,0.3281660559085357,-0.20999999999999996,-0.08499999999999996,-0.19000000000000006,1.02,DOWN WATCH,-10,"BTC_ABOVE,BTC5-,BTC15-,BTC30-,BTC60-,PM5-,PM15-,PM30-,DOWN_BOOK"
2026-09-21 17:38:38,1790012317,btc-updown-5m-1790012100,83,85909.81,85859.26,50.55000000000291,1.5200000000040745,-10.19999999999709,-21.05000000000291,-47.26000000000931,0.75,0.76,0.755,0.22,0.23,0.225,1057.0,1282.67,1163.82,1677.42,-0.09645377339539339,-0.18076614435950505,0.13,0.08999999999999997,0.020000000000000018,0.99,WAIT,5,"BTC_ABOVE,BTC60-,PM5+,PM15+"
2026-09-21 17:38:39,1790012319,btc-updown-5m-1790012100,81,85917.42,85859.26,58.16000000000349,9.130000000004657,-2.5899999999965075,-13.440000000002328,-38.50999999999476,0.75,0.76,0.755,0.24,0.25,0.245,1634.6,1519.9099999999999,1219.9099999999999,1484.72,0.03635746914734778,-0.09790988046424101,0.12,-0.010000000000000009,-0.030000000000000027,1.01,WAIT,4,"BTC_ABOVE,PM5+"
2026-09-21 17:38:41,1790012320,btc-updown-5m-1790012100,80,85917.42,85859.26,58.16000000000349,9.130000000004657,-2.5899999999965075,-13.440000000002328,-34.58999999999651,0.73,0.74,0.735,0.26,0.27,0.265,2678.9700000000003,926.64,891.64,2754.9700000000003,0.48600098180335655,-0.5109759475238648,0.12,-0.030000000000000027,-0.050000000000000044,1.01,UP WATCH,6,"BTC_ABOVE,PM5+,UP_BOOK"
2026-09-21 17:38:43,1790012322,btc-updown-5m-1790012100,78,85920.0,85859.26,60.74000000000524,10.190000000002328,0.0,-10.860000000000582,-32.00999999999476,0.82,0.83,0.825,0.17,0.18,0.175,1917.55,1539.48,1419.48,1979.77,0.1093626610124876,-0.16482753548576892,0.06999999999999995,0.04999999999999993,0.029999999999999916,1.01,WAIT,5,"BTC_ABOVE,BTC5+,PM5+"
2026-09-21 17:38:45,1790012324,btc-updown-5m-1790012100,76,85925.04,85859.26,65.77999999999884,7.619999999995343,-3.7800000000133878,-8.580000000001746,-26.970000000001164,0.85,0.86,0.855,0.14,0.15,0.14500000000000002,2844.53,1063.0,1373.99,2204.45,0.45592228338618007,-0.23207319390572426,0.09999999999999998,0.04999999999999993,0.040000000000000036,1.01,WAIT,5,"BTC_ABOVE,PM5+,UP_BOOK"
2026-09-21 17:38:47,1790012326,btc-updown-5m-1790012100,74,85925.03,85859.26,65.77000000000407,7.610000000000582,-3.8000000000029104,-8.589999999996508,-26.979999999995925,0.8,0.81,0.805,0.18,0.19,0.185,1931.9,1747.44,756.1099999999999,2274.1,0.05013399142237467,-0.5009520792288323,0.07000000000000006,-0.019999999999999907,-0.019999999999999907,1.0,WAIT,5,"BTC_ABOVE,PM5+"
2026-09-21 17:38:48,1790012328,btc-updown-5m-1790012100,72,85925.03,85859.26,65.77000000000407,5.029999999998836,16.74000000000524,-8.589999999996508,-26.979999999995925,0.84,0.85,0.845,0.15,0.16,0.155,2382.73,1422.26,1399.76,2387.73,0.25242379086410216,-0.26085085373162703,0.020000000000000018,0.20999999999999996,0.039999999999999925,1.01,WAIT,7,UP_TOO_EXPENSIVE
2026-09-21 17:38:50,1790012329,btc-updown-5m-1790012100,71,85925.04,85859.26,65.77999999999884,0.0,16.75,-4.0,-26.970000000001164,0.85,0.86,0.855,0.15,0.16,0.155,1762.5,2837.38,1390.0,2596.79,-0.23367566110420274,-0.3026971573621886,0.0,0.21999999999999997,0.15500000000000003,1.02,WAIT,7,UP_TOO_EXPENSIVE
2026-09-21 17:38:52,1790012331,btc-updown-5m-1790012100,69,85925.03,85859.26,65.77000000000407,0.0,16.74000000000524,5.0200000000040745,-26.99000000000524,0.81,0.82,0.815,0.17,0.18,0.175,2976.21,829.0,1359.5,2544.71,0.5642816033806282,-0.3035722975966969,0.009999999999999898,0.19999999999999996,0.1499999999999999,1.0,WAIT,8,UP_TOO_EXPENSIVE
2026-09-21 17:38:54,1790012333,btc-updown-5m-1790012100,67,85925.03,85859.26,65.77000000000407,0.0,15.220000000001164,5.0200000000040745,-16.50999999999476,0.83,0.84,0.835,0.16,0.17,0.165,2101.94,1431.04,1486.09,2036.05,0.1898963481253786,-0.15614370808656103,-0.010000000000000009,0.07999999999999996,0.06999999999999995,1.01,WAIT,5,"BTC_ABOVE,PM15+"
2026-09-21 17:38:55,1790012335,btc-updown-5m-1790012100,65,85925.03,85859.26,65.77000000000407,-0.00999999999476131,7.610000000000582,5.0200000000040745,-16.50999999999476,0.83,0.84,0.835,0.16,0.17,0.165,952.6899999999999,2250.47,1964.27,911.05,-0.4051561582936849,0.3662966208978479,-0.020000000000000018,0.09999999999999998,0.06999999999999995,1.01,WAIT,3,"BTC_ABOVE,PM15+,DOWN_BOOK"
2026-09-21 17:38:57,1790012336,btc-updown-5m-1790012100,64,85925.03,85859.26,65.77000000000407,0.0,7.610000000000582,5.0200000000040745,-16.50999999999476,0.85,0.86,0.855,0.15,0.16,0.155,1401.44,1881.53,1402.81,2489.89,-0.1462364870833422,-0.2792611811852955,0.040000000000000036,0.12,0.08999999999999997,1.02,WAIT,8,UP_TOO_EXPENSIVE
2026-09-21 17:38:59,1790012338,btc-updown-5m-1790012100,62,85925.04,85859.26,65.77999999999884,0.00999999999476131,5.039999999993597,-3.7800000000133878,-1.9600000000064028,0.84,0.85,0.845,0.15,0.16,0.155,3157.69,1169.54,1167.04,3141.62,0.4594509651670931,-0.45828169314821776,0.010000000000000009,0.020000000000000018,0.039999999999999925,1.01,WAIT,5,"BTC_ABOVE,UP_BOOK"
2026-09-21 17:39:00,1790012340,btc-updown-5m-1790012100,60,85925.03,85859.26,65.77000000000407,0.0,-0.00999999999476131,-3.8000000000029104,-1.9700000000011642,0.86,0.87,0.865,0.13,0.14,0.135,3317.81,1455.48,1384.1,3410.81,0.39015647488419936,-0.42267946635077613,0.030000000000000027,0.010000000000000009,0.040000000000000036,1.01,WAIT,6,UP_TOO_EXPENSIVE
2026-09-21 17:39:02,1790012341,btc-updown-5m-1790012100,59,85909.7,85859.26,50.44000000000233,-15.330000000001746,-15.330000000001746,-19.130000000004657,-17.30000000000291,0.68,0.73,0.7050000000000001,0.4,0.41,0.405,8.37,180.05,140.0,160.99,-0.9111559282454091,-0.0697365360975448,-0.1499999999999999,-0.09999999999999998,-0.11999999999999988,1.14,WAIT,-3,"BTC_ABOVE,BTC5-,PM5-,PM15-,PM30-"
2026-09-21 17:39:04,1790012343,btc-updown-5m-1790012100,57,85912.46,85859.26,53.20000000001164,-12.579999999987194,-12.569999999992433,4.170000000012806,-20.439999999987776,0.8,0.81,0.805,0.12,0.17,0.14500000000000002,1588.0,125.89,1025.76,828.45,0.8530944226292235,0.10641189509278881,-0.039999999999999925,-0.039999999999999925,0.17000000000000004,0.9800000000000001,WAIT,3,"BTC_ABOVE,BTC5-,PM5-,PM30+,UP_BOOK"
2026-09-21 17:39:05,1790012345,btc-updown-5m-1790012100,55,85912.56,85859.26,53.30000000000291,-12.470000000001164,-12.479999999995925,4.2700000000040745,-28.380000000004657,0.89,0.9,0.895,0.1,0.11,0.10500000000000001,1385.3,2058.9700000000003,2755.52,79.08,-0.1955915186672358,0.944203767727369,0.030000000000000027,0.040000000000000036,0.28,1.01,WAIT,3,"BTC_ABOVE,BTC5-,PM5+,PM30+,DOWN_BOOK"
2026-09-21 17:39:07,1790012346,btc-updown-5m-1790012100,54,85912.57,85859.26,53.310000000012224,2.8700000000098953,-12.459999999991851,4.280000000013388,-28.369999999995343,0.89,0.9,0.895,0.06,0.07,0.065,2037.4,314.76,1136.8000000000002,1643.0,0.7323651452282158,-0.18209943161378508,0.18999999999999995,0.08000000000000007,0.28,0.97,WAIT,8,UP_TOO_EXPENSIVE
2026-09-21 17:39:09,1790012348,btc-updown-5m-1790012100,52,85935.52,85859.26,76.26000000000931,23.05999999999767,10.490000000005239,25.710000000006403,4.6600000000034925,0.96,0.97,0.965,0.03,0.04,0.035,2844.63,4191.6,4143.43,2904.63,-0.19143348071339342,0.1757646785072772,0.15999999999999992,0.13,0.20999999999999996,1.01,WAIT,8,UP_TOO_EXPENSIVE
2026-09-21 17:39:10,1790012350,btc-updown-5m-1790012100,50,85935.52,85859.26,76.26000000000931,22.960000000006403,10.490000000005239,18.10000000000582,4.6600000000034925,0.97,0.98,0.975,0.02,0.03,0.025,3894.13,4019.76,3982.26,3980.79,-0.01587462044582375,0.00018460263341310863,0.07999999999999996,0.14,0.24,1.01,WAIT,8,UP_TOO_EXPENSIVE
2026-09-21 17:39:12,1790012351,btc-updown-5m-1790012100,49,85935.51,85859.26,76.25,22.939999999987776,10.479999999995925,18.089999999996508,4.649999999994179,0.97,0.98,0.975,0.02,0.03,0.025,4507.32,3525.46,3437.17,4502.32,0.12223165579039881,-0.13415849128848323,0.07999999999999996,0.12,0.24,1.01,WAIT,8,UP_TOO_EXPENSIVE
2026-09-21 17:39:14,1790012353,btc-updown-5m-1790012100,47,85935.51,85859.26,76.25,-0.010000000009313226,10.470000000001164,15.509999999994761,1.889999999999418,0.98,0.99,0.985,0.01,0.02,0.015,3896.38,2991.49,2990.62,4495.21,0.13137443070208937,-0.2009917403948527,0.020000000000000018,0.14,0.16000000000000003,1.01,WAIT,6,UP_TOO_EXPENSIVE
2026-09-21 17:39:16,1790012355,btc-updown-5m-1790012100,45,85935.52,85859.26,76.26000000000931,0.0,10.490000000005239,10.480000000010477,1.9000000000087311,0.99,,,,0.01,,6016.9400000000005,0,0,5991.9400000000005,1.0,-1.0,,,,,WAIT,5,"BTC_ABOVE,UP_BOOK"
2026-09-21 17:39:17,1790012357,btc-updown-5m-1790012100,43,85935.51,85859.26,76.25,0.0,25.80999999999767,10.479999999995925,1.889999999999418,0.99,,,,0.01,,6619.54,0,0,6726.54,1.0,-1.0,,,,,WAIT,7,UP_TOO_EXPENSIVE
2026-09-21 17:39:19,1790012358,btc-updown-5m-1790012100,42,85935.51,85859.26,76.25,0.0,23.04999999998836,10.479999999995925,1.889999999999418,0.99,,,,0.01,,5763.23,0,0,6783.23,1.0,-1.0,,,,,WAIT,7,UP_TOO_EXPENSIVE
2026-09-21 17:39:21,1790012360,btc-updown-5m-1790012100,40,85920.0,85859.26,60.74000000000524,-15.520000000004075,7.440000000002328,-5.039999999993597,-9.039999999993597,0.99,,,,0.01,,3902.51,0,0,3924.51,1.0,-1.0,,,,,WAIT,4,"BTC_ABOVE,BTC5-,UP_BOOK"
2026-09-21 17:39:22,1790012362,btc-updown-5m-1790012100,38,85920.0,85859.26,60.74000000000524,-15.509999999994761,7.429999999993015,-5.029999999998836,-0.00999999999476131,0.99,,,,0.01,,5291.51,0,0,5361.51,1.0,-1.0,,,,,WAIT,4,"BTC_ABOVE,BTC5-,UP_BOOK"
2026-09-21 17:39:24,1790012363,btc-updown-5m-1790012100,37,85920.01,85859.26,60.75,-15.5,-15.510000000009313,-5.0200000000040745,0.0,0.99,,,,0.01,,4734.8099999999995,0,0,4834.8099999999995,1.0,-1.0,,,,,WAIT,4,"BTC_ABOVE,BTC5-,UP_BOOK"
2026-09-21 17:39:26,1790012365,btc-updown-5m-1790012100,35,85920.0,85859.26,60.74000000000524,0.0,-15.520000000004075,-5.029999999998836,-0.00999999999476131,0.99,,,,0.01,,6899.82,0,0,6840.82,1.0,-1.0,,,,,WAIT,5,"BTC_ABOVE,UP_BOOK"
2026-09-21 17:39:28,1790012367,btc-updown-5m-1790012100,33,85920.0,85859.26,60.74000000000524,0.0,-15.509999999994761,-5.029999999998836,0.0,0.99,,,,0.01,,5726.67,0,0,5736.67,1.0,-1.0,,,,,WAIT,5,"BTC_ABOVE,UP_BOOK"
2026-09-21 17:39:29,1790012369,btc-updown-5m-1790012100,31,85928.78,85859.26,69.52000000000407,8.770000000004075,-6.7299999999959255,3.7400000000052387,-0.04000000000814907,0.99,,,,0.01,,15964.0,0,0,15974.099999999999,1.0,-1.0,,,,,WAIT,5,"BTC_ABOVE,UP_BOOK"
2026-09-21 17:39:31,1790012370,btc-updown-5m-1790012100,30,85935.5,85859.26,76.24000000000524,15.5,-0.020000000004074536,10.470000000001164,6.669999999998254,0.99,,,,0.01,,19729.48,0,0,19768.48,1.0,-1.0,,,,,WAIT,6,UP_TOO_EXPENSIVE
2026-09-21 17:39:33,1790012372,btc-updown-5m-1790012100,28,85937.71,85859.26,78.45000000001164,17.710000000006403,2.2000000000116415,28.010000000009313,29.420000000012806,0.99,,,,0.01,,20712.15,0,0,20727.15,1.0,-1.0,,,,,WAIT,6,UP_TOO_EXPENSIVE
2026-09-21 17:39:34,1790012374,btc-updown-5m-1790012100,26,85937.91,85859.26,78.65000000000873,9.130000000004657,2.400000000008731,25.44999999999709,29.620000000009895,0.99,,,,0.01,,20868.82,0,0,20868.75,1.0,-1.0,,,,,WAIT,5,"BTC_ABOVE,UP_BOOK"
2026-09-21 17:39:36,1790012375,btc-updown-5m-1790012100,25,85937.91,85859.26,78.65000000000873,2.4100000000034925,17.910000000003492,25.35000000000582,29.620000000009895,0.99,,,,0.01,,21941.7,0,0,26143.7,1.0,-1.0,,,,,WAIT,5,"BTC_ABOVE,UP_BOOK"
2026-09-21 17:39:38,1790012377,btc-updown-5m-1790012100,23,85937.9,85859.26,78.63999999999942,0.1899999999877764,17.89999999999418,25.329999999987194,28.089999999996508,0.99,,,,0.01,,37803.57,0,0,37813.57,1.0,-1.0,,,,,WAIT,5,"BTC_ABOVE,UP_BOOK"
2026-09-21 17:39:40,1790012379,btc-updown-5m-1790012100,21,85937.9,85859.26,78.63999999999942,-0.010000000009313226,17.889999999999418,2.3799999999901047,20.479999999995925,0.99,,,,0.01,,39238.57,0,0,39228.57,1.0,-1.0,,,,,WAIT,5,"BTC_ABOVE,UP_BOOK"
2026-09-21 17:39:41,1790012381,btc-updown-5m-1790012100,19,85937.91,85859.26,78.65000000000873,0.0,17.910000000003492,2.400000000008731,20.49000000000524,0.99,,,,0.01,,40304.72,0,0,40329.72,1.0,-1.0,,,,,WAIT,0,TIME_FILTER
2026-09-21 17:39:43,1790012382,btc-updown-5m-1790012100,18,85937.91,85859.26,78.65000000000873,0.010000000009313226,17.910000000003492,2.400000000008731,17.910000000003492,0.99,,,,0.01,,41082.740000000005,0,0,41067.740000000005,1.0,-1.0,,,,,WAIT,0,TIME_FILTER
2026-09-21 17:39:45,1790012384,btc-updown-5m-1790012100,16,85935.5,85859.26,76.24000000000524,-2.3999999999941792,6.720000000001164,-0.00999999999476131,10.460000000006403,0.99,,,,0.01,,42019.740000000005,0,0,42109.740000000005,1.0,-1.0,,,,,WAIT,0,TIME_FILTER
2026-09-21 17:39:47,1790012386,btc-updown-5m-1790012100,14,85933.13,85859.26,73.8700000000099,-4.779999999998836,-2.3699999999953434,-2.389999999999418,8.10000000000582,0.99,,,,0.01,,47819.46000000001,0,0,47644.46000000001,1.0,-1.0,,,,,WAIT,0,TIME_FILTER
2026-09-21 17:39:49,1790012388,btc-updown-5m-1790012100,12,85933.14,85859.26,73.88000000000466,-4.7700000000040745,-4.570000000006985,-2.3699999999953434,8.110000000000582,0.99,,,,0.01,,47948.15,0,0,47948.15,1.0,-1.0,,,,,WAIT,0,TIME_FILTER
2026-09-21 17:39:50,1790012390,btc-updown-5m-1790012100,10,85933.14,85859.26,73.88000000000466,-2.360000000000582,-4.7700000000040745,13.139999999999418,8.10000000000582,0.99,,,,0.01,,48041.04,0,0,47981.04,1.0,-1.0,,,,,WAIT,0,TIME_FILTER
2026-09-21 17:39:52,1790012391,btc-updown-5m-1790012100,9,85933.14,85859.26,73.88000000000466,0.00999999999476131,-4.7700000000040745,13.139999999999418,8.110000000000582,0.99,,,,0.01,,48530.61,0,0,48515.94,1.0,-1.0,,,,,WAIT,0,TIME_FILTER
2026-09-21 17:39:54,1790012393,btc-updown-5m-1790012100,7,85924.43,85859.26,65.16999999999825,-8.710000000006403,-13.470000000001164,4.419999999998254,-0.6000000000058208,0.99,,,,0.01,,56738.32,0,0,56748.32,1.0,-1.0,,,,,WAIT,0,TIME_FILTER
2026-09-21 17:39:56,1790012395,btc-updown-5m-1790012100,5,85921.52,85859.26,62.26000000000931,-11.619999999995343,-16.379999999990105,1.5200000000040745,-3.5099999999947613,0.99,,,,0.01,,56744.520000000004,0,0,56744.520000000004,1.0,-1.0,,,,,WAIT,0,TIME_FILTER
2026-09-21 17:39:58,1790012397,btc-updown-5m-1790012100,3,85920.0,85859.26,60.74000000000524,-13.139999999999418,-17.910000000003492,0.0,-5.029999999998836,0.99,,,,0.01,,56160.520000000004,0,0,56160.520000000004,1.0,-1.0,,,,,WAIT,0,TIME_FILTER
2026-09-21 17:40:00,1790012399,btc-updown-5m-1790012100,1,85901.53,85859.26,42.270000000004075,-22.89999999999418,-33.970000000001164,-27.25,-23.50999999999476,0.99,,,,0.01,,62690.23,0,0,60824.47,1.0,-1.0,,,,,WAIT,0,TIME_FILTER
2026-09-21 17:40:02,1790012401,btc-updown-5m-1790012400,299,85899.45,85899.45,0.0,,,,,0.35,0.36,0.355,0.64,0.65,0.645,3615.0,3228.66,3067.52,4034.74,0.056452249235058455,-0.13618482004319749,,,,1.01,WAIT,0,TIME_FILTER
2026-09-21 17:40:04,1790012403,btc-updown-5m-1790012400,297,85899.46,85899.45,0.010000000009313226,,,,,0.35,0.36,0.355,0.64,0.65,0.645,3680.0,3051.4700000000003,3155.91,3789.26,0.09337187865354814,-0.09119287216871587,,,,1.01,WAIT,0,TIME_FILTER
2026-09-21 17:40:06,1790012405,btc-updown-5m-1790012400,295,85899.46,85899.45,0.010000000009313226,,,,,0.4,0.41,0.405,0.59,0.6,0.595,3279.21,241.14,315.14,3914.21,0.8630022582981807,-0.8509747360705545,,,,1.01,WAIT,0,TIME_FILTER
2026-09-21 17:40:08,1790012407,btc-updown-5m-1790012400,293,85911.61,85899.45,12.160000000003492,12.160000000003492,,,,0.4,0.41,0.405,0.59,0.6,0.595,846.43,1468.81,2230.25,3674.9300000000003,-0.2688187833658714,-0.24464622585594345,0.050000000000000044,,,1.01,WAIT,0,TIME_FILTER
2026-09-21 17:40:10,1790012409,btc-updown-5m-1790012400,291,85911.62,85899.45,12.169999999998254,12.15999999998894,,,,0.39,0.4,0.395,0.6,0.61,0.605,3556.5699999999997,2911.54,219.47,4680.9,0.09972464908605447,-0.9104271718258008,0.040000000000000036,,,1.01,WAIT,0,TIME_FILTER
2026-09-21 17:40:11,1790012411,btc-updown-5m-1790012400,289,85915.33,85899.45,15.880000000004657,15.869999999995343,,,,0.45,0.46,0.455,0.54,0.55,0.545,1982.4,2745.92,3197.94,1551.68,-0.16147807255008123,0.3466087813340857,0.04999999999999999,,,1.01,WAIT,0,TIME_FILTER
2026-09-21 17:40:13,1790012412,btc-updown-5m-1790012400,288,85932.2,85899.45,32.75,20.589999999996508,,,,0.52,0.53,0.525,0.47,0.48,0.475,3242.11,1546.74,1049.74,4715.11,0.3540244526347662,-0.635813594456057,0.12,,,1.01,WAIT,0,TIME_FILTER
2026-09-21 17:40:15,1790012414,btc-updown-5m-1790012400,286,85932.19,85899.45,32.74000000000524,20.570000000006985,,,,0.49,0.5,0.495,0.5,0.51,0.505,1919.6899999999998,3257.58,3584.38,1660.4099999999999,-0.2584161150567771,0.36683451577660886,0.09999999999999998,,,1.01,WAIT,0,TIME_FILTER
2026-09-21 17:40:17,1790012416,btc-updown-5m-1790012400,284,85924.54,85899.45,25.089999999996508,9.209999999991851,25.089999999996508,,,0.43,0.44,0.435,0.56,0.57,0.565,2566.8599999999997,1391.2,1684.17,3040.47,0.2970293527637276,-0.2870694910088388,-0.020000000000000018,0.08000000000000002,,1.01,WAIT,0,TIME_FILTER
2026-09-21 17:40:18,1790012418,btc-updown-5m-1790012400,282,85924.55,85899.45,25.10000000000582,-7.649999999994179,25.089999999996508,,,0.45,0.46,0.455,0.54,0.55,0.545,2426.84,2079.07,2009.1200000000001,4157.62,0.07718085802867788,-0.3484012622552597,-0.07,0.10000000000000003,,1.01,WAIT,0,TIME_FILTER
2026-09-21 17:40:20,1790012419,btc-updown-5m-1790012400,281,85924.55,85899.45,25.10000000000582,-7.639999999999418,25.089999999996508,,,0.46,0.47,0.46499999999999997,0.53,0.54,0.535,3430.23,865.72,852.72,4494.67,0.5969599273734565,-0.681070578356918,-0.030000000000000027,0.10999999999999999,,1.01,WAIT,0,TIME_FILTER
2026-09-21 17:40:22,1790012421,btc-updown-5m-1790012400,279,85920.0,85899.45,20.55000000000291,-4.539999999993597,20.539999999993597,,,0.42,0.44,0.43,0.57,0.58,0.575,3519.57,2152.0299999999997,2181.26,3523.0,0.24112067141547364,-0.23521718855732376,-0.0050000000000000044,0.024999999999999967,,1.02,WAIT,0,TIME_FILTER
2026-09-21 17:40:24,1790012423,btc-updown-5m-1790012400,277,85920.01,85899.45,20.55999999999767,-4.540000000008149,8.39999999999418,,,0.4,0.41,0.405,0.59,0.6,0.595,3850.7999999999997,1419.36,1387.36,4336.129999999999,0.46135980691288303,-0.5152048837335262,-0.04999999999999999,0.0,,1.01,WAIT,0,TIME_FILTER
2026-09-21 17:40:25,1790012425,btc-updown-5m-1790012400,275,85920.01,85899.45,20.55999999999767,-4.540000000008149,8.389999999999418,,,0.42,0.43,0.425,0.57,0.58,0.575,4584.46,1127.69,1499.69,5141.7,0.6051609288971753,-0.548380685368575,-0.03999999999999998,0.02999999999999997,,1.01,WAIT,0,TIME_FILTER
2026-09-21 17:40:27,1790012426,btc-updown-5m-1790012400,274,85913.19,85899.45,13.740000000005239,-6.809999999997672,-2.139999999999418,,,0.38,0.39,0.385,0.62,0.63,0.625,4248.929999999999,2301.26,2961.04,1847.42,0.2973455731818465,0.23159597875411253,-0.044999999999999984,-0.07,,1.02,WAIT,0,TIME_FILTER
2026-09-21 17:40:29,1790012428,btc-updown-5m-1790012400,272,85907.5,85899.45,8.05000000000291,-12.509999999994761,-24.69999999999709,,,0.37,0.38,0.375,0.63,0.64,0.635,2679.12,3122.6400000000003,3031.55,4000.0899999999997,-0.07644576818069007,-0.13774027111740642,-0.030000000000000027,-0.15000000000000002,,1.02,WAIT,0,TIME_FILTER
2026-09-21 17:40:31,1790012430,btc-updown-5m-1790012400,270,85907.5,85899.45,8.05000000000291,-12.509999999994761,-24.69000000000233,,,0.36,0.37,0.365,0.63,0.64,0.635,4053.7499999999995,2771.71,1801.85,4708.58,0.1878320289035464,-0.4464728136236777,-0.06,-0.13,,1.01,WAIT,-5,"BTC5-,BTC15-,PM5-,PM15-"
2026-09-21 17:40:32,1790012432,btc-updown-5m-1790012400,268,85907.5,85899.45,8.05000000000291,-5.690000000002328,-17.039999999993597,8.05000000000291,,0.37,0.38,0.375,0.62,0.63,0.625,4728.71,2327.05,3199.3,2375.35,0.3403828928421601,0.14780300108526997,-0.010000000000000009,-0.06,0.020000000000000018,1.01,WAIT,-1,"PM15-,UP_BOOK"
2026-09-21 17:40:34,1790012433,btc-updown-5m-1790012400,267,85907.49,85899.45,8.040000000008149,-0.00999999999476131,-17.05999999999767,8.029999999998836,,0.36,0.37,0.365,0.63,0.64,0.635,5387.79,1861.31,1886.31,5367.79,0.4864714240388462,-0.47993272769881856,-0.010000000000000009,-0.09000000000000002,0.010000000000000009,1.01,WAIT,0,"PM15-,UP_BOOK"
2026-09-21 17:40:36,1790012435,btc-updown-5m-1790012400,265,85907.49,85899.45,8.040000000008149,-0.00999999999476131,-17.05999999999767,8.029999999998836,,0.37,0.38,0.375,0.62,0.63,0.625,4902.4,1838.1399999999999,1739.1399999999999,4962.4,0.4546015601123946,-0.48097303007965336,0.010000000000000009,-0.08999999999999997,-0.030000000000000027,1.01,WAIT,0,"PM15-,UP_BOOK"
2026-09-21 17:40:38,1790012437,btc-updown-5m-1790012400,263,85907.5,85899.45,8.05000000000291,0.0,-12.5,-4.110000000000582,,0.37,0.38,0.375,0.62,0.63,0.625,4899.4,2520.16,2575.16,4829.4,0.32067130665430293,-0.30443942651555256,0.0,-0.05499999999999999,-0.030000000000000027,1.01,WAIT,0,"PM15-,UP_BOOK"
2026-09-21 17:40:39,1790012439,btc-updown-5m-1790012400,261,85907.49,85899.45,8.040000000008149,0.0,-12.519999999989523,-4.129999999990105,,0.39,0.4,0.395,0.6,0.61,0.605,2465.64,2988.29,2988.29,2465.64,-0.09582997948268497,0.09582997948268497,0.030000000000000027,-0.010000000000000009,0.0,1.01,WAIT,1,PM5+
2026-09-21 17:40:41,1790012440,btc-updown-5m-1790012400,260,85907.5,85899.45,8.05000000000291,0.00999999999476131,-12.509999999994761,-4.119999999995343,,0.38,0.39,0.385,0.61,0.62,0.615,3054.8,2502.2200000000003,2677.2200000000003,3197.05,0.0994381880936185,-0.08849269781606904,0.010000000000000009,-0.03999999999999998,-0.010000000000000009,1.01,WAIT,0,
2026-09-21 17:40:43,1790012442,btc-updown-5m-1790012400,258,85907.48,85899.45,8.029999999998836,-0.020000000004074536,-5.710000000006403,-24.720000000001164,,0.38,0.39,0.385,0.61,0.62,0.615,3432.78,2522.94,2443.69,3660.05,0.15276742358606518,-0.19928109650804263,0.010000000000000009,0.0,-0.14,1.01,WAIT,-1,PM30-
2026-09-21 17:40:45,1790012444,btc-updown-5m-1790012400,256,85907.47,85899.45,8.020000000004075,-0.020000000004074536,-0.029999999998835847,-24.720000000001164,,0.38,0.39,0.385,0.61,0.62,0.615,3752.9900000000002,2334.2400000000002,2341.67,3776.9900000000002,0.23306988564585204,-0.23458077422180676,-0.010000000000000009,0.010000000000000009,-0.10999999999999999,1.01,WAIT,-1,PM30-
2026-09-21 17:40:46,1790012446,btc-updown-5m-1790012400,254,85907.47,85899.45,8.020000000004075,-0.029999999998835847,-0.029999999998835847,-17.069999999992433,,0.37,0.38,0.375,0.63,0.64,0.635,2986.54,2470.2799999999997,1686.47,2459.8,0.09460821504099462,-0.18651221459287506,-0.010000000000000009,0.010000000000000009,-0.06,1.02,WAIT,0,
2026-09-21 17:40:48,1790012447,btc-updown-5m-1790012400,253,85900.0,85899.45,0.5500000000029104,-7.4799999999959255,-7.5,-24.539999999993597,,0.33,0.34,0.335,0.66,0.67,0.665,2892.44,909.7,946.4200000000001,4270.09,0.5214800086267207,-0.6371443743038928,-0.04999999999999999,-0.03999999999999998,-0.09999999999999998,1.01,WAIT,0,"PM5-,PM30-,UP_BOOK"
2026-09-21 17:40:50,1790012449,btc-updown-5m-1790012400,251,85890.01,85899.45,-9.440000000002328,-17.460000000006403,-17.480000000010477,-34.54000000000815,,0.35,0.36,0.355,0.66,0.67,0.665,2350.06,1407.0900000000001,2120.8199999999997,1470.95,0.2509801312164805,0.18093307756342966,-0.030000000000000027,-0.010000000000000009,-0.10999999999999999,1.03,WAIT,-4,"BTC5-,BTC30-,PM5-,PM30-,UP_BOOK"
2026-09-21 17:40:52,1790012451,btc-updown-5m-1790012400,249,85890.01,85899.45,-9.440000000002328,-17.460000000006403,-17.480000000010477,-29.99000000000524,,0.35,0.36,0.355,0.64,0.65,0.645,3843.71,988.3000000000001,1350.3,3705.08,0.5909362770358505,-0.4657968342636952,-0.020000000000000018,-0.020000000000000018,-0.07500000000000001,1.01,WAIT,0,"BTC5-,PM30-,UP_BOOK"
2026-09-21 17:40:53,1790012453,btc-updown-5m-1790012400,247,85890.01,85899.45,-9.440000000002328,-9.990000000005239,-17.49000000000524,-30.0,,0.35,0.36,0.355,0.64,0.65,0.645,3647.05,1457.44,1511.3000000000002,3664.4800000000005,0.4289576431729713,-0.4160107268856095,0.019999999999999962,-0.020000000000000018,-0.050000000000000044,1.01,WAIT,0,"BTC30-,UP_BOOK"
2026-09-21 17:40:55,1790012454,btc-updown-5m-1790012400,246,85891.38,85899.45,-8.069999999992433,1.3700000000098953,-16.110000000000582,-28.629999999990105,,0.36,0.37,0.365,0.63,0.64,0.635,4520.639999999999,1945.62,3987.93,4474.639999999999,0.39822401202549845,-0.057513261337867765,0.010000000000000009,-0.030000000000000027,-0.040000000000000036,1.01,WAIT,1,UP_BOOK
2026-09-21 17:40:57,1790012456,btc-updown-5m-1790012400,244,85891.39,85899.45,-8.059999999997672,1.3800000000046566,-16.110000000000582,-21.80000000000291,,0.35,0.36,0.355,0.64,0.65,0.645,2404.7200000000003,2922.58,1892.85,2931.8700000000003,-0.09720871736151515,-0.21535342983634292,0.0,-0.030000000000000027,-0.030000000000000027,1.01,WAIT,0,
2026-09-21 17:40:58,1790012458,btc-updown-5m-1790012400,242,85891.39,85899.45,-8.059999999997672,1.3800000000046566,-16.089999999996508,-16.110000000000582,,0.35,0.36,0.355,0.64,0.65,0.645,3475.5200000000004,1657.7099999999998,1905.57,2718.2200000000003,0.3541259596784092,-0.17575408917792554,0.0,-0.030000000000000027,-0.020000000000000018,1.01,WAIT,1,UP_BOOK
2026-09-21 17:41:00,1790012459,btc-updown-5m-1790012400,241,85891.38,85899.45,-8.069999999992433,0.0,-16.089999999996508,-16.119999999995343,,0.35,0.36,0.355,0.64,0.65,0.645,3095.07,2193.57,2223.4,3014.03,0.17045970230531857,-0.15095762616397737,-0.010000000000000009,-0.030000000000000027,-0.020000000000000018,1.01,WAIT,0,
2026-09-21 17:41:02,1790012461,btc-updown-5m-1790012400,239,85918.86,85899.45,19.410000000003492,27.470000000001164,11.389999999999418,11.360000000000582,19.410000000003492,0.46,0.47,0.46499999999999997,0.53,0.54,0.535,912.81,771.57,746.44,1137.81,0.08385281231076117,-0.20770598381318822,0.10999999999999999,0.08999999999999997,0.09999999999999998,1.01,WAIT,5,"BTC5+,PM5+,PM15+,PM30+"
2026-09-21 17:41:04,1790012463,btc-updown-5m-1790012400,237,85924.55,85899.45,25.10000000000582,33.16000000000349,24.55000000000291,17.05999999999767,25.089999999996508,0.52,0.53,0.525,0.47,0.48,0.475,3613.2,2975.3,3362.18,2971.63,0.09682021704485082,0.061661148660916536,0.17000000000000004,0.19,0.16000000000000003,1.01,UP WATCH,9,"BTC_ABOVE,BTC5+,BTC15+,PM5+,PM15+,PM30+"
2026-09-21 17:41:06,1790012465,btc-updown-5m-1790012400,235,85933.12,85899.45,33.669999999998254,41.73999999999069,43.11000000000058,25.629999999990105,33.65999999998894,0.54,0.55,0.545,0.45,0.46,0.455,2405.8599999999997,1517.57,1320.6399999999999,3373.2799999999997,0.22640648616134348,-0.43729761052595695,0.19000000000000006,0.19000000000000006,0.17000000000000004,1.01,UP WATCH,10,"BTC_ABOVE,BTC5+,BTC15+,PM5+,PM15+,PM30+"
2026-09-21 17:41:07,1790012467,btc-updown-5m-1790012400,233,85933.14,85899.45,33.69000000000233,14.279999999998836,43.13000000000466,25.639999999999418,21.529999999998836,0.55,0.56,0.555,0.44,0.45,0.445,5100.75,930.66,244.1,5190.62,0.6913955443254562,-0.9101701651603025,0.09000000000000008,0.20000000000000007,0.18000000000000005,1.01,UP WATCH,11,"BTC_ABOVE,BTC5+,BTC15+,PM5+,PM15+,PM30+,UP_BOOK"
2026-09-21 17:41:09,1790012468,btc-updown-5m-1790012400,232,85933.14,85899.45,33.69000000000233,8.589999999996508,43.13000000000466,25.639999999999418,21.529999999998836,0.55,0.56,0.555,0.44,0.45,0.445,2930.7,2545.27,1621.1799999999998,2776.92,0.0703857033548394,-0.26278165571496787,0.030000000000000027,0.20000000000000007,0.18000000000000005,1.01,UP WATCH,9,"BTC_ABOVE,BTC15+,PM5+,PM15+,PM30+"
2026-09-21 17:41:11,1790012470,btc-updown-5m-1790012400,230,85933.13,85899.45,33.68000000000757,0.010000000009313226,41.75,25.630000000004657,21.510000000009313,0.53,0.54,0.535,0.43,0.44,0.435,3078.58,1916.6599999999999,2793.08,2916.2400000000002,0.23260544037924105,-0.02157174584714122,-0.010000000000000009,0.17000000000000004,0.15000000000000002,0.98,UP WATCH,7,"BTC_ABOVE,BTC15+,PM15+,PM30+"
2026-09-21 17:41:13,1790012472,btc-updown-5m-1790012400,228,85933.13,85899.45,33.68000000000757,-0.00999999999476131,41.74000000000524,25.65000000000873,0.930000000007567,0.56,0.57,0.565,0.43,0.44,0.435,2635.0299999999997,3319.0,2785.89,2920.86,-0.1148751349926017,-0.02365093967669869,0.009999999999999898,0.20999999999999996,0.17999999999999994,1.01,UP WATCH,7,"BTC_ABOVE,BTC15+,PM15+,PM30+"
2026-09-21 17:41:14,1790012474,btc-updown-5m-1790012400,226,85933.14,85899.45,33.69000000000233,0.0,41.75999999999476,25.669999999998254,0.9499999999970896,0.57,0.58,0.575,0.42,0.43,0.425,2300.17,4710.320000000001,4725.320000000001,1593.75,-0.34379194606939034,0.4955745070081516,0.019999999999999907,0.21999999999999997,0.18999999999999995,1.01,WAIT,5,"BTC_ABOVE,BTC15+,PM15+,PM30+,DOWN_BOOK"
2026-09-21 17:41:16,1790012475,btc-updown-5m-1790012400,225,85933.14,85899.45,33.69000000000233,0.00999999999476131,41.75999999999476,25.669999999998254,0.9499999999970896,0.54,0.55,0.545,0.45,0.46,0.455,3034.5699999999997,1561.31,1074.41,2693.87,0.3205610242216942,-0.4297610580954706,0.010000000000000009,0.19000000000000006,0.16000000000000003,1.01,UP WATCH,9,"BTC_ABOVE,BTC15+,PM15+,PM30+,UP_BOOK"
2026-09-21 17:41:18,1790012477,btc-updown-5m-1790012400,223,85933.12,85899.45,33.669999999998254,-0.010000000009313226,14.259999999994761,33.11999999999534,8.580000000001746,0.53,0.54,0.535,0.46,0.47,0.46499999999999997,3376.88,1657.0900000000001,1053.8700000000001,3446.88,0.34163691877385044,-0.5316913847692052,-0.029999999999999916,0.07000000000000006,0.2,1.01,UP WATCH,9,"BTC_ABOVE,BTC30+,PM15+,PM30+,UP_BOOK"
2026-09-21 17:41:19,1790012479,btc-updown-5m-1790012400,221,85933.12,85899.45,33.669999999998254,-0.020000000004074536,8.569999999992433,43.11000000000058,8.569999999992433,0.54,0.55,0.545,0.45,0.46,0.455,4040.9500000000003,1592.49,760.7199999999999,4173.77,0.43462964014882555,-0.6916722903481414,-0.029999999999999916,0.020000000000000018,0.19000000000000006,1.01,UP WATCH,7,"BTC_ABOVE,BTC30+,PM30+,UP_BOOK"
2026-09-21 17:41:21,1790012480,btc-updown-5m-1790012400,220,85933.13,85899.45,33.68000000000757,-0.00999999999476131,0.010000000009313226,43.120000000009895,8.580000000001746,0.57,0.58,0.575,0.42,0.43,0.425,2449.56,2785.54,2805.54,2109.27,-0.06417833470229795,0.14166773486665812,0.029999999999999916,0.029999999999999916,0.21999999999999997,1.01,WAIT,5,"BTC_ABOVE,BTC30+,PM30+"
2026-09-21 17:41:23,1790012482,btc-updown-5m-1790012400,218,85935.49,85899.45,36.04000000000815,2.3700000000098953,2.3500000000058208,45.48000000001048,15.490000000005239,0.59,0.6,0.595,0.4,0.41,0.405,1864.02,3351.79,2307.79,1015.43,-0.2852423688746331,0.38888788584565576,0.05999999999999994,0.039999999999999925,0.24,1.01,WAIT,4,"BTC_ABOVE,BTC30+,PM5+,PM30+,DOWN_BOOK"
2026-09-21 17:41:24,1790012484,btc-updown-5m-1790012400,216,85935.49,85899.45,36.04000000000815,2.3700000000098953,2.3500000000058208,44.11000000000058,15.480000000010477,0.57,0.58,0.575,0.43,0.44,0.435,353.83,4612.91,4297.75,1036.0,-0.8575202245335976,0.6115303491914694,0.029999999999999916,0.019999999999999907,0.20999999999999996,1.02,WAIT,3,"BTC_ABOVE,BTC30+,PM30+,DOWN_BOOK"
2026-09-21 17:41:26,1790012486,btc-updown-5m-1790012400,214,85935.49,85899.45,36.04000000000815,2.360000000000582,2.360000000000582,44.10000000000582,22.30000000000291,0.56,0.58,0.5700000000000001,0.42,0.43,0.425,2292.6800000000003,1674.15,2316.3,3036.96,0.15592551231083765,-0.13462077313636922,-0.004999999999999893,0.03500000000000003,0.21500000000000008,1.01,WAIT,5,"BTC_ABOVE,BTC30+,PM30+"
2026-09-21 17:41:28,1790012487,btc-updown-5m-1790012400,213,85935.5,85899.45,36.05000000000291,0.00999999999476131,2.3699999999953434,44.11000000000058,22.30999999999767,0.57,0.58,0.575,0.42,0.43,0.425,2676.33,3235.36,3175.36,2363.9700000000003,-0.09456348353854822,0.146478003657482,-0.020000000000000018,0.010000000000000009,0.21999999999999997,1.01,WAIT,5,"BTC_ABOVE,BTC30+,PM30+"
2026-09-21 17:41:30,1790012489,btc-updown-5m-1790012400,211,85935.49,85899.45,36.04000000000815,0.0,2.3500000000058208,44.11000000000058,27.99000000000524,0.57,0.58,0.575,0.42,0.43,0.425,2085.25,4381.25,4248.860000000001,1521.25,-0.35506069744065566,0.47271369176670813,0.0,0.0,0.21999999999999997,1.01,WAIT,3,"BTC_ABOVE,BTC30+,PM30+,DOWN_BOOK"
2026-09-21 17:41:31,1790012491,btc-updown-5m-1790012400,209,85935.5,85899.45,36.05000000000291,0.00999999999476131,2.360000000000582,16.639999999999418,28.0,0.55,0.56,0.555,0.45,0.47,0.45999999999999996,1206.64,3754.98,3459.37,797.0,-0.5136104739984119,0.6255024821620301,-0.015000000000000013,0.010000000000000009,0.09000000000000008,1.03,WAIT,1,"BTC_ABOVE,PM30+,DOWN_BOOK"
2026-09-21 17:41:33,1790012492,btc-updown-5m-1790012400,208,85935.49,85899.45,36.04000000000815,-0.00999999999476131,2.3700000000098953,16.630000000004657,27.99000000000524,0.51,0.52,0.515,0.48,0.49,0.485,2821.3,1858.4499999999998,1960.12,2861.19,0.20574817030824305,-0.18689318878064265,-0.05999999999999994,-0.020000000000000018,0.050000000000000044,1.01,WAIT,1,"BTC_ABOVE,PM5-"
2026-09-21 17:41:35,1790012494,btc-updown-5m-1790012400,206,85935.5,85899.45,36.05000000000291,0.00999999999476131,2.3800000000046566,10.94999999999709,28.00999999999476,0.51,0.52,0.515,0.48,0.49,0.485,3618.4300000000003,1628.3,2528.1,793.0400000000001,0.37930863604568943,0.5224290454482498,-0.05999999999999994,-0.030000000000000027,-0.010000000000000009,1.01,WAIT,1,"BTC_ABOVE,PM5-,UP_BOOK,DOWN_BOOK"
2026-09-21 17:41:37,1790012496,btc-updown-5m-1790012400,204,85935.49,85899.45,36.04000000000815,-0.00999999999476131,2.360000000000582,2.3700000000098953,28.0,0.49,0.5,0.495,0.51,0.52,0.515,1467.52,3238.48,3675.47,1029.81,-0.37631959201019977,0.562274721164309,-0.06000000000000005,-0.07999999999999996,-0.050000000000000044,1.02,WAIT,-3,"BTC_ABOVE,PM5-,PM15-,DOWN_BOOK"
2026-09-21 17:41:38,1790012498,btc-updown-5m-1790012400,202,85935.17,85899.45,35.720000000001164,-0.3200000000069849,-0.3200000000069849,2.029999999998836,27.669999999998254,0.48,0.49,0.485,0.51,0.52,0.515,2301.5099999999998,2642.52,2247.52,2370.21,-0.06897409603097074,-0.026569331684615616,-0.030000000000000027,-0.10999999999999999,-0.07000000000000006,1.01,WAIT,-2,"BTC_ABOVE,PM5-,PM15-,PM30-"
2026-09-21 17:41:40,1790012499,btc-updown-5m-1790012400,201,85935.17,85899.45,35.720000000001164,-0.33000000000174623,-0.3200000000069849,2.029999999998836,27.679999999993015,0.5,0.51,0.505,0.49,0.5,0.495,3654.76,1684.3,1574.3,3499.6,0.369064966492229,-0.37945170381757626,-0.010000000000000009,-0.06999999999999995,-0.050000000000000044,1.01,WAIT,2,"BTC_ABOVE,PM15-,UP_BOOK"
2026-09-21 17:41:42,1790012501,btc-updown-5m-1790012400,199,85935.17,85899.45,35.720000000001164,-0.3200000000069849,-0.3200000000069849,2.039999999993597,27.669999999998254,0.51,0.52,0.515,0.48,0.49,0.485,3487.99,1798.83,1793.83,3552.7,0.31950397403354003,-0.3289741196626597,0.020000000000000018,-0.05500000000000005,-0.020000000000000018,1.01,WAIT,2,"BTC_ABOVE,PM15-,UP_BOOK"
2026-09-21 17:41:44,1790012503,btc-updown-5m-1790012400,197,85935.18,85899.45,35.729999999995925,0.00999999999476131,-0.3200000000069849,2.0499999999883585,27.69999999999709,0.51,0.52,0.515,0.48,0.49,0.485,3042.41,2541.45,2516.45,3071.41,0.08971571636824707,-0.09931530138550358,0.030000000000000027,-0.05999999999999994,-0.04999999999999993,1.01,WAIT,1,"BTC_ABOVE,PM5+,PM15-"
2026-09-21 17:41:45,1790012505,btc-updown-5m-1790012400,195,85935.18,85899.45,35.729999999995925,0.00999999999476131,-0.3100000000122236,2.039999999993597,27.70999999999185,0.51,0.52,0.515,0.48,0.49,0.485,3675.45,1487.8899999999999,544.15,3477.83,0.4236714994557786,-0.7294118817100035,0.010000000000000009,-0.05999999999999994,-0.030000000000000027,1.01,WAIT,2,"BTC_ABOVE,PM15-,UP_BOOK"
2026-09-21 17:41:47,1790012506,btc-updown-5m-1790012400,194,85946.49,85899.45,47.04000000000815,11.320000000006985,10.990000000005239,13.35000000000582,39.020000000004075,0.65,0.66,0.655,0.34,0.35,0.345,2085.7200000000003,924.59,1252.51,2007.72,0.3857177499991695,-0.23164316627967965,0.14,0.09999999999999998,0.10999999999999999,1.01,UP WATCH,8,"BTC_ABOVE,BTC5+,PM5+,PM15+,PM30+,UP_BOOK"
2026-09-21 17:41:49,1790012508,btc-updown-5m-1790012400,192,85946.5,85899.45,47.05000000000291,11.320000000006985,11.009999999994761,13.380000000004657,46.5,0.65,0.66,0.655,0.36,0.37,0.365,1411.17,2973.9500000000003,3627.06,970.86,-0.35638249352355234,0.5776960016703204,0.14,0.14,0.12,1.03,UP WATCH,6,"BTC_ABOVE,BTC5+,BTC60+,PM5+,PM15+,PM30+,DOWN_BOOK"
2026-09-21 17:41:51,1790012510,btc-updown-5m-1790012400,190,85946.49,85899.45,47.04000000000815,11.310000000012224,10.990000000005239,13.360000000000582,56.48000000001048,0.62,0.63,0.625,0.37,0.38,0.375,2611.6000000000004,3736.75,3772.25,2352.92,-0.17723502957461382,0.23172091550112078,0.10999999999999999,0.10999999999999999,0.050000000000000044,1.01,UP WATCH,7,"BTC_ABOVE,BTC5+,BTC60+,PM5+,PM15+"
2026-09-21 17:41:52,1790012512,btc-updown-5m-1790012400,188,85946.49,85899.45,47.04000000000815,0.0,11.0,11.0,56.48000000001048,0.62,0.63,0.625,0.37,0.38,0.375,2313.75,4750.88,4607.9400000000005,2329.62,-0.34497631156904185,0.3284036462387353,-0.030000000000000027,0.13,0.030000000000000027,1.01,WAIT,2,"BTC_ABOVE,BTC60+,PM5-,PM15+,DOWN_BOOK"
2026-09-21 17:41:54,1790012513,btc-updown-5m-1790012400,187,85946.49,85899.45,47.04000000000815,-0.00999999999476131,11.320000000006985,11.0,56.48000000001048,0.56,0.57,0.565,0.43,0.44,0.435,1298.8,2822.15,2847.15,1298.8,-0.36965990851624025,0.37346084733293944,-0.09000000000000008,0.07999999999999996,-0.030000000000000027,1.01,WAIT,2,"BTC_ABOVE,BTC60+,PM5-,PM15+,DOWN_BOOK"
2026-09-21 17:41:56,1790012515,btc-updown-5m-1790012400,185,85943.73,85899.45,44.279999999998836,-2.7600000000093132,8.559999999997672,8.239999999990687,52.34999999999127,0.53,0.54,0.535,0.45,0.46,0.455,3025.88,914.0,640.81,3331.58,0.5360264779637959,-0.6773680328467245,-0.08999999999999997,0.030000000000000027,-0.039999999999999925,1.0,WAIT,4,"BTC_ABOVE,BTC60+,PM5-,UP_BOOK"
2026-09-21 17:41:57,1790012517,btc-updown-5m-1790012400,183,85943.73,85899.45,44.279999999998836,-2.7600000000093132,8.559999999997672,8.229999999995925,52.33999999999651,0.55,0.56,0.555,0.44,0.45,0.445,3397.59,1573.0700000000002,939.92,3482.59,0.3670578957321563,-0.574938213819754,-0.06999999999999995,0.040000000000000036,-0.019999999999999907,1.01,WAIT,4,"BTC_ABOVE,BTC60+,PM5-,UP_BOOK"
2026-09-21 17:41:59,1790012518,btc-updown-5m-1790012400,182,85943.73,85899.45,44.279999999998836,-2.7600000000093132,8.55000000000291,8.229999999995925,52.33999999999651,0.56,0.57,0.565,0.43,0.44,0.435,4378.33,2224.3,3474.08,1585.71,0.32623818084611733,0.3732111411738432,0.0,0.04999999999999993,-0.010000000000000009,1.01,WAIT,3,"BTC_ABOVE,BTC60+,UP_BOOK,DOWN_BOOK"
2026-09-21 17:42:01,1790012520,btc-updown-5m-1790012400,180,85943.74,85899.45,44.29000000000815,0.010000000009313226,8.560000000012224,8.25,52.36000000000058,0.56,0.57,0.565,0.43,0.44,0.435,3582.6000000000004,1538.76,1513.67,3797.6000000000004,0.39908149397816206,-0.43001579659855366,0.029999999999999916,0.04999999999999993,-0.010000000000000009,1.01,WAIT,5,"BTC_ABOVE,BTC60+,UP_BOOK"
2026-09-21 17:42:02,1790012522,btc-updown-5m-1790012400,178,85943.74,85899.45,44.29000000000815,0.010000000009313226,-2.75,8.25,24.880000000004657,0.64,0.65,0.645,0.35,0.36,0.355,2983.19,865.45,582.07,3258.29,0.5502567140600315,-0.6968669603891301,0.08999999999999997,-0.010000000000000009,0.13,1.01,UP WATCH,6,"BTC_ABOVE,PM5+,PM30+,UP_BOOK"
2026-09-21 17:42:04,1790012523,btc-updown-5m-1790012400,177,85943.74,85899.45,44.29000000000815,0.010000000009313226,-2.7599999999947613,8.25,19.19000000000233,0.67,0.68,0.675,0.32,0.33,0.325,2861.42,2012.5,1653.66,2877.89,0.1741760225855164,-0.2701570102944908,0.1100000000000001,0.020000000000000018,0.16000000000000003,1.01,WAIT,5,"BTC_ABOVE,PM5+,PM30+"
2026-09-21 17:42:06,1790012525,btc-updown-5m-1790012400,175,85943.73,85899.45,44.279999999998836,-0.010000000009313226,-2.7600000000093132,8.229999999995925,10.610000000000582,0.63,0.64,0.635,0.36,0.37,0.365,2426.07,2229.82,2233.3500000000004,2598.96,0.04215090992270006,-0.07565946721133364,0.07000000000000006,0.010000000000000009,0.12,1.01,WAIT,4,"BTC_ABOVE,PM5+,PM30+"
2026-09-21 17:42:08,1790012527,btc-updown-5m-1790012400,173,85943.74,85899.45,44.29000000000815,0.0,-2.75,8.25,10.60000000000582,0.63,0.64,0.635,0.36,0.37,0.365,1941.71,3138.15,2663.15,2090.9,-0.23552617591823394,0.12037105205035706,-0.010000000000000009,0.010000000000000009,0.14,1.01,WAIT,3,"BTC_ABOVE,PM30+"
2026-09-21 17:42:09,1790012529,btc-updown-5m-1790012400,171,85943.74,85899.45,44.29000000000815,0.0,-2.75,8.570000000006985,10.60000000000582,0.57,0.58,0.575,0.42,0.43,0.425,1516.49,630.84,1618.84,1087.19,0.4124424285042355,0.19646862747271832,-0.10000000000000009,0.010000000000000009,0.06999999999999995,1.01,WAIT,2,"BTC_ABOVE,PM5-,UP_BOOK"
2026-09-21 17:42:11,1790012530,btc-updown-5m-1790012400,170,85943.73,85899.45,44.279999999998836,0.0,0.0,8.559999999997672,10.599999999991269,0.57,0.58,0.575,0.42,0.43,0.425,2679.3,1664.18,2121.1800000000003,2005.0,0.23371121773324616,0.028156793935310696,-0.06000000000000005,0.039999999999999925,0.06999999999999995,1.01,WAIT,1,"BTC_ABOVE,PM5-"
2026-09-21 17:42:13,1790012532,btc-updown-5m-1790012400,168,85943.73,85899.45,44.279999999998836,-0.010000000009313226,0.0,8.559999999997672,10.599999999991269,0.57,0.58,0.575,0.42,0.43,0.425,1603.3,2390.2200000000003,2472.2200000000003,1079.0,-0.19704921973597234,0.3923215120437484,-0.06000000000000005,0.019999999999999907,0.05999999999999994,1.01,WAIT,0,"BTC_ABOVE,PM5-,DOWN_BOOK"
2026-09-21 17:42:15,1790012534,btc-updown-5m-1790012400,166,85943.73,85899.45,44.279999999998836,-0.010000000009313226,0.0,8.55000000000291,10.589999999996508,0.57,0.58,0.575,0.43,0.44,0.435,1747.3,2314.14,2791.0499999999997,1953.49,-0.13956626221241727,0.17653133918145905,0.0,0.010000000000000009,0.05999999999999994,1.02,WAIT,2,BTC_ABOVE
2026-09-21 17:42:16,1790012536,btc-updown-5m-1790012400,164,85938.65,85899.45,39.19999999999709,-5.080000000001746,-5.0900000000110595,-7.8400000000110595,5.509999999994761,0.54,0.55,0.545,0.45,0.46,0.455,2597.44,1211.67,924.46,2357.63,0.36380414322505783,-0.4366638331063438,-0.029999999999999916,-0.019999999999999907,-0.10999999999999999,1.01,WAIT,3,"BTC_ABOVE,PM30-,UP_BOOK"
2026-09-21 17:42:18,1790012537,btc-updown-5m-1790012400,163,85938.65,85899.45,39.19999999999709,-5.080000000001746,-5.0900000000110595,-7.8400000000110595,5.529999999998836,0.56,0.57,0.565,0.43,0.44,0.435,1968.0900000000001,2479.34,2038.46,2359.53,-0.11495402963059564,-0.07300380401046846,-0.010000000000000009,-0.08000000000000007,-0.09000000000000008,1.01,WAIT,-1,"BTC_ABOVE,PM15-,PM30-"
2026-09-21 17:42:20,1790012539,btc-updown-5m-1790012400,161,85938.64,85899.45,39.19000000000233,-5.0899999999965075,-5.100000000005821,-7.860000000000582,5.5200000000040745,0.55,0.56,0.555,0.44,0.45,0.445,1226.38,2744.46,1656.46,1545.2100000000003,-0.38230701816240387,0.03474749115305443,-0.019999999999999907,-0.12,-0.09999999999999998,1.01,WAIT,-2,"BTC_ABOVE,PM15-,PM30-"
2026-09-21 17:42:22,1790012541,btc-updown-5m-1790012400,159,85922.64,85899.45,23.19000000000233,-16.00999999999476,-21.089999999996508,-23.85000000000582,-10.490000000005239,0.42,0.43,0.425,0.57,0.58,0.575,2840.86,961.46,1338.46,3558.21,0.49427717814387007,-0.45331827548109227,-0.12000000000000005,-0.21000000000000002,-0.2,1.01,WAIT,-3,"BTC_ABOVE,BTC5-,BTC15-,PM5-,PM15-,PM30-,UP_BOOK"
2026-09-21 17:42:23,1790012543,btc-updown-5m-1790012400,157,85922.63,85899.45,23.180000000007567,-16.019999999989523,-21.110000000000582,-23.860000000000582,-12.860000000000582,0.48,0.49,0.485,0.51,0.52,0.515,2152.9300000000003,693.75,442.0,2511.41,0.5125901049643796,-0.7006849709319058,-0.07999999999999996,-0.15000000000000002,-0.07999999999999996,1.01,WAIT,-3,"BTC_ABOVE,BTC5-,BTC15-,PM5-,PM15-,PM30-,UP_BOOK"
2026-09-21 17:42:25,1790012544,btc-updown-5m-1790012400,156,85922.63,85899.45,23.180000000007567,-16.00999999999476,-21.110000000000582,-23.860000000000582,-12.860000000000582,0.52,0.53,0.525,0.47,0.48,0.475,2794.39,1103.16,1288.16,2614.25,0.43392130954060876,-0.3398130898598558,-0.030000000000000027,-0.04999999999999993,-0.039999999999999925,1.01,WAIT,0,"BTC_ABOVE,BTC5-,BTC15-,PM5-,UP_BOOK"
2026-09-21 17:42:27,1790012546,btc-updown-5m-1790012400,154,85922.63,85899.45,23.180000000007567,-0.00999999999476131,-21.09999999999127,-21.09999999999127,-12.860000000000582,0.5,0.51,0.505,0.49,0.5,0.495,2271.93,2728.59,2733.59,2271.93,-0.09132250245974424,0.09223017788361654,0.08000000000000002,-0.06999999999999995,-0.030000000000000027,1.01,WAIT,-1,"BTC_ABOVE,BTC15-,PM5+,PM15-"
2026-09-21 17:42:29,1790012548,btc-updown-5m-1790012400,152,85922.64,85899.45,23.19000000000233,0.00999999999476131,-21.089999999996508,-21.089999999996508,-12.860000000000582,0.51,0.52,0.515,0.48,0.49,0.485,2402.59,4257.64,4169.64,2674.18,-0.2785264172558605,0.21851246818297393,0.030000000000000027,-0.05999999999999994,-0.04999999999999993,1.01,WAIT,-2,"BTC_ABOVE,BTC15-,PM5+,PM15-"
2026-09-21 17:42:30,1790012550,btc-updown-5m-1790012400,150,85922.63,85899.45,23.180000000007567,0.0,-21.09999999999127,-21.110000000000582,-12.860000000000582,0.51,0.52,0.515,0.48,0.49,0.485,2993.1900000000005,3722.16,3735.23,3003.1900000000005,-0.1085527932274564,0.10863674273791178,-0.010000000000000009,-0.05999999999999994,-0.04999999999999993,1.01,WAIT,-2,"BTC_ABOVE,BTC15-,PM15-"
2026-09-21 17:42:32,1790012551,btc-updown-5m-1790012400,149,85922.64,85899.45,23.19000000000233,0.00999999999476131,-16.00999999999476,-21.10000000000582,-12.860000000000582,0.51,0.52,0.515,0.48,0.49,0.485,2692.33,3707.23,3692.99,2692.33,-0.15858902799567473,0.15671258449067546,0.010000000000000009,-0.030000000000000027,-0.04999999999999993,1.01,WAIT,2,BTC_ABOVE
2026-09-21 17:42:34,1790012553,btc-updown-5m-1790012400,147,85922.63,85899.45,23.180000000007567,-0.00999999999476131,-16.019999999989523,-21.110000000000582,-12.860000000000582,0.52,0.53,0.525,0.47,0.48,0.475,2953.8,2783.0,3267.78,2642.34,0.029772695579417127,0.10582526243121966,0.010000000000000009,-0.039999999999999925,-0.15000000000000002,1.01,WAIT,1,"BTC_ABOVE,PM30-"
2026-09-21 17:42:36,1790012555,btc-updown-5m-1790012400,145,85925.39,85899.45,25.94000000000233,2.7599999999947613,-13.25,-18.339999999996508,-10.110000000000582,0.58,0.59,0.585,0.4,0.41,0.405,2913.2400000000002,1112.0,1409.0,2119.63,0.4474863610617007,-0.20138977450171883,0.06999999999999995,0.029999999999999916,-0.050000000000000044,1.0,WAIT,4,"BTC_ABOVE,PM5+,UP_BOOK"
2026-09-21 17:42:38,1790012557,btc-updown-5m-1790012400,143,85933.12,85899.45,33.669999999998254,10.479999999995925,10.479999999995925,-10.620000000009895,-2.3700000000098953,0.65,0.66,0.655,0.34,0.35,0.345,2507.24,2735.02,1448.95,2645.0,-0.04345072545047369,-0.29215061248916085,0.14,0.23000000000000004,0.020000000000000018,1.01,UP WATCH,7,"BTC_ABOVE,BTC5+,PM5+,PM15+"
2026-09-21 17:42:39,1790012559,btc-updown-5m-1790012400,141,85934.76,85899.45,35.30999999999767,12.129999999990105,12.129999999990105,-8.980000000010477,-0.41000000000349246,0.63,0.64,0.635,0.36,0.37,0.365,1085.66,4467.320000000001,4580.0,1117.0700000000002,-0.6089811236489238,0.6078440321077325,0.10999999999999999,0.10999999999999999,0.06000000000000005,1.01,WAIT,4,"BTC_ABOVE,BTC5+,PM5+,PM15+,DOWN_BOOK"
2026-09-21 17:42:41,1790012560,btc-updown-5m-1790012400,140,85934.76,85899.45,35.30999999999767,9.369999999995343,12.129999999990105,-8.970000000001164,-0.41000000000349246,0.63,0.64,0.635,0.36,0.37,0.365,2896.87,2858.0,4109.1900000000005,841.5999999999999,0.006754279418996414,0.6600138563744372,0.050000000000000044,0.10999999999999999,0.06000000000000005,1.01,WAIT,4,"BTC_ABOVE,PM5+,PM15+,DOWN_BOOK"
2026-09-21 17:42:43,1790012562,btc-updown-5m-1790012400,138,85934.76,85899.45,35.30999999999767,1.639999999999418,12.129999999990105,-8.970000000001164,-0.41000000000349246,0.61,0.62,0.615,0.38,0.39,0.385,3371.88,2420.24,2406.39,3323.1600000000003,0.16429908220133566,-0.16000733041861934,-0.040000000000000036,0.10999999999999999,0.040000000000000036,1.01,WAIT,3,"BTC_ABOVE,PM5-,PM15+"
2026-09-21 17:42:44,1790012564,btc-updown-5m-1790012400,136,85934.77,85899.45,35.320000000006985,0.010000000009313226,12.130000000004657,-8.959999999991851,-0.40999999998894054,0.61,0.62,0.615,0.38,0.39,0.385,1389.84,4013.58,3833.58,1727.8400000000001,-0.4855702499528076,0.3786335144621337,-0.020000000000000018,0.09999999999999998,0.040000000000000036,1.01,WAIT,2,"BTC_ABOVE,PM15+,DOWN_BOOK"
2026-09-21 17:42:46,1790012565,btc-updown-5m-1790012400,135,85934.77,85899.45,35.320000000006985,0.010000000009313226,12.139999999999418,-8.959999999991851,-0.40999999998894054,0.59,0.61,0.6,0.4,0.41,0.405,619.0,4394.95,3942.19,154.0,-0.7530888820191665,0.9248081754020199,-0.03500000000000003,0.08499999999999996,0.025000000000000022,1.02,WAIT,1,"BTC_ABOVE,PM5-,PM15+,DOWN_BOOK"
2026-09-21 17:42:48,1790012567,btc-updown-5m-1790012400,133,85934.76,85899.45,35.30999999999767,0.0,12.119999999995343,-3.889999999999418,-11.730000000010477,0.54,0.55,0.545,0.45,0.46,0.455,1707.0900000000001,1271.83,942.71,2353.46,0.14611335651846985,-0.4279967356052631,-0.06999999999999995,0.030000000000000027,-0.019999999999999907,1.01,WAIT,2,"BTC_ABOVE,PM5-"
2026-09-21 17:42:50,1790012569,btc-updown-5m-1790012400,131,85934.77,85899.45,35.320000000006985,0.0,12.139999999999418,-3.8699999999953434,-11.729999999995925,0.55,0.56,0.555,0.44,0.45,0.445,3227.5,1760.1499999999999,997.72,3272.5,0.2941966657644382,-0.5327079166881331,-0.05999999999999994,0.030000000000000027,0.0,1.01,WAIT,3,"BTC_ABOVE,PM5-,UP_BOOK"
2026-09-21 17:42:51,1790012571,btc-updown-5m-1790012400,129,85933.12,85899.45,33.669999999998254,-1.6500000000087311,7.7299999999959255,10.479999999995925,-13.370000000009895,0.52,0.53,0.525,0.47,0.48,0.475,2027.35,1408.1,1513.9899999999998,1737.35,0.18025295085068915,-0.06869782920272877,-0.07499999999999996,-0.05999999999999994,0.10000000000000003,1.01,WAIT,0,"BTC_ABOVE,PM5-,PM15-,PM30+"
2026-09-21 17:42:53,1790012572,btc-updown-5m-1790012400,128,85933.12,85899.45,33.669999999998254,-1.639999999999418,0.0,10.479999999995925,-13.370000000009895,0.52,0.53,0.525,0.47,0.48,0.475,2448.85,1485.93,1513.43,3297.46,0.2447201622454114,-0.37083159249120223,-0.020000000000000018,-0.13,0.10000000000000003,1.01,WAIT,2,"BTC_ABOVE,PM15-,PM30+"
2026-09-21 17:42:55,1790012574,btc-updown-5m-1790012400,126,85933.11,85899.45,33.66000000000349,-1.6600000000034925,-1.6499999999941792,10.479999999995925,-13.380000000004657,0.53,0.54,0.535,0.46,0.47,0.46499999999999997,2708.2200000000003,2876.04,3077.01,610.75,-0.030052325643863235,0.6687691172961364,-0.020000000000000018,-0.09999999999999998,0.010000000000000009,1.01,WAIT,-1,"BTC_ABOVE,PM15-,DOWN_BOOK"
2026-09-21 17:42:57,1790012576,btc-updown-5m-1790012400,124,85933.11,85899.45,33.66000000000349,-0.00999999999476131,-1.6499999999941792,10.479999999995925,-10.619999999995343,0.51,0.52,0.515,0.48,0.49,0.485,2577.74,1281.31,694.0,3129.87,0.3359453751570982,-0.6370169487979456,-0.010000000000000009,-0.12,0.010000000000000009,1.01,WAIT,2,"BTC_ABOVE,PM15-,UP_BOOK"
2026-09-21 17:42:59,1790012578,btc-updown-5m-1790012400,122,85933.11,85899.45,33.66000000000349,-0.00999999999476131,-1.6499999999941792,10.470000000001164,-10.619999999995343,0.54,0.55,0.545,0.45,0.46,0.455,1656.35,3482.78,3358.02,811.3499999999999,-0.3553967305750196,0.61080451003389,0.020000000000000018,-0.06999999999999995,0.030000000000000027,1.01,WAIT,-2,"BTC_ABOVE,PM15-,DOWN_BOOK"
2026-09-21 17:43:00,1790012580,btc-updown-5m-1790012400,120,85912.84,85899.45,13.389999999999418,-20.270000000004075,-21.930000000007567,-9.790000000008149,-30.90000000000873,0.3,0.32,0.31,0.73,0.74,0.735,597.0,2214.7,462.82000000000005,1111.1000000000001,-0.5753458761603301,-0.41188878723187966,-0.22500000000000003,-0.29,-0.20500000000000002,1.06,DOWN WATCH,-7,"BTC5-,BTC15-,PM5-,PM15-,PM30-"
2026-09-21 17:43:02,1790012582,btc-updown-5m-1790012400,118,85881.25,85899.45,-18.19999999999709,-51.86000000000058,-53.50999999999476,-41.38999999999942,-62.49000000000524,0.17,0.18,0.175,0.82,0.83,0.825,1698.56,2899.62,2867.19,1859.51,-0.2612033456715483,0.21318890557894515,-0.34,-0.37000000000000005,-0.34,1.01,WAIT,-11,DOWN_TOO_EXPENSIVE
2026-09-21 17:43:04,1790012583,btc-updown-5m-1790012400,117,85881.24,85899.45,-18.20999999999185,-51.86999999999534,-53.51999999998952,-41.38999999999942,-62.5,0.16,0.17,0.165,0.78,0.79,0.785,2794.9900000000002,408.76,972.0,1526.75,0.7448240343347641,-0.22201100550275138,-0.38,-0.38,-0.36,0.9600000000000001,WAIT,-9,DOWN_TOO_EXPENSIVE
2026-09-21 17:43:06,1790012585,btc-updown-5m-1790012400,115,85882.45,85899.45,-17.0,-30.389999999999418,-52.320000000006985,-42.94000000000233,-61.279999999998836,0.23,0.24,0.235,0.75,0.76,0.755,1557.77,1598.61,1272.94,1845.12,-0.012938873012755092,-0.18350512818868137,-0.07500000000000001,-0.32000000000000006,-0.35,1.0,WAIT,-10,DOWN_TOO_EXPENSIVE
2026-09-21 17:43:08,1790012587,btc-updown-5m-1790012400,113,85882.44,85899.45,-17.00999999999476,1.1900000000023283,-50.679999999993015,-50.679999999993015,-61.30000000000291,0.24,0.25,0.245,0.75,0.76,0.755,3159.25,760.9599999999999,1072.59,3486.58,0.611775899760472,-0.5294801466056321,0.07,-0.28,-0.41000000000000003,1.01,WAIT,-5,"BTC15-,BTC30-,BTC60-,PM5+,PM15-,PM30-,UP_BOOK"
2026-09-21 17:43:10,1790012589,btc-updown-5m-1790012400,111,85905.86,85899.45,6.4100000000034925,24.619999999995343,-27.25,-28.89999999999418,-37.88000000000466,0.31,0.32,0.315,0.68,0.69,0.685,3035.0,1984.6100000000001,738.75,3461.76,0.20925729289725692,-0.6482569973646057,0.15,-0.22000000000000003,-0.32,1.01,WAIT,-2,"BTC5+,BTC15-,PM5+,PM15-,PM30-"
2026-09-21 17:43:11,1790012591,btc-updown-5m-1790012400,109,85905.86,85899.45,6.4100000000034925,23.410000000003492,-27.25,-28.89999999999418,-37.86999999999534,0.34,0.35,0.345,0.65,0.66,0.655,1084.07,2233.5,2288.5,1448.31,-0.3464674445452546,0.2248415092016988,0.10999999999999999,-0.17000000000000004,-0.29000000000000004,1.01,WAIT,-4,"BTC5+,BTC15-,PM5+,PM15-,PM30-"
2026-09-21 17:43:13,1790012592,btc-updown-5m-1790012400,108,85905.86,85899.45,6.4100000000034925,23.419999999998254,-27.25,-28.89999999999418,-37.86999999999534,0.31,0.32,0.315,0.68,0.69,0.685,1393.61,2221.8399999999997,2131.84,1470.5,-0.22908075066727512,0.18358622450962434,0.07,-0.2,-0.3,1.01,WAIT,-3,"BTC5+,BTC15-,PM5+,PM15-,PM30-"
2026-09-21 17:43:15,1790012594,btc-updown-5m-1790012400,106,85905.85,85899.45,6.400000000008731,-0.00999999999476131,-27.25999999999476,-28.919999999998254,-37.879999999990105,0.32,0.33,0.325,0.67,0.68,0.675,1790.7300000000002,1493.84,1757.62,2323.4300000000003,0.09038930514496579,-0.1386432413226989,0.010000000000000009,-0.22000000000000003,-0.29,1.01,WAIT,-5,"BTC15-,PM15-,PM30-"
2026-09-21 17:43:17,1790012596,btc-updown-5m-1790012400,104,85905.86,85899.45,6.4100000000034925,0.0,-6.9799999999959255,-28.910000000003492,-32.7899999999936,0.3,0.31,0.305,0.69,0.7,0.695,2834.12,660.23,1229.67,2939.37,0.622115701060283,-0.4100944102239364,-0.03999999999999998,-0.0050000000000000044,-0.295,1.01,WAIT,0,"PM5-,PM30-,UP_BOOK"
2026-09-21 17:43:19,1790012598,btc-updown-5m-1790012400,102,85905.86,85899.45,6.4100000000034925,0.0,24.619999999995343,-28.89999999999418,-32.7899999999936,0.31,0.32,0.315,0.68,0.69,0.685,1715.91,2101.2200000000003,2200.52,1645.91,-0.10094233101833057,0.144188247283845,0.0,0.15,-0.23000000000000004,1.01,WAIT,3,"BTC15+,PM15+,PM30-"
2026-09-21 17:43:21,1790012600,btc-updown-5m-1790012400,100,85905.86,85899.45,6.4100000000034925,0.00999999999476131,23.410000000003492,-28.910000000003492,-32.779999999998836,0.29,0.3,0.295,0.7,0.71,0.705,2599.13,1303.31,1897.0300000000002,2398.79,0.33205379198655205,-0.11680191441913297,-0.030000000000000027,0.06,-0.26000000000000006,1.01,WAIT,3,"BTC15+,PM5-,PM15+,PM30-,UP_BOOK"
2026-09-21 17:43:23,1790012602,btc-updown-5m-1790012400,98,85905.85,85899.45,6.400000000008731,-0.00999999999476131,23.410000000003492,-27.269999999989523,-16.789999999993597,0.29,0.3,0.295,0.7,0.71,0.705,2508.5099999999998,1000.7800000000001,2018.46,2208.62,0.42963961371103543,-0.04498613700237513,-0.010000000000000009,0.04999999999999999,-0.23000000000000004,1.01,WAIT,2,"BTC15+,PM30-,UP_BOOK"
2026-09-21 17:43:24,1790012604,btc-updown-5m-1790012400,96,85905.85,85899.45,6.400000000008731,-0.00999999999476131,-0.00999999999476131,-27.25999999999476,-16.779999999998836,0.27,0.28,0.275,0.72,0.73,0.725,1129.29,2544.8900000000003,1400.15,3064.3799999999997,-0.3852832468741325,-0.37276712218307406,-0.03999999999999998,-0.03999999999999998,-0.26,1.01,WAIT,-2,"PM5-,PM30-"
2026-09-21 17:43:26,1790012605,btc-updown-5m-1790012400,95,85905.85,85899.45,6.400000000008731,-0.00999999999476131,-0.00999999999476131,-27.25999999999476,-16.779999999998836,0.26,0.27,0.265,0.73,0.74,0.735,2006.3,2795.59,2803.59,2516.3,-0.16437069570523277,0.05400299630255512,-0.02999999999999997,-0.04999999999999999,-0.27,1.01,WAIT,-1,PM30-
2026-09-21 17:43:28,1790012607,btc-updown-5m-1790012400,93,85905.85,85899.45,6.400000000008731,0.0,-0.00999999999476131,-27.25999999999476,-16.779999999998836,0.28,0.29,0.28500000000000003,0.71,0.72,0.715,1762.0799999999997,990.81,1410.3500000000001,1762.0799999999997,0.2801673877270795,-0.11087084663806596,-0.009999999999999953,-0.02999999999999997,-0.22999999999999998,1.01,WAIT,0,"PM30-,UP_BOOK"
2026-09-21 17:43:29,1790012609,btc-updown-5m-1790012400,91,85905.85,85899.45,6.400000000008731,0.0,0.0,-27.25999999999476,-16.789999999993597,0.29,0.3,0.295,0.7,0.71,0.705,1792.37,1480.79,2529.08,1761.98,0.09519241344755525,0.1787670179396233,0.019999999999999962,-0.030000000000000027,-0.25000000000000006,1.01,WAIT,-1,PM30-
2026-09-21 17:43:31,1790012610,btc-updown-5m-1790012400,90,85905.85,85899.45,6.400000000008731,0.0,0.0,-6.989999999990687,-16.779999999998836,0.29,0.3,0.295,0.71,0.72,0.715,1033.66,2089.9,1968.7599999999998,1541.97,-0.33815262072763125,0.12156730936300991,0.02999999999999997,-0.030000000000000027,-0.015000000000000013,1.02,WAIT,-1,
2026-09-21 17:43:32,1790012612,btc-updown-5m-1790012400,88,85905.85,85899.45,6.400000000008731,0.0,-0.00999999999476131,24.60000000000582,-16.789999999993597,0.27,0.28,0.275,0.72,0.73,0.725,1394.23,2036.8,2000.59,1840.6,-0.18728195323270272,0.04165115498061799,-0.010000000000000009,-0.02999999999999997,0.10000000000000003,1.01,WAIT,1,PM30+
2026-09-21 17:43:34,1790012614,btc-updown-5m-1790012400,86,85905.85,85899.45,6.400000000008731,0.0,-0.00999999999476131,24.610000000000582,-16.779999999998836,0.27,0.28,0.275,0.72,0.73,0.725,947.31,2028.02,2038.02,1489.5700000000002,-0.3632235752000619,0.15547441737843679,-0.019999999999999962,-0.03999999999999998,0.11000000000000001,1.01,WAIT,0,PM30+
2026-09-21 17:43:36,1790012615,btc-updown-5m-1790012400,85,85905.86,85899.45,6.4100000000034925,0.00999999999476131,0.0,23.410000000003492,-19.529999999998836,0.32,0.33,0.325,0.67,0.68,0.675,634.1800000000001,339.0,534.34,1907.27,0.30331490577282727,-0.5623052002572072,0.030000000000000027,0.030000000000000027,0.09000000000000002,1.01,WAIT,4,"PM5+,PM30+,UP_BOOK"
2026-09-21 17:43:38,1790012617,btc-updown-5m-1790012400,83,85905.86,85899.45,6.4100000000034925,0.00999999999476131,0.00999999999476131,23.419999999998254,-27.25999999999476,0.25,0.27,0.26,0.74,0.75,0.745,2028.94,2530.3599999999997,2019.77,1968.05,-0.10997740881275628,0.012969492103455028,-0.015000000000000013,-0.034999999999999976,0.015000000000000013,1.02,WAIT,0,
2026-09-21 17:43:39,1790012619,btc-updown-5m-1790012400,81,85905.85,85899.45,6.400000000008731,0.0,0.0,-0.00999999999476131,-28.90999999998894,0.25,0.26,0.255,0.74,0.75,0.745,2443.18,1241.0500000000002,1447.17,2227.66,0.3262907038919936,-0.21238805604612998,-0.020000000000000018,-0.020000000000000018,-0.06,1.01,WAIT,1,UP_BOOK
2026-09-21 17:43:41,1790012620,btc-updown-5m-1790012400,80,85905.86,85899.45,6.4100000000034925,0.0,0.00999999999476131,0.0,-28.89999999999418,0.26,0.27,0.265,0.74,0.75,0.745,1196.76,1756.1999999999998,1921.8799999999999,1421.03,-0.1894505851755526,0.14982455405619652,-0.06,0.0,-0.04999999999999999,1.02,WAIT,-1,PM5-
2026-09-21 17:43:43,1790012622,btc-updown-5m-1790012400,78,85908.61,85899.45,9.160000000003492,2.75,2.7599999999947613,2.75,-26.14999999999418,0.33,0.34,0.335,0.57,0.61,0.59,543.95,10.0,45.0,206.59,0.963895658452929,-0.6422751301721055,0.07500000000000001,0.04999999999999999,0.020000000000000018,0.95,WAIT,3,"PM5+,UP_BOOK"
2026-09-21 17:43:44,1790012624,btc-updown-5m-1790012400,76,85915.19,85899.45,15.740000000005239,9.339999999996508,9.339999999996508,9.339999999996508,-19.580000000001746,0.43,0.44,0.435,0.56,0.57,0.565,781.18,2359.69,2379.69,897.85,-0.5025709437194154,0.4521195774879941,0.18,0.14,0.10999999999999999,1.01,WAIT,2,"PM5+,PM15+,PM30+,DOWN_BOOK"
2026-09-21 17:43:46,1790012625,btc-updown-5m-1790012400,75,85915.19,85899.45,15.740000000005239,9.330000000001746,9.339999999996508,9.339999999996508,-19.580000000001746,0.44,0.45,0.445,0.55,0.56,0.555,334.58,3440.3199999999997,1062.2,975.3399999999999,-0.8227343770695913,0.04262983794183188,0.18,0.15000000000000002,0.12,1.01,WAIT,3,"PM5+,PM15+,PM30+"
2026-09-21 17:43:48,1790012627,btc-updown-5m-1790012400,73,85915.19,85899.45,15.740000000005239,6.580000000001746,9.339999999996508,9.330000000001746,-19.569999999992433,0.41,0.42,0.415,0.58,0.59,0.585,2108.71,497.88,394.33,2291.2200000000003,0.6179836491354604,-0.7063320362681761,0.07999999999999996,0.13999999999999996,0.10999999999999999,1.01,UP WATCH,6,"PM5+,PM15+,PM30+,UP_BOOK"
2026-09-21 17:43:50,1790012629,btc-updown-5m-1790012400,71,85915.18,85899.45,15.729999999995925,-0.010000000009313226,9.329999999987194,9.319999999992433,-19.59000000001106,0.38,0.39,0.385,0.6,0.61,0.605,1832.45,396.05,688.0,2241.46,0.6445591204846309,-0.5302888586975074,-0.04999999999999999,0.10999999999999999,0.07,1.0,WAIT,4,"PM5-,PM15+,PM30+,UP_BOOK"
2026-09-21 17:43:52,1790012631,btc-updown-5m-1790012400,69,85915.19,85899.45,15.740000000005239,0.0,9.330000000001746,9.330000000001746,-17.929999999993015,0.39,0.4,0.395,0.6,0.61,0.605,720.83,2229.13,2234.63,812.19,-0.5112950684077073,0.4668605299952081,-0.04999999999999999,0.07,0.10000000000000003,1.01,WAIT,0,"PM5-,PM15+,PM30+,DOWN_BOOK"
2026-09-21 17:43:53,1790012633,btc-updown-5m-1790012400,67,85915.18,85899.45,15.729999999995925,-0.010000000009313226,9.319999999992433,9.329999999987194,-17.94000000000233,0.36,0.37,0.365,0.61,0.62,0.615,1114.22,1277.92,719.64,1827.8600000000001,-0.06843244960579231,-0.4350225711481846,-0.04999999999999999,0.10499999999999998,0.07,0.99,WAIT,3,"PM5-,PM15+,PM30+"
2026-09-21 17:43:55,1790012634,btc-updown-5m-1790012400,66,85915.19,85899.45,15.740000000005239,0.010000000009313226,9.339999999996508,9.339999999996508,-17.919999999998254,0.38,0.39,0.385,0.61,0.62,0.615,2224.58,458.78999999999996,433.78999999999996,2253.5699999999997,0.6580493931138829,-0.6771627173136461,0.0,0.13,0.10999999999999999,1.01,WAIT,5,"PM15+,PM30+,UP_BOOK"
2026-09-21 17:43:57,1790012636,btc-updown-5m-1790012400,64,85921.04,85899.45,21.589999999996508,5.849999999991269,15.179999999993015,15.189999999987776,-12.070000000006985,0.47,0.48,0.475,0.52,0.53,0.525,1375.24,821.87,1697.9099999999999,783.51,0.2518626741492233,0.3684986822061561,0.07999999999999996,0.20999999999999996,0.20999999999999996,1.01,UP WATCH,6,"BTC_ABOVE,PM5+,PM15+,PM30+,UP_BOOK,DOWN_BOOK"
2026-09-21 17:43:59,1790012638,btc-updown-5m-1790012400,62,85921.03,85899.45,21.580000000001746,5.850000000005821,12.419999999998254,15.179999999993015,-12.080000000001746,0.46,0.47,0.46499999999999997,0.55,0.56,0.555,366.18,1190.55,1808.8200000000002,1092.31,-0.529552330847353,0.24697617824778628,0.09999999999999998,0.12999999999999995,0.17999999999999994,1.03,WAIT,5,"BTC_ABOVE,PM5+,PM15+,PM30+"
2026-09-21 17:44:00,1790012640,btc-updown-5m-1790012400,60,85921.04,85899.45,21.589999999996508,5.849999999991269,5.849999999991269,15.189999999987776,8.19999999999709,0.4,0.41,0.405,0.67,0.73,0.7,130.0,1071.19,40.0,175.0,-0.7835479815849283,-0.627906976744186,0.020000000000000018,-0.03999999999999998,0.11000000000000004,1.14,WAIT,3,"BTC_ABOVE,PM30+"
2026-09-21 17:44:02,1790012641,btc-updown-5m-1790012400,59,85921.03,85899.45,21.580000000001746,-0.00999999999476131,5.8399999999965075,15.179999999993015,8.190000000002328,0.4,0.41,0.405,0.6,0.62,0.61,365.0,986.01,1316.01,197.0,-0.45966351100287933,0.7395919392469316,-0.06999999999999995,-0.03999999999999998,0.11000000000000004,1.03,WAIT,0,"BTC_ABOVE,PM5-,PM30+,DOWN_BOOK"
2026-09-21 17:44:04,1790012643,btc-updown-5m-1790012400,57,85921.03,85899.45,21.580000000001746,0.0,5.8399999999965075,15.179999999993015,39.7899999999936,0.26,0.27,0.265,0.71,0.72,0.715,3097.12,524.0,1049.76,1114.0,0.7105867797808413,-0.02968905978481902,-0.19999999999999996,-0.14999999999999997,-0.010000000000000009,0.99,WAIT,0,"BTC_ABOVE,PM5-,PM15-,UP_BOOK"
2026-09-21 17:44:06,1790012645,btc-updown-5m-1790012400,55,85921.03,85899.45,21.580000000001746,-0.00999999999476131,5.850000000005821,15.169999999998254,38.580000000001746,0.24,0.25,0.245,0.75,0.76,0.755,638.91,2407.0,2372.25,518.59,-0.5804800535800467,0.6412184693722239,-0.16000000000000003,-0.14,-0.08000000000000002,1.01,WAIT,-4,"BTC_ABOVE,PM5-,PM15-,PM30-,DOWN_BOOK"
2026-09-21 17:44:07,1790012647,btc-updown-5m-1790012400,53,85915.18,85899.45,15.729999999995925,-5.850000000005821,-0.010000000009313226,9.319999999992433,32.73999999999069,0.1,0.11,0.10500000000000001,0.89,0.9,0.895,689.22,1253.2,1430.6000000000001,704.4,-0.2903491520886317,0.3401405152224825,-0.30000000000000004,-0.29000000000000004,-0.155,1.01,WAIT,-6,DOWN_TOO_EXPENSIVE
2026-09-21 17:44:09,1790012648,btc-updown-5m-1790012400,52,85913.41,85899.45,13.960000000006403,-7.619999999995343,-1.7699999999895226,7.55000000000291,30.970000000001164,0.1,0.11,0.10500000000000001,0.9,0.91,0.905,398.76,1895.12,1092.12,1239.2,-0.6523270615725321,-0.06308872226892927,-0.16,-0.26,-0.155,1.02,WAIT,-5,"PM5-,PM15-,PM30-"
2026-09-21 17:44:11,1790012650,btc-updown-5m-1790012400,50,85904.7,85899.45,5.25,-16.330000000001746,-10.490000000005239,-1.1600000000034925,-1.1600000000034925,0.04,0.05,0.045,0.95,0.96,0.955,2237.63,919.33,844.33,5401.6,0.4175852719071512,-0.7296383404873253,-0.2,-0.34,-0.22000000000000003,1.01,WAIT,-3,"BTC5-,PM5-,PM15-,PM30-,UP_BOOK"
2026-09-21 17:44:13,1790012652,btc-updown-5m-1790012400,48,85904.7,85899.45,5.25,-10.479999999995925,-16.339999999996508,-3.9100000000034925,-1.1600000000034925,0.07,0.08,0.07500000000000001,0.92,0.93,0.925,1625.9699999999998,918.0,736.0,2045.9699999999998,0.2782933761011332,-0.4708785500922008,-0.03,-0.39999999999999997,-0.26,1.01,WAIT,-3,"BTC5-,PM5-,PM15-,PM30-,UP_BOOK"
2026-09-21 17:44:14,1790012654,btc-updown-5m-1790012400,46,85904.7,85899.45,5.25,-8.710000000006403,-16.330000000001746,-10.490000000005239,-1.1500000000087311,0.05,0.07,0.060000000000000005,0.94,0.95,0.945,1391.0099999999998,2524.94,2346.23,2308.53,-0.28956702715816096,0.008099236050838243,-0.045000000000000005,-0.40499999999999997,-0.375,1.02,WAIT,-5,"PM5-,PM15-,PM30-"
2026-09-21 17:44:16,1790012655,btc-updown-5m-1790012400,45,85904.7,85899.45,5.25,0.0,-16.339999999996508,-10.490000000005239,-1.1500000000087311,0.03,0.04,0.035,0.97,0.98,0.975,4860.949999999999,1954.0,2550.8199999999997,3890.66,0.4265548536673049,-0.20800188776492362,-0.009999999999999995,-0.37,-0.41000000000000003,1.02,WAIT,-2,"PM15-,PM30-,UP_BOOK"
2026-09-21 17:44:18,1790012657,btc-updown-5m-1790012400,43,85900.98,85899.45,1.5299999999988358,-3.720000000001164,-20.05000000000291,-14.210000000006403,-4.880000000004657,0.02,0.03,0.025,0.97,0.98,0.975,3786.41,2527.54,2544.4900000000002,3772.4399999999996,0.1993791525115023,-0.19439031301597443,-0.05000000000000001,-0.38,-0.38999999999999996,1.01,WAIT,-6,DOWN_TOO_EXPENSIVE
2026-09-21 17:44:20,1790012659,btc-updown-5m-1790012400,41,85900.97,85899.45,1.5200000000040745,-3.7299999999959255,-20.05999999999767,-14.209999999991851,-4.889999999999418,0.01,0.02,0.015,0.98,0.99,0.985,2952.52,2097.59,2092.59,2976.53,0.16928938181544556,-0.17437740672937313,-0.045000000000000005,-0.25,-0.37,1.01,WAIT,-6,DOWN_TOO_EXPENSIVE
2026-09-21 17:44:21,1790012661,btc-updown-5m-1790012400,39,85900.97,85899.45,1.5200000000040745,-3.7299999999959255,-20.05999999999767,-14.220000000001164,-4.889999999999418,0.01,0.02,0.015,0.98,0.99,0.985,3639.22,2072.59,1882.15,3615.24,0.27427908141202173,-0.3152568764450039,-0.020000000000000004,-0.22999999999999998,-0.38,1.01,WAIT,-3,"BTC15-,PM15-,PM30-,UP_BOOK"
2026-09-21 17:44:23,1790012662,btc-updown-5m-1790012400,38,85900.97,85899.45,1.5200000000040745,-0.00999999999476131,-14.209999999991851,-14.220000000001164,-4.880000000004657,0.01,0.02,0.015,0.98,0.99,0.985,2431.96,2311.43,2431.4300000000003,2327.89,0.025410096998138506,0.021755208727297266,-0.010000000000000002,-0.09000000000000001,-0.38,1.01,WAIT,-3,"PM15-,PM30-"
2026-09-21 17:44:25,1790012664,btc-updown-5m-1790012400,36,85900.97,85899.45,1.5200000000040745,0.0,-12.440000000002328,-14.220000000001164,-4.880000000004657,0.01,0.02,0.015,0.98,0.99,0.985,1405.64,3551.4700000000003,3501.4700000000003,1395.64,-0.43287923810446,0.4300148454905035,0.0,-0.09000000000000001,-0.37,1.01,WAIT,-5,"PM15-,PM30-,DOWN_BOOK"
2026-09-21 17:44:27,1790012666,btc-updown-5m-1790012400,34,85900.97,85899.45,1.5200000000040745,0.0,-3.7299999999959255,-20.069999999992433,-4.880000000004657,,0.01,,0.99,,,0,8892.67,8892.67,0,-1.0,1.0,,,,,WAIT,-2,DOWN_BOOK
2026-09-21 17:44:28,1790012668,btc-updown-5m-1790012400,32,85900.97,85899.45,1.5200000000040745,0.0,-3.7299999999959255,-20.05999999999767,-4.880000000004657,,0.01,,0.99,,,0,9855.439999999999,12965.449999999999,0,-1.0,1.0,,,,,WAIT,-2,DOWN_BOOK
2026-09-21 17:44:30,1790012669,btc-updown-5m-1790012400,31,85900.97,85899.45,1.5200000000040745,0.0,-3.7299999999959255,-20.05999999999767,-4.880000000004657,,0.01,,0.99,,,0,19773.010000000002,19277.29,0,-1.0,1.0,,,,,WAIT,-2,DOWN_BOOK
2026-09-21 17:44:32,1790012671,btc-updown-5m-1790012400,29,85900.97,85899.45,1.5200000000040745,0.0,-3.7299999999959255,-20.05999999999767,-4.880000000004657,,0.01,,0.99,,,0,19410.300000000003,19435.300000000003,0,-1.0,1.0,,,,,WAIT,-2,DOWN_BOOK
2026-09-21 17:44:33,1790012673,btc-updown-5m-1790012400,27,85900.98,85899.45,1.5299999999988358,0.00999999999476131,0.0,-20.05000000000291,-4.870000000009895,,0.01,,0.99,,,0,19460.56,19460.56,0,-1.0,1.0,,,,,WAIT,-2,DOWN_BOOK
2026-09-21 17:44:35,1790012674,btc-updown-5m-1790012400,26,85900.98,85899.45,1.5299999999988358,0.00999999999476131,0.00999999999476131,-20.05000000000291,-4.870000000009895,,0.01,,0.99,,,0,18645.85,18705.85,0,-1.0,1.0,,,,,WAIT,-2,DOWN_BOOK
2026-09-21 17:44:37,1790012676,btc-updown-5m-1790012400,24,85900.97,85899.45,1.5200000000040745,0.0,0.0,-20.05999999999767,-4.889999999999418,,0.01,,0.99,,,0,18828.15,17841.39,0,-1.0,1.0,,,,,WAIT,-2,DOWN_BOOK
2026-09-21 17:44:38,1790012678,btc-updown-5m-1790012400,22,85900.97,85899.45,1.5200000000040745,-0.00999999999476131,0.0,-12.440000000002328,-4.889999999999418,,0.01,,0.99,,,0,18049.92,18039.92,0,-1.0,1.0,,,,,WAIT,-2,DOWN_BOOK
2026-09-21 17:44:40,1790012679,btc-updown-5m-1790012400,21,85900.97,85899.45,1.5200000000040745,-0.00999999999476131,0.0,-12.440000000002328,-4.880000000004657,,0.01,,0.99,,,0,32001.190000000002,32001.190000000002,0,-1.0,1.0,,,,,WAIT,-2,DOWN_BOOK
2026-09-21 17:44:42,1790012681,btc-updown-5m-1790012400,19,85900.98,85899.45,1.5299999999988358,0.00999999999476131,0.00999999999476131,-3.720000000001164,-4.880000000004657,,0.01,,0.99,,,0,32025.32,32135.32,0,-1.0,1.0,,,,,WAIT,0,TIME_FILTER
2026-09-21 17:44:44,1790012683,btc-updown-5m-1790012400,17,85900.97,85899.45,1.5200000000040745,0.0,0.0,-3.7299999999959255,-7.639999999999418,,0.01,,0.99,,,0,39023.05,39023.05,0,-1.0,1.0,,,,,WAIT,0,TIME_FILTER
2026-09-21 17:44:45,1790012685,btc-updown-5m-1790012400,15,85900.97,85899.45,1.5200000000040745,0.0,0.0,-3.7299999999959255,-14.220000000001164,,0.01,,0.99,,,0,39993.05,40023.05,0,-1.0,1.0,,,,,WAIT,0,TIME_FILTER
2026-09-21 17:44:47,1790012686,btc-updown-5m-1790012400,14,85900.97,85899.45,1.5200000000040745,-0.00999999999476131,0.0,-3.7299999999959255,-14.220000000001164,,0.01,,0.99,,,0,42862.05,42855.05,0,-1.0,1.0,,,,,WAIT,0,TIME_FILTER
2026-09-21 17:44:49,1790012688,btc-updown-5m-1790012400,12,85900.97,85899.45,1.5200000000040745,0.0,-0.00999999999476131,-0.00999999999476131,-14.220000000001164,,0.01,,0.99,,,0,43744.85,43744.85,0,-1.0,1.0,,,,,WAIT,0,TIME_FILTER
2026-09-21 17:44:50,1790012690,btc-updown-5m-1790012400,10,85900.97,85899.45,1.5200000000040745,0.0,-0.00999999999476131,0.0,-14.209999999991851,,0.01,,0.99,,,0,44655.95,44655.95,0,-1.0,1.0,,,,,WAIT,0,TIME_FILTER
2026-09-21 17:44:52,1790012691,btc-updown-5m-1790012400,9,85893.88,85899.45,-5.569999999992433,-7.0899999999965075,-7.0899999999965075,-7.0899999999965075,-21.30999999999767,,0.01,,0.99,,,0,48255.33,48285.33,0,-1.0,1.0,,,,,WAIT,0,TIME_FILTER
2026-09-21 17:44:54,1790012693,btc-updown-5m-1790012400,7,85893.88,85899.45,-5.569999999992433,-7.0899999999965075,-7.0899999999965075,-7.0899999999965075,-21.29999999998836,,0.01,,0.99,,,0,56405.33,56405.33,0,-1.0,1.0,,,,,WAIT,0,TIME_FILTER
2026-09-21 17:44:56,1790012695,btc-updown-5m-1790012400,5,85893.88,85899.45,-5.569999999992433,-7.0899999999965075,-7.0899999999965075,-7.0899999999965075,-21.30999999999767,,0.01,,0.99,,,0,56310.33,56317.33,0,-1.0,1.0,,,,,WAIT,0,TIME_FILTER
2026-09-21 17:44:58,1790012697,btc-updown-5m-1790012400,3,85893.88,85899.45,-5.569999999992433,0.0,-7.099999999991269,-7.0899999999965075,-27.15999999998894,,0.01,,0.99,,,0,72097.33,71867.33,0,-1.0,1.0,,,,,WAIT,0,TIME_FILTER
2026-09-21 17:44:59,1790012699,btc-updown-5m-1790012400,1,85893.89,85899.45,-5.559999999997672,0.00999999999476131,-7.080000000001746,-7.080000000001746,-27.139999999999418,,0.01,,0.99,,,0,71793.15,71786.15,0,-1.0,1.0,,,,,WAIT,0,TIME_FILTER
2026-09-21 17:45:01,1790012700,btc-updown-5m-1790012700,300,85884.91,85884.91,0.0,,,,,0.37,0.38,0.375,0.62,0.63,0.625,2974.1,1394.13,1434.13,2686.1,0.3616956982576467,-0.30385925057581736,,,,1.01,WAIT,0,TIME_FILTER
2026-09-21 17:45:03,1790012702,btc-updown-5m-1790012700,298,85884.92,85884.91,0.00999999999476131,,,,,0.37,0.38,0.375,0.62,0.63,0.625,2238.23,2726.84,2711.84,2238.23,-0.09840948868797422,0.0956774348645575,,,,1.01,WAIT,0,TIME_FILTER
2026-09-21 17:45:05,1790012704,btc-updown-5m-1790012700,296,85884.91,85884.91,0.0,,,,,0.38,0.39,0.385,0.61,0.62,0.615,4374.23,2929.43,2913.33,4505.03,0.19781862792079585,-0.21456224825972317,,,,1.01,WAIT,0,TIME_FILTER
2026-09-21 17:45:07,1790012706,btc-updown-5m-1790012700,294,85880.0,85884.91,-4.9100000000034925,-4.9100000000034925,,,,0.35,0.36,0.355,0.64,0.65,0.645,3168.59,2146.8,1924.08,4339.2,0.19223236676894825,-0.3855998773805418,-0.020000000000000018,,,1.01,WAIT,0,TIME_FILTER
2026-09-21 17:45:08,1790012708,btc-updown-5m-1790012700,292,85880.0,85884.91,-4.9100000000034925,-4.919999999998254,,,,0.36,0.37,0.365,0.63,0.64,0.635,4942.26,1198.77,1642.7700000000002,5155.6900000000005,0.6095866654290892,-0.516722904893167,-0.010000000000000009,,,1.01,WAIT,0,TIME_FILTER
2026-09-21 17:45:10,1790012709,btc-updown-5m-1790012700,291,85880.0,85884.91,-4.9100000000034925,-4.9100000000034925,,,,0.36,0.37,0.365,0.63,0.64,0.635,3866.0,3538.76,3548.7,3866.0,0.04419319464776708,-0.04279336992730659,-0.020000000000000018,,,1.01,WAIT,0,TIME_FILTER
2026-09-21 17:45:12,1790012711,btc-updown-5m-1790012700,289,85880.01,85884.91,-4.900000000008731,0.00999999999476131,,,,0.37,0.38,0.375,0.54,0.58,0.56,5298.0,342.34000000000003,702.78,1550.52,0.8786101547069857,-0.3762215417387831,0.020000000000000018,,,0.96,WAIT,0,TIME_FILTER
2026-09-21 17:45:14,1790012713,btc-updown-5m-1790012700,287,85900.82,85884.91,15.910000000003492,20.820000000006985,,,,0.45,0.46,0.455,0.54,0.55,0.545,1904.08,2131.88,2002.9300000000003,2629.4100000000003,-0.05644258119505649,-0.13524050479887054,0.09000000000000002,,,1.01,WAIT,0,TIME_FILTER
2026-09-21 17:45:15,1790012715,btc-updown-5m-1790012700,285,85900.81,85884.91,15.89999999999418,20.80999999999767,15.89999999999418,,,0.44,0.45,0.445,0.55,0.56,0.555,1632.44,2662.5,3160.15,2946.6,-0.2398310570112737,0.03496950096205022,0.08000000000000002,0.07,,1.01,WAIT,0,TIME_FILTER
2026-09-21 17:45:17,1790012716,btc-updown-5m-1790012700,284,85900.81,85884.91,15.89999999999418,20.80000000000291,15.89999999999418,,,0.43,0.44,0.435,0.56,0.57,0.565,3285.82,1686.62,2029.9700000000003,3150.9700000000003,0.3216127293642558,-0.216370002354785,0.06,0.06,,1.01,WAIT,0,TIME_FILTER
2026-09-21 17:45:19,1790012718,btc-updown-5m-1790012700,282,85900.81,85884.91,15.89999999999418,-0.010000000009313226,15.889999999999418,,,0.43,0.44,0.435,0.56,0.57,0.565,3287.7400000000002,2423.84,2642.7799999999997,3347.7400000000002,0.15125411882526377,-0.11767926657452114,-0.020000000000000018,0.06,,1.01,WAIT,0,TIME_FILTER
2026-09-21 17:45:20,1790012720,btc-updown-5m-1790012700,280,85895.42,85884.91,10.509999999994761,-5.389999999999418,10.509999999994761,,,0.4,0.41,0.405,0.59,0.6,0.595,687.6,2292.96,3285.5699999999997,400.59999999999997,-0.5386101940574926,0.7826470293014158,-0.03999999999999998,0.020000000000000018,,1.01,WAIT,0,TIME_FILTER
2026-09-21 17:45:22,1790012721,btc-updown-5m-1790012700,279,85890.65,85884.91,5.739999999990687,-10.160000000003492,10.64999999999418,,,0.36,0.37,0.365,0.63,0.64,0.635,3311.11,2472.86,2417.63,3383.01,0.14492640867777667,-0.16642646328680974,-0.07,0.010000000000000009,,1.01,WAIT,0,TIME_FILTER
2026-09-21 17:45:24,1790012723,btc-updown-5m-1790012700,277,85890.65,85884.91,5.739999999990687,-10.160000000003492,10.64999999999418,,,0.37,0.38,0.375,0.62,0.63,0.625,4507.23,2260.95,2272.05,4556.23,0.3318883363031125,-0.3345176237646962,-0.06,0.010000000000000009,,1.01,WAIT,0,TIME_FILTER
2026-09-21 17:45:25,1790012725,btc-updown-5m-1790012700,275,85890.65,85884.91,5.739999999990687,-4.7700000000040745,10.64999999999418,,,0.38,0.39,0.385,0.61,0.62,0.615,3978.42,2505.7,2966.0699999999997,3144.97,0.22712719690567112,-0.029274886107765637,-0.020000000000000018,0.020000000000000018,,1.01,WAIT,0,TIME_FILTER
2026-09-21 17:45:27,1790012726,btc-updown-5m-1790012700,274,85890.65,85884.91,5.739999999990687,0.0,10.639999999999418,,,0.38,0.39,0.385,0.61,0.62,0.615,3234.0,2977.89,2937.89,3243.0,0.04122899793782571,-0.04936344118727241,0.020000000000000018,0.010000000000000009,,1.01,WAIT,0,TIME_FILTER
2026-09-21 17:45:29,1790012728,btc-updown-5m-1790012700,272,85886.81,85884.91,1.8999999999941792,-3.8399999999965075,-14.010000000009313,,,0.35,0.36,0.355,0.65,0.66,0.655,3610.47,2686.58,2643.12,1525.0,0.14671790759165004,0.2682552325748779,-0.020000000000000018,-0.10000000000000003,,1.02,WAIT,0,TIME_FILTER
2026-09-21 17:45:31,1790012730,btc-updown-5m-1790012700,270,85879.78,85884.91,-5.130000000004657,-10.869999999995343,-21.029999999998836,-5.130000000004657,,0.32,0.33,0.325,0.67,0.68,0.675,2842.01,2350.33,2275.04,4455.9400000000005,0.09469333672294193,-0.32400928245218386,-0.06,-0.12,-0.04999999999999999,1.01,WAIT,-5,"BTC5-,BTC15-,PM5-,PM15-"
2026-09-21 17:45:32,1790012732,btc-updown-5m-1790012700,268,85878.85,85884.91,-6.059999999997672,-11.799999999988358,-21.95999999999185,-6.069999999992433,,0.32,0.33,0.325,0.67,0.68,0.675,758.43,3699.95,3724.22,1442.43,-0.6597732808778076,0.4416381988328995,-0.06,-0.10999999999999999,-0.04999999999999999,1.01,DOWN WATCH,-8,"BTC5-,BTC15-,PM5-,PM15-,DOWN_BOOK"
2026-09-21 17:45:34,1790012733,btc-updown-5m-1790012700,267,85878.85,85884.91,-6.059999999997672,-7.959999999991851,-21.95999999999185,-6.069999999992433,,0.3,0.31,0.305,0.69,0.7,0.695,3826.11,1687.55,2474.75,3851.11,0.387865773370139,-0.21757674055385354,-0.04999999999999999,-0.13,-0.07,1.01,WAIT,-5,"BTC15-,PM5-,PM15-,PM30-,UP_BOOK"
2026-09-21 17:45:36,1790012735,btc-updown-5m-1790012700,265,85878.84,85884.91,-6.070000000006985,-0.9400000000023283,-16.580000000001746,-6.070000000006985,,0.31,0.32,0.315,0.68,0.69,0.685,4286.55,2903.92,2811.16,4188.580000000001,0.19228645693536028,-0.1967815947449478,-0.010000000000000009,-0.09000000000000002,-0.07,1.01,WAIT,-3,"PM15-,PM30-"
2026-09-21 17:45:37,1790012737,btc-updown-5m-1790012700,263,85878.84,85884.91,-6.070000000006985,-0.010000000009313226,-11.809999999997672,-1.1600000000034925,,0.31,0.32,0.315,0.68,0.69,0.685,4353.55,2873.21,2980.5600000000004,4180.79,0.20484145038717214,-0.16759828803228435,-0.010000000000000009,-0.04999999999999999,-0.03999999999999998,1.01,WAIT,0,
2026-09-21 17:45:39,1790012738,btc-updown-5m-1790012700,262,85878.84,85884.91,-6.070000000006985,-0.010000000009313226,-11.809999999997672,-1.1600000000034925,,0.31,0.32,0.315,0.68,0.69,0.685,4308.7300000000005,3028.94,2983.94,4308.7300000000005,0.17441367627598411,-0.1816604892309676,0.010000000000000009,-0.06,-0.04999999999999999,1.01,WAIT,-2,PM15-
2026-09-21 17:45:41,1790012740,btc-updown-5m-1790012700,260,85878.84,85884.91,-6.070000000006985,0.0,-11.809999999997672,-1.1600000000034925,,0.31,0.32,0.315,0.68,0.69,0.685,3334.01,3308.55,4977.93,47.0,0.003832859620387326,0.9812932717470692,0.0,-0.07,-0.04999999999999999,1.01,WAIT,-3,"PM15-,DOWN_BOOK"
2026-09-21 17:45:43,1790012742,btc-updown-5m-1790012700,258,85862.43,85884.91,-22.480000000010477,-16.410000000003492,-28.220000000001164,-17.580000000001746,,0.26,0.27,0.265,0.73,0.74,0.735,4105.290000000001,2442.4300000000003,2404.9,3558.16,0.25396015712339565,-0.19340070366556766,-0.04999999999999999,-0.12,-0.10999999999999999,1.01,DOWN WATCH,-8,"BTC_BELOW,BTC5-,BTC15-,PM5-,PM15-,PM30-,UP_BOOK"
2026-09-21 17:45:44,1790012744,btc-updown-5m-1790012700,256,85862.43,85884.91,-22.480000000010477,-16.410000000003492,-24.380000000004657,-38.39000000001397,,0.27,0.28,0.275,0.72,0.73,0.725,1571.97,3194.1800000000003,3174.5299999999997,3126.91,-0.3403606684640643,0.007557002843794417,-0.03999999999999998,-0.07999999999999996,-0.18,1.01,DOWN WATCH,-12,"BTC_BELOW,BTC5-,BTC15-,BTC30-,PM5-,PM15-,PM30-"
2026-09-21 17:45:46,1790012745,btc-updown-5m-1790012700,255,85862.44,85884.91,-22.470000000001164,-16.39999999999418,-17.339999999996508,-38.36999999999534,,0.27,0.28,0.275,0.72,0.73,0.725,2366.94,3172.13,2903.34,3362.31,-0.14536555775608542,-0.07325177754901724,-0.03999999999999998,-0.04999999999999999,-0.16999999999999998,1.01,DOWN WATCH,-7,"BTC_BELOW,BTC5-,BTC30-,PM5-,PM30-"
2026-09-21 17:45:48,1790012747,btc-updown-5m-1790012700,253,85862.43,85884.91,-22.480000000010477,0.0,-16.420000000012806,-38.38000000000466,,0.29,0.3,0.295,0.7,0.71,0.705,3820.9700000000003,2329.8599999999997,3103.92,3835.9900000000002,0.2424241931576715,-0.10548695876459496,0.02999999999999997,-0.030000000000000027,-0.14,1.01,WAIT,-5,"BTC_BELOW,BTC30-,PM30-"
2026-09-21 17:45:50,1790012749,btc-updown-5m-1790012700,251,85862.44,85884.91,-22.470000000001164,0.010000000009313226,-16.410000000003492,-38.36999999999534,,0.25,0.26,0.255,0.75,0.76,0.755,837.0,4053.99,3366.2400000000002,2407.3,-0.657738003962388,0.1660922068609553,-0.020000000000000018,-0.04999999999999999,-0.18,1.02,WAIT,-6,DOWN_TOO_EXPENSIVE
2026-09-21 17:45:51,1790012751,btc-updown-5m-1790012700,249,85862.44,85884.91,-22.470000000001164,0.0,-16.39999999999418,-28.20999999999185,,0.23,0.24,0.235,0.76,0.77,0.765,4861.379999999999,3308.06,3302.85,4866.84,0.19013787970778898,-0.19143810842271863,-0.040000000000000036,-0.08000000000000002,-0.13,1.01,WAIT,-6,DOWN_TOO_EXPENSIVE
2026-09-21 17:45:53,1790012752,btc-updown-5m-1790012700,248,85862.43,85884.91,-22.480000000010477,0.0,-16.410000000003492,-28.220000000001164,,0.23,0.24,0.235,0.76,0.77,0.765,4391.780000000001,3198.62,3227.33,4308.780000000001,0.15719329679595287,-0.1435024170294755,-0.06,-0.08000000000000002,-0.13,1.01,WAIT,-6,DOWN_TOO_EXPENSIVE
2026-09-21 17:45:55,1790012754,btc-updown-5m-1790012700,246,85862.44,85884.91,-22.470000000001164,0.0,-16.39999999999418,-28.20999999999185,,0.23,0.24,0.235,0.76,0.77,0.765,4271.5,3355.08,3235.08,4303.79,0.12016133050462988,-0.1417599719851914,-0.020000000000000018,-0.08000000000000002,-0.14,1.01,WAIT,-5,"BTC_BELOW,PM15-,PM30-"
2026-09-21 17:45:57,1790012756,btc-updown-5m-1790012700,244,85844.13,85884.91,-40.779999999998836,-18.30999999999767,-34.70999999999185,-46.51999999998952,,0.17,0.18,0.175,0.82,0.83,0.825,4204.43,3249.7200000000003,2680.5299999999997,4411.26,0.12807764802157187,-0.24404698954706788,-0.06,-0.14,-0.21000000000000002,1.01,WAIT,-11,DOWN_TOO_EXPENSIVE
2026-09-21 17:45:58,1790012758,btc-updown-5m-1790012700,242,85834.5,85884.91,-50.41000000000349,-27.929999999993015,-27.929999999993015,-52.30999999999767,,0.16,0.17,0.165,0.84,0.85,0.845,916.31,4630.049999999999,5104.89,1347.47,-0.6695814912843739,0.5823326658772914,-0.06999999999999998,-0.1,-0.18999999999999997,1.02,WAIT,-14,DOWN_TOO_EXPENSIVE
2026-09-21 17:46:00,1790012759,btc-updown-5m-1790012700,241,85832.03,85884.91,-52.88000000000466,-30.410000000003492,-30.39999999999418,-54.779999999998836,,0.15,0.16,0.155,0.84,0.85,0.845,1403.37,3974.7000000000003,3053.49,2332.62,-0.4781138958771456,0.13383870734166214,-0.07999999999999999,-0.12000000000000002,-0.19999999999999998,1.01,WAIT,-13,DOWN_TOO_EXPENSIVE
2026-09-21 17:46:02,1790012761,btc-updown-5m-1790012700,239,85832.04,85884.91,-52.870000000009895,-12.09000000001106,-30.40000000000873,-47.74000000000524,-52.870000000009895,0.17,0.18,0.175,0.82,0.83,0.825,2953.77,3033.28,3194.28,2923.77,-0.013280330045681967,0.0442150685267365,0.0,-0.10000000000000003,-0.15000000000000002,1.01,WAIT,-12,DOWN_TOO_EXPENSIVE
2026-09-21 17:46:04,1790012763,btc-updown-5m-1790012700,237,85832.03,85884.91,-52.88000000000466,-2.470000000001164,-30.39999999999418,-46.820000000006985,-52.88999999999942,0.15,0.16,0.155,0.84,0.85,0.845,2652.7400000000002,2920.29,3135.29,2647.7400000000002,-0.048007995650480924,0.08430701552646272,-0.010000000000000009,-0.13999999999999999,-0.15,1.01,WAIT,-11,DOWN_TOO_EXPENSIVE
2026-09-21 17:46:05,1790012765,btc-updown-5m-1790012700,235,85832.03,85884.91,-52.88000000000466,0.0,-30.410000000003492,-46.80999999999767,-52.88000000000466,0.15,0.16,0.155,0.84,0.85,0.845,2476.2400000000002,3691.9700000000003,3705.7200000000003,2402.2700000000004,-0.1970960781166659,0.21340080779438075,0.0,-0.1,-0.16,1.01,WAIT,-11,DOWN_TOO_EXPENSIVE
2026-09-21 17:46:07,1790012766,btc-updown-5m-1790012700,234,85832.03,85884.91,-52.88000000000466,-0.00999999999476131,-30.410000000003492,-46.80999999999767,-47.970000000001164,0.16,0.17,0.165,0.83,0.84,0.835,4995.35,2785.52,2795.52,4950.29,0.28400808649932463,-0.2781852382126595,-0.009999999999999981,-0.06999999999999998,-0.15,1.01,WAIT,-9,DOWN_TOO_EXPENSIVE
2026-09-21 17:46:09,1790012768,btc-updown-5m-1790012700,232,85832.04,85884.91,-52.870000000009895,0.00999999999476131,-30.389999999999418,-46.80000000000291,-47.9600000000064,0.16,0.17,0.165,0.83,0.84,0.835,2628.03,3416.04,3965.06,2613.0299999999997,-0.1303773781574336,0.20553534536620816,0.010000000000000009,-0.06999999999999998,-0.15,1.01,WAIT,-11,DOWN_TOO_EXPENSIVE
2026-09-21 17:46:10,1790012770,btc-updown-5m-1790012700,230,85832.03,85884.91,-52.88000000000466,0.0,-30.410000000003492,-46.80999999999767,-47.970000000001164,0.15,0.16,0.155,0.84,0.85,0.845,2095.31,5887.26,5707.26,2031.16,-0.47502871882113157,0.47504529348368274,0.0,-0.07999999999999999,-0.16,1.01,WAIT,-13,DOWN_TOO_EXPENSIVE
2026-09-21 17:46:12,1790012771,btc-updown-5m-1790012700,229,85832.04,85884.91,-52.870000000009895,0.00999999999476131,-12.09000000001106,-46.80000000000291,-47.970000000001164,0.15,0.16,0.155,0.84,0.85,0.845,3287.9,4285.009999999999,4256.009999999999,3107.75,-0.13166801137211445,0.1559339250600236,-0.010000000000000009,-0.01999999999999999,-0.16,1.01,WAIT,-7,DOWN_TOO_EXPENSIVE
2026-09-21 17:46:14,1790012773,btc-updown-5m-1790012700,227,85832.04,85884.91,-52.870000000009895,0.0,-2.460000000006403,-30.389999999999418,-68.78000000001339,0.15,0.16,0.155,0.84,0.85,0.845,2891.4300000000003,3236.39,2031.5400000000002,3524.03,-0.05629408174522091,-0.268647501516496,-0.010000000000000009,-0.010000000000000009,-0.11000000000000001,1.01,WAIT,-6,DOWN_TOO_EXPENSIVE
2026-09-21 17:46:16,1790012775,btc-updown-5m-1790012700,225,85832.03,85884.91,-52.88000000000466,0.0,0.0,-30.410000000003492,-68.77999999999884,0.12,0.13,0.125,0.87,0.88,0.875,3153.6000000000004,3526.6499999999996,3314.1099999999997,3138.6000000000004,-0.05584371842371158,0.027199424737823226,-0.03,-0.03,-0.15000000000000002,1.01,WAIT,-8,DOWN_TOO_EXPENSIVE
2026-09-21 17:46:17,1790012777,btc-updown-5m-1790012700,223,85832.03,85884.91,-52.88000000000466,-0.00999999999476131,-0.00999999999476131,-30.39999999999418,-68.77999999999884,0.12,0.13,0.125,0.87,0.88,0.875,4893.86,2229.8,2205.26,4893.86,0.37397349115482764,-0.3787229966531062,-0.03,-0.04999999999999999,-0.16999999999999998,1.01,WAIT,-6,DOWN_TOO_EXPENSIVE
2026-09-21 17:46:19,1790012778,btc-updown-5m-1790012700,222,85832.03,85884.91,-52.88000000000466,-0.00999999999476131,0.0,-30.39999999999418,-68.77999999999884,0.12,0.13,0.125,0.87,0.88,0.875,4377.75,2839.0599999999995,3054.64,4440.78,0.21320916027995757,-0.18493159822931868,-0.03,-0.03,-0.16999999999999998,1.01,WAIT,-8,DOWN_TOO_EXPENSIVE
2026-09-21 17:46:21,1790012780,btc-updown-5m-1790012700,220,85822.63,85884.91,-62.279999999998836,-9.39999999999418,-9.39999999999418,-39.80999999999767,-72.7899999999936,0.12,0.13,0.125,0.87,0.88,0.875,2298.02,4789.679999999999,3513.4300000000003,2742.02,-0.35154704629146266,0.12331806664588482,0.0,-0.03,-0.13,1.01,WAIT,-8,DOWN_TOO_EXPENSIVE
2026-09-21 17:46:23,1790012782,btc-updown-5m-1790012700,218,85822.64,85884.91,-62.270000000004075,-9.389999999999418,-9.389999999999418,-39.7899999999936,-68.00999999999476,0.12,0.13,0.125,0.86,0.87,0.865,3452.96,3102.5899999999997,489.0,4378.28,0.05344631647992928,-0.7990664190266432,0.0,-0.04000000000000001,-0.10999999999999999,1.0,WAIT,-6,DOWN_TOO_EXPENSIVE
2026-09-21 17:46:24,1790012784,btc-updown-5m-1790012700,216,85822.63,85884.91,-62.279999999998836,-9.39999999999418,-9.40999999998894,-39.80999999999767,-68.01999999998952,0.14,0.15,0.14500000000000002,0.85,0.86,0.855,2382.5,2252.27,2422.27,3040.49,0.028098481693805737,-0.11316989946473939,0.020000000000000018,-0.01999999999999999,-0.08999999999999997,1.01,WAIT,-7,DOWN_TOO_EXPENSIVE
2026-09-21 17:46:26,1790012785,btc-updown-5m-1790012700,215,85822.64,85884.91,-62.270000000004075,0.00999999999476131,-9.389999999999418,-39.80000000000291,-68.00999999999476,0.14,0.15,0.14500000000000002,0.85,0.86,0.855,2193.1000000000004,2292.27,2292.27,3316.3500000000004,-0.022109658734953772,-0.182590369823593,0.020000000000000018,-0.009999999999999981,-0.08999999999999997,1.01,WAIT,-7,DOWN_TOO_EXPENSIVE
2026-09-21 17:46:28,1790012787,btc-updown-5m-1790012700,213,85830.14,85884.91,-54.770000000004075,7.5,-1.8999999999941792,-13.990000000005239,-60.50999999999476,0.13,0.14,0.135,0.82,0.83,0.825,2842.01,1193.0,586.0,1829.0,0.40867556709896635,-0.5146997929606625,0.010000000000000009,-0.01999999999999999,-0.03999999999999998,0.97,WAIT,-2,"BTC_BELOW,BTC60-,UP_BOOK"
2026-09-21 17:46:30,1790012789,btc-updown-5m-1790012700,211,85847.83,85884.91,-37.080000000001746,25.19999999999709,15.790000000008149,15.80000000000291,-38.979999999995925,0.19,0.2,0.195,0.8,0.81,0.805,2497.92,1840.51,2198.71,713.0,0.1515317753196433,0.5102534249633377,0.04999999999999999,0.04000000000000001,0.04000000000000001,1.01,WAIT,-1,"BTC_BELOW,BTC5+,PM5+,DOWN_BOOK"
2026-09-21 17:46:31,1790012791,btc-updown-5m-1790012700,209,85825.91,85884.91,-59.0,3.2700000000040745,-6.119999999995343,-6.129999999990105,-53.86999999999534,0.12,0.13,0.125,0.87,0.88,0.875,3392.9500000000003,2156.14,1852.1599999999999,3391.8900000000003,0.22288519378853117,-0.2936146680523642,-0.020000000000000018,0.0,-0.04999999999999999,1.01,WAIT,-3,"BTC_BELOW,BTC60-"
2026-09-21 17:46:33,1790012792,btc-updown-5m-1790012700,208,85819.17,85884.91,-65.74000000000524,-10.970000000001164,-12.860000000000582,-12.869999999995343,-59.68000000000757,0.13,0.14,0.135,0.86,0.87,0.865,2059.96,4105.05,4135.05,2059.96,-0.33172533377885843,0.3349615254858346,0.0,0.010000000000000009,-0.03999999999999998,1.01,WAIT,-7,DOWN_TOO_EXPENSIVE
2026-09-21 17:46:35,1790012794,btc-updown-5m-1790012700,206,85819.17,85884.91,-65.74000000000524,-28.660000000003492,-12.860000000000582,-12.860000000000582,-59.68000000000757,0.13,0.14,0.135,0.86,0.87,0.865,2204.28,4261.88,3186.0299999999997,2169.27,-0.3182104989669294,0.18986051201613352,-0.06,0.010000000000000009,-0.01999999999999999,1.01,WAIT,-7,DOWN_TOO_EXPENSIVE
2026-09-21 17:46:36,1790012796,btc-updown-5m-1790012700,204,85837.63,85884.91,-47.279999999998836,11.720000000001164,15.0,5.600000000005821,-41.20999999999185,0.16,0.17,0.165,0.83,0.84,0.835,2711.48,1587.44,1787.44,2922.51,0.26147032277874444,-0.24099406575441354,0.04000000000000001,0.04000000000000001,0.0,1.01,WAIT,0,"BTC_BELOW,BTC5+,BTC60-,PM5+,UP_BOOK"
2026-09-21 17:46:38,1790012797,btc-updown-5m-1790012700,203,85837.6,85884.91,-47.30999999999767,18.430000000007567,14.960000000006403,5.570000000006985,-41.23999999999069,0.16,0.17,0.165,0.83,0.84,0.835,2420.2499999999995,2986.16,3149.16,2415.2499999999995,-0.10467389635636223,0.13189358799944653,0.03,0.04000000000000001,0.0,1.01,WAIT,-1,"BTC_BELOW,BTC5+,BTC60-,PM5+"
2026-09-21 17:46:40,1790012799,btc-updown-5m-1790012700,201,85837.31,85884.91,-47.60000000000582,18.139999999999418,14.679999999993015,5.2700000000040745,-41.529999999998836,0.15,0.16,0.155,0.84,0.85,0.845,3148.51,2942.83,3713.5699999999997,1392.94,0.033765969392613164,0.45444540400390865,0.01999999999999999,0.009999999999999981,-0.010000000000000009,1.01,WAIT,-3,"BTC_BELOW,BTC5+,BTC60-,DOWN_BOOK"
2026-09-21 17:46:42,1790012801,btc-updown-5m-1790012700,199,85830.91,85884.91,-54.0,-6.720000000001164,8.270000000004075,-1.1299999999901047,-47.929999999993015,0.14,0.15,0.14500000000000002,0.85,0.86,0.855,1196.97,2915.49,2988.8199999999997,3022.98,-0.41788126814607307,-0.00568215842177057,-0.01999999999999999,0.0,-0.009999999999999981,1.01,WAIT,-5,"BTC_BELOW,BTC60-"
2026-09-21 17:46:43,1790012803,btc-updown-5m-1790012700,197,85830.9,85884.91,-54.01000000000931,-6.7000000000116415,0.7599999999947613,-1.139999999999418,-31.529999999998836,0.13,0.14,0.135,0.86,0.87,0.865,4780.360000000001,1456.87,1461.87,4770.360000000001,0.5328471132217347,-0.5308677632243997,-0.03,0.0,-0.01999999999999999,1.01,WAIT,-2,"BTC_BELOW,PM5-,UP_BOOK"
2026-09-21 17:46:45,1790012804,btc-updown-5m-1790012700,196,85830.9,85884.91,-54.01000000000931,-6.4100000000034925,-16.930000000007567,-1.139999999999418,-31.529999999998836,0.13,0.14,0.135,0.86,0.87,0.865,2211.42,2677.94,2702.9400000000005,3282.67,-0.09541535088436931,-0.09685395473477215,-0.01999999999999999,-0.06,-0.01999999999999999,1.01,WAIT,-5,"BTC_BELOW,PM15-"
2026-09-21 17:46:47,1790012806,btc-updown-5m-1790012700,194,85830.9,85884.91,-54.01000000000931,-0.010000000009313226,4.989999999990687,-1.1300000000046566,-31.54000000000815,0.12,0.13,0.125,0.87,0.88,0.875,4521.15,2012.4900000000002,1885.66,5242.46,0.3839605487905669,-0.4709236095913088,-0.020000000000000018,0.0,0.0,1.01,WAIT,-1,"BTC_BELOW,UP_BOOK"
2026-09-21 17:46:49,1790012808,btc-updown-5m-1790012700,192,85830.9,85884.91,-54.01000000000931,0.0,11.729999999995925,-1.1300000000046566,-31.529999999998836,0.15,0.16,0.155,0.84,0.85,0.845,2812.0,2698.12,2774.62,2675.0,0.02066742648073002,0.018280173663484774,0.01999999999999999,0.01999999999999999,0.03,1.01,WAIT,-3,BTC_BELOW
2026-09-21 17:46:51,1790012810,btc-updown-5m-1790012700,190,85856.55,85884.91,-28.360000000000582,25.65000000000873,37.38000000000466,33.919999999998254,-5.889999999999418,0.22,0.23,0.225,0.77,0.78,0.775,2291.88,2644.19,2780.19,2877.88,-0.07137459557907404,-0.01726560470266364,0.09,0.09,0.1,1.01,UP WATCH,7,"BTC_BELOW,BTC5+,BTC15+,BTC30+,PM5+,PM15+,PM30+"
2026-09-21 17:46:52,1790012812,btc-updown-5m-1790012700,188,85856.54,85884.91,-28.370000000009895,25.639999999999418,18.939999999987776,33.89999999999418,-5.889999999999418,0.2,0.21,0.20500000000000002,0.79,0.8,0.795,453.0,3469.1800000000003,3645.1800000000003,390.0,-0.769006011962735,0.8067000728592033,0.08000000000000002,0.04000000000000001,0.08000000000000002,1.01,WAIT,1,"BTC_BELOW,BTC5+,BTC30+,PM5+,PM30+,DOWN_BOOK"
2026-09-21 17:46:54,1790012813,btc-updown-5m-1790012700,187,85843.26,85884.91,-41.65000000000873,12.360000000000582,5.6599999999889405,20.619999999995343,-19.169999999998254,0.16,0.17,0.165,0.83,0.84,0.835,3284.89,2683.2799999999997,2827.93,3427.1800000000003,0.10080309374565405,-0.09580167255252112,0.010000000000000009,0.0,0.04000000000000001,1.01,WAIT,-1,"BTC_BELOW,BTC5+"
2026-09-21 17:46:56,1790012815,btc-updown-5m-1790012700,185,85843.26,85884.91,-41.65000000000873,-13.290000000008149,5.94999999999709,20.619999999995343,-19.180000000007567,0.16,0.17,0.165,0.83,0.84,0.835,4779.51,1730.28,2134.85,4832.12,0.4684068149663815,-0.38715108576612217,-0.06,0.010000000000000009,0.01999999999999999,1.01,WAIT,-2,"BTC_BELOW,BTC5-,PM5-,UP_BOOK"
2026-09-21 17:46:58,1790012817,btc-updown-5m-1790012700,183,85843.26,85884.91,-41.65000000000873,-13.279999999998836,12.349999999991269,13.119999999995343,-0.8700000000098953,0.15,0.16,0.155,0.84,0.85,0.845,3878.7799999999997,2525.34,2545.34,3714.74,0.211338950550583,-0.1868027245658202,-0.05000000000000002,0.009999999999999981,0.01999999999999999,1.01,WAIT,-4,"BTC_BELOW,BTC5-,PM5-"
2026-09-21 17:46:59,1790012819,btc-updown-5m-1790012700,181,85843.26,85884.91,-41.65000000000873,0.0,12.360000000000582,-4.570000000006985,11.229999999995925,0.15,0.16,0.155,0.84,0.85,0.845,4530.18,1523.85,1573.85,4615.18,0.4965832676745903,-0.49140656936547406,-0.010000000000000009,0.01999999999999999,-0.04000000000000001,1.01,WAIT,0,"BTC_BELOW,UP_BOOK"
2026-09-21 17:47:01,1790012820,btc-updown-5m-1790012700,180,85849.08,85884.91,-35.830000000001746,5.820000000006985,18.180000000007567,1.25,17.05000000000291,0.19,0.22,0.20500000000000002,0.77,0.78,0.775,4481.75,1055.9,619.33,3180.77,0.6186468989553331,-0.6740454198573722,0.04000000000000001,0.07,0.010000000000000009,1.0,WAIT,3,"BTC_BELOW,PM5+,PM15+,UP_BOOK"
2026-09-21 17:47:03,1790012822,btc-updown-5m-1790012700,178,85857.84,85884.91,-27.070000000006985,14.580000000001746,26.94000000000233,38.669999999998254,25.80000000000291,0.25,0.26,0.255,0.74,0.75,0.745,2017.44,2394.74,2628.16,2131.44,-0.08551328368289592,0.10436171106815693,0.1,0.13,0.12,1.01,UP WATCH,7,"BTC_BELOW,BTC5+,BTC15+,BTC30+,PM5+,PM15+,PM30+"
2026-09-21 17:47:04,1790012824,btc-updown-5m-1790012700,176,85863.18,85884.91,-21.730000000010477,19.919999999998254,32.279999999998836,44.00999999999476,31.14999999999418,0.27,0.28,0.275,0.72,0.73,0.725,374.55,3062.3,3101.3,697.18,-0.7820387855158065,0.6329163244245067,0.12000000000000002,0.12000000000000002,0.14,1.01,WAIT,5,"BTC_BELOW,BTC5+,BTC15+,BTC30+,PM5+,PM15+,PM30+,DOWN_BOOK"
2026-09-21 17:47:06,1790012825,btc-updown-5m-1790012700,175,85863.18,85884.91,-21.730000000010477,14.099999999991269,6.629999999990105,44.00999999999476,31.14999999999418,0.19,0.23,0.21000000000000002,0.8,0.81,0.805,1778.15,2117.41,1522.0,1709.01,-0.08708889094250885,-0.057879734200760743,0.0050000000000000044,-0.014999999999999986,0.07500000000000001,1.04,WAIT,2,"BTC_BELOW,BTC5+,BTC30+,PM30+"
2026-09-21 17:47:08,1790012827,btc-updown-5m-1790012700,173,85843.14,85884.91,-41.770000000004075,-14.69999999999709,-13.39999999999418,5.539999999993597,11.110000000000582,0.15,0.16,0.155,0.84,0.85,0.845,4680.08,2260.0,2287.0,4815.08,0.34871067768671254,-0.3559633234207443,-0.1,-0.05000000000000002,-0.010000000000000009,1.01,WAIT,-4,"BTC_BELOW,BTC5-,PM5-,PM15-,UP_BOOK"
2026-09-21 17:47:10,1790012829,btc-updown-5m-1790012700,171,85843.15,85884.91,-41.76000000000931,-20.029999999998836,-0.11000000000058208,5.8399999999965075,11.110000000000582,0.17,0.18,0.175,0.83,0.84,0.835,2477.35,4073.4300000000003,3415.8900000000003,1758.9299999999998,-0.2436473213876821,0.32019664452096896,-0.10000000000000003,0.009999999999999981,0.01999999999999999,1.02,WAIT,-5,"BTC_BELOW,BTC5-,PM5-,DOWN_BOOK"
2026-09-21 17:47:12,1790012831,btc-updown-5m-1790012700,169,85843.15,85884.91,-41.76000000000931,-20.029999999998836,-0.11000000000058208,12.239999999990687,11.110000000000582,0.16,0.17,0.165,0.83,0.84,0.835,4217.9400000000005,2354.61,2390.15,4186.67,0.28350183718648014,-0.27315936881349956,-0.04500000000000001,0.0,0.01999999999999999,1.01,WAIT,-2,"BTC_BELOW,BTC5-,PM5-,UP_BOOK"
2026-09-21 17:47:13,1790012833,btc-updown-5m-1790012700,167,85843.14,85884.91,-41.770000000004075,0.0,-0.11999999999534339,12.240000000005239,11.10000000000582,0.15,0.16,0.155,0.84,0.85,0.845,1259.25,3544.76,3654.76,1284.25,-0.4757504667975296,0.4799565095029166,0.0,0.0,0.01999999999999999,1.01,WAIT,-4,"BTC_BELOW,DOWN_BOOK"
2026-09-21 17:47:15,1790012834,btc-updown-5m-1790012700,166,85843.14,85884.91,-41.770000000004075,-0.00999999999476131,-0.11999999999534339,12.240000000005239,11.10000000000582,0.13,0.14,0.135,0.86,0.87,0.865,3200.67,3069.8,2983.04,3451.5199999999995,0.020870843812345788,-0.0728068430475432,-0.03999999999999998,-0.01999999999999999,0.0,1.01,WAIT,-3,"BTC_BELOW,PM5-"
2026-09-21 17:47:17,1790012836,btc-updown-5m-1790012700,164,85843.13,85884.91,-41.779999999998836,-0.01999999998952262,-5.94999999999709,12.230000000010477,11.10000000000582,0.13,0.14,0.135,0.86,0.87,0.865,3989.9499999999994,3098.63,3098.63,3989.9499999999994,0.12574027520321407,-0.12574027520321407,-0.03,-0.07,0.010000000000000009,1.01,WAIT,-5,"BTC_BELOW,PM5-,PM15-"
2026-09-21 17:47:18,1790012838,btc-updown-5m-1790012700,162,85837.48,85884.91,-47.43000000000757,-5.6600000000034925,-20.360000000000582,6.580000000001746,5.44999999999709,0.13,0.14,0.135,0.88,0.89,0.885,2804.02,3118.43,2109.61,4558.59,-0.05308782682842402,-0.3672625296181878,-0.01999999999999999,-0.12,-0.01999999999999999,1.03,WAIT,-5,"BTC_BELOW,BTC15-,PM15-"
2026-09-21 17:47:20,1790012839,btc-updown-5m-1790012700,161,85837.48,85884.91,-47.43000000000757,-5.6600000000034925,-25.69999999999709,6.580000000001746,5.44999999999709,0.12,0.13,0.125,0.87,0.88,0.875,3787.35,2405.48,2651.93,3558.58,0.22314030903480314,-0.14598640047274702,-0.010000000000000009,-0.15000000000000002,-0.03,1.01,WAIT,-6,DOWN_TOO_EXPENSIVE
2026-09-21 17:47:22,1790012841,btc-updown-5m-1790012700,159,85837.49,85884.91,-47.419999999998254,-5.639999999999418,-25.689999999987776,-19.05999999999767,14.860000000000582,0.11,0.12,0.11499999999999999,0.89,0.9,0.895,1037.0,3519.75,3803.3,1765.8400000000001,-0.5448510451527953,0.36584822791310684,-0.020000000000000018,-0.09500000000000003,-0.11000000000000001,1.02,WAIT,-9,DOWN_TOO_EXPENSIVE
2026-09-21 17:47:24,1790012843,btc-updown-5m-1790012700,157,85830.7,85884.91,-54.2100000000064,-6.779999999998836,-12.440000000002328,-12.559999999997672,8.059999999997672,0.15,0.16,0.155,0.84,0.85,0.845,6146.08,1037.65,1374.65,3796.54,0.7111110801770112,-0.4683428765912681,0.01999999999999999,0.0,-0.010000000000000009,1.01,WAIT,-1,"BTC_BELOW,UP_BOOK"
2026-09-21 17:47:25,1790012845,btc-updown-5m-1790012700,155,85843.53,85884.91,-41.38000000000466,6.05000000000291,0.3800000000046566,0.27000000000407454,20.889999999999418,0.19,0.2,0.195,0.8,0.81,0.805,1810.31,2038.0,2847.21,1341.18,-0.05916623141067119,0.35957253264380823,0.07,0.020000000000000018,0.03,1.01,WAIT,-2,"BTC_BELOW,PM5+,DOWN_BOOK"
2026-09-21 17:47:27,1790012846,btc-updown-5m-1790012700,154,85847.79,85884.91,-37.120000000009895,10.299999999988358,4.639999999999418,4.529999999998836,25.14999999999418,0.19,0.2,0.195,0.8,0.81,0.805,1629.1799999999998,2472.24,2642.24,1809.1799999999998,-0.205553198648273,0.1871447762736385,0.08000000000000002,0.03,0.03,1.01,WAIT,0,"BTC_BELOW,BTC5+,PM5+"
2026-09-21 17:47:29,1790012848,btc-updown-5m-1790012700,152,85847.78,85884.91,-37.13000000000466,17.080000000001746,4.639999999999418,4.5200000000040745,17.639999999999418,0.18,0.19,0.185,0.81,0.82,0.815,2414.91,681.0,592.0,4219.11,0.560064730563873,-0.7539029454741213,0.03,0.03,0.03,1.01,WAIT,2,"BTC_BELOW,BTC5+,PM5+,UP_BOOK"
2026-09-21 17:47:31,1790012850,btc-updown-5m-1790012700,150,85852.06,85884.91,-32.85000000000582,8.529999999998836,8.919999999998254,2.9799999999959255,4.2299999999959255,0.22,0.24,0.22999999999999998,0.75,0.77,0.76,2881.5699999999997,1766.5,1306.72,3094.12,0.23989957121988262,-0.4061497350505812,0.034999999999999976,0.09499999999999997,0.024999999999999967,1.01,WAIT,2,"BTC_BELOW,PM5+,PM15+"
2026-09-21 17:47:33,1790012852,btc-updown-5m-1790012700,148,85854.99,85884.91,-29.919999999998254,7.2000000000116415,11.860000000000582,-2.849999999991269,35.820000000006985,0.2,0.21,0.20500000000000002,0.79,0.8,0.795,476.25,2752.51,3035.35,303.25,-0.7049951064805065,0.8183370274965555,0.010000000000000009,0.07,-0.04999999999999999,1.01,WAIT,-2,"BTC_BELOW,PM15+,DOWN_BOOK"
2026-09-21 17:47:34,1790012854,btc-updown-5m-1790012700,146,85854.99,85884.91,-29.919999999998254,7.210000000006403,17.510000000009313,-8.189999999987776,35.820000000006985,0.17,0.18,0.175,0.82,0.83,0.825,1719.73,2828.55,2866.55,2169.73,-0.24378886084409931,0.13836005940892881,-0.010000000000000009,0.04999999999999999,-0.10000000000000003,1.01,WAIT,-3,"BTC_BELOW,PM30-"
2026-09-21 17:47:36,1790012855,btc-updown-5m-1790012700,145,85854.99,85884.91,-29.919999999998254,2.930000000007567,17.510000000009313,-8.189999999987776,35.820000000006985,0.16,0.17,0.165,0.85,0.86,0.855,2410.15,3066.41,2619.58,1980.98,-0.11983069664168745,0.13880918844662388,-0.06499999999999997,0.04000000000000001,-0.04500000000000001,1.03,WAIT,-3,"BTC_BELOW,PM5-"
2026-09-21 17:47:38,1790012857,btc-updown-5m-1790012700,143,85855.0,85884.91,-29.910000000003492,0.00999999999476131,17.50999999999476,11.860000000000582,17.39999999999418,0.14,0.15,0.14500000000000002,0.85,0.86,0.855,2366.53,2124.09,2194.3900000000003,3229.08,0.05398809073134667,-0.19078007253658627,-0.06,0.030000000000000027,-0.009999999999999981,1.01,WAIT,-3,"BTC_BELOW,PM5-"
2026-09-21 17:47:40,1790012859,btc-updown-5m-1790012700,141,85855.0,85884.91,-29.910000000003492,0.00999999999476131,24.30000000000291,11.85000000000582,17.69000000000233,0.14,0.15,0.14500000000000002,0.85,0.86,0.855,2206.53,2736.0,1987.0,3435.24,-0.10712529817724925,-0.26709256690961664,-0.02999999999999997,-0.009999999999999981,-0.02999999999999997,1.01,WAIT,1,"BTC_BELOW,BTC15+"
2026-09-21 17:47:41,1790012861,btc-updown-5m-1790012700,139,85851.09,85884.91,-33.820000000006985,-3.900000000008731,3.3000000000029104,7.940000000002328,20.179999999993015,0.11,0.12,0.11499999999999999,0.88,0.89,0.885,2840.88,2901.96,2931.96,2115.88,-0.010635852644336238,0.1616691495768487,-0.05000000000000002,-0.08000000000000002,-0.05000000000000002,1.01,WAIT,-5,"BTC_BELOW,PM5-,PM15-"
2026-09-21 17:47:43,1790012862,btc-updown-5m-1790012700,138,85846.74,85884.91,-38.169999999998254,-8.259999999994761,-1.0499999999883585,3.5900000000110595,15.830000000001746,0.11,0.12,0.11499999999999999,0.88,0.89,0.885,3870.64,2852.3399999999997,3697.98,3560.64,0.15146557032744412,0.018920951916480012,-0.030000000000000027,-0.08000000000000002,-0.05000000000000002,1.01,WAIT,-5,"BTC_BELOW,PM5-,PM15-"
2026-09-21 17:47:45,1790012864,btc-updown-5m-1790012700,136,85846.73,85884.91,-38.18000000000757,-8.270000000004075,-1.0500000000029104,3.5899999999965075,15.830000000001746,0.11,0.12,0.11499999999999999,0.88,0.89,0.885,3109.32,3735.58,3747.58,3109.32,-0.0914929363467691,0.0930828800186673,-0.030000000000000027,-0.07,-0.020000000000000018,1.01,WAIT,-5,"BTC_BELOW,PM5-,PM15-"
2026-09-21 17:47:46,1790012866,btc-updown-5m-1790012700,134,85839.32,85884.91,-45.58999999999651,-11.769999999989523,-12.739999999990687,-3.8099999999976717,8.420000000012806,0.1,0.11,0.10500000000000001,0.89,0.9,0.895,2359.23,3075.88,3045.88,2411.23,-0.1318556570152214,0.11629782064132847,-0.009999999999999981,-0.12499999999999997,-0.03,1.01,WAIT,-5,"BTC_BELOW,BTC5-,PM15-"
2026-09-21 17:47:48,1790012867,btc-updown-5m-1790012700,133,85839.32,85884.91,-45.58999999999651,-7.419999999998254,-15.669999999998254,-3.8099999999976717,8.420000000012806,0.1,0.11,0.10500000000000001,0.89,0.9,0.895,2375.0299999999997,2791.8199999999997,2765.22,2392.0299999999997,-0.08066616991009996,0.0723622085413738,-0.009999999999999981,-0.1,-0.03,1.01,WAIT,-4,"BTC_BELOW,PM15-"
2026-09-21 17:47:50,1790012869,btc-updown-5m-1790012700,131,85839.32,85884.91,-45.58999999999651,-7.4099999999889405,-15.669999999998254,1.8400000000110595,8.420000000012806,0.11,0.12,0.11499999999999999,0.88,0.89,0.885,3664.3799999999997,1409.6399999999999,1529.0,4609.38,0.4443695531353838,-0.5018229565455381,0.0,-0.06,-0.010000000000000009,1.01,WAIT,-2,"BTC_BELOW,PM15-,UP_BOOK"
2026-09-21 17:47:52,1790012871,btc-updown-5m-1790012700,129,85839.32,85884.91,-45.58999999999651,0.0,-15.669999999998254,1.8300000000017462,-17.229999999995925,0.12,0.13,0.125,0.87,0.88,0.875,2064.2400000000002,3238.92,2788.92,2069.2400000000002,-0.22150566831851196,0.14813838984306812,0.01999999999999999,-0.04000000000000001,0.010000000000000009,1.01,WAIT,-2,BTC_BELOW
2026-09-21 17:47:53,1790012873,btc-updown-5m-1790012700,127,85839.31,85884.91,-45.60000000000582,-0.010000000009313226,-15.690000000002328,8.610000000000582,-3.9499999999970896,0.11,0.12,0.11499999999999999,0.88,0.89,0.885,2785.09,4761.05,4719.450000000001,2756.92,-0.26185042949110404,0.2624977094499069,0.009999999999999981,-0.030000000000000027,-0.04000000000000001,1.01,WAIT,-4,"BTC_BELOW,DOWN_BOOK"
2026-09-21 17:47:55,1790012874,btc-updown-5m-1790012700,126,85839.32,85884.91,-45.58999999999651,0.0,-15.679999999993015,8.620000000009895,-3.9399999999877764,0.11,0.12,0.11499999999999999,0.88,0.89,0.885,2664.83,4807.4,4812.4,2656.83,-0.28673769410202843,0.28859333559148664,0.0,-0.030000000000000027,-0.04000000000000001,1.01,WAIT,-4,"BTC_BELOW,DOWN_BOOK"
2026-09-21 17:47:57,1790012876,btc-updown-5m-1790012700,124,85839.31,85884.91,-45.60000000000582,-0.010000000009313226,-11.779999999998836,-8.479999999995925,-3.9499999999970896,0.11,0.12,0.11499999999999999,0.88,0.89,0.885,2259.95,4802.469999999999,4834.07,2208.04,-0.3600069098127837,0.3729038597806623,-0.010000000000000009,0.0,-0.08000000000000002,1.01,WAIT,-5,"BTC_BELOW,PM30-,DOWN_BOOK"
2026-09-21 17:47:58,1790012878,btc-updown-5m-1790012700,122,85839.32,85884.91,-45.58999999999651,0.010000000009313226,-7.419999999998254,-8.459999999991851,-3.9399999999877764,0.1,0.11,0.10500000000000001,0.89,0.9,0.895,2798.0,3352.88,3352.88,2780.0,-0.09021148193429235,0.09341125213602747,-0.009999999999999981,-0.009999999999999981,-0.07999999999999999,1.01,WAIT,-3,"BTC_BELOW,PM30-"
2026-09-21 17:48:00,1790012879,btc-updown-5m-1790012700,121,85839.31,85884.91,-45.60000000000582,-0.010000000009313226,-7.419999999998254,-8.470000000001164,-3.9499999999970896,0.09,0.1,0.095,0.9,0.91,0.905,1697.46,5126.3,5267.3,1480.46,-0.5024854332508764,0.5611995684493817,-0.01999999999999999,-0.01999999999999999,-0.09,1.01,WAIT,-5,"BTC_BELOW,PM30-,DOWN_BOOK"
2026-09-21 17:48:02,1790012881,btc-updown-5m-1790012700,119,85839.31,85884.91,-45.60000000000582,0.0,-0.010000000009313226,-12.75,-9.770000000004075,0.08,0.09,0.08499999999999999,0.91,0.92,0.915,2260.79,2475.06,2353.52,2416.85,-0.045244253935407576,-0.013275699788485994,-0.03,-0.020000000000000018,-0.145,1.01,WAIT,-4,"BTC_BELOW,PM5-,PM30-"
2026-09-21 17:48:03,1790012883,btc-updown-5m-1790012700,117,85839.31,85884.91,-45.60000000000582,-0.010000000009313226,-0.010000000009313226,-15.680000000007567,-18.529999999998836,0.06,0.07,0.065,0.93,0.94,0.935,2450.44,3998.12,4572.87,1777.2299999999998,-0.24000396987854652,0.44025133462465166,-0.04000000000000001,-0.04000000000000001,-0.14,1.01,WAIT,-5,"BTC_BELOW,PM5-,PM30-,DOWN_BOOK"
2026-09-21 17:48:05,1790012884,btc-updown-5m-1790012700,116,85831.04,85884.91,-53.870000000009895,-8.270000000004075,-8.280000000013388,-23.95000000001164,-32.13999999999942,0.05,0.06,0.055,0.94,0.95,0.945,1904.3100000000002,2553.6899999999996,2704.6899999999996,3631.4200000000005,-0.14566621803499313,-0.14626166528043244,-0.04,-0.05999999999999999,-0.12,1.01,WAIT,-7,DOWN_TOO_EXPENSIVE
2026-09-21 17:48:07,1790012886,btc-updown-5m-1790012700,114,85831.04,85884.91,-53.870000000009895,-8.270000000004075,-8.280000000013388,-23.95000000001164,-32.13999999999942,0.04,0.05,0.045,0.95,0.96,0.955,3672.78,1998.99,2287.35,11839.44,0.29510893424803897,-0.6761684713937136,-0.039999999999999994,-0.08,-0.12000000000000001,1.01,WAIT,-5,"BTC_BELOW,PM5-,PM15-,PM30-,UP_BOOK"
2026-09-21 17:48:09,1790012888,btc-updown-5m-1790012700,112,85818.3,85884.91,-66.61000000000058,-21.00999999999476,-21.00999999999476,-36.69999999999709,-24.839999999996508,0.03,0.04,0.035,0.96,0.97,0.965,7661.49,4047.1600000000003,3712.4600000000005,7708.450000000001,0.3086888753186746,-0.3498836782708208,-0.03,-0.07999999999999999,-0.11000000000000001,1.01,WAIT,-10,DOWN_TOO_EXPENSIVE
2026-09-21 17:48:10,1790012890,btc-updown-5m-1790012700,110,85818.31,85884.91,-66.60000000000582,-12.729999999995925,-21.010000000009313,-36.69000000000233,-24.839999999996508,0.03,0.04,0.035,0.96,0.97,0.965,6602.67,3722.1600000000003,3835.1600000000003,6576.21,0.27898861288757293,-0.2632746699041528,-0.019999999999999997,-0.07999999999999999,-0.11000000000000001,1.01,WAIT,-9,DOWN_TOO_EXPENSIVE
2026-09-21 17:48:12,1790012891,btc-updown-5m-1790012700,109,85818.3,85884.91,-66.61000000000058,-12.739999999990687,-21.00999999999476,-32.7899999999936,-24.84999999999127,0.03,0.04,0.035,0.96,0.97,0.965,6146.65,4504.68,4439.68,6101.78,0.15415633540600088,-0.15767265634931021,-0.009999999999999995,-0.07999999999999999,-0.07999999999999999,1.01,WAIT,-11,DOWN_TOO_EXPENSIVE
2026-09-21 17:48:14,1790012893,btc-updown-5m-1790012700,107,85800.01,85884.91,-84.90000000000873,-18.29000000000815,-39.310000000012224,-46.73000000001048,-43.13000000000466,0.01,0.03,0.02,0.98,0.99,0.985,1069.15,6017.92,5524.900000000001,1223.13,-0.6982815183143387,0.6374853105276651,-0.015000000000000003,-0.085,-0.09499999999999999,1.02,WAIT,-14,DOWN_TOO_EXPENSIVE
2026-09-21 17:48:16,1790012895,btc-updown-5m-1790012700,105,85791.3,85884.91,-93.61000000000058,-27.00999999999476,-48.00999999999476,-55.429999999993015,-51.83999999999651,0.01,0.02,0.015,0.98,0.99,0.985,1204.87,5424.139999999999,4810.139999999999,1280.76,-0.63648568941667,0.5794513126138994,-0.020000000000000004,-0.08,-0.09999999999999999,1.01,WAIT,-14,DOWN_TOO_EXPENSIVE
2026-09-21 17:48:17,1790012897,btc-updown-5m-1790012700,103,85796.33,85884.91,-88.58000000000175,-21.970000000001164,-42.979999999995925,-42.99000000000524,-46.80000000000291,0.01,0.02,0.015,0.98,0.99,0.985,1063.07,4924.17,4956.79,932.1,-0.6448881287538165,0.6834377955777744,-0.020000000000000004,-0.06999999999999999,-0.09000000000000001,1.01,WAIT,-14,DOWN_TOO_EXPENSIVE
2026-09-21 17:48:19,1790012898,btc-updown-5m-1790012700,102,85796.32,85884.91,-88.58999999999651,-3.6899999999877764,-42.98999999999069,-43.0,-41.15999999998894,0.01,0.02,0.015,0.98,0.99,0.985,677.95,5473.48,5468.48,676.93,-0.7795797074826504,0.7796957403981182,-0.005000000000000001,-0.05,-0.09000000000000001,1.01,WAIT,-13,DOWN_TOO_EXPENSIVE
2026-09-21 17:48:21,1790012900,btc-updown-5m-1790012700,100,85796.33,85884.91,-88.58000000000175,5.029999999998836,-34.70999999999185,-42.99000000000524,-41.14999999999418,0.01,0.02,0.015,0.98,0.99,0.985,716.02,5404.78,5399.78,711.02,-0.7660371193308065,0.7672906984355569,0.0,-0.04,-0.09999999999999999,1.01,WAIT,-11,DOWN_TOO_EXPENSIVE
2026-09-21 17:48:22,1790012902,btc-updown-5m-1790012700,98,85796.32,85884.91,-88.58999999999651,-0.00999999999476131,-34.71999999998661,-43.0,-41.169999999998254,,0.01,,0.99,,,0,10853.79,10878.79,0,-1.0,1.0,,,,,WAIT,-10,DOWN_TOO_EXPENSIVE
2026-09-21 17:48:24,1790012903,btc-updown-5m-1790012700,97,85796.33,85884.91,-88.58000000000175,0.00999999999476131,-21.970000000001164,-42.979999999995925,-34.36999999999534,,0.01,,0.99,,,0,10864.23,10664.29,0,-1.0,1.0,,,,,WAIT,-9,DOWN_TOO_EXPENSIVE
2026-09-21 17:48:26,1790012905,btc-updown-5m-1790012700,95,85796.33,85884.91,-88.58000000000175,0.0,-21.979999999995925,-42.99000000000524,-47.19999999999709,,0.01,,0.99,,,0,9011.46,9046.46,0,-1.0,1.0,,,,,WAIT,-10,DOWN_TOO_EXPENSIVE
2026-09-21 17:48:27,1790012907,btc-updown-5m-1790012700,93,85796.33,85884.91,-88.58000000000175,0.00999999999476131,-21.970000000001164,-42.979999999995925,-51.45999999999185,,0.01,,0.99,,,0,8454.19,7304.1900000000005,0,-1.0,1.0,,,,,WAIT,-10,DOWN_TOO_EXPENSIVE
2026-09-21 17:48:29,1790012908,btc-updown-5m-1790012700,92,85791.04,85884.91,-93.8700000000099,-5.290000000008149,-8.970000000001164,-48.28000000001339,-56.74000000000524,,0.01,,0.99,,,0,6486.16,6501.16,0,-1.0,1.0,,,,,WAIT,-8,DOWN_TOO_EXPENSIVE
2026-09-21 17:48:31,1790012910,btc-updown-5m-1790012700,90,85791.04,85884.91,-93.8700000000099,-5.290000000008149,-0.2600000000093132,-48.270000000004075,-61.020000000004075,,0.01,,0.99,,,0,6477.589999999999,6467.589999999999,0,-1.0,1.0,,,,,WAIT,-8,DOWN_TOO_EXPENSIVE
2026-09-21 17:48:33,1790012912,btc-updown-5m-1790012700,88,85796.32,85884.91,-88.58999999999651,-0.00999999999476131,-0.00999999999476131,-42.98999999999069,-58.669999999998254,,0.01,,0.99,,,0,6227.58,6347.58,0,-1.0,1.0,,,,,WAIT,-8,DOWN_TOO_EXPENSIVE
2026-09-21 17:48:34,1790012914,btc-updown-5m-1790012700,86,85796.32,85884.91,-88.58999999999651,5.280000000013388,0.0,-34.71999999998661,-58.669999999998254,,0.01,,0.99,,,0,7062.1900000000005,7050.1900000000005,0,-1.0,1.0,,,,,WAIT,-8,DOWN_TOO_EXPENSIVE
2026-09-21 17:48:36,1790012915,btc-updown-5m-1790012700,85,85796.33,85884.91,-88.58000000000175,5.290000000008149,0.0,-34.70999999999185,-58.66000000000349,,0.01,,0.99,,,0,7080.24,7250.24,0,-1.0,1.0,,,,,WAIT,-8,DOWN_TOO_EXPENSIVE
2026-09-21 17:48:38,1790012917,btc-updown-5m-1790012700,83,85796.33,85884.91,-88.58000000000175,0.00999999999476131,0.00999999999476131,-34.70999999999185,-58.669999999998254,,0.01,,0.99,,,0,7293.24,7303.34,0,-1.0,1.0,,,,,WAIT,-8,DOWN_TOO_EXPENSIVE
2026-09-21 17:48:40,1790012919,btc-updown-5m-1790012700,81,85796.33,85884.91,-88.58000000000175,0.00999999999476131,0.0,-21.970000000001164,-58.669999999998254,,0.01,,0.99,,,0,7258.34,7268.34,0,-1.0,1.0,,,,,WAIT,-6,DOWN_TOO_EXPENSIVE
2026-09-21 17:48:41,1790012921,btc-updown-5m-1790012700,79,85781.54,85884.91,-103.3700000000099,-14.790000000008149,-14.790000000008149,-36.76000000000931,-69.55000000000291,,0.01,,0.99,,,0,11540.35,11570.35,0,-1.0,1.0,,,,,WAIT,-9,DOWN_TOO_EXPENSIVE
2026-09-21 17:48:43,1790012922,btc-updown-5m-1790012700,78,85781.54,85884.91,-103.3700000000099,-14.790000000008149,-14.790000000008149,-36.76000000000931,-65.20000000001164,,0.01,,0.99,,,0,11560.35,11560.35,0,-1.0,1.0,,,,,WAIT,-9,DOWN_TOO_EXPENSIVE
2026-09-21 17:48:45,1790012924,btc-updown-5m-1790012700,76,85781.54,85884.91,-103.3700000000099,-14.790000000008149,-9.5,-18.470000000001164,-65.19000000000233,,0.01,,0.99,,,0,11482.970000000001,14142.970000000001,0,-1.0,1.0,,,,,WAIT,-7,DOWN_TOO_EXPENSIVE
2026-09-21 17:48:46,1790012926,btc-updown-5m-1790012700,74,85781.54,85884.91,-103.3700000000099,0.0,-9.5,-9.760000000009313,-57.78000000001339,,0.01,,0.99,,,0,14137.970000000001,14147.970000000001,0,-1.0,1.0,,,,,WAIT,-6,DOWN_TOO_EXPENSIVE
2026-09-21 17:48:48,1790012927,btc-updown-5m-1790012700,73,85781.54,85884.91,-103.3700000000099,0.0,-14.780000000013388,-14.790000000008149,-57.78000000001339,,0.01,,0.99,,,0,14098.18,14123.78,0,-1.0,1.0,,,,,WAIT,-6,DOWN_TOO_EXPENSIVE
2026-09-21 17:48:50,1790012929,btc-updown-5m-1790012700,71,85789.05,85884.91,-95.86000000000058,7.510000000009313,-7.2700000000040745,-7.2700000000040745,-50.270000000004075,,0.01,,0.99,,,0,13823.68,13868.68,0,-1.0,1.0,,,,,WAIT,-6,DOWN_TOO_EXPENSIVE
2026-09-21 17:48:51,1790012931,btc-updown-5m-1790012700,69,85789.05,85884.91,-95.86000000000058,7.510000000009313,-7.279999999998836,-7.279999999998836,-50.270000000004075,,0.01,,0.99,,,0,14933.78,14913.78,0,-1.0,1.0,,,,,WAIT,-6,DOWN_TOO_EXPENSIVE
2026-09-21 17:48:53,1790012932,btc-updown-5m-1790012700,68,85789.05,85884.91,-95.86000000000058,7.510000000009313,-7.279999999998836,-7.2700000000040745,-50.270000000004075,,0.01,,0.99,,,0,14817.77,14817.77,0,-1.0,1.0,,,,,WAIT,-6,DOWN_TOO_EXPENSIVE
2026-09-21 17:48:55,1790012934,btc-updown-5m-1790012700,66,85789.05,85884.91,-95.86000000000058,0.0,-7.279999999998836,-7.279999999998836,-50.270000000004075,,0.01,,0.99,,,0,14160.48,14160.48,0,-1.0,1.0,,,,,WAIT,-6,DOWN_TOO_EXPENSIVE
2026-09-21 17:48:57,1790012936,btc-updown-5m-1790012700,64,85789.05,85884.91,-95.86000000000058,0.0,7.510000000009313,-7.279999999998836,-50.25999999999476,,0.01,,0.99,,,0,11800.82,11785.82,0,-1.0,1.0,,,,,WAIT,-6,DOWN_TOO_EXPENSIVE
2026-09-21 17:48:58,1790012938,btc-updown-5m-1790012700,62,85859.25,85884.91,-25.660000000003492,70.19999999999709,77.7100000000064,68.2100000000064,19.929999999993015,0.05,0.06,0.055,0.95,0.96,0.955,644.92,3270.04,2572.63,1891.2199999999998,-0.6705355865704885,0.15265073871209836,,,,1.02,WAIT,2,"BTC_BELOW,BTC5+,BTC15+,BTC30+"
2026-09-21 17:49:00,1790012939,btc-updown-5m-1790012700,61,85856.7,85884.91,-28.210000000006403,67.64999999999418,75.16000000000349,65.66000000000349,17.389999999999418,0.03,0.04,0.035,0.97,0.98,0.975,1255.95,2397.6099999999997,1283.28,1697.88,-0.31247878781243493,-0.13907338083162266,,,,1.02,WAIT,2,"BTC_BELOW,BTC5+,BTC15+,BTC30+"
2026-09-21 17:49:02,1790012941,btc-updown-5m-1790012700,59,85839.0,85884.91,-45.91000000000349,49.94999999999709,57.4600000000064,47.9600000000064,-0.3099999999976717,,0.01,,0.99,,,0,3953.8999999999996,3777.9,0,-1.0,1.0,,,,,WAIT,1,"BTC_BELOW,BTC5+,BTC15+,BTC30+,DOWN_BOOK"
2026-09-21 17:49:03,1790012943,btc-updown-5m-1790012700,57,85843.03,85884.91,-41.88000000000466,-16.220000000001164,61.49000000000524,46.70999999999185,3.720000000001164,,0.01,,0.99,,,0,4370.17,3752.57,0,-1.0,1.0,,,,,WAIT,-1,"BTC_BELOW,BTC5-,BTC15+,BTC30+,DOWN_BOOK"
2026-09-21 17:49:05,1790012944,btc-updown-5m-1790012700,56,85843.03,85884.91,-41.88000000000466,-13.669999999998254,53.979999999995925,46.70999999999185,11.990000000005239,,0.01,,0.99,,,0,5043.49,4043.4900000000002,0,-1.0,1.0,,,,,WAIT,-1,"BTC_BELOW,BTC5-,BTC15+,BTC30+,DOWN_BOOK"
2026-09-21 17:49:07,1790012946,btc-updown-5m-1790012700,54,85843.02,85884.91,-41.88999999999942,4.0200000000040745,53.970000000001164,46.69000000000233,11.980000000010477,,0.01,,0.99,,,0,8178.49,8178.49,0,-1.0,1.0,,,,,WAIT,0,"BTC_BELOW,BTC15+,BTC30+,DOWN_BOOK"
2026-09-21 17:49:09,1790012948,btc-updown-5m-1790012700,52,85843.02,85884.91,-41.88999999999942,-0.00999999999476131,53.970000000001164,46.69000000000233,24.720000000001164,,0.01,,0.99,,,0,8297.49,8289.49,0,-1.0,1.0,,,,,WAIT,0,"BTC_BELOW,BTC15+,BTC30+,DOWN_BOOK"
2026-09-21 17:49:10,1790012950,btc-updown-5m-1790012700,50,85843.02,85884.91,-41.88999999999942,-0.00999999999476131,53.970000000001164,46.69000000000233,24.710000000006403,,0.01,,0.99,,,0,8642.8,8642.8,0,-1.0,1.0,,,,,WAIT,0,"BTC_BELOW,BTC15+,BTC30+,DOWN_BOOK"
2026-09-21 17:49:12,1790012951,btc-updown-5m-1790012700,49,85837.69,85884.91,-47.220000000001164,-5.330000000001746,48.63999999999942,56.15000000000873,19.389999999999418,,0.01,,0.99,,,0,9951.81,9956.81,0,-1.0,1.0,,,,,WAIT,0,"BTC_BELOW,BTC15+,BTC30+,DOWN_BOOK"
2026-09-21 17:49:14,1790012953,btc-updown-5m-1790012700,47,85837.7,85884.91,-47.2100000000064,-5.320000000006985,-21.55000000000291,56.16000000000349,37.69000000000233,,0.01,,0.99,,,0,10163.81,10173.81,0,-1.0,1.0,,,,,WAIT,-4,"BTC_BELOW,BTC15-,BTC30+,DOWN_BOOK"
2026-09-21 17:49:15,1790012955,btc-updown-5m-1790012700,45,85837.69,85884.91,-47.220000000001164,-5.330000000001746,-19.00999999999476,56.15000000000873,46.38999999999942,,0.01,,0.99,,,0,21006.81,20071.809999999998,0,-1.0,1.0,,,,,WAIT,-1,"BTC_BELOW,BTC30+,BTC60+,DOWN_BOOK"
2026-09-21 17:49:17,1790012956,btc-updown-5m-1790012700,44,85837.69,85884.91,-47.220000000001164,0.0,-1.3099999999976717,56.15000000000873,46.38999999999942,,0.01,,0.99,,,0,19459.83,19459.83,0,-1.0,1.0,,,,,WAIT,-1,"BTC_BELOW,BTC30+,BTC60+,DOWN_BOOK"
2026-09-21 17:49:19,1790012958,btc-updown-5m-1790012700,42,85837.7,85884.91,-47.2100000000064,0.0,-5.330000000001746,56.16000000000349,41.379999999990105,,0.01,,0.99,,,0,18345.83,18496.83,0,-1.0,1.0,,,,,WAIT,-1,"BTC_BELOW,BTC30+,BTC60+,DOWN_BOOK"
2026-09-21 17:49:20,1790012960,btc-updown-5m-1790012700,40,85837.69,85884.91,-47.220000000001164,0.0,-5.3399999999965075,48.63999999999942,41.36000000000058,,0.01,,0.99,,,0,18475.83,18526.83,0,-1.0,1.0,,,,,WAIT,-1,"BTC_BELOW,BTC30+,BTC60+,DOWN_BOOK"
2026-09-21 17:49:22,1790012961,btc-updown-5m-1790012700,39,85837.69,85884.91,-47.220000000001164,0.0,-5.330000000001746,48.63999999999942,41.36000000000058,,0.01,,0.99,,,0,19077.559999999998,19052.559999999998,0,-1.0,1.0,,,,,WAIT,-1,"BTC_BELOW,BTC30+,BTC60+,DOWN_BOOK"
2026-09-21 17:49:24,1790012963,btc-updown-5m-1790012700,37,85837.7,85884.91,-47.2100000000064,0.0,-5.320000000006985,48.64999999999418,41.36999999999534,,0.01,,0.99,,,0,18942.559999999998,18972.559999999998,0,-1.0,1.0,,,,,WAIT,-1,"BTC_BELOW,BTC30+,BTC60+,DOWN_BOOK"
2026-09-21 17:49:25,1790012965,btc-updown-5m-1790012700,35,85837.69,85884.91,-47.220000000001164,0.0,-5.330000000001746,48.63999999999942,41.36000000000058,,0.01,,0.99,,,0,19082.559999999998,19082.559999999998,0,-1.0,1.0,,,,,WAIT,-1,"BTC_BELOW,BTC30+,BTC60+,DOWN_BOOK"
2026-09-21 17:49:27,1790012966,btc-updown-5m-1790012700,34,85837.69,85884.91,-47.220000000001164,0.0,0.0,48.63999999999942,41.36000000000058,,0.01,,0.99,,,0,19102.559999999998,19102.559999999998,0,-1.0,1.0,,,,,WAIT,-1,"BTC_BELOW,BTC30+,BTC60+,DOWN_BOOK"
2026-09-21 17:49:29,1790012968,btc-updown-5m-1790012700,32,85837.69,85884.91,-47.220000000001164,-0.00999999999476131,-0.00999999999476131,-21.55999999999767,46.65000000000873,,0.01,,0.99,,,0,23016.81,23071.530000000002,0,-1.0,1.0,,,,,WAIT,-3,"BTC_BELOW,BTC60+,DOWN_BOOK"
2026-09-21 17:49:31,1790012970,btc-updown-5m-1790012700,30,85819.8,85884.91,-65.11000000000058,-17.889999999999418,-17.889999999999418,-36.89999999999418,28.760000000009313,,0.01,,0.99,,,0,40113.17,40113.17,0,-1.0,1.0,,,,,WAIT,-8,DOWN_TOO_EXPENSIVE
2026-09-21 17:49:32,1790012972,btc-updown-5m-1790012700,28,85819.8,85884.91,-65.11000000000058,-17.889999999999418,-17.889999999999418,-19.19999999999709,23.479999999995925,,0.01,,0.99,,,0,40471.57,40471.57,0,-1.0,1.0,,,,,WAIT,-6,DOWN_TOO_EXPENSIVE
2026-09-21 17:49:34,1790012973,btc-updown-5m-1790012700,27,85818.31,85884.91,-66.60000000000582,-19.380000000004657,-19.389999999999418,-24.720000000001164,21.989999999990687,,0.01,,0.99,,,0,40693.57,40693.57,0,-1.0,1.0,,,,,WAIT,-6,DOWN_TOO_EXPENSIVE
2026-09-21 17:49:36,1790012975,btc-updown-5m-1790012700,25,85818.31,85884.91,-66.60000000000582,-1.4900000000052387,-19.380000000004657,-24.720000000001164,21.979999999995925,,0.01,,0.99,,,0,40803.97,40856.97,0,-1.0,1.0,,,,,WAIT,-5,"BTC_BELOW,DOWN_BOOK"
2026-09-21 17:49:38,1790012977,btc-updown-5m-1790012700,23,85815.56,85884.91,-69.35000000000582,-4.240000000005239,-22.130000000004657,-27.460000000006403,19.229999999995925,,0.01,,0.99,,,0,40906.97,40906.97,0,-1.0,1.0,,,,,WAIT,-7,DOWN_TOO_EXPENSIVE
2026-09-21 17:49:39,1790012979,btc-updown-5m-1790012700,21,85815.55,85884.91,-69.36000000000058,-2.7599999999947613,-22.14999999999418,-27.470000000001164,19.220000000001164,,0.01,,0.99,,,0,40855.450000000004,40855.450000000004,0,-1.0,1.0,,,,,WAIT,-7,DOWN_TOO_EXPENSIVE
2026-09-21 17:49:41,1790012980,btc-updown-5m-1790012700,20,85815.55,85884.91,-69.36000000000058,-2.7599999999947613,-22.139999999999418,-27.470000000001164,19.220000000001164,,0.01,,0.99,,,0,40932.450000000004,40932.450000000004,0,-1.0,1.0,,,,,WAIT,-7,DOWN_TOO_EXPENSIVE
2026-09-21 17:49:43,1790012982,btc-updown-5m-1790012700,18,85815.55,85884.91,-69.36000000000058,-0.00999999999476131,-22.139999999999418,-22.139999999999418,34.01000000000931,,0.01,,0.99,,,0,40907.450000000004,40897.450000000004,0,-1.0,1.0,,,,,WAIT,0,TIME_FILTER
2026-09-21 17:49:45,1790012984,btc-updown-5m-1790012700,16,85815.55,85884.91,-69.36000000000058,0.0,-22.139999999999418,-22.14999999999418,34.01000000000931,,0.01,,0.99,,,0,47785.869999999995,47745.869999999995,0,-1.0,1.0,,,,,WAIT,0,TIME_FILTER
2026-09-21 17:49:46,1790012986,btc-updown-5m-1790012700,14,85815.56,85884.91,-69.35000000000582,0.00999999999476131,-4.240000000005239,-22.130000000004657,34.020000000004075,,0.01,,0.99,,,0,47904.77,47904.77,0,-1.0,1.0,,,,,WAIT,0,TIME_FILTER
2026-09-21 17:49:48,1790012987,btc-updown-5m-1790012700,13,85815.55,85884.91,-69.36000000000058,0.0,-4.25,-22.139999999999418,34.01000000000931,,0.01,,0.99,,,0,48499.77,48479.77,0,-1.0,1.0,,,,,WAIT,0,TIME_FILTER
2026-09-21 17:49:50,1790012989,btc-updown-5m-1790012700,11,85819.8,85884.91,-65.11000000000058,4.25,1.4900000000052387,-17.89999999999418,30.75,,0.01,,0.99,,,0,48492.77,48528.82,0,-1.0,1.0,,,,,WAIT,0,TIME_FILTER
2026-09-21 17:49:52,1790012991,btc-updown-5m-1790012700,9,85823.13,85884.91,-61.779999999998836,7.570000000006985,4.820000000006985,-14.559999999997672,34.080000000001746,,0.01,,0.99,,,0,48713.729999999996,48718.729999999996,0,-1.0,1.0,,,,,WAIT,0,TIME_FILTER
2026-09-21 17:49:53,1790012993,btc-updown-5m-1790012700,7,85823.13,85884.91,-61.779999999998836,7.580000000001746,7.570000000006985,-14.569999999992433,34.080000000001746,,0.01,,0.99,,,0,57487.8,57497.8,0,-1.0,1.0,,,,,WAIT,0,TIME_FILTER
2026-09-21 17:49:55,1790012994,btc-updown-5m-1790012700,6,85827.28,85884.91,-57.63000000000466,7.4799999999959255,11.729999999995925,-10.419999999998254,38.229999999995925,,0.01,,0.99,,,0,56671.8,56671.8,0,-1.0,1.0,,,,,WAIT,0,TIME_FILTER
2026-09-21 17:49:57,1790012996,btc-updown-5m-1790012700,4,85827.27,85884.91,-57.63999999999942,4.139999999999418,11.720000000001164,-10.419999999998254,38.220000000001164,,0.01,,0.99,,,0,56436.8,56436.8,0,-1.0,1.0,,,,,WAIT,0,TIME_FILTER
2026-09-21 17:49:59,1790012998,btc-updown-5m-1790012700,2,85827.28,85884.91,-57.63000000000466,4.149999999994179,11.729999999995925,-10.410000000003492,-31.970000000001164,,0.01,,0.99,,,0,68144.1,68149.1,0,-1.0,1.0,,,,,WAIT,0,TIME_FILTER
2026-09-21 17:50:01,1790013000,btc-updown-5m-1790013000,300,85827.28,85827.28,0.0,,,,,0.51,0.52,0.515,0.48,0.49,0.485,759.95,753.51,156.51,1004.95,0.004255150449962374,-0.7304943777659153,,,,1.01,WAIT,0,TIME_FILTER
2026-09-21 17:50:03,1790013002,btc-updown-5m-1790013000,298,85827.28,85827.28,0.0,,,,,0.51,0.52,0.515,0.48,0.49,0.485,895.0,1988.65,3559.59,238.06,-0.37925892532034056,0.8746277303069003,,,,1.01,WAIT,0,TIME_FILTER
2026-09-21 17:50:04,1790013004,btc-updown-5m-1790013000,296,85818.85,85827.28,-8.429999999993015,,,,,0.42,0.43,0.425,0.55,0.56,0.555,5260.07,273.0,463.43,4959.139999999999,0.9013206050167447,-0.829073668020883,,,,0.99,WAIT,0,TIME_FILTER
2026-09-21 17:50:06,1790013005,btc-updown-5m-1790013000,295,85818.86,85827.28,-8.419999999998254,-8.419999999998254,,,,0.45,0.46,0.455,0.54,0.55,0.545,2163.91,3593.07,3653.07,4394.920000000001,-0.24824821347303627,-0.09217829545016838,-0.06,,,1.01,WAIT,0,TIME_FILTER
2026-09-21 17:50:08,1790013007,btc-updown-5m-1790013000,293,85818.85,85827.28,-8.429999999993015,-8.429999999993015,,,,0.46,0.47,0.46499999999999997,0.53,0.54,0.535,1567.9199999999998,4215.84,4260.84,2036.97,-0.4578198265488195,0.35311798863414423,-0.050000000000000044,,,1.01,WAIT,0,TIME_FILTER
2026-09-21 17:50:09,1790013009,btc-updown-5m-1790013000,291,85818.85,85827.28,-8.429999999993015,0.0,,,,0.46,0.47,0.46499999999999997,0.54,0.55,0.545,678.8599999999999,4790.97,5414.84,2654.87,-0.7517802198605807,0.34201600801020116,0.03999999999999998,,,1.02,WAIT,0,TIME_FILTER
2026-09-21 17:50:11,1790013010,btc-updown-5m-1790013000,290,85818.85,85827.28,-8.429999999993015,-0.00999999999476131,,,,0.45,0.46,0.455,0.54,0.55,0.545,2294.0299999999997,4235.59,4239.59,3606.5599999999995,-0.2973465530919105,0.08068033366683032,0.0,,,1.01,WAIT,0,TIME_FILTER
2026-09-21 17:50:13,1790013012,btc-updown-5m-1790013000,288,85818.85,85827.28,-8.429999999993015,0.0,,,,0.47,0.48,0.475,0.52,0.53,0.525,1951.17,3071.16,3706.16,1778.18,-0.22300207274312914,0.3515427562842566,0.010000000000000009,,,1.01,WAIT,0,TIME_FILTER
2026-09-21 17:50:15,1790013014,btc-updown-5m-1790013000,286,85818.86,85827.28,-8.419999999998254,0.00999999999476131,,,,0.46,0.47,0.46499999999999997,0.53,0.54,0.535,1363.26,4246.0,4256.0,2093.17,-0.513925187992712,0.34064767520794054,0.0,,,1.01,WAIT,0,TIME_FILTER
2026-09-21 17:50:16,1790013016,btc-updown-5m-1790013000,284,85808.15,85827.28,-19.130000000004657,-10.700000000011642,-19.130000000004657,,,0.4,0.41,0.405,0.59,0.6,0.595,5064.35,973.23,1800.2,5054.35,0.6776092407885279,-0.4747430538839166,-0.04999999999999999,-0.10999999999999999,,1.01,WAIT,0,TIME_FILTER
2026-09-21 17:50:18,1790013017,btc-updown-5m-1790013000,283,85808.15,85827.28,-19.130000000004657,-10.700000000011642,-19.130000000004657,,,0.42,0.43,0.425,0.57,0.58,0.575,3371.0699999999997,1062.42,1485.42,3349.93,0.5207297185738549,-0.38559980146214845,-0.04999999999999999,-0.09000000000000002,,1.01,WAIT,0,TIME_FILTER
2026-09-21 17:50:20,1790013019,btc-updown-5m-1790013000,281,85814.81,85827.28,-12.470000000001164,-4.05000000000291,-4.040000000008149,,,0.44,0.45,0.445,0.55,0.56,0.555,1845.51,2268.2400000000002,2446.55,1942.13,-0.10276025524156797,0.11493660964116774,-0.019999999999999962,0.020000000000000018,,1.01,WAIT,0,TIME_FILTER
2026-09-21 17:50:21,1790013021,btc-updown-5m-1790013000,279,85814.65,85827.28,-12.630000000004657,6.5,-4.210000000006403,,,0.39,0.4,0.395,0.6,0.61,0.605,3281.5800000000004,1278.72,1328.72,3625.71,0.4391947898164595,-0.4636234642532036,-0.010000000000000009,-0.06,,1.01,WAIT,0,TIME_FILTER
2026-09-21 17:50:23,1790013022,btc-updown-5m-1790013000,278,85814.65,85827.28,-12.630000000004657,6.5,-4.2000000000116415,,,0.38,0.39,0.385,0.62,0.63,0.625,8901.96,2446.48,2421.71,10695.97,0.5688429422898654,-0.630771599856072,-0.03999999999999998,-0.07999999999999996,,1.02,WAIT,0,TIME_FILTER
2026-09-21 17:50:25,1790013024,btc-updown-5m-1790013000,276,85806.55,85827.28,-20.729999999995925,-8.259999999994761,-12.30000000000291,,,0.37,0.38,0.375,0.62,0.63,0.625,11269.89,2570.46,1722.66,11958.89,0.628555636237523,-0.7481776553095227,-0.07,-0.08999999999999997,,1.01,WAIT,0,TIME_FILTER
2026-09-21 17:50:26,1790013026,btc-updown-5m-1790013000,274,85806.55,85827.28,-20.729999999995925,-8.099999999991269,-12.30000000000291,,,0.38,0.39,0.385,0.61,0.62,0.615,11866.039999999999,1720.51,2705.4300000000003,11673.749999999998,0.7467333502618397,-0.6237017688074006,-0.010000000000000009,-0.07,,1.01,WAIT,0,TIME_FILTER
2026-09-21 17:50:28,1790013027,btc-updown-5m-1790013000,273,85806.55,85827.28,-20.729999999995925,-8.099999999991269,-12.30000000000291,,,0.38,0.39,0.385,0.6,0.61,0.605,12327.55,565.5600000000001,1124.45,4809.62,0.9122694214196575,-0.6210189633758955,0.0,-0.08999999999999997,,1.0,WAIT,0,TIME_FILTER
2026-09-21 17:50:30,1790013029,btc-updown-5m-1790013000,271,85814.57,85827.28,-12.709999999991851,8.020000000004075,-4.289999999993597,,,0.44,0.45,0.445,0.55,0.56,0.555,1258.3600000000001,892.55,1256.63,2490.2200000000003,0.1700722019982241,-0.329233889800766,0.07,-0.019999999999999962,,1.01,WAIT,0,TIME_FILTER
2026-09-21 17:50:32,1790013031,btc-updown-5m-1790013000,269,85823.43,85827.28,-3.8500000000058208,16.879999999990105,15.279999999998836,-3.8500000000058208,,0.5,0.51,0.505,0.48,0.49,0.485,3874.4799999999996,885.28,1091.52,2906.5299999999997,0.6280148578919946,-0.4539738122334638,0.12,0.09999999999999998,-0.010000000000000009,1.0,UP WATCH,6,"BTC5+,PM5+,PM15+,UP_BOOK"
2026-09-21 17:50:33,1790013033,btc-updown-5m-1790013000,267,85844.9,85827.28,17.619999999995343,38.34999999999127,36.75,17.619999999995343,,0.56,0.57,0.565,0.43,0.44,0.435,2196.83,1780.4,1988.0,2225.5099999999998,0.1047035248150094,-0.056368680743608,0.17999999999999994,0.13999999999999996,0.04999999999999993,1.01,UP WATCH,6,"BTC5+,BTC15+,PM5+,PM15+"
2026-09-21 17:50:35,1790013034,btc-updown-5m-1790013000,266,85844.9,85827.28,17.619999999995343,30.329999999987194,30.089999999996508,26.04999999998836,,0.58,0.59,0.585,0.4,0.41,0.405,1830.07,2759.1000000000004,2701.4,2429.3,-0.20243965684426604,0.053033699105385204,0.13999999999999996,0.13999999999999996,0.15999999999999998,1.0,UP WATCH,7,"BTC5+,BTC15+,PM5+,PM15+,PM30+"
2026-09-21 17:50:37,1790013036,btc-updown-5m-1790013000,264,85844.89,85827.28,17.610000000000582,21.460000000006403,30.24000000000524,26.029999999998836,,0.6,0.61,0.605,0.4,0.41,0.405,1358.56,4275.53,4240.11,1103.56,-0.5177357834184402,0.5869655124661515,0.09999999999999998,0.20999999999999996,0.14999999999999997,1.02,WAIT,5,"BTC5+,BTC15+,PM5+,PM15+,PM30+,DOWN_BOOK"
2026-09-21 17:50:39,1790013038,btc-updown-5m-1790013000,262,85844.9,85827.28,17.619999999995343,0.0,30.25,26.04999999998836,,0.58,0.6,0.59,0.41,0.42,0.415,2060.01,4160.67,3400.95,1385.94,-0.3376897702501977,0.42094345180273623,0.025000000000000022,0.20499999999999996,0.125,1.02,WAIT,3,"BTC15+,PM15+,PM30+,DOWN_BOOK"
2026-09-21 17:50:40,1790013040,btc-updown-5m-1790013000,260,85844.9,85827.28,17.619999999995343,0.0,38.34999999999127,26.04999999998836,,0.5,0.51,0.505,0.49,0.5,0.495,4295.57,1055.3000000000002,1644.85,3394.01,0.6055594697684675,-0.3471340739770504,-0.07999999999999996,0.13,0.04999999999999999,1.01,WAIT,5,"BTC15+,PM5-,PM15+,UP_BOOK"
2026-09-21 17:50:42,1790013041,btc-updown-5m-1790013000,259,85843.03,85827.28,15.75,-1.860000000000582,36.479999999995925,24.179999999993015,,0.49,0.5,0.495,0.5,0.51,0.505,2620.9700000000003,1088.17,1137.88,2490.73,0.41324943248300144,-0.3728287140254808,-0.10999999999999999,0.10999999999999999,0.03999999999999998,1.01,WAIT,5,"BTC15+,PM5-,PM15+,UP_BOOK"
2026-09-21 17:50:44,1790013043,btc-updown-5m-1790013000,257,85843.03,85827.28,15.75,-1.8699999999953434,36.479999999995925,24.179999999993015,,0.53,0.54,0.535,0.46,0.47,0.46499999999999997,1824.6000000000001,952.23,1111.24,1844.97,0.31416039152558856,-0.2481995528057885,-0.05499999999999994,0.15000000000000002,0.06000000000000005,1.01,WAIT,4,"BTC15+,PM5-,PM15+,UP_BOOK"
2026-09-21 17:50:46,1790013045,btc-updown-5m-1790013000,255,85814.1,85827.28,-13.179999999993015,-30.79999999998836,-0.47000000000116415,-4.759999999994761,,0.38,0.4,0.39,0.6,0.61,0.605,9553.72,226.6,335.33,1507.79,0.9536620478675544,-0.6361278701332523,-0.11499999999999999,-0.05499999999999999,-0.07499999999999996,1.01,WAIT,-3,"BTC5-,PM5-,PM15-,PM30-,UP_BOOK"
2026-09-21 17:50:47,1790013047,btc-updown-5m-1790013000,253,85818.22,85827.28,-9.059999999997672,-24.80999999999767,-5.209999999991851,10.070000000006985,,0.4,0.41,0.405,0.59,0.6,0.595,1788.35,1463.4700000000003,1290.5,2370.77,0.09990712893087553,-0.29505335580276787,-0.08999999999999997,-0.09999999999999998,-0.019999999999999962,1.01,WAIT,-3,"BTC5-,PM5-,PM15-"
2026-09-21 17:50:49,1790013048,btc-updown-5m-1790013000,252,85818.21,85827.28,-9.069999999992433,-24.819999999992433,-26.689999999987776,10.060000000012224,,0.4,0.41,0.405,0.59,0.6,0.595,2994.31,686.22,1276.2600000000002,2999.31,0.627108052372892,-0.402998898392495,-0.13,-0.15999999999999992,-0.019999999999999962,1.01,WAIT,-4,"BTC5-,BTC15-,PM5-,PM15-,UP_BOOK"
2026-09-21 17:50:51,1790013050,btc-updown-5m-1790013000,250,85818.21,85827.28,-9.069999999992433,4.110000000000582,-26.689999999987776,3.400000000008731,,0.45,0.46,0.455,0.54,0.55,0.545,1206.5,2297.3,2723.7000000000003,1095.88,-0.31131913922027515,0.42617774729158703,0.065,-0.12999999999999995,0.010000000000000009,1.01,WAIT,-5,"BTC15-,PM5+,PM15-,DOWN_BOOK"
2026-09-21 17:50:53,1790013052,btc-updown-5m-1790013000,248,85818.21,85827.28,-9.069999999992433,-0.00999999999476131,-26.679999999993015,3.5600000000122236,,0.44,0.45,0.445,0.55,0.56,0.555,561.7,3027.1,3537.49,986.7,-0.6869705751226035,0.5638114225971942,0.03999999999999998,-0.15999999999999998,0.06,1.01,WAIT,-5,"BTC15-,PM5+,PM15-,DOWN_BOOK"
2026-09-21 17:50:54,1790013054,btc-updown-5m-1790013000,246,85818.22,85827.28,-9.059999999997672,0.00999999999476131,-26.679999999993015,11.669999999998254,,0.43,0.44,0.435,0.56,0.57,0.565,1692.39,3226.7599999999998,3241.75,1667.39,-0.31191770936035695,0.3206997559654033,0.02999999999999997,-0.15499999999999997,0.06,1.01,DOWN WATCH,-6,"BTC15-,PM15-,DOWN_BOOK"
2026-09-21 17:50:56,1790013055,btc-updown-5m-1790013000,245,85818.21,85827.28,-9.069999999992433,0.0,-26.689999999987776,11.660000000003492,,0.43,0.44,0.435,0.56,0.57,0.565,1654.39,3193.53,3200.9800000000005,1654.39,-0.31748461195729305,0.3185318523614061,-0.020000000000000018,-0.07,0.06,1.01,DOWN WATCH,-6,"BTC15-,PM15-,DOWN_BOOK"
2026-09-21 17:50:58,1790013057,btc-updown-5m-1790013000,243,85818.21,85827.28,-9.069999999992433,0.0,-24.819999999992433,11.660000000003492,,0.41,0.42,0.415,0.58,0.59,0.585,1231.71,3294.16,3887.17,1246.71,-0.45570243953096307,0.5143205528761872,-0.030000000000000027,-0.08000000000000002,0.02999999999999997,1.01,DOWN WATCH,-7,"BTC15-,PM5-,PM15-,DOWN_BOOK"
2026-09-21 17:51:00,1790013059,btc-updown-5m-1790013000,241,85818.21,85827.28,-9.069999999992433,-0.00999999999476131,-24.819999999992433,3.639999999999418,,0.4,0.41,0.405,0.59,0.6,0.595,1747.6699999999998,2388.5099999999998,2691.71,1958.34,-0.15493523009153373,0.1577122826636273,-0.02999999999999997,-0.13,-0.03999999999999998,1.01,WAIT,-4,"BTC15-,PM15-"
2026-09-21 17:51:02,1790013061,btc-updown-5m-1790013000,239,85818.21,85827.28,-9.069999999992433,0.0,4.110000000000582,-5.219999999986612,-9.069999999992433,0.4,0.41,0.405,0.59,0.6,0.595,1734.99,2619.1899999999996,3114.8599999999997,1834.9899999999998,-0.2030692346205255,0.2585674313363031,-0.02999999999999997,0.015000000000000013,-0.09999999999999998,1.01,WAIT,-2,"PM30-,DOWN_BOOK"
2026-09-21 17:51:03,1790013063,btc-updown-5m-1790013000,237,85818.21,85827.28,-9.069999999992433,0.0,0.0,-26.689999999987776,-9.069999999992433,0.4,0.41,0.405,0.6,0.62,0.61,148.64,3157.91,4178.45,8783.42,-0.9100936020928159,-0.35527049723535264,-0.009999999999999953,0.0,-0.15999999999999992,1.03,WAIT,-1,PM30-
2026-09-21 17:51:05,1790013064,btc-updown-5m-1790013000,236,85818.22,85827.28,-9.059999999997672,0.00999999999476131,0.00999999999476131,-26.679999999993015,-0.6300000000046566,0.38,0.39,0.385,0.61,0.62,0.615,9994.189999999999,1719.71,1560.8400000000001,10028.869999999999,0.7063813076772041,-0.7306507237886021,-0.020000000000000018,-0.020000000000000018,-0.19999999999999996,1.01,WAIT,1,"PM30-,UP_BOOK"
2026-09-21 17:51:07,1790013066,btc-updown-5m-1790013000,234,85818.21,85827.28,-9.069999999992433,0.0,0.0,-26.679999999993015,-0.6499999999941792,0.37,0.38,0.375,0.62,0.63,0.625,9153.62,3181.62,3121.62,9033.62,0.48414137057730533,-0.4863746005837812,-0.030000000000000027,-0.08000000000000002,-0.22999999999999998,1.01,WAIT,-2,"PM5-,PM15-,PM30-,UP_BOOK"
2026-09-21 17:51:09,1790013068,btc-updown-5m-1790013000,232,85818.21,85827.28,-9.069999999992433,0.0,0.0,-26.689999999987776,-0.6399999999994179,0.36,0.37,0.365,0.63,0.64,0.635,10334.9,2177.41,2824.3599999999997,8912.2,0.6519571525961233,-0.5187073554772438,-0.040000000000000036,-0.08000000000000002,-0.22499999999999998,1.01,WAIT,-2,"PM5-,PM15-,PM30-,UP_BOOK"
2026-09-21 17:51:10,1790013070,btc-updown-5m-1790013000,230,85806.76,85827.28,-20.520000000004075,-11.460000000006403,-11.450000000011642,-38.13999999999942,-12.09000000001106,0.35,0.36,0.355,0.64,0.65,0.645,9719.720000000001,1114.34,1538.3700000000001,9614.14,0.7942894907356983,-0.724121296461514,-0.030000000000000027,-0.08000000000000002,-0.15000000000000002,1.01,DOWN WATCH,-7,"BTC_BELOW,BTC5-,BTC30-,PM5-,PM15-,PM30-,UP_BOOK"
2026-09-21 17:51:12,1790013071,btc-updown-5m-1790013000,229,85806.77,85827.28,-20.50999999999476,-11.440000000002328,-11.440000000002328,-36.25999999999476,-12.080000000001746,0.39,0.4,0.395,0.6,0.61,0.605,2095.17,925.6399999999999,1002.91,2154.5699999999997,0.3871577490805447,-0.3647402358843128,0.020000000000000018,-0.03999999999999998,-0.09999999999999998,1.01,WAIT,-4,"BTC_BELOW,BTC5-,BTC30-,PM30-,UP_BOOK"
2026-09-21 17:51:14,1790013073,btc-updown-5m-1790013000,227,85806.76,85827.28,-20.520000000004075,-11.450000000011642,-11.450000000011642,-36.270000000004075,-12.09000000001106,0.37,0.38,0.375,0.63,0.64,0.635,8474.640000000001,3941.92,3053.34,8965.5,0.3650544112056802,-0.4919077049033018,0.010000000000000009,-0.03999999999999998,-0.16000000000000003,1.02,WAIT,-4,"BTC_BELOW,BTC5-,BTC30-,PM30-,UP_BOOK"
2026-09-21 17:51:16,1790013075,btc-updown-5m-1790013000,225,85806.76,85827.28,-20.520000000004075,0.0,-11.450000000011642,-7.3400000000110595,-12.10000000000582,0.35,0.36,0.355,0.64,0.65,0.645,9154.08,2791.1499999999996,3140.1900000000005,8702.59,0.532675385907178,-0.4696870160553518,0.0,-0.050000000000000044,-0.03500000000000003,1.01,WAIT,-2,"BTC_BELOW,PM15-,UP_BOOK"
2026-09-21 17:51:17,1790013077,btc-updown-5m-1790013000,223,85806.76,85827.28,-20.520000000004075,-0.010000000009313226,-11.450000000011642,-11.460000000006403,-1.389999999999418,0.35,0.36,0.355,0.64,0.65,0.645,5657.799999999999,3159.76,3801.57,5422.799999999999,0.28330286383081027,-0.17575509221767982,-0.040000000000000036,-0.050000000000000044,-0.050000000000000044,1.01,WAIT,-4,"BTC_BELOW,PM5-,PM15-,UP_BOOK"
2026-09-21 17:51:19,1790013078,btc-updown-5m-1790013000,222,85798.5,85827.28,-28.779999999998836,-8.259999999994761,-19.710000000006403,-19.710000000006403,-9.64999999999418,0.35,0.36,0.355,0.64,0.65,0.645,1995.9499999999998,3111.23,1537.65,3359.4500000000003,-0.21837491531530123,-0.37201609115599027,-0.020000000000000018,-0.050000000000000044,-0.050000000000000044,1.01,WAIT,-3,"BTC_BELOW,PM15-"
2026-09-21 17:51:21,1790013080,btc-updown-5m-1790013000,220,85798.49,85827.28,-28.789999999993597,-8.269999999989523,-19.729999999995925,-19.720000000001164,-16.319999999992433,0.35,0.36,0.355,0.64,0.65,0.645,567.29,3802.28,3654.5,505.76,-0.7403451598212182,0.756861350011778,0.0,-0.030000000000000027,-0.10000000000000003,1.01,WAIT,-5,"BTC_BELOW,PM30-,DOWN_BOOK"
2026-09-21 17:51:23,1790013082,btc-updown-5m-1790013000,218,85783.23,85827.28,-44.05000000000291,-23.529999999998836,-34.98000000001048,-34.98000000001048,-31.419999999998254,0.26,0.27,0.265,0.73,0.74,0.735,2520.88,2402.3599999999997,2397.7200000000003,2154.17,0.024073577562743323,0.053505247270913874,-0.08999999999999997,-0.10999999999999999,-0.18,1.01,DOWN WATCH,-11,"BTC_BELOW,BTC5-,BTC15-,BTC30-,PM5-,PM15-,PM30-"
2026-09-21 17:51:25,1790013084,btc-updown-5m-1790013000,216,85783.23,85827.28,-44.05000000000291,-15.270000000004075,-34.98000000001048,-34.99000000000524,-23.320000000006985,0.28,0.29,0.28500000000000003,0.7,0.71,0.705,3284.86,221.57999999999998,506.02,3039.2700000000004,0.8736154047980288,-0.7145395722211724,-0.06999999999999995,-0.07999999999999996,-0.14999999999999997,1.0,DOWN WATCH,-9,"BTC_BELOW,BTC5-,BTC15-,BTC30-,PM5-,PM15-,PM30-,UP_BOOK"
2026-09-21 17:51:26,1790013086,btc-updown-5m-1790013000,214,85783.24,85827.28,-44.0399999999936,-15.25,-23.529999999998836,-34.970000000001164,-23.30999999999767,0.31,0.32,0.315,0.68,0.69,0.685,1567.5,1894.99,2794.09,1748.55,-0.09458222262013755,0.23016131588679714,-0.03999999999999998,-0.08000000000000002,-0.12,1.01,DOWN WATCH,-11,"BTC_BELOW,BTC5-,BTC15-,BTC30-,PM5-,PM15-,PM30-"
2026-09-21 17:51:28,1790013087,btc-updown-5m-1790013000,213,85789.78,85827.28,-37.5,6.55000000000291,-16.99000000000524,-28.430000000007567,-16.770000000004075,0.31,0.32,0.315,0.68,0.69,0.685,2280.94,1834.85,1612.3700000000001,2106.61,0.10838502450319383,-0.13289665445901833,0.04999999999999999,-0.08000000000000002,-0.09999999999999998,1.01,WAIT,-4,"BTC_BELOW,PM5+,PM15-,PM30-"
2026-09-21 17:51:30,1790013089,btc-updown-5m-1790013000,211,85791.84,85827.28,-35.44000000000233,8.610000000000582,-14.919999999998254,-26.370000000009895,-22.730000000010477,0.33,0.34,0.335,0.66,0.67,0.665,285.99,2774.29,2953.72,671.6,-0.8130955337420107,0.6294947756335992,0.04999999999999999,-0.03999999999999998,-0.07,1.01,WAIT,-4,"BTC_BELOW,PM5+,PM30-,DOWN_BOOK"
2026-09-21 17:51:32,1790013091,btc-updown-5m-1790013000,209,85791.85,85827.28,-35.429999999993015,8.610000000000582,-14.90999999998894,-26.360000000000582,-31.579999999987194,0.33,0.34,0.335,0.68,0.69,0.685,1715.8899999999999,1871.55,2365.57,1336.0,-0.04339027272930003,0.27814413883838485,0.020000000000000018,-0.019999999999999962,-0.07,1.03,WAIT,-4,"BTC_BELOW,PM30-,DOWN_BOOK"
2026-09-21 17:51:33,1790013093,btc-updown-5m-1790013000,207,85790.64,85827.28,-36.63999999999942,0.8600000000005821,-7.860000000000582,-27.570000000006985,-54.25999999999476,0.27,0.28,0.275,0.72,0.73,0.725,936.1999999999999,3411.2200000000003,3334.6400000000003,1517.8799999999999,-0.5693077733460307,0.3743951596283993,-0.03999999999999998,-0.07999999999999996,-0.13,1.01,DOWN WATCH,-9,"BTC_BELOW,BTC60-,PM5-,PM15-,PM30-,DOWN_BOOK"
2026-09-21 17:51:35,1790013094,btc-updown-5m-1790013000,206,85790.29,85827.28,-36.99000000000524,-1.5500000000029104,-8.210000000006403,-27.930000000007567,-54.61000000000058,0.27,0.28,0.275,0.72,0.73,0.725,1169.33,3456.8100000000004,3238.28,1679.7400000000002,-0.49446839049401886,0.31690395728362225,-0.06,-0.07999999999999996,-0.10999999999999999,1.01,DOWN WATCH,-9,"BTC_BELOW,BTC60-,PM5-,PM15-,PM30-,DOWN_BOOK"
2026-09-21 17:51:37,1790013096,btc-updown-5m-1790013000,204,85790.29,85827.28,-36.99000000000524,-1.5600000000122236,-8.200000000011642,-27.920000000012806,-54.60000000000582,0.27,0.28,0.275,0.7,0.71,0.705,2424.5,933.75,1512.79,2934.96,0.44390679669470706,-0.31975043561351246,-0.06,-0.07999999999999996,-0.09999999999999998,0.99,WAIT,-5,"BTC_BELOW,BTC60-,PM5-,PM15-,PM30-,UP_BOOK"
2026-09-21 17:51:39,1790013098,btc-updown-5m-1790013000,202,85778.66,85827.28,-48.61999999999534,-11.979999999995925,-4.569999999992433,-39.55000000000291,-66.23999999999069,0.23,0.24,0.235,0.76,0.77,0.765,1290.25,2974.19,3038.16,1308.75,-0.39487951524701953,0.39784812660027463,-0.040000000000000036,-0.030000000000000027,-0.13,1.01,WAIT,-10,DOWN_TOO_EXPENSIVE
2026-09-21 17:51:41,1790013100,btc-updown-5m-1790013000,200,85778.65,85827.28,-48.63000000000466,-11.639999999999418,-4.580000000001746,-28.110000000000582,-66.25,0.23,0.24,0.235,0.76,0.77,0.765,1544.4299999999998,2908.06,3053.06,1534.4299999999998,-0.3062623386015466,0.3310372338686297,-0.040000000000000036,-0.050000000000000044,-0.12,1.01,WAIT,-10,DOWN_TOO_EXPENSIVE
2026-09-21 17:51:43,1790013102,btc-updown-5m-1790013000,198,85778.66,85827.28,-48.61999999999534,-11.629999999990105,-11.119999999995343,-28.110000000000582,-64.36999999999534,0.27,0.28,0.275,0.72,0.73,0.725,1603.35,2576.7999999999997,2748.79,1063.35,-0.23287441838211545,0.4421243710881552,0.0,-0.03999999999999998,-0.12,1.01,DOWN WATCH,-6,"BTC_BELOW,BTC5-,BTC60-,PM30-,DOWN_BOOK"
2026-09-21 17:51:44,1790013104,btc-updown-5m-1790013000,196,85778.65,85827.28,-48.63000000000466,-0.010000000009313226,-13.190000000002328,-28.110000000000582,-64.38000000000466,0.21,0.22,0.215,0.78,0.79,0.785,1969.77,3106.3599999999997,3136.3599999999997,2094.77,-0.22390876514194866,0.1991137670063638,-0.01999999999999999,-0.12000000000000002,-0.16,1.01,WAIT,-6,DOWN_TOO_EXPENSIVE
2026-09-21 17:51:46,1790013105,btc-updown-5m-1790013000,195,85791.84,85827.28,-35.44000000000233,13.190000000002328,0.0,-14.919999999998254,-22.260000000009313,0.25,0.27,0.26,0.76,0.77,0.765,794.0,2133.35,2607.5099999999998,1269.8,-0.4575298478145763,0.34500981350472365,0.025000000000000022,-0.07500000000000001,-0.09499999999999997,1.04,WAIT,-6,DOWN_TOO_EXPENSIVE
2026-09-21 17:51:48,1790013107,btc-updown-5m-1790013000,193,85785.02,85827.28,-42.25999999999476,6.360000000000582,-6.830000000001746,-21.739999999990687,-33.19999999999709,0.23,0.24,0.235,0.75,0.76,0.755,2513.98,2575.6600000000003,2512.14,1429.23,-0.012118735313303158,0.274754717268361,-0.040000000000000036,-0.10000000000000003,-0.12,1.0,WAIT,-7,DOWN_TOO_EXPENSIVE
2026-09-21 17:51:50,1790013109,btc-updown-5m-1790013000,191,85778.35,85827.28,-48.929999999993015,-0.29999999998835847,-11.939999999987776,-20.14999999999418,-39.86000000000058,0.2,0.21,0.20500000000000002,0.79,0.8,0.795,1196.8799999999999,2868.41,3015.93,1022.49,-0.4111711587611216,0.49361879150756977,-0.009999999999999981,-0.07,-0.14999999999999997,1.01,WAIT,-7,DOWN_TOO_EXPENSIVE
2026-09-21 17:51:52,1790013111,btc-updown-5m-1790013000,189,85774.13,85827.28,-53.14999999999418,-17.70999999999185,-16.15999999998894,-24.360000000000582,-44.080000000001746,0.19,0.2,0.195,0.8,0.81,0.805,1726.87,2307.3199999999997,2124.34,1878.6100000000001,-0.14388266293853286,0.06138722692014639,-0.065,-0.08000000000000002,-0.15999999999999998,1.01,WAIT,-9,DOWN_TOO_EXPENSIVE
2026-09-21 17:51:53,1790013113,btc-updown-5m-1790013000,187,85774.13,85827.28,-53.14999999999418,-10.889999999999418,-4.529999999998836,-9.099999999991269,-44.080000000001746,0.22,0.23,0.225,0.77,0.78,0.775,3952.4900000000002,372.0,476.0,3990.6800000000003,0.8279565914130916,-0.7868663078617676,-0.009999999999999981,-0.009999999999999981,-0.04000000000000001,1.01,WAIT,-3,"BTC_BELOW,BTC5-,BTC60-,UP_BOOK"
2026-09-21 17:51:55,1790013114,btc-updown-5m-1790013000,186,85778.34,85827.28,-48.94000000000233,-0.010000000009313226,-0.3200000000069849,-4.889999999999418,-39.88000000000466,0.27,0.28,0.275,0.72,0.73,0.725,2132.91,2519.96,2567.96,2442.91,-0.08318521686614933,0.0249557462077444,0.07,0.040000000000000036,-0.010000000000000009,1.01,WAIT,-1,"BTC_BELOW,PM5+"
2026-09-21 17:51:57,1790013116,btc-updown-5m-1790013000,184,85793.77,85827.28,-33.50999999999476,19.639999999999418,15.120000000009895,10.529999999998836,-24.44000000000233,0.32,0.33,0.325,0.67,0.68,0.675,2294.79,2040.64,1824.5700000000002,2870.7799999999997,0.05862163614681816,-0.22281832025301618,0.13,0.09000000000000002,0.010000000000000009,1.01,WAIT,2,"BTC_BELOW,BTC5+,PM5+,PM15+"
2026-09-21 17:51:59,1790013118,btc-updown-5m-1790013000,182,85793.76,85827.28,-33.520000000004075,19.629999999990105,15.099999999991269,3.9799999999959255,-24.45000000001164,0.29,0.3,0.295,0.7,0.71,0.705,2990.26,570.22,1356.32,2953.26,0.6796948726014469,-0.37055583142672843,0.06999999999999998,0.019999999999999962,-0.020000000000000018,1.01,WAIT,2,"BTC_BELOW,BTC5+,PM5+,UP_BOOK"
2026-09-21 17:52:00,1790013120,btc-updown-5m-1790013000,180,85802.42,85827.28,-24.860000000000582,24.080000000001746,10.580000000001746,10.580000000001746,-15.790000000008149,0.38,0.39,0.385,0.61,0.62,0.615,2411.41,1841.99,2218.5600000000004,2217.6000000000004,0.13387407720882116,0.0002164033758926721,0.10999999999999999,0.125,0.04999999999999999,1.01,WAIT,2,"BTC_BELOW,BTC5+,PM5+,PM15+"
2026-09-21 17:52:02,1790013121,btc-updown-5m-1790013000,179,85802.42,85827.28,-24.860000000000582,8.64999999999418,10.580000000001746,10.569999999992433,-15.790000000008149,0.33,0.34,0.335,0.66,0.67,0.665,2642.21,1038.72,645.7199999999999,3207.4,0.43562088928613146,-0.6648326550950918,0.010000000000000009,0.07500000000000001,0.0,1.01,WAIT,2,"BTC_BELOW,PM15+,UP_BOOK"
2026-09-21 17:52:04,1790013123,btc-updown-5m-1790013000,177,85810.0,85827.28,-17.279999999998836,16.24000000000524,24.979999999995925,19.360000000000582,-8.210000000006403,0.43,0.44,0.435,0.58,0.59,0.585,1259.0,2354.62,2364.0600000000004,852.6999999999999,-0.30319181319563204,0.46983921710043663,0.14,0.2,0.15999999999999998,1.03,WAIT,5,"BTC5+,BTC15+,PM5+,PM15+,PM30+,DOWN_BOOK"
2026-09-21 17:52:06,1790013125,btc-updown-5m-1790013000,175,85809.99,85827.28,-17.289999999993597,7.570000000006985,31.639999999999418,19.70000000001164,-8.229999999995925,0.39,0.4,0.395,0.63,0.64,0.635,636.36,2453.5,2814.02,759.0,-0.5880978426207012,0.5751493134659196,0.010000000000000009,0.19,0.12,1.04,WAIT,3,"BTC15+,PM15+,PM30+,DOWN_BOOK"
2026-09-21 17:52:07,1790013127,btc-updown-5m-1790013000,173,85810.0,85827.28,-17.279999999998836,7.580000000001746,35.86999999999534,19.710000000006403,-8.210000000006403,0.38,0.39,0.385,0.61,0.62,0.615,1740.68,2275.0299999999997,2004.03,1940.3,-0.13306488765373986,0.016157370199755095,0.04999999999999999,0.19,0.10999999999999999,1.01,UP WATCH,6,"BTC15+,PM5+,PM15+,PM30+"
2026-09-21 17:52:09,1790013128,btc-updown-5m-1790013000,172,85829.99,85827.28,2.710000000006403,19.99000000000524,55.86000000000058,51.330000000001746,11.779999999998836,0.49,0.5,0.495,0.47,0.48,0.475,133.0,42.99,1441.13,1132.8899999999999,0.5114495141769418,0.1197504292895938,0.06,0.27,0.26,0.98,UP WATCH,10,"BTC5+,BTC15+,BTC30+,PM5+,PM15+,PM30+,UP_BOOK"
2026-09-21 17:52:11,1790013130,btc-updown-5m-1790013000,170,85829.98,85827.28,2.6999999999970896,19.989999999990687,51.63999999999942,51.330000000001746,23.220000000001164,0.46,0.47,0.46499999999999997,0.53,0.54,0.535,779.4,2323.56,1941.98,877.5699999999999,-0.4976409621780493,0.3775105956624284,0.06999999999999995,0.18999999999999995,0.22999999999999998,1.01,UP WATCH,7,"BTC5+,BTC15+,BTC30+,PM5+,PM15+,PM30+,DOWN_BOOK"
2026-09-21 17:52:13,1790013132,btc-updown-5m-1790013000,168,85839.38,85827.28,12.10000000000582,29.380000000004657,45.61000000000058,60.720000000001164,32.61000000000058,0.5,0.51,0.505,0.49,0.5,0.495,2621.85,259.0,259.0,2611.85,0.8201919572348438,-0.8195656338715015,0.12,0.18,0.22999999999999998,1.01,UP WATCH,11,"BTC5+,BTC15+,BTC30+,PM5+,PM15+,PM30+,UP_BOOK"
2026-09-21 17:52:14,1790013134,btc-updown-5m-1790013000,166,85844.99,85827.28,17.710000000006403,15.0,51.23000000001048,66.34000000001106,38.23000000001048,0.56,0.57,0.565,0.43,0.44,0.435,2226.27,2353.83,2239.33,2181.27,-0.02785092028558327,0.013133963715332746,0.06999999999999995,0.26999999999999996,0.35,1.01,UP WATCH,9,"BTC5+,BTC15+,BTC30+,PM5+,PM15+,PM30+"
2026-09-21 17:52:16,1790013135,btc-updown-5m-1790013000,165,85844.98,85827.28,17.69999999999709,15.0,42.55999999999767,53.13999999999942,38.220000000001164,0.5,0.51,0.505,0.49,0.5,0.495,662.0,2102.2599999999998,2048.1,320.04,-0.5210291361883469,0.7297119258151967,0.040000000000000036,0.12,0.245,1.01,UP WATCH,7,"BTC5+,BTC15+,BTC30+,PM5+,PM15+,PM30+,DOWN_BOOK"
2026-09-21 17:52:18,1790013137,btc-updown-5m-1790013000,163,85844.98,85827.28,17.69999999999709,5.599999999991269,42.55999999999767,59.95999999999185,38.220000000001164,0.53,0.54,0.535,0.46,0.47,0.46499999999999997,1811.21,2210.4300000000003,1948.21,1668.3600000000001,-0.09926796033458993,0.07737994840415087,0.030000000000000027,0.2,0.30000000000000004,1.01,UP WATCH,8,"BTC15+,BTC30+,PM5+,PM15+,PM30+"
2026-09-21 17:52:20,1790013139,btc-updown-5m-1790013000,161,85844.99,85827.28,17.710000000006403,0.0,34.99000000000524,66.63999999999942,46.49000000000524,0.52,0.53,0.525,0.47,0.48,0.475,2559.48,1974.81,2162.11,2371.48,0.12894411252919422,-0.046181944110517244,-0.039999999999999925,0.09000000000000002,0.32,1.01,UP WATCH,7,"BTC15+,BTC30+,BTC60+,PM5-,PM15+,PM30+"
2026-09-21 17:52:21,1790013141,btc-updown-5m-1790013000,159,85843.61,85827.28,16.330000000001746,-1.3699999999953434,33.61999999999534,69.47999999999593,45.11999999999534,0.51,0.52,0.515,0.49,0.5,0.495,519.3,2718.02,2339.74,1295.54,-0.6791790740489048,0.287240597698114,0.010000000000000009,0.12,0.32,1.02,UP WATCH,6,"BTC15+,BTC30+,BTC60+,PM15+,PM30+,DOWN_BOOK"
2026-09-21 17:52:23,1790013142,btc-updown-5m-1790013000,158,85843.62,85827.28,16.339999999996508,-1.360000000000582,33.61999999999534,69.48999999999069,60.38999999999942,0.5,0.51,0.505,0.49,0.5,0.495,2232.34,1779.85,1712.35,2413.04,0.1127788065869264,-0.1698481840504777,-0.030000000000000027,0.12,0.31,1.01,UP WATCH,7,"BTC15+,BTC30+,BTC60+,PM5-,PM15+,PM30+"
2026-09-21 17:52:25,1790013144,btc-updown-5m-1790013000,156,85843.62,85827.28,16.339999999996508,-1.3700000000098953,13.629999999990105,65.27999999999884,60.38999999999942,0.5,0.51,0.505,0.49,0.5,0.495,2504.68,2066.9,2061.9,2507.68,0.09576120291015355,-0.09755382332730793,-0.020000000000000018,0.010000000000000009,0.22999999999999998,1.01,WAIT,4,"BTC30+,BTC60+,PM30+"
2026-09-21 17:52:27,1790013146,btc-updown-5m-1790013000,154,85843.62,85827.28,16.339999999996508,0.00999999999476131,13.639999999999418,49.84999999999127,60.379999999990105,0.52,0.53,0.525,0.47,0.48,0.475,1113.9299999999998,2160.02,2205.02,878.93,-0.3195192351746362,0.4299972437944844,0.010000000000000009,0.06000000000000005,0.2,1.01,WAIT,4,"BTC30+,BTC60+,PM15+,PM30+,DOWN_BOOK"
2026-09-21 17:52:28,1790013148,btc-updown-5m-1790013000,152,85843.62,85827.28,16.339999999996508,0.0,4.239999999990687,49.86000000000058,53.83999999999651,0.51,0.52,0.515,0.48,0.49,0.485,2696.55,1164.61,1023.16,2955.2799999999997,0.3967564151705706,-0.48564764078382483,0.010000000000000009,0.010000000000000009,0.22000000000000003,1.01,UP WATCH,6,"BTC30+,BTC60+,PM30+,UP_BOOK"
2026-09-21 17:52:30,1790013149,btc-updown-5m-1790013000,151,85843.62,85827.28,16.339999999996508,0.0,-1.3700000000098953,49.86000000000058,51.779999999998836,0.53,0.54,0.535,0.46,0.47,0.46499999999999997,2695.7200000000003,941.26,815.11,2717.8,0.48239473409257133,-0.5385616955993784,0.030000000000000027,-0.029999999999999916,0.24000000000000005,1.01,UP WATCH,7,"BTC30+,BTC60+,PM5+,PM30+,UP_BOOK"
2026-09-21 17:52:32,1790013151,btc-updown-5m-1790013000,149,85843.62,85827.28,16.339999999996508,0.0,-1.360000000000582,41.19999999999709,51.76999999998952,0.53,0.54,0.535,0.46,0.47,0.46499999999999997,985.0,2848.8599999999997,2140.73,706.0,-0.48615755400562355,0.5039922999371208,0.010000000000000009,0.030000000000000027,0.2,1.01,WAIT,2,"BTC30+,BTC60+,PM30+,DOWN_BOOK"
2026-09-21 17:52:34,1790013153,btc-updown-5m-1790013000,147,85843.61,85827.28,16.330000000001746,-0.00999999999476131,-1.3699999999953434,33.61000000000058,52.970000000001164,0.52,0.53,0.525,0.47,0.48,0.475,2300.54,1698.51,1436.0100000000002,2400.94,0.15054325402283042,-0.25148360025541117,0.010000000000000009,-0.010000000000000009,0.09000000000000002,1.01,WAIT,5,"BTC30+,BTC60+,PM30+"
2026-09-21 17:52:35,1790013155,btc-updown-5m-1790013000,145,85843.61,85827.28,16.330000000001746,-0.00999999999476131,-1.3800000000046566,33.61999999999534,53.320000000006985,0.52,0.53,0.525,0.47,0.48,0.475,2532.53,1097.92,1090.42,2492.53,0.3951603795672713,-0.3913283746633361,-0.010000000000000009,0.0,0.13,1.01,UP WATCH,6,"BTC30+,BTC60+,PM30+,UP_BOOK"
2026-09-21 17:52:37,1790013156,btc-updown-5m-1790013000,144,85843.61,85827.28,16.330000000001746,-0.00999999999476131,0.0,33.61999999999534,53.320000000006985,0.52,0.53,0.525,0.47,0.48,0.475,1744.27,1945.47,2917.31,157.11,-0.05452958745060629,0.897795356522531,-0.010000000000000009,0.010000000000000009,0.13,1.01,WAIT,3,"BTC30+,BTC60+,PM30+,DOWN_BOOK"
2026-09-21 17:52:39,1790013158,btc-updown-5m-1790013000,142,85842.23,85827.28,14.94999999999709,-1.3800000000046566,-1.389999999999418,12.239999999990687,63.56999999999243,0.49,0.5,0.495,0.5,0.51,0.505,2131.89,1322.24,1101.72,2207.41,0.2344005581723907,-0.3341331407348759,-0.030000000000000027,-0.010000000000000009,0.0,1.01,WAIT,1,"BTC60+,PM5-"
2026-09-21 17:52:41,1790013160,btc-updown-5m-1790013000,140,85842.23,85827.28,14.94999999999709,-1.3800000000046566,-1.389999999999418,12.25,63.580000000001746,0.48,0.49,0.485,0.51,0.52,0.515,2705.97,1403.16,1405.92,2756.0299999999997,0.3170525147658993,-0.3243936135705618,-0.040000000000000036,-0.020000000000000018,0.020000000000000018,1.01,WAIT,2,"BTC60+,PM5-,UP_BOOK"
2026-09-21 17:52:42,1790013162,btc-updown-5m-1790013000,138,85839.38,85827.28,12.10000000000582,-4.2299999999959255,-4.239999999990687,0.0,60.720000000001164,0.45,0.46,0.455,0.54,0.55,0.545,754.85,1417.21,1693.26,1287.5,-0.30494553557452375,0.13612635703646048,-0.07,-0.07,-0.04999999999999999,1.01,WAIT,-3,"BTC60+,PM5-,PM15-"
2026-09-21 17:52:45,1790013163,btc-updown-5m-1790013000,137,85837.49,85827.28,10.210000000006403,-4.739999999990687,-6.129999999990105,-1.889999999999418,58.830000000001746,0.41,0.43,0.42,0.59,0.6,0.595,391.13,2519.01,1988.04,1042.7199999999998,-0.7311950627804847,0.3119085641885205,-0.07500000000000001,-0.09500000000000003,-0.08500000000000002,1.03,WAIT,-5,"BTC60+,PM5-,PM15-,PM30-,DOWN_BOOK"
2026-09-21 17:52:47,1790013166,btc-updown-5m-1790013000,134,85822.39,85827.28,-4.889999999999418,-19.839999999996508,-21.229999999995925,-22.589999999996508,30.55000000000291,0.35,0.36,0.355,0.64,0.65,0.645,626.27,1315.45,1583.16,2053.34,-0.35493274004490866,-0.12929465145057062,-0.13,-0.18000000000000005,-0.15000000000000002,1.01,DOWN WATCH,-8,"BTC5-,BTC15-,PM5-,PM15-,PM30-"
2026-09-21 17:52:48,1790013168,btc-updown-5m-1790013000,132,85822.39,85827.28,-4.889999999999418,-15.10000000000582,-21.220000000001164,-22.589999999996508,37.36999999999534,0.34,0.35,0.345,0.65,0.66,0.655,2112.99,1166.33,1846.6,2348.0399999999995,0.2886757010599758,-0.11954303587435386,-0.07500000000000001,-0.18000000000000005,-0.19000000000000006,1.01,DOWN WATCH,-6,"BTC5-,BTC15-,PM5-,PM15-,PM30-,UP_BOOK"
2026-09-21 17:52:50,1790013169,btc-updown-5m-1790013000,131,85822.4,85827.28,-4.880000000004657,-15.09000000001106,-21.210000000006403,-22.59000000001106,44.04999999998836,0.34,0.35,0.345,0.65,0.66,0.655,1505.7999999999997,1969.66,3154.62,1129.3999999999999,-0.13346722448251463,0.4727382225106326,-0.07500000000000001,-0.18000000000000005,-0.18000000000000005,1.01,DOWN WATCH,-7,"BTC5-,BTC15-,BTC60+,PM5-,PM15-,PM30-,DOWN_BOOK"
2026-09-21 17:52:52,1790013171,btc-updown-5m-1790013000,129,85822.39,85827.28,-4.889999999999418,0.0,-21.220000000001164,-21.220000000001164,48.25999999999476,0.36,0.37,0.365,0.63,0.64,0.635,1243.5,1756.7,1971.04,1825.13,-0.17105526298246787,0.03843610797198225,0.010000000000000009,-0.16000000000000003,-0.15000000000000002,1.01,WAIT,-4,"BTC15-,BTC60+,PM15-,PM30-"
2026-09-21 17:52:54,1790013173,btc-updown-5m-1790013000,127,85822.39,85827.28,-4.889999999999418,0.0,-19.839999999996508,-21.229999999995925,48.25999999999476,0.37,0.38,0.375,0.62,0.63,0.625,1192.53,2921.0600000000004,2927.2400000000002,1172.53,-0.4201998740759289,0.42800205865207075,0.030000000000000027,-0.12,-0.13,1.01,WAIT,-3,"BTC60+,PM5+,PM15-,PM30-,DOWN_BOOK"
2026-09-21 17:52:55,1790013175,btc-updown-5m-1790013000,125,85816.63,85827.28,-10.64999999999418,-5.769999999989523,-25.59999999999127,-26.989999999990687,38.29000000000815,0.39,0.4,0.395,0.6,0.61,0.605,1141.3600000000001,1475.65,2041.19,1306.37,-0.1277373796813921,0.21950913501176983,0.050000000000000044,-0.08999999999999997,-0.10999999999999999,1.01,WAIT,-4,"BTC15-,PM5+,PM15-,PM30-"
2026-09-21 17:52:57,1790013176,btc-updown-5m-1790013000,124,85829.98,85827.28,2.6999999999970896,7.5899999999965075,-12.25,-13.639999999999418,36.20999999999185,0.54,0.55,0.545,0.45,0.46,0.455,1612.72,499.71000000000004,1053.0300000000002,1573.68,0.5268860980008804,-0.19821373505259426,0.18000000000000005,0.06000000000000005,0.020000000000000018,1.01,WAIT,4,"PM5+,PM15+,UP_BOOK"
2026-09-21 17:52:59,1790013178,btc-updown-5m-1790013000,122,85838.05,85827.28,10.770000000004075,15.660000000003492,0.5599999999976717,-5.569999999992433,44.29000000000815,0.53,0.54,0.535,0.46,0.47,0.46499999999999997,1081.08,2344.59,1952.7600000000002,1178.6599999999999,-0.368835877361217,0.2472041438069631,0.16000000000000003,0.11500000000000005,0.020000000000000018,1.01,WAIT,4,"BTC5+,BTC60+,PM5+,PM15+"
2026-09-21 17:53:01,1790013180,btc-updown-5m-1790013000,120,85838.04,85827.28,10.759999999994761,21.40999999998894,0.5499999999883585,-5.580000000001746,35.61999999999534,0.55,0.56,0.555,0.44,0.45,0.445,1146.9199999999998,1557.46,1512.44,487.01,-0.15180558945118666,0.5128560354097377,0.16000000000000003,0.13500000000000006,0.020000000000000018,1.01,WAIT,3,"BTC5+,PM5+,PM15+,DOWN_BOOK"
2026-09-21 17:53:03,1790013182,btc-updown-5m-1790013000,118,85838.05,85827.28,10.770000000004075,8.070000000006985,15.660000000003492,-5.569999999992433,35.63000000000466,0.45,0.46,0.455,0.54,0.55,0.545,499.68,2067.57,1990.7000000000003,947.3,-0.6107274320771253,0.35513955071477205,-0.09000000000000002,0.10000000000000003,-0.08000000000000002,1.01,WAIT,-2,"PM5-,PM15+,PM30-,DOWN_BOOK"
2026-09-21 17:53:05,1790013184,btc-updown-5m-1790013000,116,85838.05,85827.28,10.770000000004075,0.0,15.650000000008731,-5.559999999997672,28.05000000000291,0.46,0.47,0.46499999999999997,0.54,0.55,0.545,556.04,1722.74,1416.9,1049.44,-0.511984482925074,0.14899000137856094,-0.07000000000000006,0.12,-0.06000000000000005,1.02,WAIT,0,"PM5-,PM15+"
2026-09-21 17:53:06,1790013186,btc-updown-5m-1790013000,114,85835.29,85827.28,8.009999999994761,-2.75,12.89999999999418,-8.320000000006985,25.29999999998836,0.42,0.43,0.425,0.58,0.59,0.585,1328.92,1460.9299999999998,1651.46,1582.27,-0.04731795616251761,0.0213963441598402,-0.13000000000000006,0.06,-0.10000000000000003,1.02,WAIT,0,"PM5-,PM15+,PM30-"
2026-09-21 17:53:08,1790013187,btc-updown-5m-1790013000,113,85835.29,85827.28,8.009999999994761,-2.7600000000093132,12.89999999999418,-8.320000000006985,25.289999999993597,0.41,0.42,0.415,0.58,0.59,0.585,2086.4300000000003,640.2,1177.2,2111.4300000000003,0.5304093331328417,-0.2840787805256293,-0.040000000000000036,0.04999999999999999,-0.11000000000000004,1.01,WAIT,0,"PM5-,PM30-,UP_BOOK"
2026-09-21 17:53:10,1790013189,btc-updown-5m-1790013000,111,85822.39,85827.28,-4.889999999999418,-15.660000000003492,0.0,-19.839999999996508,-7.600000000005821,0.34,0.35,0.345,0.65,0.66,0.655,838.87,1464.1799999999998,2314.94,327.22,-0.27151386205249556,0.7523087171102432,-0.12,-0.030000000000000027,-0.15000000000000002,1.01,WAIT,-5,"BTC5-,PM5-,PM30-,DOWN_BOOK"
2026-09-21 17:53:12,1790013191,btc-updown-5m-1790013000,109,85822.39,85827.28,-4.889999999999418,-12.89999999999418,-7.5899999999965075,-19.839999999996508,-7.5899999999965075,0.32,0.33,0.325,0.67,0.68,0.675,1304.29,915.9200000000001,550.0,2110.77,0.1749248944919624,-0.5865858379341319,-0.09999999999999998,-0.22000000000000003,-0.15999999999999998,1.01,WAIT,-4,"BTC5-,PM5-,PM15-,PM30-"
2026-09-21 17:53:13,1790013193,btc-updown-5m-1790013000,107,85822.39,85827.28,-4.889999999999418,-12.89999999999418,-15.660000000003492,-15.10000000000582,-16.99000000000524,0.34,0.35,0.345,0.65,0.66,0.655,693.6800000000001,1536.69,1437.8400000000001,1291.7,-0.3779686778426898,0.05354015694952267,-0.07,-0.19000000000000006,-0.07500000000000001,1.01,DOWN WATCH,-6,"BTC5-,PM5-,PM15-,PM30-"
2026-09-21 17:53:15,1790013194,btc-updown-5m-1790013000,106,85822.4,85827.28,-4.880000000004657,0.00999999999476131,-15.650000000008731,-15.09000000001106,-22.59000000001106,0.35,0.36,0.355,0.64,0.65,0.645,1728.59,601.83,1039.63,1498.8400000000001,0.48350082817689505,-0.18090030608988877,0.010000000000000009,-0.18000000000000005,-0.065,1.01,WAIT,-1,"PM15-,UP_BOOK"
2026-09-21 17:53:17,1790013196,btc-updown-5m-1790013000,104,85822.39,85827.28,-4.889999999999418,0.0,-15.64999999999418,0.0,-22.589999999996508,0.34,0.35,0.345,0.65,0.66,0.655,1153.25,1168.53,903.7600000000001,2077.38,-0.006581157560147806,-0.39368161173242444,0.019999999999999962,-0.21000000000000008,-0.010000000000000009,1.01,WAIT,-1,PM15-
2026-09-21 17:53:18,1790013198,btc-updown-5m-1790013000,102,85822.39,85827.28,-4.889999999999418,0.0,-15.660000000003492,0.0,-22.589999999996508,0.34,0.35,0.345,0.65,0.66,0.655,1070.97,1611.3,1581.1,1449.65,-0.20144504468230265,0.043372102614864246,0.0,-0.11000000000000004,0.0,1.01,WAIT,-2,PM15-
2026-09-21 17:53:20,1790013200,btc-updown-5m-1790013000,100,85822.39,85827.28,-4.889999999999418,-0.00999999999476131,-15.660000000003492,-0.00999999999476131,-22.60000000000582,0.33,0.34,0.335,0.66,0.67,0.665,1107.3600000000001,1668.96,1708.96,1940.7700000000002,-0.2022821576763485,-0.06351428735824298,-0.019999999999999962,-0.12999999999999995,-0.009999999999999953,1.01,WAIT,-2,PM15-
2026-09-21 17:53:22,1790013201,btc-updown-5m-1790013000,99,85822.39,85827.28,-4.889999999999418,0.0,-12.89999999999418,0.0,-21.220000000001164,0.33,0.34,0.335,0.66,0.67,0.665,837.75,1825.86,1766.04,1232.9099999999999,-0.3709664703166004,0.17777222027709702,-0.009999999999999953,-0.08999999999999997,-0.02999999999999997,1.01,WAIT,-3,PM15-
2026-09-21 17:53:24,1790013203,btc-updown-5m-1790013000,97,85819.28,85827.28,-8.0,-3.110000000000582,-16.00999999999476,-3.110000000000582,-24.339999999996508,0.31,0.32,0.315,0.73,0.8,0.765,224.37,3551.3900000000003,181.25,51.879999999999995,-0.881152403754476,0.5549264358941364,-0.02999999999999997,-0.09999999999999998,-0.06,1.12,WAIT,-4,"PM15-,DOWN_BOOK"
2026-09-21 17:53:25,1790013205,btc-updown-5m-1790013000,95,85798.5,85827.28,-28.779999999998836,-23.889999999999418,-23.889999999999418,-18.130000000004657,-45.11999999999534,0.17,0.18,0.175,0.81,0.82,0.815,2801.52,446.28,967.19,2823.6299999999997,0.7251801219286901,-0.48971990229026957,-0.16000000000000003,-0.16999999999999998,-0.22000000000000003,1.0,WAIT,-8,DOWN_TOO_EXPENSIVE
2026-09-21 17:53:27,1790013206,btc-updown-5m-1790013000,94,85798.5,85827.28,-28.779999999998836,-23.889999999999418,-23.889999999999418,-31.479999999995925,-45.11999999999534,0.18,0.19,0.185,0.81,0.82,0.815,1003.3599999999999,2304.27,2277.33,851.14,-0.39330578087633744,0.4558745968476604,-0.15000000000000002,-0.14,-0.36000000000000004,1.01,WAIT,-14,DOWN_TOO_EXPENSIVE
2026-09-21 17:53:29,1790013208,btc-updown-5m-1790013000,92,85769.49,85827.28,-57.7899999999936,-49.7899999999936,-52.89999999999418,-68.55999999999767,-74.1299999999901,0.07,0.08,0.07500000000000001,0.92,0.93,0.925,660.86,2591.92,2795.9300000000003,1225.8600000000001,-0.5936644962155448,0.39039084586713874,-0.24,-0.26999999999999996,-0.46,1.01,WAIT,-15,DOWN_TOO_EXPENSIVE
2026-09-21 17:53:31,1790013210,btc-updown-5m-1790013000,90,85769.5,85827.28,-57.779999999998836,-29.0,-52.89999999999418,-68.5399999999936,-74.11999999999534,0.06,0.07,0.065,0.93,0.94,0.935,2336.25,2683.87,2894.5600000000004,2180.29,-0.06924535668470075,0.1407470171532164,-0.10999999999999999,-0.29,-0.49000000000000005,1.01,WAIT,-13,DOWN_TOO_EXPENSIVE
2026-09-21 17:53:33,1790013212,btc-updown-5m-1790013000,88,85765.21,85827.28,-62.06999999999243,-33.2899999999936,-57.179999999993015,-72.83999999999651,-78.40999999998894,0.03,0.04,0.035,0.96,0.97,0.965,5220.15,3114.16,3374.8,4696.4400000000005,0.2526891848275382,-0.1637468344393179,-0.15,-0.30999999999999994,-0.42000000000000004,1.01,WAIT,-12,DOWN_TOO_EXPENSIVE
2026-09-21 17:53:34,1790013214,btc-updown-5m-1790013000,86,85728.57,85827.28,-98.70999999999185,-40.919999999998254,-93.81999999999243,-109.47999999999593,-115.0399999999936,0.02,0.03,0.025,0.97,0.98,0.975,654.0,3468.21,3307.1899999999996,649.0,-0.6826944769917107,0.6719065565607314,-0.05000000000000001,-0.31999999999999995,-0.43999999999999995,1.01,WAIT,-15,DOWN_TOO_EXPENSIVE
2026-09-21 17:53:36,1790013215,btc-updown-5m-1790013000,85,85728.57,85827.28,-98.70999999999185,-40.929999999993015,-93.81999999999243,-109.47999999999593,-115.0399999999936,0.01,0.02,0.015,0.98,0.99,0.985,71.9,3702.7199999999993,3622.1799999999994,71.9,-0.9619034498836968,0.9610728516978516,-0.05,-0.32,-0.44999999999999996,1.01,WAIT,-15,DOWN_TOO_EXPENSIVE
2026-09-21 17:53:38,1790013217,btc-updown-5m-1790013000,83,85728.57,85827.28,-98.70999999999185,-36.63999999999942,-93.81999999999243,-106.71999999998661,-115.0399999999936,,0.01,,0.99,,,0,3230.79,3230.79,0,-1.0,1.0,,,,,WAIT,-11,DOWN_TOO_EXPENSIVE
2026-09-21 17:53:40,1790013219,btc-updown-5m-1790013000,81,85723.73,85827.28,-103.55000000000291,-4.8400000000110595,-95.55000000000291,-98.66000000000349,-118.5,,0.01,,0.99,,,0,2600.77,2759.31,0,-1.0,1.0,,,,,WAIT,-10,DOWN_TOO_EXPENSIVE
2026-09-21 17:53:41,1790013221,btc-updown-5m-1790013000,79,85723.73,85827.28,-103.55000000000291,-4.8400000000110595,-74.77000000000407,-98.66000000000349,-118.5,0.01,0.02,0.015,0.98,0.99,0.985,271.01,3168.9700000000003,3172.9700000000003,227.0,-0.8424351304368047,0.8664694100242061,0.0,-0.16999999999999998,-0.31,1.01,WAIT,-13,DOWN_TOO_EXPENSIVE
2026-09-21 17:53:43,1790013222,btc-updown-5m-1790013000,78,85725.11,85827.28,-102.16999999999825,-3.460000000006403,-73.38999999999942,-97.27999999999884,-114.27000000000407,0.01,0.02,0.015,0.98,0.99,0.985,288.88,3114.86,3114.86,44.37,-0.8302573051995745,0.9719108770175011,,-0.16999999999999998,-0.31,1.01,WAIT,-13,DOWN_TOO_EXPENSIVE
2026-09-21 17:53:45,1790013224,btc-updown-5m-1790013000,76,85725.12,85827.28,-102.16000000000349,1.389999999999418,-44.370000000009895,-97.27999999999884,-112.3700000000099,,0.01,,0.99,,,0,3053.8100000000004,2992.9900000000002,0,-1.0,1.0,,,,,WAIT,-10,DOWN_TOO_EXPENSIVE
2026-09-21 17:53:47,1790013226,btc-updown-5m-1790013000,74,85725.12,85827.28,-102.16000000000349,1.389999999999418,-44.38000000000466,-97.27000000000407,-97.27000000000407,,0.01,,0.99,,,0,6892.21,6867.200000000001,0,-1.0,1.0,,,,,WAIT,-10,DOWN_TOO_EXPENSIVE
2026-09-21 17:53:48,1790013228,btc-updown-5m-1790013000,72,85725.11,85827.28,-102.16999999999825,0.0,-40.10000000000582,-97.27999999999884,-97.27999999999884,,0.01,,0.99,,,0,6934.23,6934.23,0,-1.0,1.0,,,,,WAIT,-10,DOWN_TOO_EXPENSIVE
2026-09-21 17:53:50,1790013229,btc-updown-5m-1790013000,71,85725.11,85827.28,-102.16999999999825,-0.00999999999476131,-3.460000000006403,-97.27999999999884,-97.2899999999936,,0.01,,0.99,,,0,6992.960000000001,6977.960000000001,0,-1.0,1.0,,,,,WAIT,-8,DOWN_TOO_EXPENSIVE
2026-09-21 17:53:52,1790013231,btc-updown-5m-1790013000,69,85725.12,85827.28,-102.16000000000349,0.0,-3.4500000000116415,-97.27000000000407,-97.27000000000407,,0.01,,0.99,,,0,8039.370000000001,8064.370000000001,0,-1.0,1.0,,,,,WAIT,-8,DOWN_TOO_EXPENSIVE
2026-09-21 17:53:54,1790013233,btc-updown-5m-1790013000,67,85725.12,85827.28,-102.16000000000349,0.00999999999476131,-3.4500000000116415,-94.16000000000349,-97.27000000000407,,0.01,,0.99,,,0,7923.02,7936.049999999999,0,-1.0,1.0,,,,,WAIT,-8,DOWN_TOO_EXPENSIVE
2026-09-21 17:53:55,1790013235,btc-updown-5m-1790013000,65,85725.12,85827.28,-102.16000000000349,0.00999999999476131,1.389999999999418,-73.38000000000466,-91.51000000000931,,0.01,,0.99,,,0,10179.92,10169.92,0,-1.0,1.0,,,,,WAIT,-8,DOWN_TOO_EXPENSIVE
2026-09-21 17:53:57,1790013236,btc-updown-5m-1790013000,64,85725.12,85827.28,-102.16000000000349,0.0,1.389999999999418,-73.38000000000466,-104.86000000000058,,0.01,,0.99,,,0,10146.41,10141.41,0,-1.0,1.0,,,,,WAIT,-8,DOWN_TOO_EXPENSIVE
2026-09-21 17:53:59,1790013238,btc-updown-5m-1790013000,62,85725.11,85827.28,-102.16999999999825,-0.00999999999476131,0.0,-44.38000000000466,-112.94000000000233,,0.01,,0.99,,,0,10141.41,11176.52,0,-1.0,1.0,,,,,WAIT,-8,DOWN_TOO_EXPENSIVE
2026-09-21 17:54:00,1790013240,btc-updown-5m-1790013000,60,85725.12,85827.28,-102.16000000000349,0.0,0.0,-44.38000000000466,-112.91999999999825,,0.01,,0.99,,,0,13826.34,13902.77,0,-1.0,1.0,,,,,WAIT,-8,DOWN_TOO_EXPENSIVE
2026-09-21 17:54:02,1790013241,btc-updown-5m-1790013000,59,85725.11,85827.28,-102.16999999999825,-0.00999999999476131,-0.00999999999476131,-44.38999999999942,-112.92999999999302,,0.01,,0.99,,,0,14463.24,14483.34,0,-1.0,1.0,,,,,WAIT,-8,DOWN_TOO_EXPENSIVE
2026-09-21 17:54:04,1790013243,btc-updown-5m-1790013000,57,85722.06,85827.28,-105.22000000000116,-3.0500000000029104,-3.0500000000029104,-43.15000000000873,-115.99000000000524,,0.01,,0.99,,,0,17986.35,18031.35,0,-1.0,1.0,,,,,WAIT,-8,DOWN_TOO_EXPENSIVE
2026-09-21 17:54:06,1790013245,btc-updown-5m-1790013000,55,85714.96,85827.28,-112.31999999999243,-10.15999999998894,-10.14999999999418,-13.610000000000582,-123.08999999999651,,0.01,,0.99,,,0,18219.59,18969.59,0,-1.0,1.0,,,,,WAIT,-7,DOWN_TOO_EXPENSIVE
2026-09-21 17:54:07,1790013247,btc-updown-5m-1790013000,53,85714.96,85827.28,-112.31999999999243,-10.14999999999418,-10.15999999998894,-13.610000000000582,-120.3299999999872,,0.01,,0.99,,,0,18997.010000000002,19002.010000000002,0,-1.0,1.0,,,,,WAIT,-7,DOWN_TOO_EXPENSIVE
2026-09-21 17:54:09,1790013248,btc-updown-5m-1790013000,52,85713.28,85827.28,-114.0,-8.779999999998836,-11.839999999996508,-15.290000000008149,-122.00999999999476,,0.01,,0.99,,,0,19759.449999999997,19935.85,0,-1.0,1.0,,,,,WAIT,-6,DOWN_TOO_EXPENSIVE
2026-09-21 17:54:11,1790013250,btc-updown-5m-1790013000,50,85708.75,85827.28,-118.52999999999884,-6.210000000006403,-16.369999999995343,-14.979999999995925,-113.63999999999942,,0.01,,0.99,,,0,24432.12,24425.12,0,-1.0,1.0,,,,,WAIT,-6,DOWN_TOO_EXPENSIVE
2026-09-21 17:54:13,1790013252,btc-updown-5m-1790013000,48,85708.75,85827.28,-118.52999999999884,-6.210000000006403,-16.369999999995343,-16.360000000000582,-113.63999999999942,,0.01,,0.99,,,0,24582.12,24582.12,0,-1.0,1.0,,,,,WAIT,-6,DOWN_TOO_EXPENSIVE
2026-09-21 17:54:14,1790013254,btc-updown-5m-1790013000,46,85708.75,85827.28,-118.52999999999884,-4.529999999998836,-16.360000000000582,-16.369999999995343,-113.64999999999418,,0.01,,0.99,,,0,25464.190000000002,25421.86,0,-1.0,1.0,,,,,WAIT,-6,DOWN_TOO_EXPENSIVE
2026-09-21 17:54:16,1790013255,btc-updown-5m-1790013000,45,85712.89,85827.28,-114.38999999999942,4.139999999999418,-12.229999999995925,-12.229999999995925,-109.50999999999476,,0.01,,0.99,,,0,34536.86,34557.17,0,-1.0,1.0,,,,,WAIT,-6,DOWN_TOO_EXPENSIVE
2026-09-21 17:54:18,1790013257,btc-updown-5m-1790013000,43,85712.89,85827.28,-114.38999999999942,4.139999999999418,-12.220000000001164,-12.229999999995925,-109.5,,0.01,,0.99,,,0,37247.36,37272.58,0,-1.0,1.0,,,,,WAIT,-6,DOWN_TOO_EXPENSIVE
2026-09-21 17:54:20,1790013259,btc-updown-5m-1790013000,41,85712.89,85827.28,-114.38999999999942,4.139999999999418,-9.169999999998254,-12.220000000001164,-109.5,,0.01,,0.99,,,0,37427.51,37122.200000000004,0,-1.0,1.0,,,,,WAIT,-6,DOWN_TOO_EXPENSIVE
2026-09-21 17:54:21,1790013261,btc-updown-5m-1790013000,39,85723.65,85827.28,-103.63000000000466,10.759999999994761,8.689999999987776,-1.4700000000011642,-98.74000000000524,,0.01,,0.99,,,0,37490.909999999996,37490.909999999996,0,-1.0,1.0,,,,,WAIT,-5,"BTC_BELOW,BTC5+,BTC60-,DOWN_BOOK"
2026-09-21 17:54:23,1790013262,btc-updown-5m-1790013000,38,85723.65,85827.28,-103.63000000000466,10.759999999994761,8.689999999987776,-1.4700000000011642,-98.74000000000524,,0.001,,0.999,,,0,57791.560000000005,57790.560000000005,0,-1.0,1.0,,,,,WAIT,-5,"BTC_BELOW,BTC5+,BTC60-,DOWN_BOOK"
2026-09-21 17:54:25,1790013264,btc-updown-5m-1790013000,36,85723.65,85827.28,-103.63000000000466,10.759999999994761,10.369999999995343,-1.4700000000011642,-95.63000000000466,,0.001,,0.999,,,0,57765.560000000005,57727.560000000005,0,-1.0,1.0,,,,,WAIT,-5,"BTC_BELOW,BTC5+,BTC60-,DOWN_BOOK"
2026-09-21 17:54:27,1790013266,btc-updown-5m-1790013000,34,85723.65,85827.28,-103.63000000000466,0.0,14.89999999999418,-1.4700000000011642,-74.85000000000582,,0.001,,0.999,,,0,57599.25,57589.25,0,-1.0,1.0,,,,,WAIT,-6,DOWN_TOO_EXPENSIVE
2026-09-21 17:54:28,1790013268,btc-updown-5m-1790013000,32,85723.65,85827.28,-103.63000000000466,0.0,14.89999999999418,-1.4600000000064028,-45.84000000001106,,0.001,,0.999,,,0,57593.25,57568.25,0,-1.0,1.0,,,,,WAIT,-6,DOWN_TOO_EXPENSIVE
2026-09-21 17:54:30,1790013269,btc-updown-5m-1790013000,31,85723.66,85827.28,-103.61999999999534,0.010000000009313226,14.910000000003492,-1.4499999999970896,-45.830000000001746,,0.001,,0.999,,,0,70591.55,70596.59999999999,0,-1.0,1.0,,,,,WAIT,-6,DOWN_TOO_EXPENSIVE
2026-09-21 17:54:32,1790013271,btc-updown-5m-1790013000,29,85718.11,85827.28,-109.16999999999825,-5.539999999993597,5.220000000001164,-7.0,-51.38999999999942,,0.001,,0.999,,,0,70669.29999999999,70675.56,0,-1.0,1.0,,,,,WAIT,-6,DOWN_TOO_EXPENSIVE
2026-09-21 17:54:34,1790013273,btc-updown-5m-1790013000,27,85701.01,85827.28,-126.27000000000407,-22.639999999999418,-11.880000000004657,-21.05000000000291,-64.20000000001164,,0.001,,0.999,,,0,70651.33,70651.33,0,-1.0,1.0,,,,,WAIT,-7,DOWN_TOO_EXPENSIVE
2026-09-21 17:54:35,1790013275,btc-updown-5m-1790013000,25,85701.0,85827.28,-126.27999999999884,-22.660000000003492,-11.889999999999418,-13.960000000006403,-27.570000000006985,,0.001,,0.999,,,0,70961.48000000001,70965.88,0,-1.0,1.0,,,,,WAIT,-6,DOWN_TOO_EXPENSIVE
2026-09-21 17:54:37,1790013276,btc-updown-5m-1790013000,24,85701.01,85827.28,-126.27000000000407,-17.10000000000582,-22.639999999999418,-13.950000000011642,-27.560000000012224,,0.001,,0.999,,,0,70012.40000000001,70012.40000000001,0,-1.0,1.0,,,,,WAIT,-8,DOWN_TOO_EXPENSIVE
2026-09-21 17:54:39,1790013278,btc-updown-5m-1790013000,22,85701.0,85827.28,-126.27999999999884,-0.00999999999476131,-22.64999999999418,-12.279999999998836,-27.570000000006985,,0.001,,0.999,,,0,71976.92000000001,74856.92000000001,0,-1.0,1.0,,,,,WAIT,-7,DOWN_TOO_EXPENSIVE
2026-09-21 17:54:40,1790013280,btc-updown-5m-1790013000,20,85700.02,85827.28,-127.25999999999476,-0.9799999999959255,-23.629999999990105,-8.729999999995925,-23.70999999999185,,0.001,,0.999,,,0,75943.27,75963.27,0,-1.0,1.0,,,,,WAIT,-7,DOWN_TOO_EXPENSIVE
2026-09-21 17:54:42,1790013282,btc-updown-5m-1790013000,18,85700.02,85827.28,-127.25999999999476,-0.9899999999906868,-23.629999999990105,-8.729999999995925,-25.089999999996508,,0.001,,0.999,,,0,76250.27,76250.27,0,-1.0,1.0,,,,,WAIT,0,TIME_FILTER
2026-09-21 17:54:44,1790013283,btc-updown-5m-1790013000,17,85700.02,85827.28,-127.25999999999476,-0.9799999999959255,-23.629999999990105,-8.729999999995925,-25.089999999996508,,0.001,,0.999,,,0,76315.27,76295.27,0,-1.0,1.0,,,,,WAIT,0,TIME_FILTER
2026-09-21 17:54:46,1790013285,btc-updown-5m-1790013000,15,85700.02,85827.28,-127.25999999999476,0.0,-23.639999999999418,-12.869999999995343,-25.09999999999127,,0.001,,0.999,,,0,76357.2,76453.2,0,-1.0,1.0,,,,,WAIT,0,TIME_FILTER
2026-09-21 17:54:48,1790013287,btc-updown-5m-1790013000,13,85706.12,85827.28,-121.16000000000349,6.099999999991269,-11.990000000005239,-6.7700000000040745,-19.0,,0.001,,0.999,,,0,76690.2,76695.2,0,-1.0,1.0,,,,,WAIT,0,TIME_FILTER
2026-09-21 17:54:49,1790013289,btc-updown-5m-1790013000,11,85706.51,85827.28,-120.77000000000407,6.489999999990687,5.5,-6.380000000004657,-18.60000000000582,,0.001,,0.999,,,0,77243.2,77238.2,0,-1.0,1.0,,,,,WAIT,0,TIME_FILTER
2026-09-21 17:54:51,1790013290,btc-updown-5m-1790013000,10,85706.51,85827.28,-120.77000000000407,6.489999999990687,5.509999999994761,-6.380000000004657,-18.60000000000582,,0.001,,0.999,,,0,77250.2,77243.2,0,-1.0,1.0,,,,,WAIT,0,TIME_FILTER
2026-09-21 17:54:53,1790013292,btc-updown-5m-1790013000,8,85706.51,85827.28,-120.77000000000407,0.3899999999994179,5.5,-17.139999999999418,-18.610000000000582,,0.001,,0.999,,,0,81838.20000000001,81843.20000000001,0,-1.0,1.0,,,,,WAIT,0,TIME_FILTER
2026-09-21 17:54:55,1790013294,btc-updown-5m-1790013000,6,85706.51,85827.28,-120.77000000000407,0.0,5.509999999994761,-17.139999999999418,-18.610000000000582,,0.001,,0.999,,,0,81788.20000000001,81758.20000000001,0,-1.0,1.0,,,,,WAIT,0,TIME_FILTER
2026-09-21 17:54:56,1790013296,btc-updown-5m-1790013000,4,85706.5,85827.28,-120.77999999999884,-0.00999999999476131,6.4799999999959255,-17.14999999999418,-18.619999999995343,,0.001,,0.999,,,0,81781.3,81781.3,0,-1.0,1.0,,,,,WAIT,0,TIME_FILTER
2026-09-21 17:54:58,1790013297,btc-updown-5m-1790013000,3,85706.51,85827.28,-120.77000000000407,0.0,6.489999999990687,-17.139999999999418,-18.610000000000582,,0.001,,0.999,,,0,83216.67,83216.67,0,-1.0,1.0,,,,,WAIT,0,TIME_FILTER
2026-09-21 17:55:00,1790013299,btc-updown-5m-1790013000,1,85706.51,85827.28,-120.77000000000407,0.0,6.489999999990687,-17.15000000000873,-18.60000000000582,,0.001,,0.999,,,0,90080.11,90070.11,0,-1.0,1.0,,,,,WAIT,0,TIME_FILTER
2026-09-21 17:55:02,1790013301,btc-updown-5m-1790013300,299,85706.5,85706.51,-0.00999999999476131,,,,,0.5,0.51,0.505,0.49,0.5,0.495,3150.96,1240.74,1164.74,3266.6800000000003,0.4349614044675183,-0.4743265138488341,,,,1.01,WAIT,0,TIME_FILTER
2026-09-21 17:55:04,1790013303,btc-updown-5m-1790013300,297,85715.82,85706.51,9.310000000012224,,,,,0.55,0.56,0.555,0.45,0.46,0.455,1103.19,4528.95,5397.52,1060.32,-0.6082519255558279,0.6716177545433148,,,,1.02,WAIT,0,TIME_FILTER
2026-09-21 17:55:06,1790013305,btc-updown-5m-1790013300,295,85715.82,85706.51,9.310000000012224,,,,,0.54,0.55,0.545,0.45,0.46,0.455,1313.3,4900.24,4268.24,1331.56,-0.5772780089932631,0.5244258723525841,,,,1.01,WAIT,0,TIME_FILTER
2026-09-21 17:55:08,1790013307,btc-updown-5m-1790013300,293,85715.83,85706.51,9.320000000006985,9.330000000001746,,,,0.51,0.52,0.515,0.48,0.49,0.485,1782.54,4316.24,4471.24,1822.54,-0.4154437444866022,0.4208440714483188,0.010000000000000009,,,1.01,WAIT,0,TIME_FILTER
2026-09-21 17:55:09,1790013309,btc-updown-5m-1790013300,291,85704.97,85706.51,-1.5399999999935972,-10.85000000000582,,,,0.45,0.47,0.45999999999999996,0.54,0.55,0.545,828.95,1938.8599999999997,1483.73,1747.01,-0.4010065719829034,-0.08149216588150084,-0.09500000000000008,,,1.02,WAIT,0,TIME_FILTER
2026-09-21 17:55:11,1790013310,btc-updown-5m-1790013300,290,85704.98,85706.51,-1.5299999999988358,-10.84000000001106,,,,0.45,0.46,0.455,0.56,0.57,0.565,665.56,5344.34,4177.75,995.0,-0.7785121216659181,0.6152916727079406,-0.09000000000000002,,,1.03,WAIT,0,TIME_FILTER
2026-09-21 17:55:13,1790013312,btc-updown-5m-1790013300,288,85701.0,85706.51,-5.509999999994761,-14.830000000001746,,,,0.44,0.45,0.445,0.55,0.56,0.555,2899.09,2089.87,2016.14,3542.63,0.16220214233026528,-0.2746093110526249,-0.07,,,1.01,WAIT,0,TIME_FILTER
2026-09-21 17:55:14,1790013314,btc-updown-5m-1790013300,286,85701.0,85706.51,-5.509999999994761,-3.970000000001164,,,,0.43,0.44,0.435,0.56,0.57,0.565,2134.8199999999997,3109.0,3184.0,1840.21,-0.18577678104893006,0.2674629444231033,-0.024999999999999967,,,1.01,WAIT,0,TIME_FILTER
2026-09-21 17:55:16,1790013315,btc-updown-5m-1790013300,285,85701.0,85706.51,-5.509999999994761,-3.9799999999959255,,,,0.42,0.43,0.425,0.57,0.58,0.575,4077.3999999999996,1316.57,2098.08,4273.55,0.5118363654228704,-0.3414306857115056,-0.030000000000000027,,,1.01,WAIT,0,TIME_FILTER
2026-09-21 17:55:18,1790013317,btc-updown-5m-1790013300,283,85701.0,85706.51,-5.509999999994761,0.0,-5.5,,,0.44,0.45,0.445,0.55,0.56,0.555,2174.05,2652.59,2827.66,2667.44,-0.09914557538991926,0.029156885225018615,0.0,-0.06,,1.01,WAIT,0,TIME_FILTER
2026-09-21 17:55:20,1790013319,btc-updown-5m-1790013300,281,85701.01,85706.51,-5.5,0.00999999999476131,-14.810000000012224,,,0.44,0.45,0.445,0.54,0.55,0.545,4042.66,1337.04,3642.3999999999996,4609.42,0.5029313902262208,-0.11718869291865315,0.010000000000000009,-0.11000000000000004,,1.0,WAIT,0,TIME_FILTER
2026-09-21 17:55:21,1790013321,btc-updown-5m-1790013300,279,85701.0,85706.51,-5.509999999994761,0.0,-14.820000000006985,,,0.46,0.47,0.46499999999999997,0.53,0.54,0.535,2293.43,2449.4,2634.3999999999996,3052.43,-0.03288542916360069,-0.07350843967553104,0.03999999999999998,-0.08000000000000007,,1.01,WAIT,0,TIME_FILTER
2026-09-21 17:55:23,1790013322,btc-updown-5m-1790013300,278,85704.89,85706.51,-1.6199999999953434,3.889999999999418,-10.940000000002328,,,0.49,0.5,0.495,0.5,0.51,0.505,1385.0,3305.3,3717.33,1099.0,-0.40941944012110104,0.5436359219571748,0.04999999999999999,-0.020000000000000018,,1.01,WAIT,0,TIME_FILTER
2026-09-21 17:55:25,1790013324,btc-updown-5m-1790013300,276,85704.88,85706.51,-1.6299999999901047,3.8700000000098953,-0.08999999999650754,,,0.48,0.49,0.485,0.51,0.52,0.515,925.0,4009.29,4114.08,963.92,-0.6250727054956234,0.6203544702638834,0.03999999999999998,0.025000000000000022,,1.01,WAIT,0,TIME_FILTER
2026-09-21 17:55:27,1790013326,btc-updown-5m-1790013300,274,85704.89,85706.51,-1.6199999999953434,3.889999999999418,-0.08999999999650754,,,0.48,0.49,0.485,0.52,0.53,0.525,1333.19,4857.5,4642.52,2146.67,-0.5692919529163953,0.3676211742490636,0.020000000000000018,0.02999999999999997,,1.02,WAIT,0,TIME_FILTER
2026-09-21 17:55:28,1790013328,btc-updown-5m-1790013300,272,85704.88,85706.51,-1.6299999999901047,-0.00999999999476131,3.8800000000046566,,,0.5,0.51,0.505,0.49,0.5,0.495,3368.45,1072.68,1085.6799999999998,3618.45,0.5169337533465581,-0.5384141169568019,0.010000000000000009,0.06,,1.01,WAIT,0,TIME_FILTER
2026-09-21 17:55:30,1790013329,btc-updown-5m-1790013300,271,85704.89,85706.51,-1.6199999999953434,0.00999999999476131,3.889999999999418,,,0.49,0.5,0.495,0.5,0.51,0.505,1860.3,3210.3900000000003,3125.51,1849.08,-0.2662537051170551,0.2565899903308615,0.010000000000000009,0.06,,1.01,WAIT,0,TIME_FILTER
2026-09-21 17:55:32,1790013331,btc-updown-5m-1790013300,269,85704.88,85706.51,-1.6299999999901047,-0.00999999999476131,3.8800000000046566,-1.6199999999953434,,0.48,0.49,0.485,0.54,0.55,0.545,100.0,4201.879999999999,3437.36,614.6600000000001,-0.9535086985225064,0.6966155152245052,0.0,0.06,-0.020000000000000018,1.04,WAIT,0,"PM15+,DOWN_BOOK"
2026-09-21 17:55:34,1790013333,btc-updown-5m-1790013300,267,85704.88,85706.51,-1.6299999999901047,0.0,3.8800000000046566,-10.940000000002328,,0.44,0.45,0.445,0.55,0.56,0.555,1511.17,2210.77,2014.77,2189.84,-0.18796649059361514,-0.04163763107636621,-0.06,0.0,-0.11000000000000004,1.01,WAIT,-2,"PM5-,PM30-"
2026-09-21 17:55:36,1790013335,btc-updown-5m-1790013300,265,85694.76,85706.51,-11.75,-10.130000000004657,-6.25,-21.060000000012224,,0.4,0.41,0.405,0.59,0.6,0.595,1546.38,1164.6100000000001,1935.84,3137.0299999999997,0.1408230941464188,-0.23678706531016955,-0.08999999999999997,-0.03999999999999998,-0.14,1.01,WAIT,-3,"BTC5-,PM5-,PM30-"
2026-09-21 17:55:37,1790013337,btc-updown-5m-1790013300,263,85694.77,85706.51,-11.739999999990687,-10.110000000000582,-10.119999999995343,-21.05999999999767,,0.4,0.41,0.405,0.59,0.6,0.595,3198.5699999999997,1490.02,2412.4500000000003,2689.19,0.36440593014104444,-0.05424530151088665,-0.07999999999999996,-0.08999999999999997,-0.10999999999999999,1.01,WAIT,-4,"BTC5-,PM5-,PM15-,PM30-,UP_BOOK"
2026-09-21 17:55:39,1790013338,btc-updown-5m-1790013300,262,85667.51,85706.51,-39.0,-37.370000000009895,-37.38000000000466,-48.320000000006985,,0.33,0.34,0.335,0.66,0.67,0.665,1455.71,1832.9,1838.79,2420.83,-0.11469587454882155,-0.13664129664148444,-0.10999999999999999,-0.15999999999999998,-0.18,1.01,DOWN WATCH,-11,"BTC_BELOW,BTC5-,BTC15-,BTC30-,PM5-,PM15-,PM30-"
2026-09-21 17:55:41,1790013340,btc-updown-5m-1790013300,260,85673.77,85706.51,-32.73999999999069,-20.989999999990687,-31.110000000000582,-31.20999999999185,,0.36,0.37,0.365,0.63,0.64,0.635,2760.26,1838.49,1815.0600000000002,4226.4,0.2004392497961403,-0.39913199789454856,-0.040000000000000036,-0.12,-0.09000000000000002,1.01,DOWN WATCH,-10,"BTC_BELOW,BTC5-,BTC15-,BTC30-,PM5-,PM15-,PM30-"
2026-09-21 17:55:43,1790013342,btc-updown-5m-1790013300,258,85700.34,85706.51,-6.169999999998254,5.569999999992433,-4.55000000000291,-0.6600000000034925,,0.51,0.52,0.515,0.45,0.47,0.45999999999999996,3283.32,238.0,1076.91,2572.17,0.8648234184907932,-0.4097635568417245,0.10999999999999999,0.030000000000000027,0.07,0.99,WAIT,4,"PM5+,PM30+,UP_BOOK"
2026-09-21 17:55:45,1790013344,btc-updown-5m-1790013300,256,85709.7,85706.51,3.1900000000023283,42.19000000000233,4.809999999997672,8.69999999999709,,0.55,0.56,0.555,0.44,0.45,0.445,2069.0499999999997,3247.3599999999997,2695.4500000000003,1734.3,-0.2216364050176717,0.21697612732095498,0.22000000000000003,0.06000000000000005,0.12000000000000005,1.01,WAIT,5,"BTC5+,PM5+,PM15+,PM30+"
2026-09-21 17:55:46,1790013346,btc-updown-5m-1790013300,254,85709.7,85706.51,3.1900000000023283,35.929999999993015,4.819999999992433,8.69999999999709,,0.54,0.55,0.545,0.45,0.46,0.455,1715.62,3495.6700000000005,2256.58,1380.62,-0.34157569430985424,0.2408336082700979,0.18000000000000005,0.06000000000000005,0.12000000000000005,1.01,WAIT,4,"BTC5+,PM5+,PM15+,PM30+"
2026-09-21 17:55:48,1790013347,btc-updown-5m-1790013300,253,85709.7,85706.51,3.1900000000023283,9.360000000000582,4.819999999992433,8.69999999999709,,0.53,0.54,0.535,0.46,0.47,0.46499999999999997,2808.2200000000003,3123.7299999999996,2776.34,2808.2200000000003,-0.0531882433263934,-0.0057085965590843515,0.020000000000000018,0.050000000000000044,0.09000000000000002,1.01,WAIT,3,"PM15+,PM30+"
2026-09-21 17:55:50,1790013349,btc-updown-5m-1790013300,251,85709.7,85706.51,3.1900000000023283,0.0,4.819999999992433,8.690000000002328,,0.53,0.54,0.535,0.46,0.47,0.46499999999999997,2384.3599999999997,3277.44,2903.05,2347.6499999999996,-0.15773782189409738,0.10577637267411975,-0.020000000000000018,0.09000000000000002,0.09000000000000002,1.01,WAIT,3,"PM15+,PM30+"
2026-09-21 17:55:52,1790013351,btc-updown-5m-1790013300,249,85709.7,85706.51,3.1900000000023283,0.0,14.940000000002328,8.69999999999709,,0.49,0.5,0.495,0.49,0.5,0.495,4154.62,1291.38,1978.99,2837.85,0.5257510099155343,-0.17830361813969323,-0.050000000000000044,0.08999999999999997,0.030000000000000027,1.0,WAIT,2,"PM5-,PM15+,UP_BOOK"
2026-09-21 17:55:54,1790013353,btc-updown-5m-1790013300,247,85709.7,85706.51,3.1900000000023283,0.0,42.19000000000233,4.809999999997672,,0.52,0.53,0.525,0.47,0.48,0.475,4960.0199999999995,1379.95,1472.99,4974.54,0.5646824827246817,-0.5430839406718543,-0.010000000000000009,0.19,0.030000000000000027,1.01,UP WATCH,6,"BTC15+,PM15+,UP_BOOK"
2026-09-21 17:55:55,1790013355,btc-updown-5m-1790013300,245,85715.82,85706.51,9.310000000012224,6.120000000009895,42.05000000000291,10.940000000002328,,0.55,0.56,0.555,0.44,0.45,0.445,2168.2799999999997,1272.25,963.2099999999999,2168.2799999999997,0.26043371224782225,-0.384823199179943,0.020000000000000018,0.19000000000000006,0.07000000000000006,1.01,UP WATCH,7,"BTC15+,PM15+,PM30+,UP_BOOK"
2026-09-21 17:55:57,1790013356,btc-updown-5m-1790013300,244,85715.81,85706.51,9.30000000000291,6.110000000000582,42.0399999999936,10.919999999998254,,0.55,0.56,0.555,0.44,0.45,0.445,1852.6799999999998,3052.0699999999997,1910.08,1990.34,-0.24453641877771545,-0.020577271165669337,0.06000000000000005,0.19000000000000006,0.07000000000000006,1.01,UP WATCH,6,"BTC15+,PM5+,PM15+,PM30+"
2026-09-21 17:55:59,1790013358,btc-updown-5m-1790013300,242,85715.81,85706.51,9.30000000000291,6.110000000000582,15.470000000001164,10.929999999993015,,0.52,0.53,0.525,0.47,0.48,0.475,1644.94,3495.51,3487.62,1606.94,-0.3600015562839829,0.3691545491661694,0.0,0.010000000000000009,0.020000000000000018,1.01,WAIT,-2,DOWN_BOOK
2026-09-21 17:56:00,1790013360,btc-updown-5m-1790013300,240,85715.81,85706.51,9.30000000000291,-0.010000000009313226,6.110000000000582,10.919999999998254,,0.52,0.53,0.525,0.47,0.48,0.475,3673.51,1941.82,1526.8200000000002,3713.51,0.3083861500570759,-0.41728097276316567,-0.030000000000000027,-0.030000000000000027,0.030000000000000027,1.01,WAIT,1,"PM5-,UP_BOOK"
2026-09-21 17:56:02,1790013361,btc-updown-5m-1790013300,239,85723.63,85706.51,17.120000000009895,7.820000000006985,13.930000000007567,18.75,17.130000000004657,0.55,0.56,0.555,0.44,0.45,0.445,2699.67,1003.53,707.4200000000001,1873.23,0.4580200907323396,-0.45175052796776,0.0,0.010000000000000009,0.07000000000000006,1.01,WAIT,3,"PM30+,UP_BOOK"
2026-09-21 17:56:04,1790013363,btc-updown-5m-1790013300,237,85723.63,85706.51,17.120000000009895,7.820000000006985,13.930000000007567,18.75,7.809999999997672,0.55,0.56,0.555,0.44,0.45,0.445,2295.02,2480.7,1804.75,2853.3199999999997,-0.03888000134011204,-0.22510825298889878,0.030000000000000027,0.020000000000000018,0.11000000000000004,1.01,WAIT,2,"PM5+,PM30+"
2026-09-21 17:56:06,1790013365,btc-updown-5m-1790013300,235,85710.27,85706.51,3.7600000000093132,-5.539999999993597,0.5700000000069849,15.510000000009313,-5.55000000000291,0.43,0.44,0.435,0.59,0.6,0.595,495.0,1133.62,2372.1,408.0,-0.39212339281109154,0.7064853782238049,-0.09000000000000002,-0.10000000000000003,0.02999999999999997,1.04,WAIT,-5,"PM5-,PM15-,DOWN_BOOK"
2026-09-21 17:56:07,1790013367,btc-updown-5m-1790013300,233,85706.51,85706.51,0.0,-17.120000000009895,-3.1900000000023283,11.739999999990687,-9.320000000006985,0.44,0.45,0.445,0.55,0.56,0.555,2300.7200000000003,1832.86,1745.28,3354.34,0.11318518088436666,-0.31552547052525487,-0.11000000000000004,-0.04999999999999999,0.03999999999999998,1.01,WAIT,-1,"BTC5-,PM5-"
2026-09-21 17:56:09,1790013368,btc-updown-5m-1790013300,232,85709.98,85706.51,3.470000000001164,-13.650000000008731,0.27999999999883585,42.470000000001164,-5.850000000005821,0.5,0.51,0.505,0.49,0.5,0.495,824.0,2219.72,2186.72,792.8,-0.45855729173511356,0.467833745032757,-0.050000000000000044,-0.020000000000000018,0.16999999999999998,1.01,WAIT,-1,"BTC5-,BTC30+,PM5-,PM30+,DOWN_BOOK"
2026-09-21 17:56:11,1790013370,btc-updown-5m-1790013300,230,85709.97,85706.51,3.460000000006403,-0.3000000000029104,-5.850000000005821,36.19999999999709,4.990000000005239,0.49,0.5,0.495,0.5,0.51,0.505,1968.78,2743.13,1735.68,2122.67,-0.1643388774403586,-0.10029935075874402,0.06,-0.06000000000000005,0.13,1.01,WAIT,2,"BTC30+,PM5+,PM15-,PM30+"
2026-09-21 17:56:13,1790013372,btc-updown-5m-1790013300,228,85709.98,85706.51,3.470000000001164,3.470000000001164,-5.830000000001746,9.639999999999418,8.979999999995925,0.43,0.44,0.435,0.56,0.57,0.565,1761.5300000000002,1162.98,1574.29,2209.7,0.20466676468878553,-0.1679206340397305,-0.010000000000000009,-0.12000000000000005,-0.08000000000000002,1.01,WAIT,-3,"PM15-,PM30-"
2026-09-21 17:56:14,1790013374,btc-updown-5m-1790013300,226,85709.98,85706.51,3.470000000001164,0.0,-5.830000000001746,0.27999999999883585,8.979999999995925,0.44,0.45,0.445,0.55,0.56,0.555,2175.51,867.54,520.0,3041.81,0.42982205353181846,-0.7080136222875448,-0.06,-0.08000000000000002,-0.11000000000000004,1.01,WAIT,-2,"PM5-,PM15-,PM30-,UP_BOOK"
2026-09-21 17:56:16,1790013375,btc-updown-5m-1790013300,225,85709.98,85706.51,3.470000000001164,0.00999999999476131,-5.830000000001746,0.27999999999883585,8.979999999995925,0.52,0.53,0.525,0.47,0.48,0.475,1492.15,743.04,2202.75,884.24,0.3351437685386925,0.4271183256181588,0.030000000000000027,0.0,-0.030000000000000027,1.01,WAIT,1,"PM5+,UP_BOOK,DOWN_BOOK"
2026-09-21 17:56:18,1790013377,btc-updown-5m-1790013300,223,85709.99,85706.51,3.4800000000104774,0.010000000009313226,-13.639999999999418,0.2900000000081491,8.990000000005239,0.51,0.52,0.515,0.48,0.49,0.485,2196.96,879.49,890.64,2486.2200000000003,0.42824359245233956,-0.472504042216734,0.08000000000000002,-0.040000000000000036,-0.020000000000000018,1.01,WAIT,3,"PM5+,UP_BOOK"
2026-09-21 17:56:19,1790013379,btc-updown-5m-1790013300,221,85709.99,85706.51,3.4800000000104774,0.010000000009313226,-13.639999999999418,0.2900000000081491,8.980000000010477,0.52,0.53,0.525,0.47,0.48,0.475,2713.78,2243.36,2294.36,2831.57,0.09489746103600061,-0.10480244560499266,0.08000000000000002,-0.030000000000000027,-0.010000000000000009,1.01,WAIT,1,PM5+
2026-09-21 17:56:21,1790013380,btc-updown-5m-1790013300,220,85713.06,85706.51,6.55000000000291,3.0800000000017462,2.789999999993597,3.360000000000582,12.05000000000291,0.53,0.54,0.535,0.46,0.47,0.46499999999999997,656.87,4860.99,2174.77,1054.4699999999998,-0.7619113206931672,0.3469237343771291,0.010000000000000009,0.10000000000000003,0.0,1.01,WAIT,0,"PM15+,DOWN_BOOK"
2026-09-21 17:56:23,1790013382,btc-updown-5m-1790013300,218,85713.43,85706.51,6.919999999998254,3.4399999999877764,6.919999999998254,3.7299999999959255,8.539999999993597,0.52,0.53,0.525,0.47,0.48,0.475,1509.01,2457.35,2379.64,1586.01,-0.2390957956413437,0.200126082735491,0.010000000000000009,0.08000000000000002,0.030000000000000027,1.01,WAIT,2,PM15+
2026-09-21 17:56:24,1790013384,btc-updown-5m-1790013300,216,85722.13,85706.51,15.620000000009895,12.139999999999418,12.150000000008731,12.430000000007567,17.25,0.58,0.59,0.585,0.4,0.41,0.405,2924.8599999999997,1204.07,1313.94,2061.5299999999997,0.4167641495496412,-0.22147730538265775,0.05999999999999994,0.07999999999999996,0.05999999999999994,1.0,WAIT,5,"BTC5+,PM5+,PM15+,UP_BOOK"
2026-09-21 17:56:26,1790013385,btc-updown-5m-1790013300,215,85728.48,85706.51,21.970000000001164,15.419999999998254,18.50999999999476,12.65999999998894,23.59999999999127,0.59,0.6,0.595,0.4,0.41,0.405,853.34,5183.63,5178.63,280.6,-0.7172952656713549,0.8972016200086824,0.05999999999999994,0.09999999999999998,0.039999999999999925,1.01,WAIT,4,"BTC_ABOVE,BTC5+,PM5+,PM15+,DOWN_BOOK"
2026-09-21 17:56:28,1790013387,btc-updown-5m-1790013300,213,85728.48,85706.51,21.970000000001164,15.05000000000291,18.5,12.669999999998254,23.589999999996508,0.59,0.63,0.61,0.37,0.38,0.375,4792.07,986.94,523.94,4637.04,0.6584397673649984,-0.7969610422826674,0.08499999999999996,0.175,0.05499999999999994,1.01,UP WATCH,8,"BTC_ABOVE,BTC5+,PM5+,PM15+,UP_BOOK"
2026-09-21 17:56:30,1790013389,btc-updown-5m-1790013300,211,85737.75,85706.51,31.24000000000524,15.619999999995343,27.770000000004075,21.94000000000233,32.86000000000058,0.67,0.68,0.675,0.32,0.33,0.325,1070.6,3924.0899999999997,1646.3400000000001,1593.1399999999999,-0.571304725618607,0.01642238877844601,0.09000000000000008,0.23000000000000004,0.15000000000000002,1.01,UP WATCH,8,"BTC_ABOVE,BTC5+,BTC15+,PM5+,PM15+,PM30+"
2026-09-21 17:56:31,1790013391,btc-updown-5m-1790013300,209,85745.66,85706.51,39.15000000000873,17.180000000007567,35.68000000000757,22.029999999998836,40.779999999998836,0.72,0.73,0.725,0.27,0.28,0.275,1973.0300000000002,3542.62,2374.59,1770.64,-0.2845702682367445,0.14569758493497345,0.13,0.19999999999999996,0.16999999999999993,1.01,UP WATCH,9,"BTC_ABOVE,BTC5+,BTC15+,BTC60+,PM5+,PM15+,PM30+"
2026-09-21 17:56:33,1790013392,btc-updown-5m-1790013300,208,85756.62,85706.51,50.11000000000058,28.139999999999418,46.629999999990105,32.98999999999069,51.73999999999069,0.72,0.73,0.725,0.27,0.28,0.275,1356.78,4236.33,3143.86,1486.1999999999998,-0.5148387927289112,0.35802127834196545,0.11499999999999999,0.20999999999999996,0.16999999999999993,1.01,UP WATCH,11,"BTC_ABOVE,BTC5+,BTC15+,BTC30+,BTC60+,PM5+,PM15+,PM30+,DOWN_BOOK"
2026-09-21 17:56:35,1790013394,btc-updown-5m-1790013300,206,85756.63,85706.51,50.120000000009895,18.880000000004657,46.63999999999942,33.0,51.75,0.77,0.78,0.775,0.22,0.23,0.225,2354.34,4041.5,978.57,2695.52,-0.26379021363886523,-0.4673129945102052,0.09999999999999998,0.25,0.21999999999999997,1.01,WAIT,13,UP_TOO_EXPENSIVE
2026-09-21 17:56:37,1790013396,btc-updown-5m-1790013300,204,85763.45,85706.51,56.94000000000233,17.789999999993597,50.38999999999942,53.179999999993015,68.69000000000233,0.77,0.78,0.775,0.22,0.23,0.225,1337.23,3561.67,3550.25,1304.63,-0.45406928085896836,0.4625490228388755,0.050000000000000044,0.24,0.34,1.01,WAIT,11,UP_TOO_EXPENSIVE
2026-09-21 17:56:38,1790013398,btc-updown-5m-1790013300,202,85763.45,85706.51,56.94000000000233,6.830000000001746,50.020000000004075,53.470000000001164,95.94000000000233,0.74,0.76,0.75,0.24,0.26,0.25,1791.3000000000002,992.14,992.14,1791.3000000000002,0.28711235018538217,-0.28711235018538217,0.025000000000000022,0.22499999999999998,0.245,1.02,WAIT,13,UP_TOO_EXPENSIVE
2026-09-21 17:56:40,1790013399,btc-updown-5m-1790013300,201,85770.56,85706.51,64.05000000000291,13.929999999993015,48.429999999993015,60.580000000001746,103.05000000000291,0.81,0.82,0.815,0.17,0.18,0.175,2143.37,3018.0299999999997,3828.33,2090.35,-0.16946177393730383,0.29364317719491506,0.039999999999999925,0.22999999999999998,0.30999999999999994,1.0,WAIT,12,UP_TOO_EXPENSIVE
2026-09-21 17:56:42,1790013401,btc-updown-5m-1790013300,199,85773.52,85706.51,67.01000000000931,10.070000000006985,45.04000000000815,63.55000000000291,99.75,0.82,0.83,0.825,0.17,0.18,0.175,1893.35,4595.66,4647.280000000001,1841.35,-0.4164441108890262,0.4324379722684142,0.04999999999999993,0.22999999999999998,0.32999999999999996,1.01,WAIT,11,UP_TOO_EXPENSIVE
2026-09-21 17:56:43,1790013403,btc-updown-5m-1790013300,197,85777.7,85706.51,71.19000000000233,14.25,49.220000000001164,67.72000000000116,77.36000000000058,0.83,0.84,0.835,0.15,0.16,0.155,2687.57,4185.4800000000005,5111.79,1451.7800000000002,-0.2179396337870378,0.5576248901131549,0.08499999999999996,0.22499999999999998,0.39999999999999997,1.0,WAIT,12,UP_TOO_EXPENSIVE
2026-09-21 17:56:45,1790013404,btc-updown-5m-1790013300,196,85777.69,85706.51,71.18000000000757,7.130000000004657,39.94000000000233,67.7100000000064,67.99000000000524,0.82,0.83,0.825,0.17,0.18,0.175,1838.07,3656.58,3704.6400000000003,1893.7700000000002,-0.33096011574895584,0.3234614828138703,0.010000000000000009,0.1499999999999999,0.37999999999999995,1.01,WAIT,9,UP_TOO_EXPENSIVE
2026-09-21 17:56:47,1790013406,btc-updown-5m-1790013300,194,85777.7,85706.51,71.19000000000233,4.179999999993015,32.0399999999936,67.72000000000116,68.0,0.82,0.83,0.825,0.18,0.19,0.185,2356.63,2810.2000000000003,4573.82,798.0,-0.08778496679782384,0.702893991235745,0.0,0.09999999999999998,0.29999999999999993,1.02,WAIT,10,UP_TOO_EXPENSIVE
2026-09-21 17:56:49,1790013408,btc-updown-5m-1790013300,192,85777.7,85706.51,71.19000000000233,0.0,21.080000000001746,67.70999999999185,68.0,0.81,0.82,0.815,0.18,0.19,0.185,1990.37,4115.37,3692.26,1990.21,-0.34803316223750114,0.29952643832699516,-0.020000000000000018,0.08999999999999997,0.29999999999999993,1.01,WAIT,9,UP_TOO_EXPENSIVE
2026-09-21 17:56:51,1790013410,btc-updown-5m-1790013300,190,85777.69,85706.51,71.18000000000757,0.0,21.05999999999767,64.63000000000466,67.99000000000524,0.81,0.82,0.815,0.18,0.19,0.185,2269.19,3578.01,3321.3,2581.24,-0.22383705021206732,0.12537992118647234,-0.010000000000000009,0.039999999999999925,0.2799999999999999,1.01,WAIT,9,UP_TOO_EXPENSIVE
2026-09-21 17:56:52,1790013412,btc-updown-5m-1790013300,188,85777.7,85706.51,71.19000000000233,0.0,14.25,64.27000000000407,68.0,0.79,0.8,0.795,0.2,0.21,0.20500000000000002,2525.5600000000004,2515.89,2468.99,2573.7900000000004,0.0019180989596248154,-0.02078218760286997,-0.029999999999999916,0.020000000000000018,0.27,1.01,WAIT,7,UP_TOO_EXPENSIVE
2026-09-21 17:56:54,1790013413,btc-updown-5m-1790013300,187,85777.69,85706.51,71.18000000000757,-0.00999999999476131,14.240000000005239,64.26000000000931,67.99000000000524,0.79,0.8,0.795,0.2,0.21,0.20500000000000002,2743.7000000000003,1378.76,1421.8799999999999,2758.7000000000003,0.33109842181610016,-0.3197690272641596,-0.019999999999999907,0.04500000000000004,0.27,1.01,WAIT,9,UP_TOO_EXPENSIVE
2026-09-21 17:56:56,1790013415,btc-updown-5m-1790013300,185,85774.95,85706.51,68.44000000000233,-2.7400000000052387,4.389999999999418,46.470000000001164,59.129999999990105,0.8,0.81,0.805,0.19,0.2,0.195,3758.91,2238.54,2174.4100000000003,3989.86,0.25350273866393214,-0.2945117588944027,-0.009999999999999898,-0.009999999999999898,0.21000000000000008,1.01,WAIT,9,UP_TOO_EXPENSIVE
2026-09-21 17:56:57,1790013417,btc-updown-5m-1790013300,183,85774.95,85706.51,68.44000000000233,-2.75,1.429999999993015,46.470000000001164,59.13999999999942,0.81,0.82,0.815,0.18,0.19,0.185,2277.08,4061.2200000000003,3981.17,2255.5,-0.28148557184102996,0.2766973400869374,0.019999999999999907,-0.010000000000000009,0.20499999999999996,1.01,WAIT,5,"BTC_ABOVE,BTC30+,BTC60+,PM30+,DOWN_BOOK"
2026-09-21 17:56:59,1790013418,btc-updown-5m-1790013300,182,85775.03,85706.51,68.52000000000407,-2.6600000000034925,-2.6699999999982538,46.55000000000291,59.220000000001164,0.84,0.85,0.845,0.15,0.16,0.155,2844.71,2169.38,2305.7400000000002,2865.1400000000003,0.13468645357382894,-0.10818274645708274,0.04999999999999993,0.010000000000000009,0.235,1.01,WAIT,8,UP_TOO_EXPENSIVE
2026-09-21 17:57:01,1790013420,btc-updown-5m-1790013300,180,85787.92,85706.51,81.41000000000349,12.970000000001164,10.229999999995925,50.169999999998254,72.11000000000058,0.85,0.86,0.855,0.14,0.15,0.14500000000000002,4201.09,1559.0,612.3299999999999,4201.09,0.458689013539719,-0.7455738331581288,0.04999999999999993,0.030000000000000027,0.17999999999999994,1.01,WAIT,11,UP_TOO_EXPENSIVE
2026-09-21 17:57:02,1790013422,btc-updown-5m-1790013300,178,85787.93,85706.51,81.41999999999825,12.979999999995925,10.229999999995925,31.30999999999767,64.29999999998836,0.86,0.87,0.865,0.13,0.14,0.135,4079.63,1841.5000000000002,1466.5000000000002,4284.639999999999,0.37799034981498464,-0.49001415371561113,0.050000000000000044,0.040000000000000036,0.14,1.01,WAIT,11,UP_TOO_EXPENSIVE
2026-09-21 17:57:04,1790013423,btc-updown-5m-1790013300,177,85792.41,85706.51,85.90000000000873,17.380000000004657,14.710000000006403,35.79000000000815,68.77999999999884,0.88,0.89,0.885,0.11,0.12,0.11499999999999999,3624.67,1958.0599999999997,1233.9599999999998,3450.67,0.2985295724493215,-0.47318785048125467,0.040000000000000036,0.07000000000000006,0.16000000000000003,1.01,WAIT,13,UP_TOO_EXPENSIVE
2026-09-21 17:57:06,1790013425,btc-updown-5m-1790013300,175,85806.53,85706.51,100.02000000000407,18.610000000000582,28.839999999996508,49.89999999999418,96.25999999999476,0.91,0.92,0.915,0.08,0.09,0.08499999999999999,3191.9,1206.05,1258.1100000000001,3422.9,0.4515399220091179,-0.4624621609438988,0.06000000000000005,0.10000000000000009,0.14,1.01,WAIT,15,UP_TOO_EXPENSIVE
2026-09-21 17:57:08,1790013427,btc-updown-5m-1790013300,173,85807.99,85706.51,101.48000000001048,20.060000000012224,30.29000000000815,44.54000000000815,101.48000000001048,0.91,0.92,0.915,0.08,0.09,0.08499999999999999,2831.9300000000003,3763.65,3833.65,2592.6400000000003,-0.14126430124416653,0.19311453420247135,0.050000000000000044,0.12,0.14,1.01,WAIT,13,UP_TOO_EXPENSIVE
2026-09-21 17:57:09,1790013429,btc-updown-5m-1790013300,171,85808.0,85706.51,101.49000000000524,15.589999999996508,30.30999999999767,37.44000000000233,98.02000000000407,0.91,0.92,0.915,0.08,0.09,0.08499999999999999,2789.33,3900.55,4017.0200000000004,2745.0600000000004,-0.16610462370027568,0.1881018858102832,0.030000000000000027,0.12,0.10000000000000009,1.01,WAIT,13,UP_TOO_EXPENSIVE
2026-09-21 17:57:11,1790013430,btc-updown-5m-1790013300,170,85807.99,85706.51,101.48000000001048,1.4600000000064028,33.04000000000815,37.43000000000757,98.02000000000407,0.91,0.92,0.915,0.08,0.09,0.08499999999999999,2635.7400000000002,3524.6400000000003,3508.3,2579.15,-0.14429304685749905,0.15263369719669154,0.0,0.10999999999999999,0.10000000000000009,1.01,WAIT,11,UP_TOO_EXPENSIVE
2026-09-21 17:57:13,1790013432,btc-updown-5m-1790013300,168,85807.99,85706.51,101.48000000001048,0.0,33.04000000000815,34.470000000001164,98.01000000000931,0.88,0.9,0.89,0.11,0.12,0.11499999999999999,1744.6399999999999,5234.66,3634.73,3305.85,-0.5000530139125701,0.047385088854245624,-0.025000000000000022,0.07500000000000007,0.06500000000000006,1.02,WAIT,9,UP_TOO_EXPENSIVE
2026-09-21 17:57:15,1790013434,btc-updown-5m-1790013300,166,85800.08,85706.51,93.57000000000698,-7.919999999998254,25.05000000000291,22.389999999999418,90.10000000000582,0.88,0.89,0.885,0.11,0.12,0.11499999999999999,2311.63,3017.2999999999997,2982.54,2447.65,-0.13242245629047475,0.09850299897425317,-0.030000000000000027,0.040000000000000036,0.06000000000000005,1.01,WAIT,5,"BTC_ABOVE,BTC15+,BTC60+,PM5-"
2026-09-21 17:57:17,1790013436,btc-updown-5m-1790013300,164,85797.33,85706.51,90.82000000000698,-10.660000000003492,9.410000000003492,19.630000000004657,87.35000000000582,0.87,0.88,0.875,0.12,0.13,0.125,2635.96,2130.12,5101.65,427.11,0.10613334228548411,0.8454951924120419,-0.040000000000000036,0.020000000000000018,0.050000000000000044,1.01,WAIT,1,"BTC_ABOVE,BTC5-,BTC60+,PM5-,DOWN_BOOK"
2026-09-21 17:57:19,1790013438,btc-updown-5m-1790013300,162,85781.62,85706.51,75.11000000000058,-26.370000000009895,-10.790000000008149,3.9199999999982538,71.6299999999901,0.85,0.86,0.855,0.14,0.15,0.14500000000000002,2565.05,2448.68,935.6800000000001,2585.05,0.023210264613371754,-0.4684738676354051,-0.03500000000000003,-0.030000000000000027,0.040000000000000036,1.01,WAIT,3,"BTC_ABOVE,BTC5-,BTC60+,PM5-"
2026-09-21 17:57:20,1790013440,btc-updown-5m-1790013300,160,85781.62,85706.51,75.11000000000058,-18.460000000006403,-24.910000000003492,3.929999999993015,68.55999999999767,0.85,0.86,0.855,0.14,0.15,0.14500000000000002,2492.0699999999997,3384.55,1345.24,2515.23,-0.15186961212397612,-0.30306931539423954,-0.030000000000000027,-0.06000000000000005,0.040000000000000036,1.01,WAIT,-1,"BTC_ABOVE,BTC5-,BTC15-,BTC60+,PM5-,PM15-"
2026-09-21 17:57:22,1790013441,btc-updown-5m-1790013300,159,85781.61,85706.51,75.10000000000582,-15.720000000001164,-24.919999999998254,3.9199999999982538,68.55000000000291,0.87,0.88,0.875,0.12,0.13,0.125,1778.3899999999999,4111.34,4160.3099999999995,1558.32,-0.39610474503924636,0.45500233447521526,0.0,-0.040000000000000036,0.06000000000000005,1.01,WAIT,-1,"BTC_ABOVE,BTC5-,BTC15-,BTC60+,DOWN_BOOK"
2026-09-21 17:57:24,1790013443,btc-updown-5m-1790013300,157,85781.61,85706.51,75.10000000000582,-0.00999999999476131,-26.380000000004657,3.9199999999982538,68.18000000000757,0.87,0.88,0.875,0.12,0.13,0.125,1729.62,3820.63,3819.49,1719.62,-0.376741588216747,0.3790988082923069,0.020000000000000018,-0.040000000000000036,0.07999999999999996,1.01,WAIT,1,"BTC_ABOVE,BTC15-,BTC60+,PM30+,DOWN_BOOK"
2026-09-21 17:57:26,1790013445,btc-updown-5m-1790013300,155,85781.62,85706.51,75.11000000000058,0.0,-26.370000000009895,6.669999999998254,53.13999999999942,0.86,0.87,0.865,0.1,0.11,0.10500000000000001,2884.78,1030.88,175.42000000000002,3052.26,0.4734578589560891,-0.8913027313736182,0.010000000000000009,-0.050000000000000044,0.05999999999999994,0.98,WAIT,2,"BTC_ABOVE,BTC15-,BTC60+,PM15-,UP_BOOK"
2026-09-21 17:59:27,1790013447,btc-updown-5m-1790013300,153,85797.33,85706.51,90.82000000000698,15.720000000001164,-10.660000000003492,22.380000000004657,68.85000000000582,0.9,0.91,0.905,,0.001,,3572.66,3315.44,0,50140.490000000005,0.03734266343403838,-1.0,0.030000000000000027,0.015000000000000013,0.09000000000000008,0.911,WAIT,8,UP_TOO_EXPENSIVE
2026-09-21 17:59:29,1790013568,btc-updown-5m-1790013300,32,85873.58,85706.51,167.07000000000698,76.25,76.25,76.25,76.25,0.999,,,,0.001,,50105.490000000005,0,0,50145.490000000005,1.0,-1.0,,,,,WAIT,11,UP_TOO_EXPENSIVE
2026-09-21 17:59:30,1790013570,btc-updown-5m-1790013300,30,85873.58,85706.51,167.07000000000698,76.25,76.25,76.25,76.25,0.999,,,,0.001,,62687.54000000001,0,0,62694.54000000001,1.0,-1.0,,,,,WAIT,11,UP_TOO_EXPENSIVE
2026-09-21 17:59:32,1790013571,btc-updown-5m-1790013300,29,85873.58,85706.51,167.07000000000698,76.25,76.25,76.25,76.25,0.999,,,,0.001,,62734.54000000001,0,0,62734.54000000001,1.0,-1.0,,,,,WAIT,11,UP_TOO_EXPENSIVE
2026-09-21 17:59:34,1790013573,btc-updown-5m-1790013300,27,85873.57,85706.51,167.06000000001222,-0.00999999999476131,76.24000000000524,76.24000000000524,76.24000000000524,0.999,,,,0.001,,62744.54000000001,0,0,62737.54000000001,1.0,-1.0,,,,,WAIT,10,UP_TOO_EXPENSIVE
2026-09-21 17:59:36,1790013575,btc-updown-5m-1790013300,25,85873.57,85706.51,167.06000000001222,-0.00999999999476131,76.24000000000524,76.24000000000524,76.24000000000524,0.999,,,,0.001,,62782.54000000001,0,0,62787.54000000001,1.0,-1.0,,,,,WAIT,10,UP_TOO_EXPENSIVE
2026-09-21 17:59:38,1790013577,btc-updown-5m-1790013300,23,85873.58,85706.51,167.07000000000698,0.0,76.25,76.25,76.25,0.999,,,,0.001,,62871.54000000001,0,0,62831.54000000001,1.0,-1.0,,,,,WAIT,10,UP_TOO_EXPENSIVE
2026-09-21 17:59:40,1790013579,btc-updown-5m-1790013300,21,85873.57,85706.51,167.06000000001222,0.0,76.24000000000524,76.24000000000524,76.24000000000524,0.999,,,,0.001,,66811.54000000001,0,0,66846.54000000001,1.0,-1.0,,,,,WAIT,10,UP_TOO_EXPENSIVE
2026-09-21 17:59:42,1790013581,btc-updown-5m-1790013300,19,85873.57,85706.51,167.06000000001222,0.0,76.24000000000524,76.24000000000524,76.24000000000524,0.999,,,,0.001,,66948.54000000001,0,0,66968.54000000001,1.0,-1.0,,,,,WAIT,0,TIME_FILTER
2026-09-21 17:59:43,1790013583,btc-updown-5m-1790013300,17,85873.58,85706.51,167.07000000000698,0.0,0.0,76.25,76.25,0.999,,,,0.001,,66913.54000000001,0,0,66913.54000000001,1.0,-1.0,,,,,WAIT,0,TIME_FILTER
2026-09-21 17:59:45,1790013584,btc-updown-5m-1790013300,16,85873.58,85706.51,167.07000000000698,0.00999999999476131,0.0,76.25,76.25,0.999,,,,0.001,,66948.27,0,0,66948.27,1.0,-1.0,,,,,WAIT,0,TIME_FILTER
2026-09-21 17:59:47,1790013586,btc-updown-5m-1790013300,14,85873.58,85706.51,167.07000000000698,0.00999999999476131,0.0,76.25,76.25,0.999,,,,0.001,,67058.27,0,0,67058.27,1.0,-1.0,,,,,WAIT,0,TIME_FILTER
2026-09-21 17:59:48,1790013588,btc-updown-5m-1790013300,12,85873.58,85706.51,167.07000000000698,0.0,0.00999999999476131,76.25,76.25,0.999,,,,0.001,,67765.27,0,0,67765.27,1.0,-1.0,,,,,WAIT,0,TIME_FILTER
2026-09-21 17:59:50,1790013589,btc-updown-5m-1790013300,11,85875.0,85706.51,168.49000000000524,1.4199999999982538,1.429999999993015,77.66999999999825,77.66999999999825,0.999,,,,0.001,,68131.27000000002,0,0,68111.27000000002,1.0,-1.0,,,,,WAIT,0,TIME_FILTER
2026-09-21 17:59:52,1790013591,btc-updown-5m-1790013300,9,85874.99,85706.51,168.48000000001048,1.4100000000034925,1.4199999999982538,77.66000000000349,77.66000000000349,0.999,,,,0.001,,68041.22,0,0,68026.22,1.0,-1.0,,,,,WAIT,0,TIME_FILTER
2026-09-21 17:59:54,1790013593,btc-updown-5m-1790013300,7,85875.0,85706.51,168.49000000000524,1.4199999999982538,1.4199999999982538,77.66999999999825,77.66999999999825,0.999,,,,0.001,,76501.22,0,0,76447.22,1.0,-1.0,,,,,WAIT,0,TIME_FILTER
2026-09-21 17:59:55,1790013595,btc-updown-5m-1790013300,5,85897.21,85706.51,190.70000000001164,22.210000000006403,23.639999999999418,99.88000000000466,99.88000000000466,0.999,,,,0.001,,76437.75,0,0,76437.75,1.0,-1.0,,,,,WAIT,0,TIME_FILTER
2026-09-21 17:59:57,1790013596,btc-updown-5m-1790013300,4,85897.2,85706.51,190.69000000000233,22.20999999999185,23.629999999990105,99.86999999999534,99.86999999999534,0.999,,,,0.001,,76215.32,0,0,76215.32,1.0,-1.0,,,,,WAIT,0,TIME_FILTER
2026-09-21 17:59:59,1790013598,btc-updown-5m-1790013300,2,85897.21,85706.51,190.70000000001164,22.210000000006403,23.630000000004657,23.630000000004657,99.88000000000466,0.999,,,,0.001,,77819.06000000001,0,0,77789.01000000001,1.0,-1.0,,,,,WAIT,0,TIME_FILTER
2026-09-21 18:00:01,1790013600,btc-updown-5m-1790013600,300,85897.2,85897.21,-0.010000000009313226,,,,,0.57,0.58,0.575,0.42,0.43,0.425,1242.14,1565.75,1915.45,814.14,-0.11525024128438074,0.40347085093365664,,,,1.01,WAIT,0,TIME_FILTER
2026-09-21 18:00:03,1790013602,btc-updown-5m-1790013600,298,85892.24,85897.21,-4.970000000001164,,,,,0.57,0.58,0.575,0.43,0.44,0.435,1162.22,3199.94,4028.99,346.0,-0.4671355475269133,0.8418282098930512,,,,1.02,WAIT,0,TIME_FILTER
2026-09-21 18:00:05,1790013604,btc-updown-5m-1790013600,296,85888.56,85897.21,-8.650000000008731,,,,,0.56,0.57,0.565,0.39,0.41,0.4,2884.84,664.15,726.15,631.68,0.6257245019005407,0.06957424714434063,,,,0.98,WAIT,0,TIME_FILTER
2026-09-21 18:00:07,1790013606,btc-updown-5m-1790013600,294,85900.0,85897.21,2.789999999993597,2.8000000000029104,,,,0.65,0.66,0.655,0.34,0.35,0.345,2406.1000000000004,3142.1,2850.91,1560.24,-0.13265563606214617,0.2925926345737506,0.08000000000000007,,,1.01,WAIT,0,TIME_FILTER
2026-09-21 18:00:08,1790013608,btc-updown-5m-1790013600,292,85899.99,85897.21,2.779999999998836,7.75,,,,0.63,0.64,0.635,0.36,0.37,0.365,1900.87,5020.51,5070.5599999999995,1866.87,-0.4507251444076182,0.46179781273468706,0.06000000000000005,,,1.01,WAIT,0,TIME_FILTER
2026-09-21 18:00:10,1790013609,btc-updown-5m-1790013600,291,85917.95,85897.21,20.739999999990687,29.389999999999418,,,,0.69,0.7,0.695,0.3,0.31,0.305,1451.16,2263.54,2786.54,1146.93,-0.21869329959350686,0.4168355167320457,0.13,,,1.01,WAIT,0,TIME_FILTER
2026-09-21 18:00:12,1790013611,btc-updown-5m-1790013600,289,85920.0,85897.21,22.789999999993597,20.0,,,,0.7,0.71,0.705,0.29,0.3,0.295,3416.0,3243.42,4792.42,647.0,0.02591516978956124,0.762106989348129,0.04999999999999993,,,1.01,WAIT,0,TIME_FILTER
2026-09-21 18:00:14,1790013613,btc-updown-5m-1790013600,287,85911.39,85897.21,14.179999999993015,11.39999999999418,,,,0.62,0.63,0.625,0.37,0.38,0.375,1868.9,2867.13,2788.9300000000003,1214.41,-0.2107735804038403,0.3933015931697033,-0.010000000000000009,,,1.01,WAIT,0,TIME_FILTER
2026-09-21 18:00:16,1790013615,btc-updown-5m-1790013600,285,85905.03,85897.21,7.819999999992433,-12.919999999998254,7.830000000001746,,,0.58,0.59,0.585,0.41,0.42,0.415,3289.2,2384.49,2403.75,1985.79,0.15945707291022246,0.09521726650172913,-0.10999999999999999,0.010000000000000009,,1.01,WAIT,0,TIME_FILTER
2026-09-21 18:00:17,1790013617,btc-updown-5m-1790013600,283,85902.69,85897.21,5.4799999999959255,-17.30999999999767,10.44999999999709,,,0.58,0.59,0.585,0.41,0.42,0.415,2916.25,3123.86,2481.69,1799.43,-0.03437189057815174,0.15936483910752328,-0.12,0.010000000000000009,,1.01,WAIT,0,TIME_FILTER
2026-09-21 18:00:19,1790013618,btc-updown-5m-1790013600,282,85895.08,85897.21,-2.1300000000046566,-16.30999999999767,2.8399999999965075,,,0.56,0.57,0.565,0.43,0.44,0.435,3713.45,2330.79,1992.89,3794.21,0.2287566344155758,-0.31126470943996126,-0.06000000000000005,-0.010000000000000009,,1.01,WAIT,0,TIME_FILTER
2026-09-21 18:00:21,1790013620,btc-updown-5m-1790013600,280,85895.07,85897.21,-2.139999999999418,-9.959999999991851,6.510000000009313,,,0.59,0.6,0.595,0.4,0.41,0.405,2616.7999999999997,2496.0,2437.0,2752.17,0.0236269754342043,-0.06073611001374017,0.010000000000000009,0.030000000000000027,,1.01,WAIT,0,TIME_FILTER
2026-09-21 18:00:23,1790013622,btc-updown-5m-1790013600,278,85895.08,85897.21,-2.1300000000046566,-7.610000000000582,-4.919999999998254,,,0.6,0.61,0.605,0.39,0.4,0.395,1879.8600000000001,3014.8399999999997,3014.8399999999997,1879.8600000000001,-0.23187937973726677,0.23187937973726677,0.020000000000000018,-0.050000000000000044,,1.01,WAIT,0,TIME_FILTER
2026-09-21 18:00:25,1790013624,btc-updown-5m-1790013600,276,85895.07,85897.21,-2.139999999999418,-0.00999999999476131,-22.879999999990105,,,0.59,0.6,0.595,0.4,0.41,0.405,2327.96,3673.3,2015.62,2451.24,-0.22417625631950625,-0.09752264454225114,0.030000000000000027,-0.09999999999999998,,1.01,WAIT,0,TIME_FILTER
2026-09-21 18:00:26,1790013626,btc-updown-5m-1790013600,274,85895.08,85897.21,-2.1300000000046566,0.00999999999476131,-24.919999999998254,,,0.6,0.61,0.605,0.39,0.4,0.395,3297.11,1850.5999999999997,1806.4099999999999,3187.11,0.2810006779713699,-0.276498341851039,0.010000000000000009,-0.09999999999999998,,1.01,WAIT,0,TIME_FILTER
2026-09-21 18:00:28,1790013627,btc-updown-5m-1790013600,273,85891.2,85897.21,-6.010000000009313,-3.8800000000046566,-28.80000000000291,,,0.57,0.58,0.575,0.42,0.43,0.425,2051.0,2996.46,2996.46,1232.0,-0.18731401536614456,0.41728194188900924,-0.030000000000000027,-0.13,,1.01,WAIT,0,TIME_FILTER
2026-09-21 18:00:30,1790013629,btc-updown-5m-1790013600,271,85879.83,85897.21,-17.380000000004657,-15.240000000005239,-31.55999999999767,,,0.51,0.52,0.515,0.48,0.49,0.485,2386.82,2213.27,966.1700000000001,2526.86,0.03772752272238156,-0.44680120124934514,-0.07999999999999996,-0.10999999999999999,,1.01,WAIT,0,TIME_FILTER
2026-09-21 18:00:32,1790013631,btc-updown-5m-1790013600,269,85879.83,85897.21,-17.380000000004657,-15.25,-25.19999999999709,-17.369999999995343,,0.53,0.54,0.535,0.46,0.47,0.46499999999999997,2644.66,2636.3,326.38,3129.15,0.0015830455068774755,-0.8110969952510902,-0.06999999999999995,-0.04999999999999993,-0.039999999999999925,1.01,WAIT,-3,"BTC5-,BTC15-,PM5-"
2026-09-21 18:00:33,1790013633,btc-updown-5m-1790013600,267,85881.2,85897.21,-16.010000000009313,-10.0,-13.880000000004657,-11.040000000008149,,0.58,0.59,0.585,0.39,0.4,0.395,3055.4300000000003,378.96,1779.96,3651.44,0.7793145216472211,-0.34456677836285304,0.010000000000000009,0.020000000000000018,0.010000000000000009,0.99,WAIT,1,"BTC5-,UP_BOOK"
2026-09-21 18:00:35,1790013634,btc-updown-5m-1790013600,266,85886.85,85897.21,-10.360000000000582,7.0200000000040745,-8.229999999995925,-1.709999999991851,,0.58,0.59,0.585,0.41,0.42,0.415,1727.92,2296.97,2980.23,346.0,-0.14138274586386204,0.7919566596416965,0.06999999999999995,0.020000000000000018,0.020000000000000018,1.01,WAIT,0,"PM5+,DOWN_BOOK"
2026-09-21 18:00:37,1790013636,btc-updown-5m-1790013600,264,85884.45,85897.21,-12.760000000009313,4.619999999995343,-10.620000000009895,-15.55000000000291,,0.51,0.52,0.515,0.49,0.5,0.495,645.0,3150.7799999999997,2282.58,1567.44,-0.6601489022019189,0.18574968441722378,-0.020000000000000018,-0.07999999999999996,-0.14,1.02,WAIT,-4,"PM15-,PM30-"
2026-09-21 18:00:39,1790013638,btc-updown-5m-1790013600,262,85879.83,85897.21,-17.380000000004657,-1.3699999999953434,-15.25,-20.160000000003492,,0.5,0.51,0.505,0.49,0.5,0.495,1331.04,2682.34,3140.37,1148.04,-0.33669874270564965,0.4645847761757854,-0.07999999999999996,-0.09999999999999998,-0.13,1.01,DOWN WATCH,-6,"PM5-,PM15-,PM30-,DOWN_BOOK"
2026-09-21 18:00:40,1790013640,btc-updown-5m-1790013600,260,85873.35,85897.21,-23.860000000000582,-13.5,-21.720000000001164,-44.59999999999127,,0.46,0.47,0.46499999999999997,0.53,0.54,0.535,2700.33,1702.2,1682.2,3274.31,0.22671736478797416,-0.32121593621318223,-0.12,-0.13,-0.22999999999999998,1.01,DOWN WATCH,-10,"BTC_BELOW,BTC5-,BTC15-,BTC30-,PM5-,PM15-,PM30-"
2026-09-21 18:00:42,1790013641,btc-updown-5m-1790013600,259,85873.34,85897.21,-23.870000000009895,-11.110000000000582,-21.74000000000524,-46.66000000000349,,0.46,0.47,0.46499999999999997,0.53,0.54,0.535,1972.58,2426.3299999999995,1937.88,2963.18,-0.10315055320522575,-0.2091996425263106,-0.050000000000000044,-0.14,-0.24,1.01,DOWN WATCH,-11,"BTC_BELOW,BTC5-,BTC15-,BTC30-,PM5-,PM15-,PM30-"
2026-09-21 18:00:44,1790013643,btc-updown-5m-1790013600,257,85873.34,85897.21,-23.870000000009895,-6.490000000005239,-17.860000000000582,-38.05000000000291,,0.46,0.47,0.46499999999999997,0.53,0.54,0.535,1206.47,2684.01,2684.01,2226.45,-0.3797834714482532,0.09318067961046428,-0.040000000000000036,-0.10999999999999999,-0.16000000000000003,1.01,DOWN WATCH,-9,"BTC_BELOW,BTC30-,PM5-,PM15-,PM30-"
2026-09-21 18:00:46,1790013645,btc-updown-5m-1790013600,255,85862.78,85897.21,-34.43000000000757,-10.570000000006985,-17.05000000000291,-42.25,,0.39,0.4,0.395,0.6,0.61,0.605,2694.63,1281.41,1157.15,3338.87,0.3554340499592559,-0.4852558485060119,-0.06999999999999995,-0.12,-0.18999999999999995,1.01,DOWN WATCH,-7,"BTC_BELOW,BTC5-,BTC30-,PM5-,PM15-,PM30-,UP_BOOK"
2026-09-21 18:00:47,1790013647,btc-updown-5m-1790013600,253,85862.79,85897.21,-34.420000000012806,-10.55000000000291,-17.04000000000815,-39.90000000000873,,0.4,0.41,0.405,0.59,0.6,0.595,2745.67,2096.83,2753.9,1061.1399999999999,0.133988642230253,0.44370701224626746,-0.05999999999999994,-0.13,-0.17999999999999994,1.01,DOWN WATCH,-10,"BTC_BELOW,BTC5-,BTC30-,PM5-,PM15-,PM30-,DOWN_BOOK"
2026-09-21 18:00:49,1790013648,btc-updown-5m-1790013600,252,85851.79,85897.21,-45.420000000012806,-21.55000000000291,-29.410000000003492,-43.29000000000815,,0.4,0.41,0.405,0.61,0.62,0.615,263.53,2553.48,2102.19,266.0,-0.8129009126698165,0.7753558624941411,-0.05999999999999994,-0.17999999999999994,-0.15999999999999992,1.03,DOWN WATCH,-13,"BTC_BELOW,BTC5-,BTC15-,BTC30-,PM5-,PM15-,PM30-,DOWN_BOOK"
2026-09-21 18:00:51,1790013650,btc-updown-5m-1790013600,250,85851.78,85897.21,-45.43000000000757,-11.0,-35.070000000006985,-43.29000000000815,,0.37,0.38,0.375,0.62,0.63,0.625,2838.62,2056.21,2112.58,2826.62,0.15984416210573194,-0.14456592160673792,-0.020000000000000018,-0.20999999999999996,-0.21999999999999997,1.01,DOWN WATCH,-10,"BTC_BELOW,BTC5-,BTC15-,BTC30-,PM15-,PM30-"
2026-09-21 18:00:53,1790013652,btc-updown-5m-1790013600,248,85851.78,85897.21,-45.43000000000757,-11.009999999994761,-32.669999999998254,-43.30000000000291,,0.36,0.37,0.365,0.63,0.64,0.635,920.77,3182.08,3223.08,1136.11,-0.5511559038229523,0.47875178645574074,-0.040000000000000036,-0.15000000000000002,-0.24,1.01,DOWN WATCH,-13,"BTC_BELOW,BTC5-,BTC15-,BTC30-,PM5-,PM15-,PM30-,DOWN_BOOK"
2026-09-21 18:00:54,1790013654,btc-updown-5m-1790013600,246,85851.78,85897.21,-45.43000000000757,-0.00999999999476131,-28.05000000000291,-43.29000000000815,,0.36,0.37,0.365,0.63,0.64,0.635,3010.74,2287.16,2056.0699999999997,3091.31,0.13657864436852338,-0.20111979298206084,-0.040000000000000036,-0.14,-0.22999999999999998,1.01,DOWN WATCH,-10,"BTC_BELOW,BTC15-,BTC30-,PM5-,PM15-,PM30-"
2026-09-21 18:00:56,1790013655,btc-updown-5m-1790013600,245,85835.45,85897.21,-61.76000000000931,-16.330000000001746,-37.90000000000873,-59.620000000009895,,0.31,0.32,0.315,0.68,0.69,0.685,1238.3,3298.84,2974.7299999999996,1425.48,-0.45414953032086286,0.3520854686480872,-0.06,-0.14999999999999997,-0.27999999999999997,1.01,DOWN WATCH,-14,"BTC_BELOW,BTC5-,BTC15-,BTC30-,PM5-,PM15-,PM30-,DOWN_BOOK"
2026-09-21 18:00:58,1790013657,btc-updown-5m-1790013600,243,85835.44,85897.21,-61.770000000004075,-16.339999999996508,-37.89999999999418,-55.75999999999476,,0.3,0.31,0.305,0.69,0.7,0.695,2576.7799999999997,2175.55,3109.19,2641.7799999999997,0.08442805949923503,0.08127498491558821,-0.06,-0.15999999999999998,-0.26999999999999996,1.01,DOWN WATCH,-12,"BTC_BELOW,BTC5-,BTC15-,BTC30-,PM5-,PM15-,PM30-"
2026-09-21 18:01:00,1790013659,btc-updown-5m-1790013600,241,85835.44,85897.21,-61.770000000004075,-16.339999999996508,-37.89999999999418,-44.38999999999942,,0.3,0.31,0.305,0.69,0.7,0.695,3681.4,2321.15,2966.77,3729.4,0.22661202322346335,-0.11389047769097858,-0.06,-0.15999999999999998,-0.21000000000000002,1.01,DOWN WATCH,-12,"BTC_BELOW,BTC5-,BTC15-,BTC30-,PM5-,PM15-,PM30-"
2026-09-21 18:01:02,1790013661,btc-updown-5m-1790013600,239,85829.79,85897.21,-67.4200000000128,-5.6600000000034925,-32.99000000000524,-50.04000000000815,-67.41000000000349,0.27,0.28,0.275,0.73,0.74,0.735,1112.93,2470.9,2635.99,110.77000000000001,-0.3789158525934545,0.9193449737144854,-0.03999999999999998,-0.12,-0.26,1.02,DOWN WATCH,-14,"BTC_BELOW,BTC15-,BTC30-,BTC60-,PM5-,PM15-,PM30-,DOWN_BOOK"
2026-09-21 18:01:04,1790013663,btc-updown-5m-1790013600,237,85812.54,85897.21,-84.6700000000128,-22.90000000000873,-39.25,-68.66000000000349,-79.70000000001164,0.22,0.23,0.225,0.77,0.78,0.775,3058.3,1164.52,1197.41,3396.9499999999994,0.4484633491363592,-0.4787478560670037,-0.07999999999999999,-0.18000000000000002,-0.36,1.01,WAIT,-11,DOWN_TOO_EXPENSIVE
2026-09-21 18:01:05,1790013665,btc-updown-5m-1790013600,235,85830.22,85897.21,-66.99000000000524,-5.220000000001164,-21.55999999999767,-56.63000000000466,-58.33999999999651,0.32,0.33,0.325,0.67,0.68,0.675,1065.83,2298.41,2200.92,1525.56,-0.36637695289277816,0.18123269144071621,0.020000000000000018,-0.04999999999999999,-0.25999999999999995,1.01,DOWN WATCH,-10,"BTC_BELOW,BTC15-,BTC30-,BTC60-,PM30-"
2026-09-21 18:01:07,1790013666,btc-updown-5m-1790013600,234,85830.22,85897.21,-66.99000000000524,0.430000000007567,-21.55999999999767,-54.229999999995925,-69.77999999999884,0.28,0.29,0.28500000000000003,0.71,0.72,0.715,1400.43,1515.17,2423.17,1337.91,-0.039353820825902046,0.28855009731247405,0.010000000000000009,-0.08999999999999997,-0.22999999999999998,1.01,DOWN WATCH,-12,"BTC_BELOW,BTC15-,BTC30-,BTC60-,PM15-,PM30-,DOWN_BOOK"
2026-09-21 18:01:09,1790013668,btc-updown-5m-1790013600,232,85830.22,85897.21,-66.99000000000524,17.680000000007567,-21.55999999999767,-49.61000000000058,-69.77000000000407,0.28,0.29,0.28500000000000003,0.71,0.72,0.715,1483.46,2503.2,3075.3599999999997,1298.77,-0.2557880531572795,0.40615848180095243,0.060000000000000026,-0.07999999999999996,-0.21999999999999997,1.01,DOWN WATCH,-11,"BTC_BELOW,BTC5+,BTC15-,BTC30-,BTC60-,PM5+,PM15-,PM30-,DOWN_BOOK"
2026-09-21 18:01:10,1790013670,btc-updown-5m-1790013600,230,85830.22,85897.21,-66.99000000000524,0.0,-5.2299999999959255,-43.13000000000466,-87.72999999999593,0.28,0.29,0.28500000000000003,0.71,0.72,0.715,4213.57,1291.5700000000002,999.8499999999999,4148.57,0.5307766923275339,-0.6115895750540942,-0.03999999999999998,-0.02999999999999997,-0.17999999999999994,1.01,DOWN WATCH,-6,"BTC_BELOW,BTC30-,BTC60-,PM5-,PM30-,UP_BOOK"
2026-09-21 18:01:12,1790013671,btc-updown-5m-1790013600,229,85830.22,85897.21,-66.99000000000524,0.0,-5.2299999999959255,-43.11999999999534,-89.77999999999884,0.31,0.32,0.315,0.68,0.69,0.685,3314.75,1894.8,2359.8,3184.75,0.2725667284122429,-0.14878574455997326,0.02999999999999997,0.0,-0.14999999999999997,1.01,DOWN WATCH,-6,"BTC_BELOW,BTC30-,BTC60-,PM30-,UP_BOOK"
2026-09-21 18:01:14,1790013673,btc-updown-5m-1790013600,227,85830.23,85897.21,-66.98000000001048,0.00999999999476131,-5.210000000006403,-43.11000000000058,-81.16000000000349,0.3,0.31,0.305,0.69,0.7,0.695,2229.11,2366.24,2570.81,2056.73,-0.02984103495925221,0.11109142222433516,0.019999999999999962,0.0,-0.15999999999999998,1.01,DOWN WATCH,-7,"BTC_BELOW,BTC30-,BTC60-,PM30-"
2026-09-21 18:01:16,1790013675,btc-updown-5m-1790013600,225,85834.34,85897.21,-62.870000000009895,4.119999999995343,-1.1000000000058208,-28.44000000000233,-70.69000000000233,0.33,0.34,0.335,0.66,0.67,0.665,1552.8600000000001,1896.78,2301.86,2279.69,-0.09969735972449294,0.0048389737097707265,0.04999999999999999,0.030000000000000027,-0.06,1.01,WAIT,-3,"BTC_BELOW,BTC60-,PM5+"
2026-09-21 18:01:18,1790013677,btc-updown-5m-1790013600,223,85853.39,85897.21,-43.820000000006985,23.169999999998254,23.60000000000582,-9.39999999999418,-49.30000000000291,0.39,0.4,0.395,0.6,0.61,0.605,2253.79,1293.18,2047.95,1494.27,0.2708255215014505,0.15630875552619544,0.08000000000000002,0.12,-0.010000000000000009,1.01,WAIT,4,"BTC_BELOW,BTC5+,BTC15+,BTC60-,PM5+,PM15+,UP_BOOK"
2026-09-21 18:01:19,1790013679,btc-updown-5m-1790013600,221,85853.39,85897.21,-43.820000000006985,23.160000000003492,40.85000000000582,1.6000000000058208,-41.69000000000233,0.39,0.4,0.395,0.61,0.62,0.615,896.16,2547.86,2830.25,2613.08,-0.47958490368813195,0.039896533923168366,0.09000000000000002,0.17,-0.010000000000000009,1.02,WAIT,2,"BTC_BELOW,BTC5+,BTC15+,BTC60-,PM5+,PM15+"
2026-09-21 18:01:21,1790013680,btc-updown-5m-1790013600,220,85853.39,85897.21,-43.820000000006985,19.05000000000291,23.169999999998254,1.610000000000582,-41.68000000000757,0.38,0.39,0.385,0.61,0.62,0.615,2850.25,2571.87,2482.73,2885.25,0.051341541684802275,-0.07498537624953894,0.04999999999999999,0.06,0.010000000000000009,1.01,WAIT,3,"BTC_BELOW,BTC5+,BTC15+,BTC60-,PM5+,PM15+"
2026-09-21 18:01:23,1790013682,btc-updown-5m-1790013600,218,85858.09,85897.21,-39.120000000009895,4.69999999999709,27.869999999995343,6.309999999997672,-36.99000000000524,0.42,0.43,0.425,0.57,0.58,0.575,2548.66,831.85,1096.08,2572.33,0.5078553236050182,-0.4024223028505538,0.02999999999999997,0.13999999999999996,0.06,1.01,WAIT,4,"BTC_BELOW,BTC15+,PM15+,UP_BOOK"
2026-09-21 18:01:24,1790013684,btc-updown-5m-1790013600,216,85858.09,85897.21,-39.120000000009895,4.69999999999709,27.869999999995343,6.309999999997672,-36.98000000001048,0.42,0.43,0.425,0.57,0.58,0.575,1289.61,1593.63,2105.83,1267.52,-0.10544387563990519,0.24850964175078186,0.02999999999999997,0.13999999999999996,0.06,1.01,WAIT,2,"BTC_BELOW,BTC15+,PM15+"
2026-09-21 18:01:26,1790013685,btc-updown-5m-1790013600,215,85858.09,85897.21,-39.120000000009895,4.69999999999709,27.869999999995343,22.639999999999418,-36.98000000001048,0.42,0.43,0.425,0.57,0.58,0.575,1591.36,1859.4299999999998,2403.77,1646.53,-0.07768366084287943,0.1869589906920475,0.03999999999999998,0.13999999999999996,0.10999999999999999,1.01,WAIT,4,"BTC_BELOW,BTC15+,PM5+,PM15+,PM30+"
2026-09-21 18:01:28,1790013687,btc-updown-5m-1790013600,213,85866.94,85897.21,-30.270000000004075,8.85000000000582,36.720000000001164,31.5,-24.25999999999476,0.48,0.49,0.485,0.51,0.52,0.515,1519.89,2042.83,2057.83,1444.51,-0.1467811110612116,0.1751172073527984,0.06,0.16999999999999998,0.18,1.01,UP WATCH,6,"BTC_BELOW,BTC15+,BTC30+,PM5+,PM15+,PM30+"
2026-09-21 18:01:29,1790013689,btc-updown-5m-1790013600,211,85881.35,85897.21,-15.860000000000582,23.260000000009313,51.120000000009895,45.91000000000349,1.5200000000040745,0.56,0.57,0.565,0.43,0.44,0.435,2513.61,2081.64,2216.64,2285.71,0.09400359066427294,-0.015340877541728243,0.13999999999999996,0.25999999999999995,0.25999999999999995,1.01,UP WATCH,9,"BTC5+,BTC15+,BTC30+,PM5+,PM15+,PM30+"
2026-09-21 18:01:31,1790013690,btc-updown-5m-1790013600,210,85882.64,85897.21,-14.570000000006985,24.55000000000291,48.30000000000291,47.19999999999709,2.8099999999976717,0.58,0.59,0.585,0.41,0.42,0.415,1614.81,2107.62,2188.62,341.74,-0.13238932632715725,0.729888237246874,0.15999999999999998,0.24999999999999994,0.27999999999999997,1.01,UP WATCH,8,"BTC5+,BTC15+,BTC30+,PM5+,PM15+,PM30+,DOWN_BOOK"
2026-09-21 18:01:33,1790013692,btc-updown-5m-1790013600,208,85882.64,85897.21,-14.570000000006985,15.69999999999709,29.25,52.85000000000582,2.8099999999976717,0.47,0.48,0.475,0.52,0.53,0.525,1155.8200000000002,1075.0,1035.0,1125.8200000000002,0.036228830654198976,-0.04203034033376225,-0.010000000000000009,0.07999999999999996,0.19999999999999996,1.01,UP WATCH,8,"BTC5+,BTC15+,BTC30+,PM15+,PM30+"
2026-09-21 18:01:35,1790013694,btc-updown-5m-1790013600,206,85882.64,85897.21,-14.570000000006985,1.2899999999935972,29.25,70.10000000000582,-4.210000000006403,0.5,0.51,0.505,0.48,0.49,0.485,3546.8600000000006,786.0,1292.18,2846.5,0.6371911393398356,-0.37555935708970006,-0.05999999999999994,0.10999999999999999,0.28,1.0,UP WATCH,8,"BTC15+,BTC30+,PM5-,PM15+,PM30+,UP_BOOK"
2026-09-21 18:01:37,1790013696,btc-updown-5m-1790013600,204,85882.63,85897.21,-14.580000000001746,-0.00999999999476131,29.24000000000524,52.41000000000349,-1.819999999992433,0.5,0.51,0.505,0.49,0.5,0.495,2132.77,2731.39,2643.24,1140.35,-0.12306749777967828,0.3972127001075698,-0.07999999999999996,0.12,0.21999999999999997,1.01,WAIT,5,"BTC15+,BTC30+,PM5-,PM15+,PM30+,DOWN_BOOK"
2026-09-21 18:01:38,1790013698,btc-updown-5m-1790013600,202,85882.64,85897.21,-14.570000000006985,0.0,24.55000000000291,52.419999999998254,2.8099999999976717,0.51,0.52,0.515,0.48,0.49,0.485,2736.8599999999997,1706.24,1338.42,3297.8599999999997,0.2319596677995093,-0.42263193767416973,0.040000000000000036,0.09000000000000002,0.22999999999999998,1.01,UP WATCH,9,"BTC15+,BTC30+,PM5+,PM15+,PM30+"
2026-09-21 18:01:40,1790013699,btc-updown-5m-1790013600,201,85882.63,85897.21,-14.580000000001746,-0.00999999999476131,24.54000000000815,52.41000000000349,2.8000000000029104,0.5,0.51,0.505,0.49,0.5,0.495,2851.25,2661.07,2676.07,2871.25,0.03450089980262391,-0.03518455758816867,0.0,0.08000000000000002,0.21999999999999997,1.01,UP WATCH,7,"BTC15+,BTC30+,PM15+,PM30+"
2026-09-21 18:01:42,1790013701,btc-updown-5m-1790013600,199,85882.64,85897.21,-14.570000000006985,0.00999999999476131,24.55000000000291,52.419999999998254,9.30000000000291,0.5,0.51,0.505,0.49,0.5,0.495,2911.2700000000004,2804.91,2830.98,2764.0200000000004,0.018606831835246716,0.011967828418230488,0.0,0.08000000000000002,0.19,1.01,UP WATCH,7,"BTC15+,BTC30+,PM15+,PM30+"
2026-09-21 18:01:43,1790013703,btc-updown-5m-1790013600,197,85882.64,85897.21,-14.570000000006985,0.0,15.69999999999709,52.41000000000349,9.30000000000291,0.52,0.53,0.525,0.47,0.48,0.475,3315.79,1451.1599999999999,1081.55,3852.42,0.3911578682386012,-0.561590362324862,0.010000000000000009,0.040000000000000036,0.22000000000000003,1.01,WAIT,5,"BTC30+,PM30+,UP_BOOK"
2026-09-21 18:01:45,1790013704,btc-updown-5m-1790013600,196,85892.88,85897.21,-4.330000000001746,10.25,11.529999999998836,62.65000000000873,19.54000000000815,0.58,0.59,0.585,0.41,0.42,0.415,2346.21,2348.0,1724.8999999999999,2588.9700000000003,-0.00038132081862549046,-0.20030042629935543,0.07999999999999996,0.020000000000000018,0.27999999999999997,1.01,WAIT,5,"BTC5+,BTC30+,PM5+,PM30+"
2026-09-21 18:01:47,1790013706,btc-updown-5m-1790013600,194,85892.87,85897.21,-4.3400000000110595,10.229999999995925,10.229999999995925,58.529999999998836,30.089999999996508,0.57,0.58,0.575,0.42,0.43,0.425,3156.13,2358.19,2323.23,2253.5499999999997,0.1447032453684226,0.015224677611770786,0.06999999999999995,-0.010000000000000009,0.23999999999999994,1.01,WAIT,5,"BTC5+,BTC30+,PM5+,PM30+"
2026-09-21 18:01:49,1790013708,btc-updown-5m-1790013600,192,85892.87,85897.21,-4.3400000000110595,10.229999999995925,10.229999999995925,39.479999999995925,41.080000000001746,0.57,0.58,0.575,0.42,0.43,0.425,3051.08,1923.0,1777.0,1918.5,0.2267916881111683,-0.03828981193343255,0.04999999999999993,0.09999999999999998,0.17999999999999994,1.01,UP WATCH,8,"BTC5+,BTC30+,BTC60+,PM5+,PM15+,PM30+"
2026-09-21 18:01:50,1790013710,btc-updown-5m-1790013600,190,85892.87,85897.21,-4.3400000000110595,-0.010000000009313226,10.229999999995925,39.479999999995925,41.08999999999651,0.58,0.59,0.585,0.39,0.4,0.395,2984.4700000000003,1177.34,585.0,3135.1,0.43421732371251937,-0.6854923254751216,0.0,0.07999999999999996,0.19999999999999996,0.99,UP WATCH,8,"BTC30+,BTC60+,PM15+,PM30+,UP_BOOK"
2026-09-21 18:01:52,1790013712,btc-updown-5m-1790013600,188,85892.88,85897.21,-4.330000000001746,0.010000000009313226,10.25,34.79000000000815,41.10000000000582,0.63,0.64,0.635,0.36,0.37,0.365,1214.49,1960.2400000000002,1920.2400000000002,1224.49,-0.2349018656704665,0.22124315919013718,0.06000000000000005,0.13,0.21000000000000002,1.01,UP WATCH,7,"BTC30+,BTC60+,PM5+,PM15+,PM30+"
2026-09-21 18:01:54,1790013713,btc-updown-5m-1790013600,187,85892.89,85897.21,-4.320000000006985,0.020000000004074536,10.25,34.80000000000291,41.11000000000058,0.63,0.64,0.635,0.36,0.37,0.365,1367.82,1906.14,1931.68,1288.53,-0.16442473335043806,0.1997229994317141,0.06000000000000005,0.12,0.21000000000000002,1.01,UP WATCH,7,"BTC30+,BTC60+,PM5+,PM15+,PM30+"
2026-09-21 18:01:56,1790013715,btc-updown-5m-1790013600,185,85896.9,85897.21,-0.3100000000122236,4.029999999998836,14.269999999989523,38.80999999999767,61.44999999999709,0.68,0.69,0.685,0.32,0.33,0.325,1724.57,2184.71,1531.83,2026.15,-0.11770453894323255,-0.13893276522071518,0.10000000000000009,0.18000000000000005,0.26000000000000006,1.02,UP WATCH,7,"BTC30+,BTC60+,PM5+,PM15+,PM30+"
2026-09-21 18:01:57,1790013717,btc-updown-5m-1790013600,183,85898.92,85897.21,1.709999999991851,6.039999999993597,16.279999999998836,31.979999999995925,63.479999999995925,0.68,0.69,0.685,0.31,0.32,0.315,813.7,3163.45,3254.45,824.74,-0.5908125165005093,0.5956354080099237,0.050000000000000044,0.18000000000000005,0.20000000000000007,1.01,WAIT,5,"BTC30+,BTC60+,PM5+,PM15+,PM30+,DOWN_BOOK"
2026-09-21 18:01:59,1790013718,btc-updown-5m-1790013600,182,85898.93,85897.21,1.7199999999866122,6.039999999993597,16.289999999993597,31.989999999990687,63.48999999999069,0.59,0.6,0.595,0.39,0.4,0.395,2401.5299999999997,757.71,1079.47,2206.48,0.520321343107836,-0.34297843850332477,-0.040000000000000036,0.06999999999999995,0.10999999999999999,1.0,UP WATCH,7,"BTC30+,BTC60+,PM5-,PM15+,PM30+,UP_BOOK"
2026-09-21 18:02:01,1790013720,btc-updown-5m-1790013600,180,85898.93,85897.21,1.7199999999866122,2.029999999998836,6.0499999999883585,16.289999999993597,63.48999999999069,0.59,0.6,0.595,0.4,0.41,0.405,2212.11,1734.6599999999999,1819.99,797.0799999999999,0.12097233940665413,0.3908607717791271,-0.09000000000000008,0.010000000000000009,0.010000000000000009,1.01,WAIT,-1,"BTC60+,PM5-,DOWN_BOOK"
2026-09-21 18:02:03,1790013722,btc-updown-5m-1790013600,178,85898.93,85897.21,1.7199999999866122,0.00999999999476131,6.059999999997672,16.289999999993597,69.13999999999942,0.6,0.61,0.605,0.4,0.41,0.405,1922.17,2283.9700000000003,2219.3,1624.17,-0.0860171083225951,0.1548418486419824,-0.08000000000000007,0.030000000000000027,0.13,1.02,WAIT,1,"BTC60+,PM5-,PM30+"
2026-09-21 18:02:04,1790013724,btc-updown-5m-1790013600,176,85898.93,85897.21,1.7199999999866122,0.0,6.059999999997672,16.289999999993597,86.38999999999942,0.59,0.6,0.595,0.39,0.4,0.395,3472.8,1508.67,802.96,3322.2799999999997,0.394287228468705,-0.6107087102810987,0.0,0.020000000000000018,0.08999999999999997,1.0,WAIT,4,"BTC60+,PM30+,UP_BOOK"
2026-09-21 18:02:06,1790013725,btc-updown-5m-1790013600,175,85898.92,85897.21,1.709999999991851,-0.00999999999476131,6.05000000000291,16.279999999998836,68.69999999999709,0.61,0.62,0.615,0.39,0.4,0.395,3770.5400000000004,1817.5500000000002,2699.56,2191.19,0.34949150783183525,0.10394520267852576,0.020000000000000018,0.030000000000000027,0.10999999999999999,1.02,WAIT,3,"BTC60+,PM30+,UP_BOOK"
2026-09-21 18:02:08,1790013727,btc-updown-5m-1790013600,173,85898.93,85897.21,1.7199999999866122,0.0,6.0499999999883585,16.29999999998836,68.70999999999185,0.59,0.6,0.595,0.4,0.41,0.405,2678.4700000000003,1948.1200000000001,1633.9900000000002,2618.4900000000002,0.15785924406528354,-0.23151196478290312,-0.010000000000000009,-0.040000000000000036,0.08999999999999997,1.01,WAIT,2,"BTC60+,PM30+"
2026-09-21 18:02:09,1790013729,btc-updown-5m-1790013600,171,85898.92,85897.21,1.709999999991851,-0.00999999999476131,6.029999999998836,16.289999999993597,68.69999999999709,0.59,0.6,0.595,0.39,0.4,0.395,3370.07,2004.87,1493.83,3183.73,0.2539935329510655,-0.3612781022584425,0.0,-0.040000000000000036,0.08999999999999997,1.0,WAIT,4,"BTC60+,PM30+,UP_BOOK"
2026-09-21 18:02:11,1790013730,btc-updown-5m-1790013600,170,85898.92,85897.21,1.709999999991851,0.0,2.0200000000040745,16.289999999993597,68.69999999999709,0.62,0.63,0.625,0.37,0.38,0.375,1766.49,1583.1999999999998,924.48,2125.03,0.054718496338467204,-0.39368619876635924,0.010000000000000009,-0.06000000000000005,0.12,1.01,WAIT,1,"BTC60+,PM15-,PM30+"
2026-09-21 18:02:13,1790013732,btc-updown-5m-1790013600,168,85898.93,85897.21,1.7199999999866122,0.0,0.00999999999476131,16.289999999993597,68.70999999999185,0.64,0.65,0.645,0.35,0.36,0.355,1595.57,2208.53,2381.69,1988.74,-0.1611314108461923,0.08991106138297605,0.050000000000000044,-0.040000000000000036,0.14,1.01,WAIT,3,"BTC60+,PM5+,PM30+"
2026-09-21 18:02:15,1790013734,btc-updown-5m-1790013600,166,85898.93,85897.21,1.7199999999866122,0.00999999999476131,0.0,6.0499999999883585,68.69999999999709,0.64,0.65,0.645,0.34,0.35,0.345,2005.1999999999998,1624.35,1856.99,1754.6399999999999,0.10493036326817372,0.0283390048260758,0.050000000000000044,0.050000000000000044,0.06000000000000005,1.0,WAIT,4,"BTC60+,PM5+,PM15+"
2026-09-21 18:02:17,1790013736,btc-updown-5m-1790013600,164,85898.93,85897.21,1.7199999999866122,0.00999999999476131,0.0,6.059999999997672,64.58999999999651,0.65,0.66,0.655,0.34,0.35,0.345,1240.0,2909.72,1469.3100000000002,1337.37,-0.40236931648400376,0.04700927786566344,0.030000000000000027,0.06000000000000005,0.08000000000000007,1.01,WAIT,4,"BTC60+,PM5+,PM15+,PM30+"
2026-09-21 18:02:18,1790013738,btc-updown-5m-1790013600,162,85898.93,85897.21,1.7199999999866122,0.0,0.0,6.059999999997672,45.5399999999936,0.61,0.62,0.615,0.37,0.38,0.375,1836.12,1731.1,2646.91,846.78,0.029440292440612015,0.5152517824993059,-0.030000000000000027,0.010000000000000009,0.040000000000000036,1.0,WAIT,-1,"BTC60+,PM5-,DOWN_BOOK"
2026-09-21 18:02:20,1790013739,btc-updown-5m-1790013600,161,85886.02,85897.21,-11.190000000002328,-12.90999999998894,-12.90999999998894,-6.849999999991269,32.63000000000466,0.52,0.53,0.525,0.47,0.48,0.475,1377.04,1109.28,1236.76,1889.53,0.10769329772515204,-0.2088002072744371,-0.12,-0.06999999999999995,-0.04999999999999993,1.01,WAIT,-4,"BTC5-,PM5-,PM15-"
2026-09-21 18:02:22,1790013741,btc-updown-5m-1790013600,159,85886.02,85897.21,-11.190000000002328,-12.90999999998894,-12.89999999999418,-6.849999999991269,32.63000000000466,0.55,0.56,0.555,0.44,0.45,0.445,574.24,4326.32,2797.29,441.24,-0.7656431101751637,0.7275059980917269,-0.09999999999999998,-0.05999999999999994,-0.029999999999999916,1.01,DOWN WATCH,-6,"BTC5-,PM5-,PM15-,DOWN_BOOK"
2026-09-21 18:02:24,1790013743,btc-updown-5m-1790013600,157,85877.09,85897.21,-20.120000000009895,-21.839999999996508,-21.839999999996508,-15.80000000000291,19.0,0.54,0.55,0.545,0.45,0.46,0.455,179.92999999999998,4069.2300000000005,3726.2300000000005,172.20999999999998,-0.9153103201573958,0.9116518402232688,-0.06999999999999995,-0.04999999999999993,-0.08999999999999997,1.01,DOWN WATCH,-9,"BTC_BELOW,BTC5-,BTC15-,PM5-,PM30-,DOWN_BOOK"
2026-09-21 18:02:25,1790013745,btc-updown-5m-1790013600,155,85862.0,85897.21,-35.2100000000064,-24.020000000004075,-36.919999999998254,-34.89999999999418,3.9100000000034925,0.51,0.54,0.525,0.46,0.49,0.475,311.09,3601.03,2162.4799999999996,154.6,-0.8409609112194922,0.8665561827817772,0.0,-0.09999999999999998,-0.16000000000000003,1.03,DOWN WATCH,-12,"BTC_BELOW,BTC5-,BTC15-,BTC30-,PM15-,PM30-,DOWN_BOOK"
2026-09-21 18:02:27,1790013746,btc-updown-5m-1790013600,154,85862.0,85897.21,-35.2100000000064,-24.020000000004075,-36.919999999998254,-34.89999999999418,3.9100000000034925,0.45,0.46,0.455,0.54,0.55,0.545,181.32,2427.18,2513.95,446.52,-0.8609775733179987,0.6983451951886018,-0.10000000000000003,-0.16999999999999998,-0.23000000000000004,1.01,DOWN WATCH,-13,"BTC_BELOW,BTC5-,BTC15-,BTC30-,PM5-,PM15-,PM30-,DOWN_BOOK"
2026-09-21 18:02:29,1790013748,btc-updown-5m-1790013600,152,85863.38,85897.21,-33.830000000001746,-13.709999999991851,-35.54999999998836,-35.54999999998836,-3.5599999999976717,0.51,0.52,0.515,0.48,0.49,0.485,1501.7800000000002,1589.92,1881.76,974.5699999999999,-0.028508587508490432,0.3176068591514286,-0.030000000000000027,-0.13,-0.07999999999999996,1.01,DOWN WATCH,-12,"BTC_BELOW,BTC5-,BTC15-,BTC30-,PM5-,PM15-,PM30-,DOWN_BOOK"
2026-09-21 18:02:31,1790013750,btc-updown-5m-1790013600,150,85863.38,85897.21,-33.830000000001746,1.3800000000046566,-35.54999999998836,-35.54999999998836,-19.25999999999476,0.45,0.46,0.455,0.54,0.55,0.545,1148.29,1468.9599999999998,1581.0,1669.8100000000002,-0.12252173082433847,-0.02731934502477849,-0.07,-0.19,-0.13999999999999996,1.01,DOWN WATCH,-10,"BTC_BELOW,BTC15-,BTC30-,PM5-,PM15-,PM30-"
2026-09-21 18:02:33,1790013752,btc-updown-5m-1790013600,148,85863.38,85897.21,-33.830000000001746,1.3800000000046566,-35.54999999998836,-35.54999999998836,-19.25999999999476,0.47,0.48,0.475,0.51,0.52,0.515,1859.5699999999997,791.1999999999999,1360.41,1883.8899999999999,0.4030413804290829,-0.16135375890022494,0.019999999999999962,-0.18000000000000005,-0.13,1.0,DOWN WATCH,-8,"BTC_BELOW,BTC15-,BTC30-,PM15-,PM30-,UP_BOOK"
2026-09-21 18:02:34,1790013754,btc-updown-5m-1790013600,146,85867.52,85897.21,-29.69000000000233,4.139999999999418,-18.5,-31.40999999998894,-15.119999999995343,0.54,0.55,0.545,0.48,0.49,0.485,116.42999999999999,3200.92,2207.65,19.6,-0.9298054169743923,0.9823998204063308,0.030000000000000027,0.020000000000000018,-0.04999999999999993,1.04,WAIT,-5,"BTC_BELOW,BTC30-,PM5+,DOWN_BOOK"
2026-09-21 18:02:36,1790013755,btc-updown-5m-1790013600,145,85851.09,85897.21,-46.120000000009895,-12.290000000008149,-34.93000000000757,-47.830000000001746,-31.55000000000291,0.29,0.35,0.31999999999999995,0.69,0.7,0.695,832.0999999999999,1729.53,534.65,863.97,-0.35033552855018096,-0.2354606683731107,-0.13500000000000006,-0.20500000000000007,-0.29500000000000004,1.0499999999999998,DOWN WATCH,-12,"BTC_BELOW,BTC5-,BTC15-,BTC30-,PM5-,PM15-,PM30-"
2026-09-21 18:02:38,1790013757,btc-updown-5m-1790013600,143,85857.96,85897.21,-39.25,-5.419999999998254,-28.05999999999767,-40.96999999998661,-24.669999999998254,0.43,0.44,0.435,0.56,0.57,0.565,946.6499999999999,26.89,26.89,946.6499999999999,0.9447583047435134,-0.9447583047435134,-0.03999999999999998,-0.12000000000000005,-0.15999999999999998,1.01,DOWN WATCH,-8,"BTC_BELOW,BTC15-,BTC30-,PM5-,PM15-,PM30-,UP_BOOK"
2026-09-21 18:02:39,1790013759,btc-updown-5m-1790013600,141,85875.28,85897.21,-21.930000000007567,7.759999999994761,-1.8099999999976717,-23.639999999999418,-7.350000000005821,0.64,0.65,0.645,0.35,0.36,0.355,1870.69,726.63,411.43,2215.16,0.440477107172008,-0.6867192824156035,0.09999999999999998,0.09999999999999998,0.050000000000000044,1.01,WAIT,3,"BTC_BELOW,PM5+,PM15+,UP_BOOK"
2026-09-21 18:02:41,1790013760,btc-updown-5m-1790013600,140,85883.48,85897.21,-13.730000000010477,32.38999999999942,21.479999999995925,-15.440000000002328,0.8499999999912689,0.68,0.69,0.685,0.31,0.32,0.315,592.02,1449.94,1292.04,609.34,-0.4201453505455543,0.3590550021563285,0.3650000000000001,0.16000000000000003,0.06000000000000005,1.01,WAIT,4,"BTC5+,BTC15+,PM5+,PM15+,DOWN_BOOK"
2026-09-21 18:02:43,1790013762,btc-updown-5m-1790013600,138,85883.47,85897.21,-13.740000000005239,25.50999999999476,21.470000000001164,-15.459999999991851,0.8300000000017462,0.67,0.68,0.675,0.32,0.33,0.325,782.27,2340.25,1927.71,692.27,-0.4989495663758759,0.47154558431743754,0.24000000000000005,0.22000000000000003,0.030000000000000027,1.01,WAIT,4,"BTC5+,BTC15+,PM5+,PM15+,DOWN_BOOK"
2026-09-21 18:02:44,1790013764,btc-updown-5m-1790013600,136,85875.27,85897.21,-21.94000000000233,-0.00999999999476131,11.889999999999418,-23.65999999998894,-17.610000000000582,0.5,0.51,0.505,0.49,0.5,0.495,1498.34,1371.0,1281.0,1628.34,0.04437954372782588,-0.11938790241085603,-0.14,-0.010000000000000009,-0.14,1.01,WAIT,-4,"BTC_BELOW,PM5-,PM30-"
2026-09-21 18:02:46,1790013765,btc-updown-5m-1790013600,135,85875.27,85897.21,-21.94000000000233,-8.209999999991851,11.889999999999418,-23.65999999998894,-17.610000000000582,0.58,0.59,0.585,0.41,0.42,0.415,1812.8600000000001,1119.3899999999999,604.39,1186.16,0.23649757012533046,-0.3249113400910335,-0.10000000000000009,0.12999999999999995,-0.06000000000000005,1.01,WAIT,0,"BTC_BELOW,PM5-,PM15+"
2026-09-21 18:02:48,1790013767,btc-updown-5m-1790013600,133,85875.27,85897.21,-21.94000000000233,-8.19999999999709,11.889999999999418,-23.65999999998894,-17.59999999999127,0.52,0.53,0.525,0.47,0.48,0.475,584.95,855.0,248.59,1676.3400000000001,-0.18754123407062742,-0.7417152831531537,-0.15000000000000002,0.050000000000000044,-0.13,1.01,WAIT,-1,"BTC_BELOW,PM5-,PM15+,PM30-"
2026-09-21 18:02:50,1790013769,btc-updown-5m-1790013600,131,85875.28,85897.21,-21.930000000007567,0.00999999999476131,7.759999999994761,-10.740000000005239,-17.589999999996508,0.53,0.54,0.535,0.46,0.47,0.46499999999999997,1136.4299999999998,1589.6399999999999,1135.14,1130.61,-0.1662503163895278,0.0019993379675604986,0.030000000000000027,-0.010000000000000009,0.010000000000000009,1.01,WAIT,-1,"BTC_BELOW,PM5+"
2026-09-21 18:02:52,1790013771,btc-updown-5m-1790013600,129,85863.68,85897.21,-33.53000000001339,-11.59000000001106,12.589999999996508,-22.34000000001106,-29.19000000000233,0.46,0.47,0.46499999999999997,0.53,0.54,0.535,227.68,2203.44,1769.05,446.88,-0.8126953831978677,0.596665959664791,-0.12,0.14500000000000002,-0.09000000000000008,1.01,WAIT,-5,"BTC_BELOW,BTC5-,PM5-,PM15+,PM30-,DOWN_BOOK"
2026-09-21 18:02:54,1790013773,btc-updown-5m-1790013600,127,85855.09,85897.21,-42.120000000009895,-20.180000000007567,-2.8700000000098953,-22.0,-37.80000000000291,0.4,0.41,0.405,0.58,0.59,0.585,948.6600000000001,834.0,1821.32,532.17,0.06431961226481779,0.5477609847503071,-0.12,-0.02999999999999997,-0.14,1.0,DOWN WATCH,-6,"BTC_BELOW,BTC5-,PM5-,PM30-,DOWN_BOOK"
2026-09-21 18:02:55,1790013775,btc-updown-5m-1790013600,125,85855.1,85897.21,-42.11000000000058,-20.179999999993015,-28.379999999990105,-6.899999999994179,-41.79999999998836,0.39,0.4,0.395,0.6,0.61,0.605,527.66,2839.73,2974.73,521.56,-0.6866059470391016,0.7016494627161934,-0.14,-0.29000000000000004,-0.13,1.01,DOWN WATCH,-12,"BTC_BELOW,BTC5-,BTC15-,BTC60-,PM5-,PM15-,PM30-,DOWN_BOOK"
2026-09-21 18:02:57,1790013776,btc-updown-5m-1790013600,124,85855.09,85897.21,-42.120000000009895,-8.589999999996508,-28.389999999999418,-6.9100000000034925,-41.80999999999767,0.37,0.38,0.375,0.64,0.65,0.645,630.1999999999999,2485.42,2436.93,285.79,-0.5954577259100918,0.7900702238937534,-0.08999999999999997,-0.31000000000000005,-0.08000000000000002,1.03,DOWN WATCH,-11,"BTC_BELOW,BTC15-,BTC60-,PM5-,PM15-,PM30-,DOWN_BOOK"
2026-09-21 18:02:59,1790013778,btc-updown-5m-1790013600,122,85846.5,85897.21,-50.7100000000064,-8.589999999996508,-36.970000000001164,-16.880000000004657,-52.429999999993015,0.37,0.38,0.375,0.61,0.62,0.615,979.3800000000001,2079.05,2144.6400000000003,1042.3600000000001,-0.3595537579738624,0.345867587072482,-0.030000000000000027,-0.30000000000000004,-0.14,1.0,DOWN WATCH,-12,"BTC_BELOW,BTC15-,BTC60-,PM5-,PM15-,PM30-,DOWN_BOOK"
2026-09-21 18:03:00,1790013780,btc-updown-5m-1790013600,120,85846.51,85897.21,-50.70000000001164,-8.59000000001106,-28.760000000009313,-16.870000000009895,-52.419999999998254,0.48,0.51,0.495,0.47,0.48,0.475,987.9100000000001,28.59,317.37,879.56,0.9437481554353172,-0.4696932986891464,0.09999999999999998,-0.08999999999999997,0.03999999999999998,0.99,WAIT,-5,"BTC_BELOW,BTC15-,BTC60-,PM5+,PM15-,UP_BOOK"
2026-09-21 18:03:02,1790013781,btc-updown-5m-1790013600,119,85855.08,85897.21,-42.13000000000466,-0.00999999999476131,-20.19000000000233,-8.30000000000291,-43.84999999999127,0.47,0.48,0.475,0.52,0.53,0.525,86.72,2883.2599999999998,2950.6,78.26,-0.9416023003521911,0.9483237917896501,0.09999999999999998,-0.10999999999999999,0.019999999999999962,1.01,DOWN WATCH,-8,"BTC_BELOW,BTC15-,BTC60-,PM5+,PM15-,DOWN_BOOK"
2026-09-21 18:03:04,1790013783,btc-updown-5m-1790013600,117,85855.09,85897.21,-42.120000000009895,8.589999999996508,-20.180000000007567,-8.290000000008149,-43.83999999999651,0.44,0.45,0.445,0.55,0.56,0.555,493.53000000000003,915.11,914.37,725.49,-0.2992815765561108,0.1151805641945044,0.07,-0.08000000000000002,-0.02999999999999997,1.01,DOWN WATCH,-7,"BTC_BELOW,BTC15-,BTC60-,PM5+,PM15-"
2026-09-21 18:03:06,1790013785,btc-updown-5m-1790013600,115,85855.09,85897.21,-42.120000000009895,8.580000000001746,-20.19000000000233,4.0,-43.830000000001746,0.49,0.5,0.495,0.5,0.51,0.505,552.4399999999999,1877.6,865.2199999999999,780.13,-0.545324356800711,0.051715440483787595,0.0,-0.040000000000000036,0.17500000000000004,1.01,WAIT,-5,"BTC_BELOW,BTC15-,BTC60-,PM30+"
2026-09-21 18:03:08,1790013787,btc-updown-5m-1790013600,113,85855.08,85897.21,-42.13000000000466,0.0,-8.599999999991269,-2.8800000000046566,-43.84999999999127,0.53,0.54,0.535,0.45,0.46,0.455,490.21,1728.0700000000002,1074.72,398.45,-0.5580269397911896,0.4590576783399064,0.06000000000000005,0.07000000000000006,0.10000000000000003,1.0,WAIT,-1,"BTC_BELOW,BTC60-,PM5+,PM15+,PM30+,DOWN_BOOK"
2026-09-21 18:03:09,1790013789,btc-updown-5m-1790013600,111,85862.24,85897.21,-34.970000000001164,7.150000000008731,7.150000000008731,-13.039999999993597,-36.679999999993015,0.63,0.64,0.635,0.37,0.4,0.385,69.25,1926.15,1671.07,39.57,-0.9305903578229929,0.9537366131973999,0.19,0.22999999999999998,-0.010000000000000009,1.04,WAIT,-1,"BTC_BELOW,PM5+,PM15+,DOWN_BOOK"
2026-09-21 18:03:11,1790013790,btc-updown-5m-1790013600,110,85862.25,85897.21,-34.9600000000064,7.1600000000034925,7.149999999994179,-21.229999999995925,-36.669999999998254,0.63,0.64,0.635,0.36,0.37,0.365,1360.29,295.37,101.24000000000001,1278.72,0.6431996907577644,-0.8532711093075162,0.14,0.24,-0.050000000000000044,1.01,WAIT,3,"BTC_BELOW,PM5+,PM15+,UP_BOOK"
2026-09-21 18:03:13,1790013792,btc-updown-5m-1790013600,108,85862.26,85897.21,-34.95000000001164,7.179999999993015,7.169999999998254,-21.210000000006403,-36.669999999998254,0.61,0.62,0.615,0.38,0.39,0.385,568.08,2172.85,2137.13,573.08,-0.5854837591620363,0.5770955018245819,0.07999999999999996,0.24,-0.06000000000000005,1.01,WAIT,-1,"BTC_BELOW,PM5+,PM15+,DOWN_BOOK"
2026-09-21 18:03:15,1790013794,btc-updown-5m-1790013600,106,85870.84,85897.21,-26.370000000009895,8.599999999991269,24.339999999996508,-4.430000000007567,-28.089999999996508,0.69,0.7,0.695,0.34,0.35,0.345,447.62,1247.13,2059.12,230.87,-0.47175689629738904,0.7983659317289596,0.05999999999999994,0.31999999999999995,0.18999999999999995,1.0499999999999998,WAIT,2,"BTC_BELOW,BTC15+,PM5+,PM15+,PM30+,DOWN_BOOK"
2026-09-21 18:03:16,1790013796,btc-updown-5m-1790013600,104,85870.83,85897.21,-26.380000000004657,8.580000000001746,15.75,-4.440000000002328,-28.09999999999127,0.65,0.66,0.655,0.33,0.34,0.335,1237.1,1209.0,724.2,1131.52,0.011487674256980463,-0.21949432026383286,0.020000000000000018,0.18000000000000005,0.07000000000000006,1.0,WAIT,1,"BTC_BELOW,PM15+,PM30+"
2026-09-21 18:03:18,1790013797,btc-updown-5m-1790013600,103,85870.83,85897.21,-26.380000000004657,8.570000000006985,15.75,-4.440000000002328,-28.09999999999127,0.63,0.64,0.635,0.36,0.37,0.365,438.40999999999997,2141.7,2318.1,375.81,-0.6601617760483081,0.7209929062218114,0.020000000000000018,0.16000000000000003,0.10999999999999999,1.01,WAIT,-1,"BTC_BELOW,PM15+,PM30+,DOWN_BOOK"
2026-09-21 18:03:20,1790013799,btc-updown-5m-1790013600,101,85870.82,85897.21,-26.389999999999418,-0.01999999998952262,15.730000000010477,-4.459999999991851,-15.19999999999709,0.61,0.62,0.615,0.41,0.42,0.415,303.70000000000005,1465.0,1869.8899999999999,126.16999999999999,-0.6565839317012495,0.8735809544803261,-0.07999999999999996,0.16999999999999998,0.07999999999999996,1.04,WAIT,-2,"BTC_BELOW,PM5-,PM15+,PM30+,DOWN_BOOK"
2026-09-21 18:03:21,1790013801,btc-updown-5m-1790013600,99,85859.84,85897.21,-37.370000000009895,-10.990000000005239,4.75,-3.8399999999965075,-26.180000000007567,0.55,0.56,0.555,0.44,0.45,0.445,757.87,1379.8500000000001,967.86,567.7,-0.2909548490915555,0.26059548308109093,-0.09999999999999998,0.06000000000000005,0.09000000000000008,1.01,WAIT,-3,"BTC_BELOW,BTC5-,PM5-,PM15+,PM30+,DOWN_BOOK"
2026-09-21 18:03:23,1790013802,btc-updown-5m-1790013600,98,85859.84,85897.21,-37.370000000009895,-10.990000000005239,4.759999999994761,-3.8399999999965075,-26.180000000007567,0.66,0.67,0.665,0.33,0.34,0.335,1343.3200000000002,390.41,707.6099999999999,581.61,0.5496299885218575,0.09773351328710375,0.030000000000000027,0.13,0.20000000000000007,1.01,WAIT,2,"BTC_BELOW,BTC5-,PM5+,PM15+,PM30+,UP_BOOK"
2026-09-21 18:03:25,1790013804,btc-updown-5m-1790013600,96,85862.59,85897.21,-34.620000000009895,-8.230000000010477,0.34999999999126885,7.5,-14.5,0.7,0.72,0.71,0.28,0.29,0.28500000000000003,470.94,838.03,668.83,597.8199999999999,-0.28044187414532035,0.0560612639639996,0.09499999999999997,0.07499999999999996,0.30499999999999994,1.01,WAIT,1,"BTC_BELOW,PM5+,PM15+,PM30+"
2026-09-21 18:03:27,1790013806,btc-updown-5m-1790013600,94,85870.84,85897.21,-26.370000000009895,11.0,8.589999999996508,15.75,8.839999999996508,0.75,0.76,0.755,0.24,0.25,0.245,1224.24,1120.67,1157.87,997.24,0.04416800644800864,0.07453447851849786,0.19999999999999996,0.12,0.38,1.01,WAIT,3,"BTC_BELOW,BTC5+,PM5+,PM15+,PM30+"
2026-09-21 18:03:28,1790013808,btc-updown-5m-1790013600,92,85870.84,85897.21,-26.370000000009895,11.0,8.580000000001746,24.339999999996508,7.459999999991851,0.71,0.72,0.715,0.28,0.29,0.28500000000000003,264.63,1259.93,1570.4299999999998,132.51,-0.6528440992811041,0.8443750220207406,0.04999999999999993,0.09999999999999998,0.33999999999999997,1.01,WAIT,1,"BTC_BELOW,BTC5+,PM5+,PM15+,PM30+,DOWN_BOOK"
2026-09-21 18:03:30,1790013809,btc-updown-5m-1790013600,91,85870.84,85897.21,-26.370000000009895,8.25,0.0,24.339999999996508,7.459999999991851,0.67,0.68,0.675,0.26,0.27,0.265,826.53,13.52,94.7,592.4200000000001,0.9678114397952503,-0.7243567353591803,-0.03499999999999992,-0.019999999999999907,0.30000000000000004,0.9500000000000001,WAIT,0,"BTC_BELOW,PM5-,PM30+,UP_BOOK"
2026-09-21 18:03:32,1790013811,btc-updown-5m-1790013600,89,85870.84,85897.21,-26.370000000009895,0.0,0.00999999999476131,15.759999999994761,7.459999999991851,0.68,0.69,0.685,0.31,0.32,0.315,384.69,1651.56,2134.02,514.95,-0.6221583793738489,0.6112073749419585,-0.06999999999999995,0.030000000000000027,0.21000000000000008,1.01,WAIT,-4,"BTC_BELOW,PM5-,PM30+,DOWN_BOOK"
2026-09-21 18:03:34,1790013813,btc-updown-5m-1790013600,87,85870.84,85897.21,-26.370000000009895,0.0,0.00999999999476131,15.75,7.459999999991851,0.61,0.62,0.615,0.38,0.39,0.385,927.01,506.04,500.97,1347.38,0.2937580684553923,-0.45792734060107665,-0.09999999999999998,-0.020000000000000018,0.16999999999999998,1.01,WAIT,0,"BTC_BELOW,PM5-,PM30+,UP_BOOK"
2026-09-21 18:03:35,1790013815,btc-updown-5m-1790013600,85,85870.83,85897.21,-26.380000000004657,-0.00999999999476131,0.00999999999476131,15.740000000005239,19.74000000000524,0.64,0.65,0.645,0.35,0.36,0.355,1131.82,645.34,677.24,1180.37,0.2737401246933309,-0.2708480251505967,-0.030000000000000027,0.030000000000000027,0.15000000000000002,1.01,WAIT,0,"BTC_BELOW,PM5-,PM30+,UP_BOOK"
2026-09-21 18:03:37,1790013816,btc-updown-5m-1790013600,84,85870.83,85897.21,-26.380000000004657,-0.00999999999476131,10.990000000005239,15.740000000005239,19.74000000000524,0.65,0.66,0.655,0.34,0.35,0.345,1509.57,1320.28,904.08,1511.67,0.06689047122639008,-0.25151195280968647,-0.030000000000000027,0.09999999999999998,0.16000000000000003,1.01,WAIT,1,"BTC_BELOW,PM5-,PM15+,PM30+"
2026-09-21 18:03:39,1790013818,btc-updown-5m-1790013600,82,85870.83,85897.21,-26.380000000004657,-0.00999999999476131,10.990000000005239,15.75,12.869999999995343,0.67,0.68,0.675,0.32,0.33,0.325,1212.4499999999998,925.92,594.5699999999999,1535.3899999999999,0.13399458466027855,-0.4417078254990704,0.06000000000000005,0.010000000000000009,0.14,1.01,WAIT,1,"BTC_BELOW,PM5+,PM30+"
2026-09-21 18:03:41,1790013820,btc-updown-5m-1790013600,80,85870.83,85897.21,-26.380000000004657,0.0,8.240000000005239,8.580000000001746,-12.64999999999418,0.71,0.72,0.715,0.28,0.29,0.28500000000000003,1035.78,911.39,1577.0,360.31,0.0638824550501497,0.6280306197769072,0.06999999999999995,0.0050000000000000044,0.07999999999999996,1.01,WAIT,-1,"BTC_BELOW,PM5+,PM30+,DOWN_BOOK"
2026-09-21 18:03:43,1790013822,btc-updown-5m-1790013600,78,85870.84,85897.21,-26.370000000009895,0.00999999999476131,0.0,8.580000000001746,-12.630000000004657,0.67,0.68,0.675,0.32,0.33,0.325,986.9300000000001,1252.0,389.4,1109.79,-0.11839137445118869,-0.4805194805194805,0.020000000000000018,-0.07999999999999996,0.06000000000000005,1.01,WAIT,-3,"BTC_BELOW,PM15-"
2026-09-21 18:03:44,1790013824,btc-updown-5m-1790013600,76,85859.49,85897.21,-37.720000000001164,-11.339999999996508,-11.349999999991269,-11.349999999991269,-15.779999999998836,0.48,0.55,0.515,0.49,0.5,0.495,116.00999999999999,415.0,212.86,307.55,-0.5630590761002618,-0.18195269114736454,-0.16000000000000003,-0.16000000000000003,-0.17999999999999994,1.05,DOWN WATCH,-8,"BTC_BELOW,BTC5-,PM5-,PM15-,PM30-"
2026-09-21 18:03:46,1790013825,btc-updown-5m-1790013600,75,85859.49,85897.21,-37.720000000001164,-11.339999999996508,-11.349999999991269,-11.349999999991269,-15.779999999998836,0.5,0.51,0.505,0.5,0.51,0.505,622.61,597.88,996.5699999999999,483.3,0.020262353644847575,0.3468345192483124,-0.20999999999999996,-0.17000000000000004,-0.18999999999999995,1.02,DOWN WATCH,-8,"BTC_BELOW,BTC5-,PM5-,PM15-,PM30-,DOWN_BOOK"
2026-09-21 18:03:48,1790013827,btc-updown-5m-1790013600,73,85859.49,85897.21,-37.720000000001164,-11.349999999991269,-11.349999999991269,-11.339999999996508,-15.779999999998836,0.45,0.46,0.455,0.54,0.55,0.545,364.74,442.77,181.75,714.29,-0.09663038228628744,-0.5943261461541895,-0.22000000000000003,-0.23000000000000004,-0.18,1.01,DOWN WATCH,-6,"BTC_BELOW,BTC5-,PM5-,PM15-,PM30-"
2026-09-21 18:03:50,1790013829,btc-updown-5m-1790013600,71,85859.49,85897.21,-37.720000000001164,0.0,-11.349999999991269,-11.330000000001746,-15.789999999993597,0.48,0.49,0.485,0.47,0.48,0.475,810.22,88.72999999999999,65.0,1140.51,0.8025919127871405,-0.892161823626515,-0.030000000000000027,-0.13,-0.13,0.97,WAIT,-4,"BTC_BELOW,PM5-,PM15-,PM30-,UP_BOOK"
2026-09-21 18:03:51,1790013831,btc-updown-5m-1790013600,69,85859.49,85897.21,-37.720000000001164,0.0,-11.339999999996508,-0.34999999999126885,-4.189999999987776,0.61,0.62,0.615,0.38,0.39,0.385,1470.51,1497.59,1497.59,2272.51,-0.009123681816650358,-0.20554361953263844,0.10999999999999999,-0.040000000000000036,0.05999999999999994,1.01,WAIT,-1,"BTC_BELOW,PM5+"
2026-09-21 18:03:53,1790013832,btc-updown-5m-1790013600,68,85870.83,85897.21,-26.380000000004657,11.339999999996508,0.0,10.990000000005239,7.150000000008731,0.77,0.79,0.78,0.25,0.26,0.255,148.89,159.85,708.28,215.78,-0.03549912547774829,0.5329740493041578,0.325,0.125,0.11499999999999999,1.05,WAIT,2,"BTC_BELOW,BTC5+,PM5+,PM15+,PM30+,DOWN_BOOK"
2026-09-21 18:03:55,1790013834,btc-updown-5m-1790013600,66,85870.84,85897.21,-26.370000000009895,11.349999999991269,0.00999999999476131,8.25,15.75,0.71,0.72,0.715,0.28,0.29,0.28500000000000003,1973.9100000000003,512.77,357.63,735.99,0.5875866617337173,-0.3459702638942229,0.22999999999999998,0.039999999999999925,0.0050000000000000044,1.01,WAIT,2,"BTC_BELOW,BTC5+,PM5+,UP_BOOK"
2026-09-21 18:03:57,1790013836,btc-updown-5m-1790013600,64,85893.2,85897.21,-4.010000000009313,33.70999999999185,22.369999999995343,22.360000000000582,38.11000000000058,0.91,0.92,0.915,0.08,0.09,0.08499999999999999,707.1,711.37,615.39,869.83,-0.0030102857303996432,-0.1713146873863805,0.30000000000000004,0.20000000000000007,0.16000000000000003,1.01,WAIT,7,UP_TOO_EXPENSIVE
2026-09-21 18:03:59,1790013838,btc-updown-5m-1790013600,62,85904.99,85897.21,7.779999999998836,34.16000000000349,34.15000000000873,34.15000000000873,58.49000000000524,0.96,0.97,0.965,0.03,0.04,0.035,1924.02,4502.13,4447.13,1674.87,-0.40119044840223156,0.45283567461613855,0.18499999999999994,0.2899999999999999,0.25,1.01,WAIT,8,UP_TOO_EXPENSIVE
2026-09-21 18:04:00,1790013840,btc-updown-5m-1790013600,60,85905.0,85897.21,7.789999999993597,34.16000000000349,45.50999999999476,34.16000000000349,58.49000000000524,0.96,0.97,0.965,0.03,0.04,0.035,1552.93,4167.929999999999,4469.7,1686.19,-0.45709910747684773,0.45217019797299823,0.25,0.45999999999999996,0.2899999999999999,1.01,WAIT,8,UP_TOO_EXPENSIVE
2026-09-21 18:04:02,1790013841,btc-updown-5m-1790013600,59,85905.0,85897.21,7.789999999993597,11.80000000000291,45.50999999999476,34.16000000000349,49.919999999998254,0.96,0.97,0.965,0.03,0.04,0.035,2378.18,4490.839999999999,4560.839999999999,2350.68,-0.3075635243455398,0.31977915132995344,0.04999999999999993,0.45999999999999996,0.2799999999999999,1.01,WAIT,8,UP_TOO_EXPENSIVE
2026-09-21 18:04:04,1790013843,btc-updown-5m-1790013600,57,85905.0,85897.21,7.789999999993597,0.00999999999476131,45.50999999999476,34.16000000000349,49.91000000000349,0.97,0.98,0.975,0.02,0.03,0.025,2406.54,4103.05,4093.05,2449.44,-0.26061702810776105,0.25122086545031025,0.010000000000000009,0.52,0.36,1.01,WAIT,6,UP_TOO_EXPENSIVE
2026-09-21 18:04:05,1790013845,btc-updown-5m-1790013600,55,85920.01,85897.21,22.79999999998836,15.009999999994761,60.51999999998952,49.179999999993015,64.91999999999825,0.97,0.98,0.975,0.02,0.03,0.025,2897.7200000000003,3514.9300000000003,3318.64,2805.95,-0.09624882069035422,0.08371009324705818,0.010000000000000009,0.49,0.32999999999999996,1.01,WAIT,11,UP_TOO_EXPENSIVE
2026-09-21 18:04:07,1790013846,btc-updown-5m-1790013600,54,85920.01,85897.21,22.79999999998836,15.009999999994761,60.51999999998952,49.179999999993015,64.91999999999825,0.98,0.99,0.985,0.01,0.02,0.015,3293.84,2796.71,2796.71,3112.83,0.08162317032123537,-0.05349316528866881,0.020000000000000018,0.37,0.32999999999999996,1.01,WAIT,11,UP_TOO_EXPENSIVE
2026-09-21 18:04:09,1790013848,btc-updown-5m-1790013600,52,85920.0,85897.21,22.789999999993597,15.0,49.169999999998254,49.169999999998254,64.91999999999825,0.98,0.99,0.985,0.01,0.02,0.015,2998.65,1730.2,1600.09,3196.55,0.26823646341076585,-0.3328288135027853,0.010000000000000009,0.20499999999999996,0.30999999999999994,1.01,WAIT,13,UP_TOO_EXPENSIVE
2026-09-21 18:04:10,1790013850,btc-updown-5m-1790013600,50,85930.91,85897.21,33.69999999999709,10.900000000008731,60.070000000006985,60.080000000001746,68.66000000000349,0.99,,,,0.01,,11669.03,0,0,11684.03,1.0,-1.0,,,,,WAIT,10,UP_TOO_EXPENSIVE
2026-09-21 18:04:12,1790013851,btc-updown-5m-1790013600,49,85930.92,85897.21,33.70999999999185,10.910000000003492,37.720000000001164,60.08999999999651,68.66999999999825,0.99,,,,0.01,,14410.960000000001,0,0,14410.960000000001,1.0,-1.0,,,,,WAIT,10,UP_TOO_EXPENSIVE
2026-09-21 18:04:14,1790013853,btc-updown-5m-1790013600,47,85930.91,85897.21,33.69999999999709,10.910000000003492,25.919999999998254,60.070000000006985,68.65000000000873,0.99,,,,0.01,,16844.96,0,0,16892.88,1.0,-1.0,,,,,WAIT,10,UP_TOO_EXPENSIVE
2026-09-21 18:04:16,1790013855,btc-updown-5m-1790013600,45,85930.91,85897.21,33.69999999999709,0.0,25.910000000003492,71.41999999999825,60.070000000006985,0.99,,,,0.01,,27198.19,0,0,27442.44,1.0,-1.0,,,,,WAIT,9,UP_TOO_EXPENSIVE
2026-09-21 18:04:18,1790013857,btc-updown-5m-1790013600,43,85930.91,85897.21,33.69999999999709,-0.00999999999476131,25.910000000003492,71.41999999999825,60.080000000001746,0.99,,,,0.01,,27234.379999999997,0,0,27218.3,1.0,-1.0,,,,,WAIT,9,UP_TOO_EXPENSIVE
2026-09-21 18:04:19,1790013859,btc-updown-5m-1790013600,41,85930.92,85897.21,33.70999999999185,0.00999999999476131,25.919999999998254,71.42999999999302,60.09999999999127,0.99,,,,0.01,,28207.3,0,0,28109.379999999997,1.0,-1.0,,,,,WAIT,9,UP_TOO_EXPENSIVE
2026-09-21 18:04:21,1790013860,btc-updown-5m-1790013600,40,85930.91,85897.21,33.69999999999709,0.0,10.900000000008731,71.41999999999825,60.08999999999651,0.99,,,,0.01,,28014.87,0,0,28134.87,1.0,-1.0,,,,,WAIT,7,UP_TOO_EXPENSIVE
2026-09-21 18:04:23,1790013862,btc-updown-5m-1790013600,38,85930.92,85897.21,33.70999999999185,0.00999999999476131,10.910000000003492,60.08999999999651,71.08000000000175,0.99,,,,0.01,,28113.769999999997,0,0,28133.769999999997,1.0,-1.0,,,,,WAIT,7,UP_TOO_EXPENSIVE
2026-09-21 18:04:24,1790013864,btc-updown-5m-1790013600,36,85930.92,85897.21,33.70999999999185,0.0,10.919999999998254,60.080000000001746,68.33000000000175,0.99,,,,0.01,,28101.350000000002,0,0,28071.350000000002,1.0,-1.0,,,,,WAIT,7,UP_TOO_EXPENSIVE
2026-09-21 18:04:26,1790013865,btc-updown-5m-1790013600,35,85930.92,85897.21,33.70999999999185,0.00999999999476131,0.00999999999476131,60.080000000001746,68.33000000000175,0.99,,,,0.01,,31050.25,0,0,31172.89,1.0,-1.0,,,,,WAIT,7,UP_TOO_EXPENSIVE
2026-09-21 18:04:28,1790013867,btc-updown-5m-1790013600,33,85930.92,85897.21,33.70999999999185,0.0,0.0,37.720000000001164,60.080000000001746,0.99,,,,0.01,,31201.53,0,0,31732.38,1.0,-1.0,,,,,WAIT,7,UP_TOO_EXPENSIVE
2026-09-21 18:04:30,1790013869,btc-updown-5m-1790013600,31,85930.91,85897.21,33.69999999999709,-0.00999999999476131,0.0,25.919999999998254,60.070000000006985,0.99,,,,0.01,,34324.15,0,0,34314.15,1.0,-1.0,,,,,WAIT,5,"BTC_ABOVE,BTC60+,UP_BOOK"
2026-09-21 18:04:31,1790013871,btc-updown-5m-1790013600,29,85930.92,85897.21,33.70999999999185,0.0,0.00999999999476131,25.919999999998254,60.080000000001746,0.99,,,,0.01,,34028.27,0,0,34036.17,1.0,-1.0,,,,,WAIT,5,"BTC_ABOVE,BTC60+,UP_BOOK"
2026-09-21 18:04:33,1790013872,btc-updown-5m-1790013600,28,85930.92,85897.21,33.70999999999185,0.0,0.00999999999476131,25.919999999998254,60.080000000001746,0.99,,,,0.01,,34066.27,0,0,34046.27,1.0,-1.0,,,,,WAIT,5,"BTC_ABOVE,BTC60+,UP_BOOK"
2026-09-21 18:04:35,1790013874,btc-updown-5m-1790013600,26,85930.92,85897.21,33.70999999999185,0.00999999999476131,0.0,25.919999999998254,60.080000000001746,0.99,,,,0.01,,48005.270000000004,0,0,48035.270000000004,1.0,-1.0,,,,,WAIT,5,"BTC_ABOVE,BTC60+,UP_BOOK"
2026-09-21 18:04:36,1790013876,btc-updown-5m-1790013600,24,85930.91,85897.21,33.69999999999709,-0.00999999999476131,0.0,10.900000000008731,60.080000000001746,0.99,,,,0.01,,48060.270000000004,0,0,52227.270000000004,1.0,-1.0,,,,,WAIT,5,"BTC_ABOVE,BTC60+,UP_BOOK"
2026-09-21 18:04:38,1790013877,btc-updown-5m-1790013600,23,85930.91,85897.21,33.69999999999709,-0.00999999999476131,-0.00999999999476131,10.900000000008731,60.080000000001746,0.99,,,,0.01,,52272.37,0,0,52226.11,1.0,-1.0,,,,,WAIT,5,"BTC_ABOVE,BTC60+,UP_BOOK"
2026-09-21 18:04:40,1790013879,btc-updown-5m-1790013600,21,85930.92,85897.21,33.70999999999185,0.0,0.0,10.919999999998254,60.08999999999651,0.99,,,,0.01,,52429.030000000006,0,0,50006.76,1.0,-1.0,,,,,WAIT,5,"BTC_ABOVE,BTC60+,UP_BOOK"
2026-09-21 18:04:41,1790013881,btc-updown-5m-1790013600,19,85930.92,85897.21,33.70999999999185,0.00999999999476131,0.0,0.0,60.08999999999651,0.99,,,,0.01,,51503.600000000006,0,0,51753.600000000006,1.0,-1.0,,,,,WAIT,0,TIME_FILTER
2026-09-21 18:04:43,1790013882,btc-updown-5m-1790013600,18,85930.92,85897.21,33.70999999999185,0.00999999999476131,0.0,0.0,60.080000000001746,0.99,,,,0.01,,51853.600000000006,0,0,51853.600000000006,1.0,-1.0,,,,,WAIT,0,TIME_FILTER
2026-09-21 18:04:45,1790013884,btc-updown-5m-1790013600,16,85930.91,85897.21,33.69999999999709,-0.00999999999476131,0.0,0.0,71.41999999999825,0.99,,,,0.01,,51159.11,0,0,51179.11,1.0,-1.0,,,,,WAIT,0,TIME_FILTER
2026-09-21 18:04:47,1790013886,btc-updown-5m-1790013600,14,85930.91,85897.21,33.69999999999709,-0.00999999999476131,-0.00999999999476131,0.0,71.41999999999825,0.99,,,,0.01,,51545.11,0,0,51545.11,1.0,-1.0,,,,,WAIT,0,TIME_FILTER
2026-09-21 18:04:48,1790013888,btc-updown-5m-1790013600,12,85930.91,85897.21,33.69999999999709,-0.00999999999476131,-0.00999999999476131,0.0,71.41999999999825,0.99,,,,0.01,,52197.87,0,0,52197.87,1.0,-1.0,,,,,WAIT,0,TIME_FILTER
2026-09-21 18:04:50,1790013889,btc-updown-5m-1790013600,11,85930.91,85897.21,33.69999999999709,0.0,-0.00999999999476131,-0.00999999999476131,71.41999999999825,0.99,,,,0.01,,52257.920000000006,0,0,52257.920000000006,1.0,-1.0,,,,,WAIT,0,TIME_FILTER
2026-09-21 18:04:52,1790013891,btc-updown-5m-1790013600,9,85968.87,85897.21,71.65999999998894,37.95999999999185,37.95999999999185,37.95999999999185,109.3799999999901,0.99,,,,0.01,,52390.170000000006,0,0,52410.270000000004,1.0,-1.0,,,,,WAIT,0,TIME_FILTER
2026-09-21 18:04:54,1790013893,btc-updown-5m-1790013600,7,85968.87,85897.21,71.65999999998894,37.95999999999185,37.95999999999185,37.94999999999709,98.0399999999936,0.99,,,,0.01,,60765.61,0,0,60572.69,1.0,-1.0,,,,,WAIT,0,TIME_FILTER
2026-09-21 18:04:55,1790013895,btc-updown-5m-1790013600,5,85968.87,85897.21,71.65999999998894,37.95999999999185,37.94999999999709,37.94999999999709,98.02999999999884,0.99,,,,0.01,,60664.950000000004,0,0,60685.36,1.0,-1.0,,,,,WAIT,0,TIME_FILTER
2026-09-21 18:04:57,1790013896,btc-updown-5m-1790013600,4,85969.28,85897.21,72.06999999999243,0.41000000000349246,38.36000000000058,38.36000000000058,76.08000000000175,0.99,,,,0.01,,60555.36,0,0,60555.36,1.0,-1.0,,,,,WAIT,0,TIME_FILTER
2026-09-21 18:04:59,1790013898,btc-updown-5m-1790013600,2,85971.76,85897.21,74.54999999998836,2.889999999999418,40.83999999999651,40.83999999999651,66.76999999998952,0.99,,,,0.01,,72034.13,0,0,72029.23,1.0,-1.0,,,,,WAIT,0,TIME_FILTER
2026-09-21 18:05:01,1790013900,btc-updown-5m-1790013900,300,85971.77,85971.77,0.0,,,,,0.62,0.63,0.625,0.37,0.38,0.375,617.0,325.23,515.51,1171.0,0.30965900045636413,-0.38866653621976743,,,,1.01,WAIT,0,TIME_FILTER
2026-09-21 18:05:03,1790013902,btc-updown-5m-1790013900,298,85971.76,85971.77,-0.010000000009313226,,,,,0.65,0.66,0.655,0.34,0.35,0.345,1596.97,3714.17,1346.8600000000001,1794.31,-0.3986338149625127,-0.14244692264347356,,,,1.01,WAIT,0,TIME_FILTER
2026-09-21 18:05:05,1790013904,btc-updown-5m-1790013900,296,85971.77,85971.77,0.0,,,,,0.64,0.65,0.645,0.35,0.36,0.355,1045.97,2575.79,3999.73,1012.26,-0.4223968457324615,0.596064637000473,,,,1.01,WAIT,0,TIME_FILTER
2026-09-21 18:05:06,1790013906,btc-updown-5m-1790013900,294,85970.58,85971.77,-1.1900000000023283,-1.1900000000023283,,,,0.66,0.67,0.665,0.33,0.34,0.335,2432.57,1267.36,622.38,2535.05,0.3149275797109676,-0.6057679821880453,0.040000000000000036,,,1.01,WAIT,0,TIME_FILTER
2026-09-21 18:05:08,1790013907,btc-updown-5m-1790013900,293,85970.58,85971.77,-1.1900000000023283,-1.179999999993015,,,,0.65,0.66,0.655,0.34,0.35,0.345,2323.08,3479.5499999999997,2508.4,2389.54,-0.1993010066125188,0.024267345047101457,0.0,,,1.01,WAIT,0,TIME_FILTER
2026-09-21 18:05:10,1790013909,btc-updown-5m-1790013900,291,85947.81,85971.77,-23.960000000006403,-23.960000000006403,,,,0.54,0.55,0.545,0.45,0.46,0.455,1689.53,2310.4700000000003,1519.0,3144.88,-0.15523500000000007,-0.34861102772798613,-0.09999999999999998,,,1.01,WAIT,0,TIME_FILTER
2026-09-21 18:05:12,1790013911,btc-updown-5m-1790013900,289,85947.81,85971.77,-23.960000000006403,-22.770000000004075,,,,0.59,0.6,0.595,0.4,0.41,0.405,1844.0,3393.04,3443.04,1131.0,-0.2957854054962345,0.5054700002623501,-0.07000000000000006,,,1.01,WAIT,0,TIME_FILTER
2026-09-21 18:05:14,1790013913,btc-updown-5m-1790013900,287,85947.81,85971.77,-23.960000000006403,-22.770000000004075,,,,0.58,0.59,0.585,0.41,0.42,0.415,3209.45,2084.9100000000003,2194.09,2183.86,0.21240338775602705,0.002336710104044134,-0.07000000000000006,,,1.01,WAIT,0,TIME_FILTER
2026-09-21 18:05:15,1790013915,btc-updown-5m-1790013900,285,85947.81,85971.77,-23.960000000006403,0.0,-23.960000000006403,,,0.6,0.61,0.605,0.37,0.38,0.375,2734.26,1234.0,224.0,4596.51,0.3780649453412831,-0.9070637754096559,0.05999999999999994,-0.020000000000000018,,0.99,WAIT,0,TIME_FILTER
2026-09-21 18:05:17,1790013916,btc-updown-5m-1790013900,284,85961.14,85971.77,-10.630000000004657,13.330000000001746,-10.630000000004657,,,0.65,0.66,0.655,0.34,0.35,0.345,1869.6499999999999,3918.3599999999997,2947.8599999999997,1516.2999999999997,-0.35395757782035625,0.32067847030572383,0.06000000000000005,0.030000000000000027,,1.01,WAIT,0,TIME_FILTER
2026-09-21 18:05:19,1790013918,btc-updown-5m-1790013900,282,85961.13,85971.77,-10.639999999999418,13.320000000006985,-10.629999999990105,,,0.64,0.65,0.645,0.35,0.36,0.355,2190.79,3361.0099999999998,3311.4799999999996,2200.85,-0.21078208869195575,0.20148104340632722,0.06000000000000005,-0.010000000000000009,,1.01,WAIT,0,TIME_FILTER
2026-09-21 18:05:20,1790013920,btc-updown-5m-1790013900,280,85961.14,85971.77,-10.630000000004657,13.330000000001746,-10.630000000004657,,,0.64,0.65,0.645,0.35,0.36,0.355,2052.65,4191.7,4131.7,2080.81,-0.3425576721356105,0.3301226074485192,0.040000000000000036,0.0,,1.01,WAIT,0,TIME_FILTER
2026-09-21 18:05:22,1790013921,btc-updown-5m-1790013900,279,85961.14,85971.77,-10.630000000004657,0.0,-9.440000000002328,,,0.65,0.66,0.655,0.34,0.35,0.345,2914.5,2078.3199999999997,1568.82,2930.5,0.16747649624861308,-0.3026412880168559,0.0,-0.010000000000000009,,1.01,WAIT,0,TIME_FILTER
2026-09-21 18:05:24,1790013923,btc-updown-5m-1790013900,277,85961.13,85971.77,-10.639999999999418,0.0,-9.44999999999709,,,0.65,0.66,0.655,0.34,0.35,0.345,1905.79,3675.8399999999997,3109.6099999999997,1983.75,-0.31712062605367963,0.22104465421647002,0.010000000000000009,0.0,,1.01,WAIT,0,TIME_FILTER
2026-09-21 18:05:26,1790013925,btc-updown-5m-1790013900,275,85970.6,85971.77,-1.1699999999982538,9.460000000006403,22.79000000000815,,,0.67,0.68,0.675,0.32,0.33,0.325,1242.3700000000001,2793.44,2051.44,1309.06,-0.384326814195911,0.22091355453057585,0.030000000000000027,0.13,,1.01,WAIT,0,TIME_FILTER
2026-09-21 18:05:27,1790013927,btc-updown-5m-1790013900,273,85970.61,85971.77,-1.1600000000034925,9.470000000001164,22.80000000000291,,,0.67,0.68,0.675,0.32,0.33,0.325,1385.38,2802.05,1931.05,1215.77,-0.3383149091447499,0.22730248314171134,0.020000000000000018,0.08000000000000007,,1.01,WAIT,0,TIME_FILTER
2026-09-21 18:05:29,1790013928,btc-updown-5m-1790013900,272,85970.61,85971.77,-1.1600000000034925,9.479999999995925,22.80000000000291,,,0.64,0.65,0.645,0.36,0.37,0.365,776.0,3643.43,3510.41,1051.48,-0.6488234908121635,0.5390156272948274,-0.010000000000000009,0.06000000000000005,,1.02,WAIT,0,TIME_FILTER
2026-09-21 18:05:31,1790013930,btc-updown-5m-1790013900,270,85970.6,85971.77,-1.1699999999982538,0.0,22.79000000000815,-1.1699999999982538,,0.63,0.64,0.635,0.36,0.37,0.365,1539.92,3030.5699999999997,3164.73,1243.46,-0.3261466494839721,0.4358410141123681,-0.040000000000000036,0.030000000000000027,0.010000000000000009,1.01,WAIT,-1,"BTC15+,PM5-,DOWN_BOOK"
2026-09-21 18:05:33,1790013932,btc-updown-5m-1790013900,268,85970.61,85971.77,-1.1600000000034925,0.0,9.470000000001164,-1.1499999999941792,,0.63,0.64,0.635,0.36,0.37,0.365,1354.14,3254.22,3120.13,1477.42,-0.4123115381610811,0.3573011712760057,-0.040000000000000036,-0.020000000000000018,-0.020000000000000018,1.01,WAIT,-3,"PM5-,DOWN_BOOK"
2026-09-21 18:05:34,1790013934,btc-updown-5m-1790013900,266,85970.61,85971.77,-1.1600000000034925,0.0,9.479999999995925,-1.1600000000034925,,0.63,0.64,0.635,0.36,0.37,0.365,2737.29,2730.92,2721.31,2711.51,0.0011649150270380785,0.0018038514068199807,-0.010000000000000009,-0.010000000000000009,-0.010000000000000009,1.01,WAIT,0,
2026-09-21 18:05:36,1790013935,btc-updown-5m-1790013900,265,85970.6,85971.77,-1.1699999999982538,0.0,9.460000000006403,-1.1699999999982538,,0.64,0.65,0.645,0.35,0.36,0.355,3389.22,1801.7899999999997,1886.7899999999997,3469.22,0.30580368752901654,-0.2954494110354537,0.010000000000000009,0.0,0.0,1.01,WAIT,2,UP_BOOK
2026-09-21 18:05:38,1790013937,btc-updown-5m-1790013900,263,85970.6,85971.77,-1.1699999999982538,-0.00999999999476131,9.460000000006403,0.020000000004074536,,0.64,0.65,0.645,0.35,0.36,0.355,1539.5500000000002,2861.29,2951.29,1490.5500000000002,-0.3003381172685214,0.32885921149793773,0.010000000000000009,-0.010000000000000009,-0.010000000000000009,1.01,WAIT,-2,DOWN_BOOK
2026-09-21 18:05:40,1790013939,btc-updown-5m-1790013900,261,85970.6,85971.77,-1.1699999999982538,-0.00999999999476131,9.470000000001164,22.79000000000815,,0.64,0.65,0.645,0.35,0.36,0.355,1465.5500000000002,3161.2299999999996,3161.2299999999996,1485.5500000000002,-0.36649246344109715,0.3606110037488324,0.010000000000000009,-0.010000000000000009,0.09999999999999998,1.01,WAIT,-1,"PM30+,DOWN_BOOK"
2026-09-21 18:05:41,1790013941,btc-updown-5m-1790013900,259,85970.6,85971.77,-1.1699999999982538,0.0,0.0,22.79000000000815,,0.64,0.65,0.645,0.35,0.36,0.355,2148.8399999999997,1790.5199999999998,1940.5199999999998,2118.7599999999998,0.09095893749238454,-0.043909264697187686,0.0,-0.030000000000000027,0.050000000000000044,1.01,WAIT,0,
2026-09-21 18:05:43,1790013942,btc-updown-5m-1790013900,258,85970.6,85971.77,-1.1699999999982538,0.0,-0.00999999999476131,22.79000000000815,,0.64,0.65,0.645,0.35,0.36,0.355,3563.5299999999997,1394.8899999999999,1538.6699999999998,3073.8199999999997,0.4373651284078396,-0.3328245698093654,0.0,-0.030000000000000027,0.050000000000000044,1.01,WAIT,2,UP_BOOK
2026-09-21 18:05:45,1790013944,btc-updown-5m-1790013900,256,85961.14,85971.77,-10.630000000004657,-9.460000000006403,-9.470000000001164,13.330000000001746,,0.6,0.61,0.605,0.37,0.38,0.375,1903.1499999999999,112.07,679.42,3474.53,0.888776411508421,-0.6728800298511056,-0.040000000000000036,-0.040000000000000036,0.020000000000000018,0.99,WAIT,1,"PM5-,UP_BOOK"
2026-09-21 18:05:47,1790013946,btc-updown-5m-1790013900,254,85969.24,85971.77,-2.529999999998836,-1.360000000000582,-1.360000000000582,8.10000000000582,,0.69,0.7,0.695,0.31,0.32,0.315,1107.0,2345.91,2990.7599999999998,903.1400000000001,-0.35880170638678677,0.5361257351241686,0.04999999999999993,0.05999999999999994,0.039999999999999925,1.02,WAIT,1,"PM5+,PM15+,DOWN_BOOK"
2026-09-21 18:05:48,1790013948,btc-updown-5m-1790013900,252,85969.24,85971.77,-2.529999999998836,-1.360000000000582,-1.3699999999953434,8.110000000000582,,0.68,0.69,0.685,0.31,0.32,0.315,1180.84,2798.66,2828.66,1180.84,-0.4065385098630481,0.4109789250529991,0.040000000000000036,0.050000000000000044,0.040000000000000036,1.01,WAIT,1,"PM5+,PM15+,DOWN_BOOK"
2026-09-21 18:05:50,1790013949,btc-updown-5m-1790013900,251,85969.23,85971.77,-2.540000000008149,8.089999999996508,-1.3800000000046566,8.099999999991269,,0.68,0.69,0.685,0.31,0.32,0.315,1039.18,4955.44,4965.44,960.9900000000001,-0.6532957885570727,0.675693461324946,0.08000000000000007,0.050000000000000044,0.040000000000000036,1.01,WAIT,1,"PM5+,PM15+,DOWN_BOOK"
2026-09-21 18:05:52,1790013951,btc-updown-5m-1790013900,249,85969.99,85971.77,-1.7799999999988358,0.75,-0.6100000000005821,8.85000000000582,,0.68,0.69,0.685,0.31,0.32,0.315,2903.71,2244.12,2477.06,1300.66,0.12812971679328963,0.3114047626610759,-0.009999999999999898,0.040000000000000036,0.030000000000000027,1.01,WAIT,-1,DOWN_BOOK
2026-09-21 18:05:54,1790013953,btc-updown-5m-1790013900,247,85976.13,85971.77,4.360000000000582,6.889999999999418,5.529999999998836,15.0,,0.71,0.72,0.715,0.28,0.29,0.28500000000000003,1219.23,2929.5199999999995,3039.5199999999995,582.23,-0.41224224163904777,0.6784813971146545,0.029999999999999916,0.06999999999999995,0.05999999999999994,1.01,WAIT,0,"PM15+,DOWN_BOOK"
2026-09-21 18:05:55,1790013955,btc-updown-5m-1790013900,245,85976.13,85971.77,4.360000000000582,6.900000000008731,5.529999999998836,5.529999999998836,,0.68,0.7,0.69,0.31,0.32,0.315,669.0,3143.75,2949.6,1495.06,-0.6490721919874106,0.32725562810203707,0.004999999999999893,0.04499999999999993,0.014999999999999902,1.02,WAIT,-2,DOWN_BOOK
2026-09-21 18:05:57,1790013956,btc-updown-5m-1790013900,244,85976.13,85971.77,4.360000000000582,6.139999999999418,5.529999999998836,5.529999999998836,,0.68,0.69,0.685,0.31,0.32,0.315,2164.31,1465.61,1940.61,2109.31,0.19248358090536433,-0.04165514380530975,0.0,0.040000000000000036,0.010000000000000009,1.01,WAIT,0,
2026-09-21 18:05:59,1790013958,btc-updown-5m-1790013900,242,85976.14,85971.77,4.369999999995343,0.00999999999476131,5.539999999993597,5.529999999998836,,0.68,0.69,0.685,0.31,0.32,0.315,3066.01,2283.04,2262.74,3086.01,0.1463755246258682,-0.15391820518812815,-0.029999999999999916,0.040000000000000036,0.040000000000000036,1.01,WAIT,0,
2026-09-21 18:06:01,1790013960,btc-updown-5m-1790013900,240,85976.13,85971.77,4.360000000000582,0.0,14.990000000005239,5.529999999998836,4.360000000000582,0.68,0.69,0.685,0.31,0.32,0.315,4294.28,1525.36,1530.1399999999999,4144.28,0.47578888041184686,-0.4606884932733213,-0.004999999999999893,0.08000000000000007,0.050000000000000044,1.01,WAIT,4,"PM15+,UP_BOOK"
2026-09-21 18:06:02,1790013962,btc-updown-5m-1790013900,238,85980.77,85971.77,9.0,4.639999999999418,11.529999999998836,10.160000000003492,9.010000000009313,0.74,0.75,0.745,0.25,0.26,0.255,2157.54,1666.33,1709.6399999999999,2176.54,0.12845886497187406,-0.12014368866084435,0.05999999999999994,0.050000000000000044,0.10999999999999999,1.01,WAIT,4,"PM5+,PM15+,PM30+"
2026-09-21 18:06:04,1790013963,btc-updown-5m-1790013900,237,85980.77,85971.77,9.0,4.630000000004657,11.529999999998836,10.160000000003492,9.010000000009313,0.74,0.75,0.745,0.25,0.26,0.255,1755.0900000000001,2301.41,2362.79,1830.9500000000003,-0.13467767780105996,0.12681759002704024,0.05999999999999994,0.05999999999999994,0.10999999999999999,1.01,WAIT,4,"PM5+,PM15+,PM30+"
2026-09-21 18:06:06,1790013965,btc-updown-5m-1790013900,235,85980.77,85971.77,9.0,4.639999999999418,11.540000000008149,10.169999999998254,9.0,0.74,0.75,0.745,0.25,0.26,0.255,1837.29,2716.96,2687.99,2324.2000000000003,-0.19315364769171656,0.07258104740642303,0.05999999999999994,0.05999999999999994,0.09999999999999998,1.01,WAIT,4,"PM5+,PM15+,PM30+"
2026-09-21 18:06:08,1790013967,btc-updown-5m-1790013900,233,85980.77,85971.77,9.0,0.0,10.779999999998836,10.169999999998254,10.190000000002328,0.74,0.75,0.745,0.25,0.26,0.255,2429.82,2527.8999999999996,1895.68,3579.08,-0.01978328747892166,-0.3074837983765498,0.0,0.05999999999999994,0.09999999999999998,1.01,WAIT,4,"PM15+,PM30+"
2026-09-21 18:06:09,1790013969,btc-updown-5m-1790013900,231,85987.2,85971.77,15.429999999993015,6.429999999993015,11.069999999992433,16.59999999999127,39.38999999999942,0.75,0.76,0.755,0.24,0.25,0.245,3128.76,1898.58,2392.73,2680.51,0.24469799138311715,-0.05672509086895164,0.010000000000000009,0.040000000000000036,0.10999999999999999,1.01,WAIT,1,PM30+
2026-09-21 18:06:11,1790013970,btc-updown-5m-1790013900,230,85987.2,85971.77,15.429999999993015,6.429999999993015,11.069999999992433,16.59999999999127,39.38999999999942,0.75,0.76,0.755,0.24,0.25,0.245,2635.11,2419.09,2029.69,2635.51,0.042740690910529844,-0.12985938437794736,0.010000000000000009,0.06500000000000006,0.10999999999999999,1.01,WAIT,3,"PM15+,PM30+"
2026-09-21 18:06:13,1790013972,btc-updown-5m-1790013900,228,85987.21,85971.77,15.440000000002328,6.440000000002328,11.080000000001746,16.610000000000582,39.40000000000873,0.77,0.78,0.775,0.23,0.24,0.235,2274.1800000000003,2406.42,4965.79,404.85,-0.028252788104089172,0.8492358452623895,0.030000000000000027,0.08999999999999997,0.13,1.02,WAIT,3,"PM5+,PM15+,PM30+,DOWN_BOOK"
2026-09-21 18:06:15,1790013974,btc-updown-5m-1790013900,226,85987.21,85971.77,15.440000000002328,0.010000000009313226,11.070000000006985,26.070000000006985,39.40000000000873,0.74,0.75,0.745,0.25,0.26,0.255,2646.29,1991.64,2042.5100000000002,2476.38,0.14115133259881021,-0.09601251634804119,-0.010000000000000009,0.05999999999999994,0.14,1.01,WAIT,3,"PM15+,PM30+"
2026-09-21 18:06:16,1790013976,btc-updown-5m-1790013900,224,85987.21,85971.77,15.440000000002328,0.010000000009313226,11.080000000001746,17.970000000001164,26.070000000006985,0.74,0.75,0.745,0.25,0.26,0.255,3277.6,1907.43,1565.4299999999998,3507.6,0.2642549802026218,-0.3828422067285232,-0.010000000000000009,0.05999999999999994,0.050000000000000044,1.01,WAIT,4,"PM15+,UP_BOOK"
2026-09-21 18:06:18,1790013977,btc-updown-5m-1790013900,223,85987.22,85971.77,15.44999999999709,0.00999999999476131,6.44999999999709,17.979999999995925,26.080000000001746,0.75,0.76,0.755,0.24,0.25,0.245,3509.09,2402.69,2744.93,3588.09,0.18715175463227657,-0.1331371130992797,-0.020000000000000018,0.010000000000000009,0.06000000000000005,1.01,WAIT,0,
2026-09-21 18:06:20,1790013979,btc-updown-5m-1790013900,221,85987.21,85971.77,15.440000000002328,0.0,6.440000000002328,17.980000000010477,26.080000000001746,0.75,0.76,0.755,0.24,0.25,0.245,3894.31,2559.09,2624.3,3919.34,0.2069017882046673,-0.19790819788374664,0.010000000000000009,0.010000000000000009,0.06999999999999995,1.01,WAIT,0,
2026-09-21 18:06:21,1790013981,btc-updown-5m-1790013900,219,85970.48,85971.77,-1.290000000008149,-16.730000000010477,-10.290000000008149,0.4899999999906868,9.339999999996508,0.63,0.64,0.635,0.36,0.37,0.365,1850.82,2208.69,2160.12,1845.82,-0.08815595970942308,0.07845848914362172,-0.10999999999999999,-0.10999999999999999,-0.050000000000000044,1.01,WAIT,-4,"BTC5-,PM5-,PM15-"
2026-09-21 18:06:23,1790013982,btc-updown-5m-1790013900,218,85945.67,85971.77,-26.10000000000582,-41.55000000000291,-35.10000000000582,-24.320000000006985,-15.470000000001164,0.53,0.54,0.535,0.46,0.47,0.46499999999999997,750.97,1393.03,616.03,3480.87,-0.29946828358208955,-0.6992701798921136,-0.21999999999999997,-0.20999999999999996,-0.15000000000000002,1.01,DOWN WATCH,-9,"BTC_BELOW,BTC5-,BTC15-,PM5-,PM15-,PM30-"
2026-09-21 18:06:25,1790013984,btc-updown-5m-1790013900,216,85945.67,85971.77,-26.10000000000582,-41.54000000000815,-41.529999999998836,-30.460000000006403,-15.460000000006403,0.54,0.55,0.545,0.45,0.47,0.45999999999999996,2624.34,1909.23,2364.65,399.69,0.157736618161846,0.7108242835541214,-0.20999999999999996,-0.20999999999999996,-0.16999999999999993,1.02,DOWN WATCH,-12,"BTC_BELOW,BTC5-,BTC15-,BTC30-,PM5-,PM15-,PM30-,DOWN_BOOK"
2026-09-21 18:06:27,1790013986,btc-updown-5m-1790013900,214,85944.09,85971.77,-27.680000000007567,-26.389999999999418,-43.11000000000058,-32.04000000000815,-26.510000000009313,0.61,0.62,0.615,0.38,0.39,0.385,1012.12,2221.94,2381.94,934.84,-0.3740870608461192,0.43629664915972716,-0.020000000000000018,-0.14,-0.07000000000000006,1.01,DOWN WATCH,-12,"BTC_BELOW,BTC5-,BTC15-,BTC30-,PM15-,PM30-,DOWN_BOOK"
2026-09-21 18:06:28,1790013988,btc-updown-5m-1790013900,212,85944.1,85971.77,-27.669999999998254,-1.569999999992433,-43.11000000000058,-32.0399999999936,-26.50999999999476,0.58,0.59,0.585,0.41,0.42,0.415,1130.43,3096.14,3137.88,558.43,-0.46508398062731715,0.6978446071893322,0.04999999999999993,-0.19000000000000006,-0.10000000000000009,1.01,DOWN WATCH,-10,"BTC_BELOW,BTC15-,BTC30-,PM5+,PM15-,PM30-,DOWN_BOOK"
2026-09-21 18:06:30,1790013989,btc-updown-5m-1790013900,211,85944.09,85971.77,-27.680000000007567,-1.5800000000017462,-43.120000000009895,-32.05000000000291,-26.520000000004075,0.58,0.59,0.585,0.41,0.42,0.415,1525.38,3211.34,3203.78,640.63,-0.35593406407809625,0.666721291433536,0.039999999999999925,-0.16000000000000003,-0.10000000000000009,1.01,DOWN WATCH,-10,"BTC_BELOW,BTC15-,BTC30-,PM5+,PM15-,PM30-,DOWN_BOOK"
2026-09-21 18:06:32,1790013991,btc-updown-5m-1790013900,209,85944.1,85971.77,-27.669999999998254,0.010000000009313226,-43.11000000000058,-32.029999999998836,-26.5,0.58,0.59,0.585,0.41,0.42,0.415,2370.7400000000002,2914.26,2929.0400000000004,913.92,-0.10284200567644276,0.5243666340529176,-0.030000000000000027,-0.16000000000000003,-0.10000000000000009,1.01,DOWN WATCH,-11,"BTC_BELOW,BTC15-,BTC30-,PM5-,PM15-,PM30-,DOWN_BOOK"
2026-09-21 18:06:33,1790013993,btc-updown-5m-1790013900,207,85944.09,85971.77,-27.680000000007567,-0.010000000009313226,-43.13000000000466,-36.68000000000757,-26.520000000004075,0.58,0.59,0.585,0.41,0.42,0.415,2523.75,2408.2200000000003,2583.2200000000003,926.46,0.023424716695356975,0.47205443231291744,0.0,-0.17000000000000004,-0.16000000000000003,1.01,DOWN WATCH,-10,"BTC_BELOW,BTC15-,BTC30-,PM15-,PM30-,DOWN_BOOK"
2026-09-21 18:06:35,1790013994,btc-updown-5m-1790013900,206,85944.09,85971.77,-27.680000000007567,0.0,-43.120000000009895,-36.68000000000757,-26.520000000004075,0.55,0.56,0.555,0.44,0.45,0.445,390.0,3210.4700000000003,2367.9700000000003,795.0,-0.7833616166778227,0.49730790997069213,-0.029999999999999916,-0.19999999999999996,-0.18999999999999995,1.01,DOWN WATCH,-11,"BTC_BELOW,BTC15-,BTC30-,PM15-,PM30-,DOWN_BOOK"
2026-09-21 18:06:37,1790013996,btc-updown-5m-1790013900,204,85957.1,85971.77,-14.669999999998254,13.0,-13.379999999990105,-23.669999999998254,-13.5,0.66,0.67,0.665,0.3,0.31,0.305,2966.84,793.11,1556.5,1596.45,0.5781273687150095,-0.01267067349624956,0.08000000000000007,0.030000000000000027,-0.07999999999999996,0.98,WAIT,2,"BTC5+,PM5+,PM30-,UP_BOOK"
2026-09-21 18:06:39,1790013998,btc-updown-5m-1790013900,202,85960.6,85971.77,-11.169999999998254,16.510000000009313,14.930000000007567,-20.169999999998254,-10.0,0.64,0.65,0.645,0.35,0.36,0.355,2808.17,2038.0,2139.07,3075.3900000000003,0.15892343850917323,-0.17956221737246042,0.06000000000000005,0.10999999999999999,-0.09999999999999998,1.01,WAIT,3,"BTC5+,PM5+,PM15+,PM30-"
2026-09-21 18:06:41,1790014000,btc-updown-5m-1790013900,200,85960.61,85971.77,-11.160000000003492,16.520000000004075,14.940000000002328,-26.589999999996508,-9.990000000005239,0.64,0.65,0.645,0.35,0.36,0.355,3246.98,2687.74,2237.46,3738.9800000000005,0.0942319098457889,-0.2512398685505084,0.08999999999999997,0.09999999999999998,-0.10999999999999999,1.01,WAIT,4,"BTC5+,PM5+,PM15+,PM30-"
2026-09-21 18:06:43,1790014002,btc-updown-5m-1790013900,198,85960.61,85971.77,-11.160000000003492,3.5099999999947613,16.520000000004075,-26.60000000000582,-9.990000000005239,0.65,0.66,0.655,0.35,0.36,0.355,1425.31,3721.6499999999996,3112.51,3396.38,-0.44615462331162475,-0.04361265899408346,-0.010000000000000009,0.040000000000000036,-0.12,1.02,WAIT,-2,PM30-
2026-09-21 18:06:44,1790014004,btc-updown-5m-1790013900,196,85957.86,85971.77,-13.910000000003492,-2.7400000000052387,13.770000000004075,-29.35000000000582,-3.279999999998836,0.6,0.61,0.605,0.4,0.41,0.405,1369.63,2644.6,2178.1,1540.67,-0.31761259319969204,0.17140882603656582,-0.040000000000000036,0.020000000000000018,-0.14,1.02,WAIT,-3,"PM5-,PM30-"
2026-09-21 18:06:46,1790014005,btc-updown-5m-1790013900,195,85957.85,85971.77,-13.919999999998254,-2.7599999999947613,13.760000000009313,-29.360000000000582,-3.289999999993597,0.65,0.66,0.655,0.34,0.35,0.345,1504.8500000000001,3347.92,1873.2600000000002,1625.94,-0.3797975177063821,0.07067901234567905,0.010000000000000009,0.07000000000000006,-0.08999999999999997,1.01,WAIT,0,"PM15+,PM30-"
2026-09-21 18:06:48,1790014007,btc-updown-5m-1790013900,193,85957.86,85971.77,-13.910000000003492,-2.75,13.759999999994761,-29.360000000000582,-11.380000000004657,0.65,0.66,0.655,0.34,0.35,0.345,1363.92,4101.24,2291.78,1348.92,-0.5008673122104385,0.258977669129563,0.0,0.07000000000000006,-0.09999999999999998,1.01,WAIT,-1,"PM15+,PM30-,DOWN_BOOK"
2026-09-21 18:06:50,1790014009,btc-updown-5m-1790013900,191,85957.85,85971.77,-13.919999999998254,-0.00999999999476131,13.760000000009313,-29.360000000000582,-11.379999999990105,0.65,0.66,0.655,0.34,0.35,0.345,853.88,4097.91,2807.41,283.88,-0.6551226930059635,0.81633557511589,0.050000000000000044,0.09999999999999998,-0.09999999999999998,1.01,WAIT,0,"PM5+,PM15+,PM30-,DOWN_BOOK"
2026-09-21 18:06:52,1790014011,btc-updown-5m-1790013900,189,85957.85,85971.77,-13.919999999998254,0.0,0.75,-12.629999999990105,-12.139999999999418,0.64,0.65,0.645,0.35,0.36,0.355,3279.04,2726.3399999999997,2705.0699999999997,3436.62,0.09203414271869563,-0.11911216619529807,-0.010000000000000009,-0.020000000000000018,0.010000000000000009,1.01,WAIT,0,
2026-09-21 18:06:53,1790014013,btc-updown-5m-1790013900,187,85971.38,85971.77,-0.3899999999994179,13.520000000004075,10.779999999998836,25.710000000006403,-4.75,0.75,0.76,0.755,0.24,0.25,0.245,1419.88,1889.99,1833.57,1361.8400000000001,-0.14203276865858777,0.14762737802034787,0.09999999999999998,0.10999999999999999,0.21999999999999997,1.01,WAIT,5,"BTC5+,PM5+,PM15+,PM30+"
2026-09-21 18:06:55,1790014014,btc-updown-5m-1790013900,186,85976.64,85971.77,4.869999999995343,18.789999999993597,16.039999999993597,30.970000000001164,0.5099999999947613,0.75,0.76,0.755,0.24,0.25,0.245,617.43,3199.58,3874.19,1105.43,-0.6764849974194461,0.5560183307159985,0.09999999999999998,0.10999999999999999,0.20999999999999996,1.01,WAIT,5,"BTC5+,BTC30+,PM5+,PM15+,PM30+,DOWN_BOOK"
2026-09-21 18:06:57,1790014016,btc-updown-5m-1790013900,184,85976.66,85971.77,4.889999999999418,18.80999999999767,16.05000000000291,32.570000000006985,0.5299999999988358,0.77,0.78,0.775,0.22,0.23,0.225,3695.0,871.19,963.97,4476.0,0.6184171048510902,-0.6455973102792846,0.13,0.13,0.16000000000000003,1.01,WAIT,9,UP_TOO_EXPENSIVE
2026-09-21 18:06:59,1790014018,btc-updown-5m-1790013900,182,85980.77,85971.77,9.0,9.389999999999418,20.160000000003492,36.669999999998254,4.630000000004657,0.79,0.8,0.795,0.2,0.21,0.20500000000000002,3055.54,2310.59,2159.59,2180.28,0.1388244414503562,-0.004767423909011111,0.040000000000000036,0.14,0.21000000000000008,1.01,WAIT,8,UP_TOO_EXPENSIVE
2026-09-21 18:07:00,1790014020,btc-updown-5m-1790013900,180,85992.0,85971.77,20.229999999995925,15.360000000000582,34.14999999999418,47.91000000000349,15.869999999995343,0.8,0.81,0.805,0.19,0.2,0.195,1924.79,1305.48,1434.8300000000002,2014.79,0.19172081590702944,-0.16812286570694737,0.050000000000000044,0.15000000000000002,0.22000000000000008,1.01,WAIT,11,UP_TOO_EXPENSIVE
2026-09-21 18:07:02,1790014021,btc-updown-5m-1790013900,179,85992.0,85971.77,20.229999999995925,15.339999999996508,34.14999999999418,47.89999999999418,15.869999999995343,0.81,0.82,0.815,0.18,0.19,0.185,3186.8300000000004,1815.53,593.69,2837.05,0.27413061035191394,-0.6538997417466785,0.039999999999999925,0.15999999999999992,0.22999999999999998,1.01,WAIT,13,UP_TOO_EXPENSIVE
2026-09-21 18:07:04,1790014023,btc-updown-5m-1790013900,177,85994.49,85971.77,22.720000000001164,13.720000000001164,36.63000000000466,50.40000000000873,13.720000000001164,0.85,0.86,0.855,0.15,0.16,0.155,1764.99,3695.8,5903.26,456.68,-0.35357704654454764,0.8563885822822227,0.05999999999999994,0.19999999999999996,0.27,1.02,WAIT,9,UP_TOO_EXPENSIVE
2026-09-21 18:07:06,1790014025,btc-updown-5m-1790013900,175,85999.99,85971.77,28.220000000001164,7.990000000005239,42.13999999999942,55.90000000000873,19.220000000001164,0.82,0.83,0.825,0.17,0.18,0.175,2334.54,2940.0899999999997,2907.5,2579.54,-0.11480426115196703,0.05976993060010498,0.019999999999999907,0.16999999999999993,0.2699999999999999,1.01,WAIT,9,UP_TOO_EXPENSIVE
2026-09-21 18:07:08,1790014027,btc-updown-5m-1790013900,173,85999.99,85971.77,28.220000000001164,7.990000000005239,42.13999999999942,42.88999999999942,19.220000000001164,0.82,0.83,0.825,0.17,0.18,0.175,3897.2000000000003,2663.9700000000003,2569.9700000000003,3965.4000000000005,0.18795885489935485,-0.21351966300301287,0.010000000000000009,0.17999999999999994,0.15999999999999992,1.01,WAIT,9,UP_TOO_EXPENSIVE
2026-09-21 18:07:09,1790014029,btc-updown-5m-1790013900,171,86000.0,85971.77,28.229999999995925,5.509999999994761,23.360000000000582,39.39999999999418,12.80000000000291,0.81,0.82,0.815,0.18,0.19,0.185,3550.84,1712.37,1274.37,3590.84,0.3493058418721655,-0.4761294990349852,-0.040000000000000036,0.05999999999999994,0.16999999999999993,1.01,WAIT,10,UP_TOO_EXPENSIVE
2026-09-21 18:07:11,1790014030,btc-updown-5m-1790013900,170,86000.0,85971.77,28.229999999995925,0.00999999999476131,23.360000000000582,39.38999999999942,12.80000000000291,0.82,0.83,0.825,0.17,0.18,0.175,4140.67,2043.64,1821.38,4060.52,0.3390887584872038,-0.3806831125996702,0.0,0.06999999999999995,0.17999999999999994,1.01,WAIT,11,UP_TOO_EXPENSIVE
2026-09-21 18:07:13,1790014032,btc-updown-5m-1790013900,168,86000.0,85971.77,28.229999999995925,0.00999999999476131,23.339999999996508,39.38999999999942,12.789999999993597,0.84,0.85,0.845,0.15,0.16,0.155,2899.04,4480.48,4495.48,2924.04,-0.21430120116213516,0.21179806779953417,0.020000000000000018,0.06999999999999995,0.18999999999999995,1.01,WAIT,9,UP_TOO_EXPENSIVE
2026-09-21 18:07:15,1790014034,btc-updown-5m-1790013900,166,85999.99,85971.77,28.220000000001164,-0.00999999999476131,19.220000000001164,42.13000000000466,12.779999999998836,0.84,0.85,0.845,0.15,0.16,0.155,3385.6699999999996,5127.379999999999,5070.3099999999995,3445.6699999999996,-0.20459294847322637,0.1907754597826674,0.030000000000000027,0.04999999999999993,0.24,1.01,WAIT,6,UP_TOO_EXPENSIVE
2026-09-21 18:07:17,1790014036,btc-updown-5m-1790013900,164,85999.99,85971.77,28.220000000001164,-0.00999999999476131,7.990000000005239,42.13999999999942,12.779999999998836,0.84,0.85,0.845,0.15,0.16,0.155,1956.81,5159.379999999999,5212.379999999999,1982.34,-0.4500399792585639,0.44894589365534715,0.020000000000000018,0.030000000000000027,0.18999999999999995,1.01,WAIT,3,"BTC_ABOVE,BTC30+,PM30+,DOWN_BOOK"
2026-09-21 18:07:19,1790014038,btc-updown-5m-1790013900,162,85999.99,85971.77,28.220000000001164,-0.00999999999476131,5.5,42.13000000000466,12.770000000004075,0.85,0.86,0.855,0.14,0.15,0.14500000000000002,1852.41,5062.96,3917.0199999999995,2335.28,-0.4642629389316841,0.2529853014090814,0.010000000000000009,0.0,0.19999999999999996,1.01,WAIT,3,"BTC_ABOVE,BTC30+,PM30+,DOWN_BOOK"
2026-09-21 18:07:20,1790014040,btc-updown-5m-1790013900,160,85999.99,85971.77,28.220000000001164,0.0,0.0,42.13999999999942,12.779999999998836,0.85,0.86,0.855,0.14,0.15,0.14500000000000002,3300.53,3788.8300000000004,1519.94,3290.5200000000004,-0.06887786767775937,-0.3680687501818953,0.010000000000000009,0.030000000000000027,0.19999999999999996,1.01,WAIT,6,UP_TOO_EXPENSIVE
2026-09-21 18:07:22,1790014041,btc-updown-5m-1790013900,159,85999.99,85971.77,28.220000000001164,0.0,0.0,42.13999999999942,29.510000000009313,0.85,0.86,0.855,0.14,0.15,0.14500000000000002,1351.67,5339.55,3542.98,1763.4499999999998,-0.5959869799528337,0.33535352393228596,0.010000000000000009,0.030000000000000027,0.20999999999999996,1.01,WAIT,3,"BTC_ABOVE,BTC30+,PM30+,DOWN_BOOK"
2026-09-21 18:07:24,1790014043,btc-updown-5m-1790013900,157,86000.0,85971.77,28.229999999995925,0.00999999999476131,0.00999999999476131,28.619999999995343,54.330000000001746,0.85,0.86,0.855,0.14,0.15,0.14500000000000002,2400.5899999999997,4763.43,2645.56,2400.5899999999997,-0.3298204080948965,0.04854592114780581,0.0,0.030000000000000027,0.09999999999999998,1.01,WAIT,3,"BTC_ABOVE,BTC60+,PM30+"
2026-09-21 18:07:26,1790014045,btc-updown-5m-1790013900,155,85999.99,85971.77,28.220000000001164,0.0,-0.00999999999476131,23.35000000000582,54.320000000006985,0.85,0.86,0.855,0.14,0.15,0.14500000000000002,2651.85,4266.0,2101.64,2722.68,-0.23333116502959736,-0.12873109578137437,0.0,0.030000000000000027,0.09999999999999998,1.01,WAIT,4,"BTC_ABOVE,BTC60+,PM30+"
2026-09-21 18:07:27,1790014047,btc-updown-5m-1790013900,153,85999.99,85971.77,28.220000000001164,0.0,-0.00999999999476131,23.330000000001746,55.90000000000873,0.85,0.86,0.855,0.14,0.15,0.14500000000000002,2179.16,4796.88,2581.3,2642.97,-0.37524440800224773,-0.011804520057347652,0.0,0.010000000000000009,0.07999999999999996,1.01,WAIT,3,"BTC_ABOVE,BTC60+,PM30+"
2026-09-21 18:07:29,1790014048,btc-updown-5m-1790013900,152,85999.99,85971.77,28.220000000001164,-0.00999999999476131,-0.00999999999476131,19.220000000001164,55.88999999999942,0.85,0.86,0.855,0.13,0.14,0.135,2487.96,3031.86,2803.09,3000.6899999999996,-0.09853582182027677,-0.034046776411235345,0.0,0.010000000000000009,0.05999999999999994,1.0,WAIT,3,"BTC_ABOVE,BTC60+"
2026-09-21 18:07:31,1790014050,btc-updown-5m-1790013900,150,85999.99,85971.77,28.220000000001164,0.0,0.0,7.990000000005239,55.90000000000873,0.87,0.88,0.875,0.12,0.13,0.125,1211.12,4499.18,5463.26,1239.0,-0.5758121289599496,0.6302739672886459,0.020000000000000018,0.030000000000000027,0.06999999999999995,1.01,WAIT,1,"BTC_ABOVE,BTC60+,DOWN_BOOK"
2026-09-21 18:07:33,1790014052,btc-updown-5m-1790013900,148,85999.99,85971.77,28.220000000001164,0.0,0.0,7.990000000005239,55.88999999999942,0.86,0.87,0.865,0.13,0.14,0.135,2284.13,3286.43,3074.0699999999997,2406.63,-0.17992805032169115,0.12178006459028949,0.010000000000000009,0.020000000000000018,0.050000000000000044,1.01,WAIT,3,"BTC_ABOVE,BTC60+"
2026-09-21 18:07:34,1790014054,btc-updown-5m-1790013900,146,85999.99,85971.77,28.220000000001164,0.0,0.0,5.5,55.90000000000873,0.87,0.88,0.875,0.12,0.13,0.125,1645.7799999999997,3107.23,3121.71,1617.7799999999997,-0.30747883972472184,0.3173189520391435,0.020000000000000018,0.020000000000000018,0.020000000000000018,1.01,WAIT,1,"BTC_ABOVE,BTC60+,DOWN_BOOK"
2026-09-21 18:07:36,1790014055,btc-updown-5m-1790013900,145,85999.99,85971.77,28.220000000001164,0.0,0.0,0.0,55.90000000000873,0.87,0.88,0.875,0.12,0.13,0.125,2476.1699999999996,2175.8,2117.4300000000003,2376.1699999999996,0.06456834416387025,-0.0575796688623819,0.0,0.020000000000000018,0.050000000000000044,1.01,WAIT,3,"BTC_ABOVE,BTC60+"
2026-09-21 18:07:38,1790014057,btc-updown-5m-1790013900,143,85997.24,85971.77,25.470000000001164,-2.75,-2.75,-2.75,40.13999999999942,0.87,0.88,0.875,0.12,0.13,0.125,2605.43,2364.5,2379.5,2565.43,0.04847754394931112,-0.03760012780767368,0.010000000000000009,0.020000000000000018,0.050000000000000044,1.01,WAIT,3,"BTC_ABOVE,BTC60+"
2026-09-21 18:07:40,1790014059,btc-updown-5m-1790013900,141,85997.23,85971.77,25.45999999999185,-2.7600000000093132,-2.7700000000040745,-2.7700000000040745,36.629999999990105,0.89,0.9,0.895,0.1,0.11,0.10500000000000001,3016.41,2662.05,3574.76,1252.15,0.06240424340402145,0.4811794709244631,0.020000000000000018,0.040000000000000036,0.08000000000000007,1.01,WAIT,2,"BTC_ABOVE,PM30+,DOWN_BOOK"
2026-09-21 18:07:41,1790014061,btc-updown-5m-1790013900,139,85995.85,85971.77,24.080000000001746,-4.139999999999418,-4.139999999999418,-4.149999999994179,35.24000000000524,0.85,0.86,0.855,0.14,0.15,0.14500000000000002,1842.6299999999999,3859.52,3171.52,1855.6399999999999,-0.35370693510342593,0.2617541514493273,-0.020000000000000018,0.0,0.030000000000000027,1.01,WAIT,0,"BTC_ABOVE,DOWN_BOOK"
2026-09-21 18:07:43,1790014062,btc-updown-5m-1790013900,138,85995.86,85971.77,24.089999999996508,-1.3800000000046566,-4.130000000004657,-4.139999999999418,35.25,0.87,0.88,0.875,0.12,0.13,0.125,1672.76,2887.45,3112.1000000000004,1658.51,-0.2663671190581135,0.30469688362704145,0.0,0.020000000000000018,0.030000000000000027,1.01,WAIT,0,"BTC_ABOVE,DOWN_BOOK"
2026-09-21 18:07:45,1790014064,btc-updown-5m-1790013900,136,85995.85,85971.77,24.080000000001746,-1.3799999999901047,-4.139999999999418,-4.139999999999418,37.99000000000524,0.87,0.88,0.875,0.12,0.13,0.125,2098.18,2839.0299999999997,2877.9199999999996,2055.06,-0.15005438294097273,0.16680789299774168,-0.020000000000000018,0.020000000000000018,0.030000000000000027,1.01,WAIT,2,BTC_ABOVE
2026-09-21 18:07:47,1790014066,btc-updown-5m-1790013900,134,85980.77,85971.77,9.0,-15.080000000001746,-19.220000000001164,-19.220000000001164,22.919999999998254,0.81,0.82,0.815,0.28,0.29,0.28500000000000003,29.39,2629.34,48.86,166.9,-0.9778917001726389,-0.5470893585465333,-0.040000000000000036,-0.06000000000000005,-0.030000000000000027,1.1099999999999999,WAIT,-4,"BTC5-,PM5-,PM15-"
2026-09-21 18:07:48,1790014068,btc-updown-5m-1790013900,132,85957.87,85971.77,-13.900000000008731,-37.99000000000524,-42.120000000009895,-42.120000000009895,0.00999999999476131,0.72,0.73,0.725,0.27,0.28,0.275,2493.99,1382.49,558.4200000000001,2950.15,0.2867291976225854,-0.6816822808152609,-0.15000000000000002,-0.14,-0.13,1.01,DOWN WATCH,-7,"BTC5-,BTC15-,BTC30-,PM5-,PM15-,PM30-,UP_BOOK"
2026-09-21 18:07:50,1790014070,btc-updown-5m-1790013900,130,85957.87,85971.77,-13.900000000008731,-37.98000000001048,-42.120000000009895,-42.120000000009895,0.01999999998952262,0.71,0.72,0.715,0.29,0.3,0.295,965.34,2153.25,2124.0299999999997,836.9200000000001,-0.3809125277769761,0.4346949458788564,-0.16000000000000003,-0.16000000000000003,-0.14,1.02,DOWN WATCH,-11,"BTC5-,BTC15-,BTC30-,PM5-,PM15-,PM30-,DOWN_BOOK"
2026-09-21 18:07:52,1790014071,btc-updown-5m-1790013900,129,85957.87,85971.77,-13.900000000008731,-22.90000000000873,-42.120000000009895,-42.120000000009895,0.01999999998952262,0.72,0.73,0.725,0.27,0.28,0.275,1569.87,1111.62,1226.45,2003.23,0.17089379412192476,-0.2405129919992073,-0.08999999999999997,-0.15000000000000002,-0.13,1.01,DOWN WATCH,-9,"BTC5-,BTC15-,BTC30-,PM5-,PM15-,PM30-"
2026-09-21 18:07:54,1790014073,btc-updown-5m-1790013900,127,85957.88,85971.77,-13.889999999999418,0.010000000009313226,-39.36000000000058,-42.11999999999534,-13.5,0.72,0.73,0.725,0.26,0.27,0.265,1635.58,2193.48,2451.0299999999997,1463.07,-0.14570155599546628,0.25241051582739327,0.0,-0.15000000000000002,-0.13,1.0,DOWN WATCH,-8,"BTC15-,BTC30-,PM15-,PM30-,DOWN_BOOK"
2026-09-21 18:07:56,1790014075,btc-updown-5m-1790013900,125,85957.87,85971.77,-13.900000000008731,0.0,-39.36000000000058,-42.120000000009895,-18.770000000004075,0.75,0.76,0.755,0.24,0.25,0.245,1759.1,2554.3700000000003,2439.7700000000004,1788.74,-0.18436896512552547,0.1539620339079251,0.040000000000000036,-0.14,-0.09999999999999998,1.01,DOWN WATCH,-6,"BTC15-,BTC30-,PM5+,PM15-,PM30-"
2026-09-21 18:07:57,1790014077,btc-updown-5m-1790013900,123,85957.88,85971.77,-13.889999999999418,0.010000000009313226,-37.979999999995925,-42.11000000000058,-18.779999999998836,0.79,0.8,0.795,0.2,0.21,0.20500000000000002,2724.25,862.93,956.99,2721.68,0.5188811266788955,-0.47970869906786956,0.07000000000000006,-0.07999999999999996,-0.05999999999999994,1.01,WAIT,-3,"BTC15-,BTC30-,PM5+,PM15-,UP_BOOK"
2026-09-21 18:07:59,1790014078,btc-updown-5m-1790013900,122,85957.87,85971.77,-13.900000000008731,-0.010000000009313226,-37.99000000000524,-42.120000000009895,-22.90000000000873,0.78,0.79,0.785,0.21,0.22,0.215,1190.71,2225.97,2545.74,816.28,-0.3030017443834365,0.5144109791137471,0.06000000000000005,-0.08999999999999997,-0.06999999999999995,1.01,DOWN WATCH,-7,"BTC15-,BTC30-,PM5+,PM15-,DOWN_BOOK"
2026-09-21 18:08:01,1790014080,btc-updown-5m-1790013900,120,85957.87,85971.77,-13.900000000008731,0.0,-37.98000000001048,-42.120000000009895,-34.13000000000466,0.78,0.79,0.785,0.22,0.23,0.225,990.91,1931.0500000000002,1192.8600000000001,1320.3600000000001,-0.3217497843912991,-0.050731730608542025,0.030000000000000027,-0.08999999999999997,-0.08999999999999997,1.02,DOWN WATCH,-7,"BTC15-,BTC30-,PM5+,PM15-,PM30-"
2026-09-21 18:08:03,1790014082,btc-updown-5m-1790013900,118,85957.87,85971.77,-13.900000000008731,-0.010000000009313226,-22.90000000000873,-42.120000000009895,-34.13000000000466,0.79,0.8,0.795,0.2,0.21,0.20500000000000002,901.4,2613.58,2610.6099999999997,811.48,-0.48710945723731,0.5257401178811778,0.0,-0.019999999999999907,-0.06999999999999995,1.01,DOWN WATCH,-6,"BTC15-,BTC30-,DOWN_BOOK"
2026-09-21 18:08:05,1790014084,btc-updown-5m-1790013900,116,85957.87,85971.77,-13.900000000008731,0.0,0.0,-42.120000000009895,-36.620000000009895,0.79,0.8,0.795,0.19,0.2,0.195,2681.74,1284.42,1605.33,2852.23,0.352310547229562,-0.27972702554760903,0.010000000000000009,0.07000000000000006,-0.07999999999999996,1.0,WAIT,1,"BTC30-,PM15+,PM30-,UP_BOOK"
2026-09-21 18:08:06,1790014086,btc-updown-5m-1790013900,114,85957.87,85971.77,-13.900000000008731,0.0,0.0,-42.120000000009895,-42.120000000009895,0.81,0.82,0.815,0.2,0.21,0.20500000000000002,1625.4500000000003,2324.42,1688.97,1791.6000000000001,-0.17696025438811905,-0.02948654961687313,0.029999999999999916,0.08999999999999997,-0.06000000000000005,1.03,WAIT,-1,"BTC30-,BTC60-,PM15+"
2026-09-21 18:08:08,1790014087,btc-updown-5m-1790013900,113,85957.88,85971.77,-13.889999999999418,0.010000000009313226,0.010000000009313226,-39.36000000000058,-42.11000000000058,0.81,0.82,0.815,0.18,0.19,0.185,857.24,2772.7,2738.7,535.05,-0.5276836531733307,0.6731271477663229,0.019999999999999907,0.08999999999999997,-0.06000000000000005,1.01,WAIT,-3,"BTC30-,BTC60-,PM15+,DOWN_BOOK"
2026-09-21 18:08:10,1790014089,btc-updown-5m-1790013900,111,85957.88,85971.77,-13.889999999999418,0.010000000009313226,0.0,-39.34999999999127,-42.11999999999534,0.8,0.81,0.805,0.19,0.2,0.195,1865.3,1317.98,1142.93,2366.3,0.1719358648940715,-0.34861493831980234,0.010000000000000009,0.08000000000000007,-0.08999999999999997,1.01,WAIT,-1,"BTC30-,BTC60-,PM15+,PM30-"
2026-09-21 18:08:12,1790014091,btc-updown-5m-1790013900,109,85957.88,85971.77,-13.889999999999418,0.010000000009313226,0.010000000009313226,-37.970000000001164,-42.11999999999534,0.82,0.83,0.825,0.13,0.15,0.14,2349.2400000000002,141.83999999999997,662.76,2043.1000000000001,0.8861216821619537,-0.5101298662901999,0.010000000000000009,0.06999999999999995,-0.030000000000000027,0.98,WAIT,1,"BTC30-,BTC60-,PM15+,UP_BOOK"
2026-09-21 18:08:13,1790014093,btc-updown-5m-1790013900,107,85973.44,85971.77,1.6699999999982538,15.559999999997672,15.570000000006985,-22.419999999998254,-26.55999999999767,0.89,0.9,0.895,0.1,0.11,0.10500000000000001,1453.73,2121.59,2971.07,686.73,-0.18679726569929408,0.6245120017496856,0.08000000000000007,0.10999999999999999,0.020000000000000018,1.01,WAIT,3,"BTC5+,PM5+,PM15+,DOWN_BOOK"
2026-09-21 18:08:15,1790014094,btc-updown-5m-1790013900,106,85973.44,85971.77,1.6699999999982538,15.559999999997672,15.570000000006985,-22.410000000003492,-26.55000000000291,0.82,0.83,0.825,0.17,0.18,0.175,1471.6299999999999,1281.67,1759.8999999999999,1475.56,0.06899357135074267,0.0878824031204218,0.019999999999999907,0.039999999999999925,-0.050000000000000044,1.01,WAIT,1,BTC5+
2026-09-21 18:08:17,1790014096,btc-updown-5m-1790013900,104,85973.43,85971.77,1.6599999999889405,15.549999999988358,15.559999999997672,-7.3400000000110595,-26.560000000012224,0.83,0.84,0.835,0.16,0.17,0.165,2100.81,1259.8200000000002,1203.72,1916.1999999999998,0.2502477214093785,-0.22836482986743242,0.010000000000000009,0.04999999999999993,0.020000000000000018,1.01,WAIT,2,"BTC5+,UP_BOOK"
2026-09-21 18:08:19,1790014098,btc-updown-5m-1790013900,102,85949.57,85971.77,-22.19999999999709,-23.869999999995343,-8.299999999988358,-8.299999999988358,-50.419999999998254,0.63,0.64,0.635,0.39,0.4,0.395,571.0,1553.04,2245.2299999999996,215.39000000000001,-0.46234534189563287,0.8249303021189781,-0.26,-0.16000000000000003,-0.08999999999999997,1.04,DOWN WATCH,-10,"BTC_BELOW,BTC5-,BTC60-,PM5-,PM15-,PM30-,DOWN_BOOK"
2026-09-21 18:08:20,1790014100,btc-updown-5m-1790013900,100,85928.23,85971.77,-43.54000000000815,-45.2100000000064,-29.639999999999418,-29.639999999999418,-71.76000000000931,0.54,0.55,0.545,0.45,0.46,0.455,1810.45,1581.6999999999998,655.89,2041.58,0.06743510752767426,-0.513699874326684,-0.2799999999999999,-0.25,-0.16999999999999993,1.01,DOWN WATCH,-9,"BTC_BELOW,BTC5-,BTC15-,BTC60-,PM5-,PM15-,PM30-"
2026-09-21 18:08:22,1790014101,btc-updown-5m-1790013900,99,85928.23,85971.77,-43.54000000000815,-45.19999999999709,-29.639999999999418,-29.639999999999418,-71.76000000000931,0.48,0.49,0.485,0.51,0.52,0.515,681.0,934.68,1742.55,549.0,-0.15701128936423053,0.5208483340970085,-0.35,-0.32999999999999996,-0.24,1.01,DOWN WATCH,-11,"BTC_BELOW,BTC5-,BTC15-,BTC60-,PM5-,PM15-,PM30-,DOWN_BOOK"
2026-09-21 18:08:24,1790014103,btc-updown-5m-1790013900,97,85928.22,85971.77,-43.55000000000291,-21.35000000000582,-29.660000000003492,-29.660000000003492,-71.77999999999884,0.39,0.4,0.395,0.6,0.61,0.605,2023.47,690.1899999999999,838.5799999999999,1978.69,0.49132168363022644,-0.4046860968242306,-0.24,-0.41999999999999993,-0.32999999999999996,1.01,DOWN WATCH,-8,"BTC_BELOW,BTC5-,BTC15-,BTC60-,PM5-,PM15-,PM30-,UP_BOOK"
2026-09-21 18:08:26,1790014105,btc-updown-5m-1790013900,95,85928.22,85971.77,-43.55000000000291,-0.00999999999476131,-29.660000000003492,-29.64999999999418,-71.77000000000407,0.39,0.4,0.395,0.59,0.6,0.595,2317.17,515.78,226.24,2041.9900000000002,0.6358707354524437,-0.8005140572164198,-0.15000000000000002,-0.41000000000000003,-0.36,1.0,DOWN WATCH,-7,"BTC_BELOW,BTC15-,BTC60-,PM5-,PM15-,PM30-,UP_BOOK"
2026-09-21 18:08:27,1790014107,btc-updown-5m-1790013900,93,85928.22,85971.77,-43.55000000000291,-0.00999999999476131,-29.660000000003492,-29.660000000003492,-71.77000000000407,0.4,0.41,0.405,0.59,0.61,0.6,1284.0700000000002,1162.62,2039.95,323.88,0.04963849118605147,0.725970141676855,-0.07999999999999996,-0.41999999999999993,-0.39,1.02,DOWN WATCH,-10,"BTC_BELOW,BTC15-,BTC60-,PM5-,PM15-,PM30-,DOWN_BOOK"
2026-09-21 18:08:29,1790014108,btc-updown-5m-1790013900,92,85908.07,85971.77,-63.69999999999709,-20.14999999999418,-65.36999999999534,-49.79999999998836,-91.91999999999825,0.27,0.28,0.275,0.61,0.65,0.63,1488.75,116.75,65.0,426.0,0.854562441606976,-0.7352342158859471,-0.12,-0.62,-0.51,0.93,DOWN WATCH,-11,"BTC_BELOW,BTC5-,BTC15-,BTC30-,BTC60-,PM5-,PM15-,PM30-,UP_BOOK"
2026-09-21 18:08:31,1790014110,btc-updown-5m-1790013900,90,85915.58,85971.77,-56.19000000000233,-12.639999999999418,-57.86000000000058,-42.2899999999936,-84.41000000000349,0.4,0.41,0.405,0.63,0.65,0.64,380.0,2429.0299999999997,1544.61,568.72,-0.7294439717624945,0.461778330880648,0.010000000000000009,-0.41999999999999993,-0.38,1.06,DOWN WATCH,-14,"BTC_BELOW,BTC5-,BTC15-,BTC30-,BTC60-,PM15-,PM30-,DOWN_BOOK"
2026-09-21 18:08:33,1790014112,btc-updown-5m-1790013900,88,85915.57,85971.77,-56.19999999999709,-12.64999999999418,-57.85999999998603,-42.29999999998836,-84.41999999999825,0.39,0.4,0.395,0.6,0.61,0.605,1424.58,944.46,616.1800000000001,1603.6799999999998,0.20266437037787455,-0.4448478732893065,-0.010000000000000009,-0.43999999999999995,-0.4,1.01,DOWN WATCH,-11,"BTC_BELOW,BTC5-,BTC15-,BTC30-,BTC60-,PM15-,PM30-"
2026-09-21 18:08:35,1790014114,btc-updown-5m-1790013900,86,85915.58,85971.77,-56.19000000000233,7.509999999994761,-33.99000000000524,-42.2899999999936,-84.41000000000349,0.37,0.38,0.375,0.62,0.63,0.625,244.51,2078.4,2187.4,324.84999999999997,-0.7894795751880186,0.7413872027067371,0.09999999999999998,-0.26,-0.42000000000000004,1.01,DOWN WATCH,-12,"BTC_BELOW,BTC15-,BTC30-,BTC60-,PM5+,PM15-,PM30-,DOWN_BOOK"
2026-09-21 18:08:36,1790014116,btc-updown-5m-1790013900,84,85915.57,85971.77,-56.19999999999709,-0.00999999999476131,-12.65999999998894,-42.29999999998836,-84.41999999999825,0.34,0.35,0.345,0.63,0.64,0.635,1459.32,454.5,40.0,2130.94,0.5250337022290498,-0.9631496033976066,-0.06000000000000005,-0.14,-0.47,0.99,DOWN WATCH,-8,"BTC_BELOW,BTC30-,BTC60-,PM5-,PM15-,PM30-,UP_BOOK"
2026-09-21 18:08:38,1790014117,btc-updown-5m-1790013900,83,85915.57,85971.77,-56.19999999999709,0.0,-12.65999999998894,-42.30999999999767,-81.66999999999825,0.39,0.4,0.395,0.6,0.61,0.605,899.4200000000001,538.21,1360.8600000000001,1049.29,0.2512537996563789,0.12927411156981936,0.0,-0.08999999999999997,-0.41999999999999993,1.01,DOWN WATCH,-8,"BTC_BELOW,BTC30-,BTC60-,PM15-,PM30-,UP_BOOK"
2026-09-21 18:08:40,1790014119,btc-updown-5m-1790013900,81,85921.01,85971.77,-50.76000000000931,5.429999999993015,-7.210000000006403,-36.870000000009895,-76.22000000000116,0.49,0.5,0.495,0.5,0.51,0.505,1446.6,1046.75,1710.75,211.51,0.16036657508973867,0.7799361168624431,0.12,0.09999999999999998,-0.31000000000000005,1.01,WAIT,-5,"BTC_BELOW,BTC30-,BTC60-,PM5+,PM15+,PM30-,DOWN_BOOK"
2026-09-21 18:08:42,1790014121,btc-updown-5m-1790013900,79,85921.01,85971.77,-50.76000000000931,5.439999999987776,-7.210000000006403,-36.870000000009895,-74.84000000001106,0.44,0.45,0.445,0.56,0.57,0.565,359.75,2384.2799999999997,2231.2799999999997,341.91999999999996,-0.7377944118686749,0.7342452976838177,0.10000000000000003,0.04999999999999999,-0.37999999999999995,1.02,DOWN WATCH,-8,"BTC_BELOW,BTC30-,BTC60-,PM5+,PM30-,DOWN_BOOK"
2026-09-21 18:08:43,1790014123,btc-updown-5m-1790013900,77,85921.01,85971.77,-50.76000000000931,5.439999999987776,12.939999999987776,-52.43000000000757,-74.85000000000582,0.4,0.41,0.405,0.59,0.6,0.595,1534.97,1142.17,1914.35,1338.86,0.146723742501326,0.17689912424958734,0.010000000000000009,0.13,-0.49,1.01,WAIT,-5,"BTC_BELOW,BTC30-,BTC60-,PM15+,PM30-"
2026-09-21 18:08:45,1790014124,btc-updown-5m-1790013900,76,85921.02,85971.77,-50.75,0.010000000009313226,12.94999999999709,-52.419999999998254,-74.83000000000175,0.43,0.44,0.435,0.56,0.57,0.565,1964.45,954.0,2293.6099999999997,998.36,0.3462283061214001,0.3934574130383933,-0.06,0.15999999999999998,-0.38999999999999996,1.01,DOWN WATCH,-6,"BTC_BELOW,BTC30-,BTC60-,PM5-,PM15+,PM30-,UP_BOOK,DOWN_BOOK"
2026-09-21 18:08:47,1790014126,btc-updown-5m-1790013900,74,85921.01,85971.77,-50.76000000000931,0.0,5.429999999993015,-52.419999999998254,-59.76000000000931,0.32,0.36,0.33999999999999997,0.67,0.7,0.685,18.52,144.26,235.0,10.0,-0.7724536183806364,0.9183673469387755,-0.10500000000000004,-0.06500000000000006,-0.495,1.06,DOWN WATCH,-12,"BTC_BELOW,BTC30-,BTC60-,PM5-,PM15-,PM30-,DOWN_BOOK"
2026-09-21 18:08:49,1790014128,btc-updown-5m-1790013900,72,85908.9,85971.77,-62.870000000009895,-12.110000000000582,-6.670000000012806,-40.670000000012806,-48.970000000001164,0.16,0.17,0.165,0.83,0.84,0.835,782.34,2050.2200000000003,2262.38,535.9499999999999,-0.44760922981331375,0.6169501095296124,-0.24000000000000002,-0.23,-0.47,1.01,WAIT,-13,DOWN_TOO_EXPENSIVE
2026-09-21 18:08:51,1790014130,btc-updown-5m-1790013900,70,85901.77,85971.77,-70.0,-19.25,-13.809999999997672,-26.45999999999185,-56.09999999999127,0.12,0.13,0.125,0.87,0.88,0.875,2366.8599999999997,1333.0,785.38,2799.96,0.2794321947316925,-0.5618937116145191,-0.31,-0.25,-0.42000000000000004,1.01,WAIT,-7,DOWN_TOO_EXPENSIVE
2026-09-21 18:08:52,1790014132,btc-updown-5m-1790013900,68,85901.78,85971.77,-69.99000000000524,-19.229999999995925,-13.790000000008149,-26.44999999999709,-56.08999999999651,0.14,0.15,0.14500000000000002,0.86,0.87,0.865,446.19,2359.65,2332.83,1590.3,-0.681956205628261,0.18926979223222273,-0.19499999999999995,-0.25,-0.33999999999999997,1.02,WAIT,-10,DOWN_TOO_EXPENSIVE
2026-09-21 18:08:54,1790014133,btc-updown-5m-1790013900,67,85901.77,85971.77,-70.0,-7.129999999990105,-13.80000000000291,-26.44999999999709,-56.11000000000058,0.14,0.15,0.14500000000000002,0.84,0.85,0.845,1416.75,1737.44,1670.33,1145.52,-0.10167111049112453,0.18637711525827014,-0.01999999999999999,-0.25,-0.25,1.0,WAIT,-7,DOWN_TOO_EXPENSIVE
2026-09-21 18:08:56,1790014135,btc-updown-5m-1790013900,65,85908.95,85971.77,-62.820000000006985,7.179999999993015,-12.059999999997672,-19.270000000004075,-48.919999999998254,0.3,0.31,0.305,0.7,0.71,0.705,423.95,1045.54,1567.54,396.65000000000003,-0.4229970942299709,0.5961185017742682,0.18,-0.19,-0.09000000000000002,1.02,DOWN WATCH,-8,"BTC_BELOW,BTC60-,PM5+,PM15-,PM30-,DOWN_BOOK"
2026-09-21 18:08:58,1790014137,btc-updown-5m-1790013900,63,85908.94,85971.77,-62.830000000001746,7.1600000000034925,-12.069999999992433,-19.279999999998836,-48.94000000000233,0.26,0.27,0.265,0.73,0.74,0.735,724.82,994.25,1009.25,729.71,-0.15673009243369956,0.16075125362285503,0.12,-0.18,-0.14,1.01,DOWN WATCH,-6,"BTC_BELOW,BTC60-,PM5+,PM15-,PM30-"
2026-09-21 18:09:00,1790014139,btc-updown-5m-1790013900,61,85908.95,85971.77,-62.820000000006985,7.179999999993015,-12.070000000006985,0.8799999999901047,-48.919999999998254,0.25,0.26,0.255,0.74,0.75,0.745,772.1500000000001,820.0,768.34,687.1500000000001,-0.030053700970385896,0.055781901627630505,0.10999999999999999,-0.18,-0.020000000000000018,1.01,WAIT,-5,"BTC_BELOW,BTC60-,PM5+,PM15-"
2026-09-21 18:09:01,1790014141,btc-updown-5m-1790013900,59,85908.94,85971.77,-62.830000000001746,-0.00999999999476131,-12.069999999992433,-6.639999999999418,-48.929999999993015,0.24,0.25,0.245,0.75,0.77,0.76,298.18,181.0,438.6,490.55,0.24454276054927168,-0.05591131679492007,-0.06,-0.09499999999999997,-0.16000000000000003,1.02,WAIT,-8,DOWN_TOO_EXPENSIVE
2026-09-21 18:09:05,1790014142,btc-updown-5m-1790013900,58,85908.95,85971.77,-62.820000000006985,0.00999999999476131,-12.059999999997672,-6.620000000009895,-48.919999999998254,0.23,0.24,0.235,0.77,0.78,0.775,837.72,448.75,344.08,1202.1100000000001,0.3023545049631939,-0.5549318001021868,-0.030000000000000027,-0.10499999999999998,-0.16000000000000003,1.02,WAIT,-6,DOWN_TOO_EXPENSIVE
2026-09-21 18:09:06,1790014146,btc-updown-5m-1790013900,54,85921.81,85971.77,-49.9600000000064,12.869999999995343,20.039999999993597,6.239999999990687,-36.05999999999767,0.5,0.51,0.505,0.5,0.51,0.505,268.0,991.63,697.4300000000001,219.82999999999998,-0.5744782197947016,0.5206811591042889,0.26,0.38,0.16000000000000003,1.02,WAIT,3,"BTC_BELOW,BTC5+,BTC15+,PM5+,PM15+,PM30+,DOWN_BOOK"
2026-09-21 18:09:08,1790014147,btc-updown-5m-1790013900,53,85930.71,85971.77,-41.05999999999767,21.760000000009313,28.930000000007567,15.139999999999418,-27.169999999998254,0.7,0.78,0.74,0.27,0.28,0.275,404.85,560.5,40.0,433.92,-0.16123685709846167,-0.8311951384199865,0.505,0.595,0.345,1.06,WAIT,6,UP_TOO_EXPENSIVE
2026-09-21 18:09:10,1790014149,btc-updown-5m-1790013900,51,85935.72,85971.77,-36.05000000000291,26.770000000004075,33.94999999999709,14.710000000006403,-22.160000000003492,0.71,0.72,0.715,0.28,0.29,0.28500000000000003,493.48,332.0,272.27,455.48,0.19561951834084412,-0.25174854002061153,0.48,0.57,0.21999999999999997,1.01,UP WATCH,6,"BTC_BELOW,BTC5+,BTC15+,PM5+,PM15+,PM30+"
2026-09-21 18:09:12,1790014151,btc-updown-5m-1790013900,49,85935.72,85971.77,-36.05000000000291,13.910000000003492,26.770000000004075,14.710000000006403,-22.160000000003492,0.77,0.78,0.775,0.22,0.23,0.225,406.57,1766.1,1792.56,474.43,-0.6257415990463346,0.5814449997573875,0.27,0.47000000000000003,0.33,1.01,WAIT,3,"BTC_BELOW,BTC5+,BTC15+,PM5+,PM15+,PM30+,DOWN_BOOK"
2026-09-21 18:09:13,1790014153,btc-updown-5m-1790013900,47,85935.72,85971.77,-36.05000000000291,5.009999999994761,26.779999999998836,14.710000000006403,-37.720000000001164,0.76,0.77,0.765,0.23,0.24,0.235,681.91,1087.56,1391.06,599.4,-0.22924943627187802,0.39772715854626567,0.025000000000000022,0.5,0.36,1.01,WAIT,2,"BTC_BELOW,BTC15+,PM15+,PM30+,DOWN_BOOK"
2026-09-21 18:09:15,1790014154,btc-updown-5m-1790013900,46,85935.72,85971.77,-36.05000000000291,0.0,26.770000000004075,14.69999999999709,-37.720000000001164,0.77,0.78,0.775,0.25,0.3,0.275,447.95000000000005,646.8299999999999,2707.66,100.0,-0.18166206909150687,0.9287663036122608,0.06000000000000005,0.52,0.34,1.08,WAIT,3,"BTC_BELOW,BTC15+,PM5+,PM15+,PM30+,DOWN_BOOK"
2026-09-21 18:09:17,1790014156,btc-updown-5m-1790013900,44,85931.59,85971.77,-40.18000000000757,-4.130000000004657,22.64999999999418,10.580000000001746,-41.83999999999651,0.52,0.53,0.525,0.47,0.48,0.475,45.83,457.36,341.17,15.0,-0.8178421669747015,0.9157705590027234,-0.25,0.28,0.18500000000000005,1.01,WAIT,-1,"BTC_BELOW,BTC15+,BTC60-,PM5-,PM15+,PM30+,DOWN_BOOK"
2026-09-21 18:09:19,1790014158,btc-updown-5m-1790013900,42,85931.59,85971.77,-40.18000000000757,-4.130000000004657,22.639999999999418,22.69000000000233,-17.980000000010477,0.45,0.49,0.47,0.46,0.49,0.475,61.81,30.0,15.0,190.0,0.34647641869077445,-0.8536585365853658,-0.29500000000000004,0.235,0.30499999999999994,0.98,WAIT,4,"BTC_BELOW,BTC15+,PM5-,PM15+,PM30+,UP_BOOK"
2026-09-21 18:09:20,1790014160,btc-updown-5m-1790013900,40,85931.58,85971.77,-40.19000000000233,-4.139999999999418,22.630000000004657,29.80999999999767,3.3500000000058208,0.68,0.69,0.685,0.31,0.32,0.315,272.88,464.01,593.63,328.61,-0.25937385498514026,0.2873655447605829,-0.08999999999999997,0.45000000000000007,0.56,1.01,WAIT,0,"BTC_BELOW,BTC15+,PM5-,PM15+,PM30+,DOWN_BOOK"
2026-09-21 18:09:22,1790014161,btc-updown-5m-1790013900,39,85931.58,85971.77,-40.19000000000233,-0.00999999999476131,9.770000000004075,29.80999999999767,3.3500000000058208,0.74,0.75,0.745,0.25,0.26,0.255,1337.87,231.25,218.25,1219.08,0.7052488018762109,-0.696311911669554,0.21999999999999997,0.24,0.62,1.01,WAIT,4,"BTC_BELOW,PM5+,PM15+,PM30+,UP_BOOK"
2026-09-21 18:09:24,1790014163,btc-updown-5m-1790013900,37,85943.67,85971.77,-28.10000000000582,12.080000000001746,12.959999999991851,41.89999999999418,15.44999999999709,0.85,0.86,0.855,0.13,0.14,0.135,1121.3600000000001,352.93,496.71,1039.58,0.5212203840492712,-0.3533642736722884,0.385,0.11499999999999999,0.71,1.0,WAIT,7,UP_TOO_EXPENSIVE
2026-09-21 18:09:26,1790014165,btc-updown-5m-1790013900,35,85943.67,85971.77,-28.10000000000582,12.089999999996508,7.94999999999709,34.720000000001164,15.44999999999709,0.87,0.88,0.875,0.11,0.12,0.11499999999999999,758.98,806.0899999999999,144.41,1074.98,-0.030100890056035768,-0.7631438670154749,0.18999999999999995,0.16000000000000003,0.5700000000000001,1.0,WAIT,6,UP_TOO_EXPENSIVE
2026-09-21 18:09:27,1790014167,btc-updown-5m-1790013900,33,85948.5,85971.77,-23.270000000004075,16.919999999998254,12.779999999998836,39.55999999999767,20.279999999998836,0.91,0.92,0.915,0.08,0.09,0.08499999999999999,1062.74,1178.21,693.0,1046.8700000000001,-0.051527254066355804,-0.20338875893026495,0.17000000000000004,0.14,0.65,1.01,WAIT,5,"BTC_BELOW,BTC5+,BTC30+,PM5+,PM15+,PM30+"
2026-09-21 18:09:29,1790014168,btc-updown-5m-1790013900,32,85948.5,85971.77,-23.270000000004075,4.830000000001746,12.779999999998836,39.55999999999767,40.429999999993015,0.79,0.8,0.795,0.17,0.18,0.175,654.53,369.0,587.97,1053.25,0.2789659316287749,-0.2834964233923544,-0.05999999999999994,0.030000000000000027,0.53,0.98,WAIT,3,"BTC_BELOW,BTC30+,BTC60+,PM5-,PM30+,UP_BOOK"
2026-09-21 18:09:31,1790014170,btc-updown-5m-1790013900,30,85946.28,85971.77,-25.49000000000524,2.610000000000582,10.559999999997672,37.330000000001746,30.69999999999709,0.85,0.86,0.855,0.11,0.12,0.11499999999999999,764.2500000000001,568.01,293.23,613.3,0.14729857535315935,-0.3530716027048194,-0.020000000000000018,0.07999999999999996,0.6,0.98,WAIT,4,"BTC_BELOW,BTC30+,PM15+,PM30+"
2026-09-21 18:09:33,1790014172,btc-updown-5m-1790013900,28,85946.28,85971.77,-25.49000000000524,-2.220000000001164,14.690000000002328,37.330000000001746,30.70999999999185,0.91,0.95,0.9299999999999999,0.05,0.06,0.055,621.25,1240.67,490.06,1305.0,-0.3326780957291398,-0.45399039586420514,0.014999999999999902,0.4049999999999999,0.695,1.01,WAIT,3,"BTC_BELOW,BTC30+,PM15+,PM30+"
2026-09-21 18:09:35,1790014174,btc-updown-5m-1790013900,26,85946.28,85971.77,-25.49000000000524,-2.220000000001164,14.690000000002328,37.330000000001746,30.69999999999709,0.96,0.97,0.965,0.02,0.03,0.025,1356.5,3632.33,3065.58,1459.5,-0.45618511755261254,0.35492853165026916,0.16999999999999993,0.495,0.73,1.0,WAIT,2,"BTC_BELOW,BTC30+,PM5+,PM15+,PM30+,DOWN_BOOK"
2026-09-21 18:09:37,1790014176,btc-updown-5m-1790013900,24,85946.3,85971.77,-25.470000000001164,0.020000000004074536,14.720000000001164,24.49000000000524,30.729999999995925,0.98,0.99,0.985,0.01,0.02,0.015,1770.5,2603.26,2613.26,1548.56,-0.19039910740415572,0.2558255763103643,0.13,0.24,0.48,1.01,WAIT,1,"BTC_BELOW,PM5+,PM15+,PM30+,DOWN_BOOK"
2026-09-21 18:09:38,1790014178,btc-updown-5m-1790013900,22,85946.3,85971.77,-25.470000000001164,0.020000000004074536,2.6300000000046566,15.589999999996508,30.729999999995925,0.98,0.99,0.985,0.01,0.02,0.015,1700.33,1871.49,1871.49,1667.6100000000001,-0.047919548017537304,0.05760786640671353,0.05500000000000005,0.13,0.245,1.01,WAIT,2,"BTC_BELOW,PM5+,PM15+,PM30+"
2026-09-21 18:09:40,1790014179,btc-updown-5m-1790013900,21,85946.29,85971.77,-25.480000000010477,0.00999999999476131,2.6199999999953434,10.569999999992433,25.279999999998836,0.98,0.99,0.985,0.01,0.02,0.015,727.6700000000001,1499.57,1413.69,1014.6100000000001,-0.346572439431763,0.16434542684182346,0.020000000000000018,0.13,0.27,1.01,WAIT,0,"BTC_BELOW,PM15+,PM30+"
2026-09-21 18:09:42,1790014181,btc-updown-5m-1790013900,19,85934.88,85971.77,-36.88999999999942,-11.419999999998254,-8.789999999993597,-0.8399999999965075,13.870000000009895,0.93,0.94,0.935,0.05,0.06,0.055,464.25,743.62,267.05,689.82,-0.23129144692723558,-0.44182595336879615,-0.04999999999999993,0.06000000000000005,0.16000000000000003,1.0,WAIT,0,TIME_FILTER
2026-09-21 18:09:44,1790014183,btc-updown-5m-1790013900,17,85934.89,85971.77,-36.88000000000466,-11.410000000003492,-13.610000000000582,-0.8300000000017462,13.880000000004657,0.96,0.97,0.965,0.03,0.04,0.035,519.86,600.6200000000001,641.6600000000001,1349.73,-0.07207625303441391,-0.3555657103831996,-0.020000000000000018,0.16999999999999993,0.19999999999999996,1.01,WAIT,0,TIME_FILTER
2026-09-21 18:09:46,1790014185,btc-updown-5m-1790013900,15,85945.46,85971.77,-26.30999999999767,-0.8299999999871943,-0.819999999992433,9.740000000005239,24.44000000000233,0.99,,,,0.01,,2841.67,0,0,2169.67,1.0,-1.0,,,,,WAIT,0,TIME_FILTER
2026-09-21 18:09:47,1790014187,btc-updown-5m-1790013900,13,85945.45,85971.77,-26.320000000006985,10.569999999992433,-0.8300000000017462,13.860000000000582,24.44000000000233,0.99,,,,0.01,,3006.67,0,0,3091.67,1.0,-1.0,,,,,WAIT,0,TIME_FILTER
2026-09-21 18:09:49,1790014188,btc-updown-5m-1790013900,12,85945.45,85971.77,-26.320000000006985,10.559999999997672,-0.8300000000017462,13.860000000000582,36.55000000000291,0.99,,,,0.01,,6820.28,0,0,6851.28,1.0,-1.0,,,,,WAIT,0,TIME_FILTER
2026-09-21 18:09:51,1790014190,btc-updown-5m-1790013900,10,85945.45,85971.77,-26.320000000006985,-0.010000000009313226,-0.8300000000017462,13.869999999995343,43.679999999993015,0.99,,,,0.01,,15138.380000000001,0,0,16210.89,1.0,-1.0,,,,,WAIT,0,TIME_FILTER
2026-09-21 18:09:52,1790014192,btc-updown-5m-1790013900,8,85945.45,85971.77,-26.320000000006985,0.0,-0.8500000000058208,13.869999999995343,43.669999999998254,0.99,,,,0.01,,16731.28,0,0,16694.28,1.0,-1.0,,,,,WAIT,0,TIME_FILTER
2026-09-21 18:09:54,1790014193,btc-updown-5m-1790013900,7,85945.46,85971.77,-26.30999999999767,0.010000000009313226,-0.8399999999965075,1.790000000008149,43.69000000000233,0.99,,,,0.01,,23891.449999999997,0,0,23889.43,1.0,-1.0,,,,,WAIT,0,TIME_FILTER
2026-09-21 18:09:56,1790014195,btc-updown-5m-1790013900,5,85945.46,85971.77,-26.30999999999767,0.010000000009313226,-0.8299999999871943,1.790000000008149,36.51000000000931,0.99,,,,0.01,,36818.43,0,0,36818.43,1.0,-1.0,,,,,WAIT,0,TIME_FILTER
2026-09-21 18:09:58,1790014197,btc-updown-5m-1790013900,3,85945.45,85971.77,-26.320000000006985,0.0,10.569999999992433,-3.0500000000029104,36.50999999999476,0.99,,,,0.01,,36642.86,0,0,36642.86,1.0,-1.0,,,,,WAIT,0,TIME_FILTER
2026-09-21 18:10:00,1790014199,btc-updown-5m-1790013900,1,85946.77,85971.77,-25.0,1.3099999999976717,11.880000000004657,-1.7299999999959255,37.820000000006985,0.99,,,,0.01,,56864.340000000004,0,0,53932.21,1.0,-1.0,,,,,WAIT,0,TIME_FILTER
2026-09-21 18:10:02,1790014201,btc-updown-5m-1790014200,299,85946.76,85946.76,0.0,,,,,0.53,0.54,0.535,0.45,0.46,0.455,2507.24,600.58,698.63,3885.8599999999997,0.6135039995881357,-0.6952201880689018,,,,1.0,WAIT,0,TIME_FILTER
2026-09-21 18:10:03,1790014203,btc-updown-5m-1790014200,297,85946.77,85946.76,0.010000000009313226,,,,,0.54,0.55,0.545,0.45,0.46,0.455,4931.46,1985.48,1336.29,4976.46,0.4259079882144416,-0.576637756920518,,,,1.01,WAIT,0,TIME_FILTER
2026-09-21 18:10:05,1790014204,btc-updown-5m-1790014200,296,85960.76,85946.76,14.0,,,,,0.63,0.64,0.635,0.36,0.37,0.365,3235.68,3402.37,2325.37,3363.63,-0.025111290213240343,-0.18250307611179473,,,,1.01,WAIT,0,TIME_FILTER
2026-09-21 18:10:07,1790014206,btc-updown-5m-1790014200,294,85960.75,85946.76,13.990000000005239,13.990000000005239,,,,0.59,0.6,0.595,0.4,0.41,0.405,3449.29,2104.2400000000002,2229.24,2523.29,0.24219730513745305,-0.06187230801278481,0.05999999999999994,,,1.01,WAIT,0,TIME_FILTER
2026-09-21 18:10:09,1790014208,btc-updown-5m-1790014200,292,85945.46,85946.76,-1.2999999999883585,-1.3099999999976717,,,,0.5,0.51,0.505,0.49,0.5,0.495,1107.0,1039.01,1068.17,2318.04,0.0316820518077735,-0.3691058735282218,-0.040000000000000036,,,1.01,WAIT,0,TIME_FILTER
2026-09-21 18:10:10,1790014210,btc-updown-5m-1790014200,290,85945.46,85946.76,-1.2999999999883585,-15.299999999988358,,,,0.52,0.53,0.525,0.47,0.48,0.475,3632.6800000000003,1441.77,1394.8,3837.6800000000003,0.4317531949275291,-0.46686848301379075,-0.10999999999999999,,,1.01,WAIT,0,TIME_FILTER
2026-09-21 18:10:12,1790014211,btc-updown-5m-1790014200,289,85945.45,85946.76,-1.3099999999976717,-15.30000000000291,,,,0.53,0.54,0.535,0.46,0.47,0.46499999999999997,3203.98,3424.04,2236.8,3186.9700000000003,-0.033201468915302,-0.1751862634293121,-0.05999999999999994,,,1.01,WAIT,0,TIME_FILTER
2026-09-21 18:10:14,1790014213,btc-updown-5m-1790014200,287,85945.45,85946.76,-1.3099999999976717,-0.010000000009313226,,,,0.56,0.57,0.565,0.43,0.44,0.435,2597.09,2266.13,2185.8300000000004,2682.09,0.06805367637079959,-0.10194497855346837,0.05999999999999994,,,1.01,WAIT,0,TIME_FILTER
2026-09-21 18:10:16,1790014215,btc-updown-5m-1790014200,285,85945.46,85946.76,-1.2999999999883585,0.0,,,,0.56,0.57,0.565,0.43,0.44,0.435,2174.37,3239.4700000000003,3276.3,1796.37,-0.19673651234613515,0.29174576702210087,0.039999999999999925,,,1.01,WAIT,0,TIME_FILTER
2026-09-21 18:10:17,1790014217,btc-updown-5m-1790014200,283,85945.45,85946.76,-1.3099999999976717,0.0,-1.3099999999976717,,,0.52,0.53,0.525,0.47,0.48,0.475,2839.9300000000003,2736.08,2171.34,2862.7900000000004,0.018624428578858425,-0.13735243229713975,-0.010000000000000009,-0.010000000000000009,,1.01,WAIT,0,TIME_FILTER
2026-09-21 18:10:19,1790014218,btc-updown-5m-1790014200,282,85945.45,85946.76,-1.3099999999976717,0.0,-1.320000000006985,,,0.54,0.55,0.545,0.44,0.45,0.445,5093.56,1669.72,1493.72,3647.1299999999997,0.5062395760636851,-0.418882091482926,-0.019999999999999907,0.0,,1.0,WAIT,0,TIME_FILTER
2026-09-21 18:10:21,1790014220,btc-updown-5m-1790014200,280,85945.45,85946.76,-1.3099999999976717,-0.010000000009313226,-15.309999999997672,,,0.54,0.55,0.545,0.45,0.46,0.455,3868.7500000000005,3502.59,2804.59,3998.8200000000006,0.049673465068766375,-0.17553403366841044,-0.019999999999999907,-0.08999999999999997,,1.01,WAIT,0,TIME_FILTER
2026-09-21 18:10:23,1790014222,btc-updown-5m-1790014200,278,85945.46,85946.76,-1.2999999999883585,0.010000000009313226,-15.289999999993597,,,0.54,0.55,0.545,0.44,0.45,0.445,4666.460000000001,1139.72,768.72,3952.8599999999997,0.6074114133561137,-0.6743801862935711,0.020000000000000018,-0.04999999999999993,,1.0,WAIT,0,TIME_FILTER
2026-09-21 18:10:24,1790014224,btc-updown-5m-1790014200,276,85945.46,85946.76,-1.2999999999883585,0.010000000009313226,0.0,,,0.56,0.57,0.565,0.43,0.44,0.435,3032.1800000000003,4122.95,3781.69,2966.7200000000003,-0.15244586751044348,0.12076474310244929,0.019999999999999907,0.05999999999999994,,1.01,WAIT,0,TIME_FILTER
2026-09-21 18:10:26,1790014225,btc-updown-5m-1790014200,275,85950.64,85946.76,3.8800000000046566,5.190000000002328,5.179999999993015,,,0.6,0.61,0.605,0.38,0.39,0.385,2584.82,759.8,298.8,3848.68,0.545658400655381,-0.8559125059072015,0.05999999999999994,0.07999999999999996,,1.0,WAIT,0,TIME_FILTER
2026-09-21 18:10:28,1790014227,btc-updown-5m-1790014200,273,85960.75,85946.76,13.990000000005239,15.289999999993597,15.30000000000291,,,0.61,0.62,0.615,0.38,0.39,0.385,1841.0,4467.35,2978.88,2885.0,-0.4163291510458361,0.016009877419046793,0.06999999999999995,0.07999999999999996,,1.01,WAIT,0,TIME_FILTER
2026-09-21 18:10:30,1790014229,btc-updown-5m-1790014200,271,85960.75,85946.76,13.990000000005239,15.289999999993597,15.30000000000291,,,0.61,0.62,0.615,0.38,0.39,0.385,2637.7400000000002,3761.7400000000002,3656.9900000000002,2658.28,-0.17563927069074362,0.1581420905202786,0.050000000000000044,0.050000000000000044,,1.01,WAIT,0,TIME_FILTER
2026-09-21 18:10:31,1790014231,btc-updown-5m-1790014200,269,85974.51,85946.76,27.75,23.869999999995343,29.04999999998836,27.75,,0.64,0.65,0.645,0.35,0.36,0.355,3146.69,3033.17,2987.82,3061.2799999999997,0.01836934817293595,-0.01214395529913534,0.040000000000000036,0.08000000000000007,0.10999999999999999,1.01,UP WATCH,9,"BTC_ABOVE,BTC5+,BTC15+,PM5+,PM15+,PM30+"
2026-09-21 18:10:33,1790014232,btc-updown-5m-1790014200,268,85974.51,85946.76,27.75,13.759999999994761,29.05999999999767,27.75,,0.64,0.65,0.645,0.35,0.36,0.355,2322.53,3469.4700000000003,3440.4700000000003,2332.53,-0.198021408839779,0.19191754720249438,0.030000000000000027,0.12,0.10999999999999999,1.01,UP WATCH,9,"BTC_ABOVE,BTC5+,BTC15+,PM5+,PM15+,PM30+"
2026-09-21 18:10:35,1790014234,btc-updown-5m-1790014200,266,85974.51,85946.76,27.75,13.759999999994761,29.05999999999767,13.75,,0.64,0.65,0.645,0.35,0.36,0.355,1958.0,3849.4700000000003,3849.4700000000003,1848.0,-0.32569604319953444,0.3512910116244579,0.030000000000000027,0.09999999999999998,0.010000000000000009,1.01,UP WATCH,6,"BTC_ABOVE,BTC5+,BTC15+,PM5+,PM15+,DOWN_BOOK"
2026-09-21 18:10:36,1790014236,btc-updown-5m-1790014200,264,85974.51,85946.76,27.75,0.0,29.05999999999767,13.759999999994761,,0.63,0.64,0.635,0.36,0.37,0.365,3027.2599999999998,1762.59,1817.59,3022.2599999999998,0.26403123271083645,-0.24890647437420582,-0.010000000000000009,0.08999999999999997,0.040000000000000036,1.01,UP WATCH,7,"BTC_ABOVE,BTC15+,PM15+,UP_BOOK"
2026-09-21 18:10:38,1790014237,btc-updown-5m-1790014200,263,85974.51,85946.76,27.75,0.0,29.04999999998836,13.759999999994761,,0.63,0.64,0.635,0.36,0.37,0.365,2716.49,2279.95,2377.32,2651.47,0.08737020758780252,-0.05451609631740431,-0.010000000000000009,0.08999999999999997,0.040000000000000036,1.01,UP WATCH,6,"BTC_ABOVE,BTC15+,PM15+"
2026-09-21 18:10:40,1790014239,btc-updown-5m-1790014200,261,85968.07,85946.76,21.310000000012224,-6.439999999987776,22.610000000000582,22.610000000000582,,0.62,0.63,0.625,0.37,0.38,0.375,1099.0,3426.1800000000003,3356.1800000000003,1276.07,-0.5142734653649137,0.4490495979275731,-0.020000000000000018,0.06000000000000005,0.12,1.01,WAIT,5,"BTC_ABOVE,BTC15+,PM15+,PM30+,DOWN_BOOK"
2026-09-21 18:10:42,1790014241,btc-updown-5m-1790014200,259,85968.07,85946.76,21.310000000012224,-6.439999999987776,17.430000000007567,22.620000000009895,,0.62,0.63,0.625,0.37,0.38,0.375,1364.14,2721.34,1606.42,3004.34,-0.33220086746232996,-0.30318645949908474,-0.010000000000000009,0.020000000000000018,0.08999999999999997,1.01,WAIT,3,"BTC_ABOVE,PM30+"
2026-09-21 18:10:44,1790014243,btc-updown-5m-1790014200,257,85968.07,85946.76,21.310000000012224,-6.439999999987776,7.320000000006985,22.620000000009895,,0.63,0.64,0.635,0.36,0.37,0.365,3023.57,3161.0199999999995,3206.63,2970.46,-0.022224593707909395,0.03823321337393499,0.0,0.020000000000000018,0.07000000000000006,1.01,WAIT,3,"BTC_ABOVE,PM30+"
2026-09-21 18:10:45,1790014245,btc-updown-5m-1790014200,255,85968.07,85946.76,21.310000000012224,0.0,7.320000000006985,22.610000000000582,,0.63,0.64,0.635,0.36,0.37,0.365,2421.0499999999997,3057.45,3998.3,310.0,-0.11616318335310762,0.8560917299166725,0.010000000000000009,0.020000000000000018,0.07000000000000006,1.01,WAIT,2,"BTC_ABOVE,PM30+,DOWN_BOOK"
2026-09-21 18:10:47,1790014246,btc-updown-5m-1790014200,254,85950.83,85946.76,4.070000000006985,-17.24000000000524,-23.679999999993015,5.369999999995343,,0.54,0.55,0.545,0.45,0.46,0.455,2911.11,3256.89,2450.1400000000003,1340.9,-0.05606031128404665,0.2925951717734448,-0.07999999999999996,-0.09999999999999998,-0.019999999999999907,1.01,DOWN WATCH,-7,"BTC5-,BTC15-,PM5-,PM15-,DOWN_BOOK"
2026-09-21 18:10:49,1790014248,btc-updown-5m-1790014200,252,85950.82,85946.76,4.060000000012224,-17.25,-23.689999999987776,5.370000000009895,,0.54,0.55,0.545,0.45,0.46,0.455,3651.56,1834.75,628.0,3753.0499999999997,0.3311533617312912,-0.7133107360107738,-0.08999999999999997,-0.09999999999999998,0.0,1.01,WAIT,-4,"BTC5-,BTC15-,PM5-,PM15-,UP_BOOK"
2026-09-21 18:10:50,1790014250,btc-updown-5m-1790014200,250,85950.83,85946.76,4.070000000006985,-17.24000000000524,-23.679999999993015,5.380000000004657,,0.56,0.57,0.565,0.43,0.44,0.435,3811.25,1165.75,1671.98,4050.79,0.5315451074944746,-0.4156745771715445,-0.07000000000000006,-0.08000000000000007,0.019999999999999907,1.01,WAIT,-4,"BTC5-,BTC15-,PM5-,PM15-,UP_BOOK"
2026-09-21 18:10:52,1790014251,btc-updown-5m-1790014200,249,85954.09,85946.76,7.330000000001746,3.2599999999947613,-20.419999999998254,8.639999999999418,,0.63,0.64,0.635,0.36,0.37,0.365,2390.37,1285.02,1408.7,2326.37,0.30074359455731225,-0.245690174481335,0.08999999999999997,0.0,0.08999999999999997,1.01,WAIT,1,"BTC15-,PM5+,PM30+,UP_BOOK"
2026-09-21 18:10:54,1790014253,btc-updown-5m-1790014200,247,85960.75,85946.76,13.990000000005239,9.929999999993015,-13.759999999994761,15.289999999993597,,0.63,0.64,0.635,0.34,0.36,0.35,2833.58,1676.15,686.0,4140.84,0.2566517285957252,-0.715756064008751,0.08999999999999997,0.0,0.08999999999999997,1.0,WAIT,4,"PM5+,PM30+,UP_BOOK"
2026-09-21 18:10:56,1790014255,btc-updown-5m-1790014200,245,85963.63,85946.76,16.870000000009895,12.80000000000291,-4.440000000002328,12.990000000005239,,0.65,0.66,0.655,0.34,0.35,0.345,1855.07,3472.62,2777.62,1917.1399999999999,-0.3036118843251015,0.18328519455733627,0.09000000000000008,0.030000000000000027,0.050000000000000044,1.01,WAIT,1,"BTC5+,PM5+"
2026-09-21 18:10:57,1790014257,btc-updown-5m-1790014200,243,85955.47,85946.76,8.710000000006403,1.3800000000046566,-12.60000000000582,-5.279999999998836,,0.55,0.56,0.555,0.44,0.45,0.445,1403.72,2944.59,1815.21,1492.41,-0.35436065965858,0.09759283109909843,-0.07999999999999996,-0.06999999999999995,-0.05999999999999994,1.01,WAIT,-4,"PM5-,PM15-"
2026-09-21 18:10:59,1790014258,btc-updown-5m-1790014200,242,85955.47,85946.76,8.710000000006403,-5.279999999998836,-12.60000000000582,-5.279999999998836,,0.56,0.57,0.565,0.43,0.44,0.435,2101.0800000000004,2322.7799999999997,2322.94,2031.0800000000002,-0.05011460579674749,0.06703230577718979,-0.07000000000000006,-0.07000000000000006,-0.050000000000000044,1.01,WAIT,-3,"PM5-,PM15-"
2026-09-21 18:11:01,1790014260,btc-updown-5m-1790014200,240,85955.47,85946.76,8.710000000006403,-8.160000000003492,-12.60000000000582,-5.279999999998836,,0.57,0.58,0.575,0.42,0.43,0.425,2565.6,2640.31,2635.23,1393.5300000000002,-0.014350997231992109,0.3082089774521192,-0.08000000000000007,-0.06000000000000005,-0.040000000000000036,1.01,WAIT,-4,"PM5-,PM15-,DOWN_BOOK"
2026-09-21 18:11:03,1790014262,btc-updown-5m-1790014200,238,85955.48,85946.76,8.720000000001164,0.00999999999476131,4.649999999994179,-19.029999999998836,8.720000000001164,0.57,0.58,0.575,0.42,0.43,0.425,3559.77,1402.75,1667.75,2371.7000000000003,0.4346622280615493,-0.17426877421431142,0.019999999999999907,0.029999999999999916,-0.07000000000000006,1.01,WAIT,0,"PM30-,UP_BOOK"
2026-09-21 18:11:05,1790014264,btc-updown-5m-1790014200,236,85955.48,85946.76,8.720000000001164,0.00999999999476131,4.6599999999889405,-19.029999999998836,-5.279999999998836,0.58,0.59,0.585,0.41,0.42,0.415,2298.51,4106.09,3917.0,1650.0100000000002,-0.2822315210942135,0.4072185966973294,0.020000000000000018,0.039999999999999925,-0.06000000000000005,1.01,WAIT,-2,DOWN_BOOK
2026-09-21 18:11:06,1790014266,btc-updown-5m-1790014200,234,85957.67,85946.76,10.910000000003492,2.1999999999970896,3.5800000000017462,-16.839999999996508,-3.0800000000017462,0.64,0.65,0.645,0.33,0.34,0.335,2935.86,1484.0,858.0,2796.71,0.3284855176408302,-0.5304689017733282,0.07000000000000006,0.010000000000000009,0.010000000000000009,0.99,WAIT,3,"PM5+,UP_BOOK"
2026-09-21 18:11:08,1790014267,btc-updown-5m-1790014200,233,85961.94,85946.76,15.180000000007567,6.460000000006403,7.850000000005821,-12.569999999992433,1.1900000000023283,0.66,0.67,0.665,0.33,0.34,0.335,2113.98,4130.12,2351.06,2268.53,-0.3228872055220127,0.01786522180539826,0.09000000000000008,0.030000000000000027,0.030000000000000027,1.01,WAIT,0,PM5+
2026-09-21 18:11:10,1790014269,btc-updown-5m-1790014200,231,85963.63,85946.76,16.870000000009895,8.150000000008731,2.8800000000046566,-4.440000000002328,18.169999999998254,0.65,0.66,0.655,0.34,0.35,0.345,1369.85,5064.02,4273.18,1395.9799999999998,-0.5741754185272627,0.5075178686084006,0.07000000000000006,0.020000000000000018,0.030000000000000027,1.01,WAIT,-1,"PM5+,DOWN_BOOK"
2026-09-21 18:11:12,1790014271,btc-updown-5m-1790014200,229,85966.05,85946.76,19.29000000000815,8.380000000004657,2.4199999999982538,-2.0200000000040745,20.60000000000582,0.7,0.71,0.705,0.29,0.3,0.295,2486.8799999999997,1955.44,1145.38,2531.88,0.1196311837058113,-0.3770470404594725,0.05999999999999994,0.04999999999999993,0.07999999999999996,1.01,WAIT,3,"PM5+,PM30+"
2026-09-21 18:11:13,1790014273,btc-updown-5m-1790014200,227,85980.66,85946.76,33.90000000000873,18.720000000001164,25.19000000000233,12.589999999996508,35.2100000000064,0.74,0.75,0.745,0.25,0.26,0.255,2917.75,3486.12,3355.64,2821.1,-0.08875414397856295,0.08654079660144348,0.07999999999999996,0.18000000000000005,0.10999999999999999,1.01,UP WATCH,9,"BTC_ABOVE,BTC5+,BTC15+,PM5+,PM15+,PM30+"
2026-09-21 18:11:15,1790014274,btc-updown-5m-1790014200,226,85980.66,85946.76,33.90000000000873,17.029999999998836,25.19000000000233,12.589999999996508,35.2100000000064,0.7,0.71,0.705,0.3,0.31,0.305,467.0,4206.469999999999,3642.61,594.0,-0.80014849779714,0.7195871227231205,0.04999999999999993,0.14,0.06999999999999995,1.02,UP WATCH,6,"BTC_ABOVE,BTC5+,BTC15+,PM5+,PM15+,DOWN_BOOK"
2026-09-21 18:11:17,1790014276,btc-updown-5m-1790014200,224,85980.66,85946.76,33.90000000000873,14.610000000000582,25.19000000000233,29.830000000001746,35.19999999999709,0.69,0.7,0.695,0.3,0.31,0.305,1880.88,3643.5,2709.48,2159.2,-0.31906204859187814,0.11302447480631304,-0.010000000000000009,0.12,0.1499999999999999,1.01,UP WATCH,7,"BTC_ABOVE,BTC5+,BTC15+,PM15+,PM30+"
2026-09-21 18:11:18,1790014278,btc-updown-5m-1790014200,222,85980.67,85946.76,33.91000000000349,0.00999999999476131,25.19000000000233,29.84999999999127,35.220000000001164,0.69,0.7,0.695,0.3,0.31,0.305,3179.94,3447.9500000000003,3802.9500000000003,463.18,-0.040436700065933535,0.7828570624898914,-0.050000000000000044,0.12,0.1499999999999999,1.01,WAIT,5,"BTC_ABOVE,BTC15+,PM5-,PM15+,PM30+,DOWN_BOOK"
2026-09-21 18:11:20,1790014279,btc-updown-5m-1790014200,221,85980.66,85946.76,33.90000000000873,0.0,25.180000000007567,29.839999999996508,35.2100000000064,0.69,0.7,0.695,0.3,0.31,0.305,5623.469999999999,1346.6100000000001,1525.6100000000001,4275.25,0.6136027133117552,-0.47400557848319036,-0.010000000000000009,0.10999999999999999,0.1499999999999999,1.01,UP WATCH,9,"BTC_ABOVE,BTC15+,PM15+,PM30+,UP_BOOK"
2026-09-21 18:11:22,1790014281,btc-updown-5m-1790014200,219,85980.66,85946.76,33.90000000000873,0.0,22.99000000000524,26.570000000006985,35.2100000000064,0.69,0.7,0.695,0.3,0.31,0.305,5165.02,2543.61,3306.62,3701.3,0.34006172302990284,-0.056319136063197106,0.0,0.04999999999999993,0.05999999999999994,1.01,WAIT,5,"BTC_ABOVE,BTC15+,UP_BOOK"
2026-09-21 18:11:24,1790014283,btc-updown-5m-1790014200,217,85980.66,85946.76,33.90000000000873,-0.00999999999476131,18.720000000001164,19.910000000003492,35.19999999999709,0.7,0.71,0.705,0.29,0.3,0.295,4547.28,1523.91,1549.44,3579.13,0.49798639146526463,-0.3957613915769893,0.010000000000000009,0.039999999999999925,0.06999999999999995,1.01,WAIT,4,"BTC_ABOVE,UP_BOOK"
2026-09-21 18:11:26,1790014285,btc-updown-5m-1790014200,215,85980.67,85946.76,33.91000000000349,0.00999999999476131,17.039999999993597,17.039999999993597,30.029999999998836,0.7,0.71,0.705,0.29,0.3,0.295,2042.24,4186.62,3959.41,1827.42,-0.34426524275710163,0.3684210526315789,0.010000000000000009,0.04999999999999993,0.04999999999999993,1.01,WAIT,0,"BTC_ABOVE,DOWN_BOOK"
2026-09-21 18:11:27,1790014287,btc-updown-5m-1790014200,213,85980.67,85946.76,33.91000000000349,0.00999999999476131,14.619999999995343,25.19999999999709,19.919999999998254,0.71,0.72,0.715,0.28,0.29,0.28500000000000003,3291.26,2432.88,2369.2000000000003,2661.4100000000003,0.14995789760557918,-0.058086395089263526,0.020000000000000018,0.010000000000000009,0.15999999999999992,1.01,WAIT,3,"BTC_ABOVE,PM30+"
2026-09-21 18:11:29,1790014288,btc-updown-5m-1790014200,212,85980.67,85946.76,33.91000000000349,0.00999999999476131,0.00999999999476131,25.19999999999709,19.919999999998254,0.71,0.72,0.715,0.28,0.29,0.28500000000000003,2830.9800000000005,2664.8,2768.8,2324.3,0.03023774605242573,0.0872749406059178,0.010000000000000009,-0.030000000000000027,0.15000000000000002,1.01,WAIT,3,"BTC_ABOVE,PM30+"
2026-09-21 18:11:31,1790014290,btc-updown-5m-1790014200,210,85980.67,85946.76,33.91000000000349,0.0,0.00999999999476131,25.19999999999709,19.919999999998254,0.71,0.72,0.715,0.28,0.29,0.28500000000000003,2932.3300000000004,2985.7000000000003,2911.7000000000003,2372.65,-0.009018203692782884,0.1020087617209307,0.010000000000000009,0.010000000000000009,0.14,1.01,WAIT,3,"BTC_ABOVE,PM30+"
2026-09-21 18:11:32,1790014292,btc-updown-5m-1790014200,208,85980.66,85946.76,33.90000000000873,-0.00999999999476131,0.0,25.180000000007567,6.150000000008731,0.74,0.75,0.745,0.26,0.27,0.265,1330.25,2860.69,2773.0600000000004,1593.21,-0.36517821777453263,0.27021920311845127,0.030000000000000027,0.050000000000000044,0.17000000000000004,1.02,WAIT,4,"BTC_ABOVE,PM5+,PM15+,PM30+,DOWN_BOOK"
2026-09-21 18:11:34,1790014293,btc-updown-5m-1790014200,207,85980.66,85946.76,33.90000000000873,-0.00999999999476131,-0.00999999999476131,25.180000000007567,6.150000000008731,0.73,0.74,0.735,0.26,0.27,0.265,2399.79,3118.6499999999996,3773.3999999999996,2063.29,-0.13026507491247521,0.29299311767457237,0.020000000000000018,0.040000000000000036,0.16000000000000003,1.01,WAIT,2,"BTC_ABOVE,PM30+,DOWN_BOOK"
2026-09-21 18:11:36,1790014295,btc-updown-5m-1790014200,205,85980.66,85946.76,33.90000000000873,-0.00999999999476131,0.0,25.180000000007567,6.150000000008731,0.73,0.74,0.735,0.26,0.27,0.265,1945.64,4774.88,3870.49,2433.63,-0.4209852809008826,0.22792396083830888,0.020000000000000018,0.040000000000000036,0.15000000000000002,1.01,WAIT,2,"BTC_ABOVE,PM30+"
2026-09-21 18:11:38,1790014297,btc-updown-5m-1790014200,203,85980.66,85946.76,33.90000000000873,0.0,0.0,18.720000000001164,6.150000000008731,0.73,0.74,0.735,0.26,0.27,0.265,2716.69,3966.42,3972.42,2711.69,-0.18699826877007858,0.1886159862719195,-0.010000000000000009,0.040000000000000036,0.06999999999999995,1.01,WAIT,2,BTC_ABOVE
2026-09-21 18:11:40,1790014299,btc-updown-5m-1790014200,201,85980.67,85946.76,33.91000000000349,0.00999999999476131,0.00999999999476131,17.039999999993597,12.599999999991269,0.73,0.74,0.735,0.26,0.27,0.265,3392.2400000000002,3559.54,203.67000000000002,5058.530000000001,-0.024065778836499387,-0.9225913116187145,0.0,0.030000000000000027,0.07999999999999996,1.01,WAIT,4,"BTC_ABOVE,PM30+"
2026-09-21 18:11:41,1790014301,btc-updown-5m-1790014200,199,85980.67,85946.76,33.91000000000349,0.00999999999476131,0.0,14.619999999995343,12.599999999991269,0.76,0.77,0.765,0.23,0.24,0.235,3806.37,3484.64,3485.9999999999995,3809.0699999999997,0.04412694537519493,-0.04428607264906302,0.030000000000000027,0.06000000000000005,0.06000000000000005,1.01,WAIT,5,"BTC_ABOVE,PM5+,PM15+"
2026-09-21 18:11:43,1790014302,btc-updown-5m-1790014200,198,85987.78,85946.76,41.020000000004075,7.119999999995343,7.110000000000582,21.729999999995925,19.70999999999185,0.8,0.81,0.805,0.19,0.2,0.195,2350.0299999999997,1853.4699999999998,3473.47,2623.8900000000003,0.11813012965385987,0.13933571250508406,0.07000000000000006,0.09000000000000008,0.10000000000000009,1.01,WAIT,6,UP_TOO_EXPENSIVE
2026-09-21 18:11:45,1790014304,btc-updown-5m-1790014200,196,85987.77,85946.76,41.01000000000931,7.100000000005821,7.100000000005821,7.110000000000582,19.69999999999709,0.81,0.82,0.815,0.18,0.19,0.185,2128.1,3705.0699999999997,2435.85,1923.1,-0.27034528395366497,0.11763153970566306,0.07999999999999996,0.09999999999999998,0.10999999999999999,1.01,WAIT,5,"BTC_ABOVE,PM5+,PM15+,PM30+"
2026-09-21 18:11:47,1790014306,btc-updown-5m-1790014200,194,85991.52,85946.76,44.76000000000931,10.85000000000582,10.85000000000582,10.860000000000582,40.69000000000233,0.81,0.82,0.815,0.18,0.19,0.185,1904.86,4165.23,4170.23,1951.86,-0.3723783337644088,0.3623550127489142,0.04999999999999993,0.09999999999999998,0.12,1.01,WAIT,6,UP_TOO_EXPENSIVE
2026-09-21 18:11:48,1790014308,btc-updown-5m-1790014200,192,86000.0,85946.76,53.24000000000524,12.220000000001164,19.339999999996508,19.330000000001746,49.179999999993015,0.84,0.85,0.845,0.15,0.16,0.155,2660.31,2574.2999999999997,2499.2999999999997,2530.31,0.016431023514645832,-0.00616548798018141,0.039999999999999925,0.10999999999999999,0.15000000000000002,1.01,WAIT,9,UP_TOO_EXPENSIVE
2026-09-21 18:11:50,1790014309,btc-updown-5m-1790014200,191,86000.99,85946.76,54.23000000001048,13.220000000001164,20.330000000001746,20.330000000001746,50.169999999998254,0.86,0.87,0.865,0.13,0.14,0.135,2979.1000000000004,4360.88,4376.88,2999.1000000000004,-0.188253918948008,0.18679280583732596,0.050000000000000044,0.13,0.17000000000000004,1.01,WAIT,11,UP_TOO_EXPENSIVE
2026-09-21 18:11:52,1790014311,btc-updown-5m-1790014200,189,86001.0,85946.76,54.24000000000524,9.479999999995925,20.339999999996508,20.339999999996508,46.91000000000349,0.84,0.85,0.845,0.15,0.16,0.155,1044.07,5351.88,5321.88,1134.07,-0.6735215253402544,0.6486744785817735,0.030000000000000027,0.10999999999999999,0.15000000000000002,1.01,WAIT,8,UP_TOO_EXPENSIVE
2026-09-21 18:11:54,1790014313,btc-updown-5m-1790014200,187,86000.99,85946.76,54.23000000001048,0.9900000000052387,20.330000000001746,20.330000000001746,40.24000000000524,0.84,0.85,0.845,0.15,0.16,0.155,2464.41,4472.88,4487.88,2476.41,-0.2895179529758739,0.28882628379921,0.0,0.10999999999999999,0.14,1.01,WAIT,7,UP_TOO_EXPENSIVE
2026-09-21 18:11:55,1790014315,btc-updown-5m-1790014200,185,86000.99,85946.76,54.23000000001048,0.0,20.320000000006985,20.320000000006985,37.36000000000058,0.84,0.85,0.845,0.15,0.16,0.155,3447.29,3968.2000000000003,4299.650000000001,3452.58,-0.07024620085793391,0.1092679138776843,-0.020000000000000018,0.10999999999999999,0.14,1.01,WAIT,8,UP_TOO_EXPENSIVE
2026-09-21 18:11:57,1790014316,btc-updown-5m-1790014200,184,86000.99,85946.76,54.23000000001048,-0.00999999999476131,20.320000000006985,20.320000000006985,37.36000000000058,0.83,0.84,0.835,0.16,0.17,0.165,3372.9700000000003,3311.23,3400.11,3439.9700000000003,0.009236707459381861,-0.00582741722319039,-0.010000000000000009,0.06999999999999995,0.13,1.01,WAIT,8,UP_TOO_EXPENSIVE
2026-09-21 18:11:59,1790014318,btc-updown-5m-1790014200,182,86000.99,85946.76,54.23000000001048,0.0,13.210000000006403,20.320000000006985,45.520000000004075,0.83,0.84,0.835,0.16,0.17,0.165,3489.2700000000004,1782.53,1797.53,3551.2700000000004,0.3237490041352101,-0.32787541130720915,-0.010000000000000009,0.029999999999999916,0.12,1.01,WAIT,7,UP_TOO_EXPENSIVE
2026-09-21 18:12:01,1790014320,btc-updown-5m-1790014200,180,86000.99,85946.76,54.23000000001048,0.0,13.220000000001164,20.320000000006985,45.520000000004075,0.84,0.85,0.845,0.15,0.16,0.155,3564.84,2046.53,2305.69,3465.8599999999997,0.27057741692314,-0.2010153251726139,0.0,0.030000000000000027,0.13,1.01,WAIT,6,UP_TOO_EXPENSIVE
2026-09-21 18:12:02,1790014322,btc-updown-5m-1790014200,178,86000.99,85946.76,54.23000000001048,0.0,9.470000000001164,20.330000000001746,45.51000000000931,0.85,0.86,0.855,0.14,0.15,0.14500000000000002,3231.25,3516.58,1823.75,3256.25,-0.04228470486067372,-0.28198818897637795,0.020000000000000018,0.040000000000000036,0.10999999999999999,1.01,WAIT,6,UP_TOO_EXPENSIVE
2026-09-21 18:12:04,1790014323,btc-updown-5m-1790014200,177,86001.0,85946.76,54.24000000000524,0.00999999999476131,1.0,20.339999999996508,45.520000000004075,0.85,0.86,0.855,0.14,0.15,0.14500000000000002,3480.29,3337.77,1635.49,3510.29,0.020903306805748263,-0.36433737936717076,0.020000000000000018,0.010000000000000009,0.12,1.01,WAIT,6,UP_TOO_EXPENSIVE
2026-09-21 18:12:06,1790014325,btc-updown-5m-1790014200,175,86001.0,85946.76,54.24000000000524,0.00999999999476131,0.00999999999476131,20.339999999996508,45.520000000004075,0.85,0.86,0.855,0.14,0.15,0.14500000000000002,1782.9299999999998,4802.01,4604.18,698.81,-0.4584825374263091,0.7364467969956573,0.010000000000000009,-0.010000000000000009,0.12,1.01,WAIT,3,"BTC_ABOVE,BTC60+,PM30+,DOWN_BOOK"
2026-09-21 18:12:08,1790014327,btc-updown-5m-1790014200,173,85987.77,85946.76,41.01000000000931,-13.220000000001164,-13.229999999995925,7.110000000000582,25.830000000001746,0.74,0.75,0.745,0.25,0.26,0.255,3544.79,1046.5600000000002,1217.5600000000002,3519.79,0.5441166541431168,-0.48597422609686836,-0.10999999999999999,-0.09999999999999998,0.010000000000000009,1.01,WAIT,0,"BTC_ABOVE,BTC5-,PM5-,PM15-,UP_BOOK"
2026-09-21 18:12:09,1790014329,btc-updown-5m-1790014200,171,85987.77,85946.76,41.01000000000931,-13.229999999995925,-13.220000000001164,7.100000000005821,24.139999999999418,0.76,0.77,0.765,0.23,0.24,0.235,3755.69,1898.3500000000001,2193.3500000000004,3630.69,0.32849785286273175,-0.24679432146757224,-0.08999999999999997,-0.07999999999999996,0.030000000000000027,1.01,WAIT,-1,"BTC_ABOVE,BTC5-,PM5-,PM15-,UP_BOOK"
2026-09-21 18:12:11,1790014330,btc-updown-5m-1790014200,170,85980.76,85946.76,34.0,-20.24000000000524,-20.230000000010477,0.08999999999650754,17.129999999990105,0.69,0.71,0.7,0.29,0.3,0.295,3473.2200000000003,2326.78,1936.02,1403.4,0.19766206896551725,0.1594947625635589,-0.15500000000000003,-0.14500000000000002,-0.03500000000000003,1.01,WAIT,-4,"BTC_ABOVE,BTC5-,BTC15-,PM5-,PM15-"
2026-09-21 18:12:13,1790014332,btc-updown-5m-1790014200,168,85980.76,85946.76,34.0,-7.010000000009313,-20.230000000010477,-7.0200000000040745,14.709999999991851,0.71,0.72,0.715,0.28,0.29,0.28500000000000003,3945.8,1290.4199999999998,508.03999999999996,4044.24,0.5071177299655094,-0.7767975607827287,-0.030000000000000027,-0.12,-0.09000000000000008,1.01,WAIT,-2,"BTC_ABOVE,BTC15-,PM5-,PM15-,PM30-,UP_BOOK"
2026-09-21 18:12:15,1790014334,btc-updown-5m-1790014200,166,85980.76,85946.76,34.0,-7.010000000009313,-20.230000000010477,-7.010000000009313,0.09999999999126885,0.79,0.8,0.795,0.2,0.21,0.20500000000000002,2073.0,3089.7599999999998,2738.0399999999995,1880.1399999999999,-0.19694117100155725,0.18576582116764606,0.030000000000000027,-0.039999999999999925,-0.019999999999999907,1.01,WAIT,1,"BTC_ABOVE,BTC15-,PM5+"
2026-09-21 18:12:17,1790014336,btc-updown-5m-1790014200,164,85980.77,85946.76,34.01000000000931,0.010000000009313226,-20.220000000001164,-10.75,0.11000000000058208,0.77,0.78,0.775,0.22,0.23,0.225,1873.15,2892.7599999999998,2801.47,1853.15,-0.21393815661646984,0.20373736201881135,0.07500000000000007,-0.06999999999999995,-0.039999999999999925,1.01,WAIT,-1,"BTC_ABOVE,BTC15-,PM5+,PM15-"
2026-09-21 18:12:18,1790014338,btc-updown-5m-1790014200,162,85980.76,85946.76,34.0,0.0,-20.24000000000524,-19.24000000000524,0.08999999999650754,0.72,0.73,0.725,0.27,0.28,0.275,2873.4300000000003,856.0,413.0,2960.63,0.540948616812757,-0.7551598723037203,0.010000000000000009,-0.13,-0.12,1.01,WAIT,-1,"BTC_ABOVE,BTC15-,PM15-,PM30-,UP_BOOK"
2026-09-21 18:12:20,1790014339,btc-updown-5m-1790014200,161,85980.76,85946.76,34.0,0.0,-20.24000000000524,-20.230000000010477,0.09999999999126885,0.72,0.73,0.725,0.27,0.28,0.275,1978.6100000000001,1989.41,1195.31,1783.6100000000001,-0.002721760474997594,-0.1974876800988278,-0.07000000000000006,-0.13,-0.14,1.01,WAIT,-4,"BTC_ABOVE,BTC15-,PM5-,PM15-,PM30-"
2026-09-21 18:12:22,1790014341,btc-updown-5m-1790014200,159,85980.76,85946.76,34.0,-0.010000000009313226,-20.24000000000524,-20.24000000000524,0.09999999999126885,0.73,0.74,0.735,0.26,0.27,0.265,4562.82,1679.43,1667.43,4699.11,0.4619151748167727,-0.4761895786408315,-0.040000000000000036,-0.12,-0.10999999999999999,1.01,WAIT,-2,"BTC_ABOVE,BTC15-,PM5-,PM15-,PM30-,UP_BOOK"
2026-09-21 18:12:24,1790014343,btc-updown-5m-1790014200,157,85980.76,85946.76,34.0,0.0,-7.010000000009313,-20.230000000010477,0.09999999999126885,0.74,0.75,0.745,0.25,0.26,0.255,4417.55,1596.9899999999998,1589.78,4452.1,0.4689568944590942,-0.47374658218964966,0.020000000000000018,0.0,-0.09999999999999998,1.01,WAIT,3,"BTC_ABOVE,PM30-,UP_BOOK"
2026-09-21 18:12:25,1790014345,btc-updown-5m-1790014200,155,85980.76,85946.76,34.0,0.0,0.0,-20.230000000010477,0.08999999999650754,0.74,0.75,0.745,0.25,0.26,0.255,4419.66,1331.36,1311.36,4429.66,0.5370003929737682,-0.5431613197654773,0.020000000000000018,0.04500000000000004,-0.09999999999999998,1.01,WAIT,3,"BTC_ABOVE,PM30-,UP_BOOK"
2026-09-21 18:12:27,1790014346,btc-updown-5m-1790014200,154,85980.76,85946.76,34.0,0.0,0.0,-20.230000000010477,0.08999999999650754,0.75,0.76,0.755,0.24,0.25,0.245,4891.42,1221.52,1221.52,4789.03,0.6003494227000429,-0.5935413564482452,0.020000000000000018,0.05500000000000005,-0.07999999999999996,1.01,WAIT,5,"BTC_ABOVE,PM15+,PM30-,UP_BOOK"
2026-09-21 18:12:29,1790014348,btc-updown-5m-1790014200,152,85980.76,85946.76,34.0,0.0,0.0,-20.230000000010477,0.08999999999650754,0.75,0.76,0.755,0.24,0.25,0.245,3782.13,2114.0,2149.0,3795.13,0.28291947429924375,-0.27693371443760484,0.010000000000000009,0.040000000000000036,-0.07999999999999996,1.01,WAIT,3,"BTC_ABOVE,PM30-,UP_BOOK"
2026-09-21 18:12:31,1790014350,btc-updown-5m-1790014200,150,85980.76,85946.76,34.0,0.0,0.0,-20.230000000010477,0.08999999999650754,0.76,0.77,0.765,0.22,0.23,0.225,4764.51,797.0,1302.0,3593.73,0.7133871916080345,-0.4681079226182817,0.020000000000000018,-0.030000000000000027,-0.07999999999999996,1.0,WAIT,3,"BTC_ABOVE,PM30-,UP_BOOK"
2026-09-21 18:12:33,1790014352,btc-updown-5m-1790014200,148,85980.77,85946.76,34.01000000000931,0.010000000009313226,0.0,-20.220000000001164,0.11000000000058208,0.81,0.82,0.815,0.18,0.19,0.185,2692.39,1321.67,1116.8,2711.39,0.34147969885851226,-0.4165388865233962,0.05999999999999994,0.039999999999999925,-0.040000000000000036,1.01,WAIT,5,"BTC_ABOVE,PM5+,UP_BOOK"
2026-09-21 18:12:34,1790014354,btc-updown-5m-1790014200,146,85980.77,85946.76,34.01000000000931,0.010000000009313226,0.010000000009313226,-20.229999999995925,0.11000000000058208,0.82,0.83,0.825,0.17,0.18,0.175,2773.95,1359.0,38.0,5297.42,0.34235836388052115,-0.9857555731320121,0.06999999999999995,0.09999999999999998,-0.030000000000000027,1.01,WAIT,7,UP_TOO_EXPENSIVE
2026-09-21 18:12:36,1790014355,btc-updown-5m-1790014200,145,85996.16,85946.76,49.40000000000873,15.400000000008731,15.400000000008731,-4.8399999999965075,15.5,0.86,0.87,0.865,0.13,0.14,0.135,3936.24,2662.4700000000003,2529.32,3748.95,0.19303318375864367,-0.19426211360772944,0.09999999999999998,0.14,0.010000000000000009,1.01,WAIT,6,UP_TOO_EXPENSIVE
2026-09-21 18:12:38,1790014357,btc-updown-5m-1790014200,143,85996.17,85946.76,49.41000000000349,15.39999999999418,15.410000000003492,8.39999999999418,15.509999999994761,0.86,0.87,0.865,0.13,0.14,0.135,4416.179999999999,1681.21,1681.21,4359.03,0.44854765727630996,-0.44333006635497924,0.050000000000000044,0.13,0.12,1.01,WAIT,9,UP_TOO_EXPENSIVE
2026-09-21 18:12:40,1790014359,btc-updown-5m-1790014200,141,85996.16,85946.76,49.40000000000873,15.389999999999418,15.400000000008731,8.389999999999418,15.490000000005239,0.85,0.86,0.855,0.14,0.15,0.14500000000000002,1899.8300000000002,3953.74,3025.3999999999996,1954.83,-0.3508815987508478,0.2149639675276041,0.030000000000000027,0.10999999999999999,0.08999999999999997,1.01,WAIT,6,UP_TOO_EXPENSIVE
2026-09-21 18:12:41,1790014361,btc-updown-5m-1790014200,139,85996.16,85946.76,49.40000000000873,0.0,15.400000000008731,15.400000000008731,15.490000000005239,0.85,0.86,0.855,0.15,0.16,0.155,3536.82,3402.59,2606.29,3727.58,0.019343143004952875,-0.1770307884437161,-0.010000000000000009,0.09999999999999998,0.15500000000000003,1.02,WAIT,5,"BTC_ABOVE,PM15+,PM30+"
2026-09-21 18:12:43,1790014363,btc-updown-5m-1790014200,137,86001.0,85946.76,54.24000000000524,4.830000000001746,20.24000000000524,20.24000000000524,13.220000000001164,0.89,0.9,0.895,0.1,0.11,0.10500000000000001,5312.13,1440.0,1426.32,5479.75,0.5734679278983077,-0.586937288501275,0.030000000000000027,0.14,0.18000000000000005,1.01,WAIT,11,UP_TOO_EXPENSIVE
2026-09-21 18:12:45,1790014364,btc-updown-5m-1790014200,136,86001.0,85946.76,54.24000000000524,4.8399999999965075,20.24000000000524,20.24000000000524,13.229999999995925,0.89,0.9,0.895,0.1,0.11,0.10500000000000001,4222.41,2136.59,2126.96,4126.05,0.32801069350526807,-0.3197004322718179,0.040000000000000036,0.14,0.09999999999999998,1.01,WAIT,11,UP_TOO_EXPENSIVE
2026-09-21 18:12:47,1790014366,btc-updown-5m-1790014200,134,86001.0,85946.76,54.24000000000524,4.8399999999965075,20.24000000000524,20.229999999995925,9.479999999995925,0.87,0.88,0.875,0.12,0.13,0.125,1122.41,3348.69,3614.87,1270.41,-0.4979266847084609,0.4799028919529689,0.020000000000000018,0.10999999999999999,0.09999999999999998,1.01,WAIT,6,UP_TOO_EXPENSIVE
2026-09-21 18:12:49,1790014368,btc-updown-5m-1790014200,132,86000.99,85946.76,54.23000000001048,-0.00999999999476131,20.220000000001164,20.230000000010477,0.9900000000052387,0.87,0.88,0.875,0.12,0.13,0.125,2415.1,2831.04,3117.63,2715.1,-0.07928495998963049,0.0690122806987466,-0.020000000000000018,0.06000000000000005,0.15000000000000002,1.01,WAIT,8,UP_TOO_EXPENSIVE
2026-09-21 18:12:50,1790014370,btc-updown-5m-1790014200,130,86000.99,85946.76,54.23000000001048,-0.00999999999476131,4.830000000001746,20.230000000010477,0.0,0.87,0.88,0.875,0.12,0.13,0.125,4005.69,2514.99,2509.99,3978.7000000000003,0.22861112644693501,-0.2263492322795511,-0.020000000000000018,0.010000000000000009,0.15000000000000002,1.01,WAIT,4,"BTC_ABOVE,PM30+"
2026-09-21 18:12:52,1790014371,btc-updown-5m-1790014200,129,86000.99,85946.76,54.23000000001048,-0.00999999999476131,4.830000000001746,20.230000000010477,-0.00999999999476131,0.87,0.88,0.875,0.12,0.13,0.125,4674.52,2241.69,2251.69,4679.52,0.3517576823144468,-0.35027506019872434,0.0,0.010000000000000009,0.14,1.01,WAIT,6,UP_TOO_EXPENSIVE
2026-09-21 18:12:54,1790014373,btc-updown-5m-1790014200,127,86000.99,85946.76,54.23000000001048,0.0,4.820000000006985,20.230000000010477,0.0,0.86,0.87,0.865,0.13,0.14,0.135,1967.67,2249.4100000000003,2263.26,3636.25,-0.06680926138465484,-0.23272949787355215,-0.010000000000000009,0.0,0.12,1.01,WAIT,4,"BTC_ABOVE,PM30+"
2026-09-21 18:12:56,1790014375,btc-updown-5m-1790014200,125,85993.05,85946.76,46.29000000000815,-7.940000000002328,-3.110000000000582,12.290000000008149,-7.940000000002328,0.83,0.84,0.835,0.16,0.17,0.165,4568.72,879.0,4451.77,207.41,0.6772961899657104,0.9109671658961449,-0.040000000000000036,-0.020000000000000018,0.08999999999999997,1.01,WAIT,2,"BTC_ABOVE,PM5-,PM30+,UP_BOOK,DOWN_BOOK"
2026-09-21 18:12:57,1790014377,btc-updown-5m-1790014200,123,85983.27,85946.76,36.51000000000931,-17.720000000001164,-12.889999999999418,2.5100000000093132,-17.720000000001164,0.79,0.8,0.795,0.2,0.21,0.20500000000000002,2088.4700000000003,1975.86,1854.86,2314.59,0.027706903720908577,-0.11026154528774784,-0.07999999999999996,-0.05999999999999994,0.040000000000000036,1.01,WAIT,-2,"BTC_ABOVE,BTC5-,PM5-,PM15-"
2026-09-21 18:12:59,1790014378,btc-updown-5m-1790014200,122,85975.01,85946.76,28.25,-25.980000000010477,-25.99000000000524,-5.75,-25.980000000010477,0.79,0.8,0.795,0.21,0.22,0.215,1877.76,1504.29,2145.9,830.0,0.11042710781922208,0.4421855573103935,-0.06999999999999995,-0.09999999999999998,0.040000000000000036,1.02,WAIT,-5,"BTC_ABOVE,BTC5-,BTC15-,PM5-,PM15-,DOWN_BOOK"
2026-09-21 18:13:01,1790014380,btc-updown-5m-1790014200,120,85975.01,85946.76,28.25,-18.04000000000815,-25.99000000000524,-5.75,-25.980000000010477,0.82,0.83,0.825,0.16,0.17,0.165,1970.44,971.15,1948.52,1369.5500000000002,0.33971083665636614,0.17448998966266527,-0.010000000000000009,-0.07000000000000006,0.05999999999999994,1.0,WAIT,-2,"BTC_ABOVE,BTC5-,BTC15-,PM15-,UP_BOOK"
2026-09-21 18:13:03,1790014382,btc-updown-5m-1790014200,118,85975.0,85946.76,28.24000000000524,-8.270000000004075,-26.0,-5.7700000000040745,-25.99000000000524,0.82,0.83,0.825,0.17,0.18,0.175,843.44,2961.54,2350.7799999999997,1869.98,-0.5566652124321284,0.11391313412750304,0.029999999999999916,-0.050000000000000044,0.010000000000000009,1.01,WAIT,-3,"BTC_ABOVE,BTC15-,PM15-"
2026-09-21 18:13:04,1790014384,btc-updown-5m-1790014200,116,85975.0,85946.76,28.24000000000524,-0.00999999999476131,-25.99000000000524,-5.7700000000040745,-26.0,0.82,0.83,0.825,0.17,0.18,0.175,1432.0,3125.7300000000005,3249.7300000000005,1462.0,-0.37161701109982387,0.37942114679746086,0.029999999999999916,-0.050000000000000044,0.0,1.01,WAIT,-4,"BTC_ABOVE,BTC15-,PM15-,DOWN_BOOK"
2026-09-21 18:13:06,1790014385,btc-updown-5m-1790014200,115,85975.01,85946.76,28.25,0.0,-25.980000000010477,-21.15000000000873,-25.99000000000524,0.83,0.84,0.835,0.16,0.17,0.165,2233.87,3748.8100000000004,3509.76,2102.87,-0.25322096451757414,0.2506650180040374,0.010000000000000009,-0.040000000000000036,-0.030000000000000027,1.01,WAIT,-2,"BTC_ABOVE,BTC15-,DOWN_BOOK"
2026-09-21 18:13:08,1790014387,btc-updown-5m-1790014200,113,85975.0,85946.76,28.24000000000524,0.0,-25.99000000000524,-21.169999999998254,-12.770000000004075,0.83,0.84,0.835,0.16,0.17,0.165,2025.8700000000001,4022.84,4017.84,1985.8700000000001,-0.33014808116110705,0.3384523902720151,0.010000000000000009,-0.040000000000000036,-0.030000000000000027,1.01,WAIT,-2,"BTC_ABOVE,BTC15-,DOWN_BOOK"
2026-09-21 18:13:10,1790014389,btc-updown-5m-1790014200,111,85975.01,85946.76,28.25,0.00999999999476131,-25.980000000010477,-21.15000000000873,-12.760000000009313,0.87,0.88,0.875,0.11,0.12,0.11499999999999999,2499.25,2200.9,1570.04,1946.0,0.06347669755220577,-0.10692711118189782,0.050000000000000044,0.010000000000000009,0.020000000000000018,1.0,WAIT,1,"BTC_ABOVE,BTC15-,PM5+"
2026-09-21 18:13:11,1790014391,btc-updown-5m-1790014200,109,85991.51,85946.76,44.75,16.5,-1.540000000008149,-4.650000000008731,10.75,0.91,0.92,0.915,0.08,0.09,0.08499999999999999,1760.73,3244.7200000000003,3290.21,1904.73,-0.2964748424217603,0.26669797918744004,0.08000000000000007,0.08000000000000007,0.06000000000000005,1.01,WAIT,4,"BTC_ABOVE,BTC5+,PM5+,PM15+,DOWN_BOOK"
2026-09-21 18:13:13,1790014392,btc-updown-5m-1790014200,108,85992.13,85946.76,45.370000000009895,17.130000000004657,8.860000000000582,-4.029999999998836,11.370000000009895,0.92,0.93,0.925,0.07,0.08,0.07500000000000001,1368.73,3925.85,1910.1599999999999,1408.73,-0.48296937623003144,0.15108364543567274,0.09000000000000008,0.13,0.07000000000000006,1.01,WAIT,6,UP_TOO_EXPENSIVE
2026-09-21 18:13:15,1790014394,btc-updown-5m-1790014200,106,85992.13,85946.76,45.370000000009895,17.120000000009895,17.120000000009895,-8.869999999995343,11.370000000009895,0.92,0.93,0.925,0.07,0.08,0.07500000000000001,1356.22,3889.71,1943.02,1712.6200000000001,-0.4829439203344306,0.06302589970566025,0.050000000000000044,0.13,0.030000000000000027,1.01,WAIT,5,"BTC_ABOVE,BTC5+,PM5+,PM15+"
2026-09-21 18:13:17,1790014396,btc-updown-5m-1790014200,104,85992.14,85946.76,45.38000000000466,0.6300000000046566,17.130000000004657,-8.860000000000582,11.369999999995343,0.91,0.92,0.915,0.07,0.08,0.07500000000000001,3899.08,1715.81,1821.0,1881.4900000000002,0.3888357563549776,-0.016337653849166436,0.0,0.09000000000000008,0.040000000000000036,1.0,WAIT,5,"BTC_ABOVE,PM15+,UP_BOOK"
2026-09-21 18:13:18,1790014398,btc-updown-5m-1790014200,102,85992.14,85946.76,45.38000000000466,0.00999999999476131,17.139999999999418,-8.85000000000582,11.380000000004657,0.92,0.93,0.925,0.07,0.08,0.07500000000000001,1978.25,3910.44,1893.3100000000002,1968.19,-0.32811881759780187,-0.01939142820147608,0.0,0.10000000000000009,0.050000000000000044,1.01,WAIT,3,"BTC_ABOVE,PM15+"
2026-09-21 18:13:20,1790014399,btc-updown-5m-1790014200,101,85992.14,85946.76,45.38000000000466,0.00999999999476131,17.139999999999418,-8.85000000000582,11.380000000004657,0.92,0.93,0.925,0.07,0.08,0.07500000000000001,2144.19,3777.52,1621.13,2450.54,-0.27582066666554084,-0.20370265763188072,0.0,0.10000000000000009,0.050000000000000044,1.01,WAIT,3,"BTC_ABOVE,PM15+"
2026-09-21 18:13:22,1790014401,btc-updown-5m-1790014200,99,85992.13,85946.76,45.370000000009895,-0.00999999999476131,17.120000000009895,-8.860000000000582,11.370000000009895,0.92,0.93,0.925,0.07,0.08,0.07500000000000001,2684.6,3250.02,1232.3200000000002,2684.6,-0.09527484489318609,-0.37077091183889377,0.010000000000000009,0.09000000000000008,0.050000000000000044,1.01,WAIT,5,"BTC_ABOVE,PM15+"
2026-09-21 18:13:24,1790014403,btc-updown-5m-1790014200,97,85992.14,85946.76,45.38000000000466,0.0,17.139999999999418,-8.85000000000582,11.380000000004657,0.93,0.94,0.935,0.06,0.07,0.065,2511.1899999999996,3932.36,3940.79,2481.1899999999996,-0.22055699109962687,0.22728192862637386,0.010000000000000009,0.10000000000000009,0.07000000000000006,1.01,WAIT,5,"BTC_ABOVE,PM15+,PM30+"
2026-09-21 18:13:25,1790014405,btc-updown-5m-1790014200,95,85992.13,85946.76,45.370000000009895,-0.00999999999476131,17.120000000009895,-0.9199999999982538,11.370000000009895,0.93,0.94,0.935,0.06,0.07,0.065,2676.0699999999997,3073.77,3742.98,2641.0699999999997,-0.0691671420422134,0.17260359802946412,0.010000000000000009,0.06000000000000005,0.10000000000000009,1.01,WAIT,5,"BTC_ABOVE,PM15+,PM30+"
2026-09-21 18:13:27,1790014406,btc-updown-5m-1790014200,94,85992.13,85946.76,45.370000000009895,0.0,0.6200000000098953,-0.9199999999982538,11.370000000009895,0.94,0.95,0.945,0.05,0.06,0.055,3983.9900000000002,4961.8099999999995,3060.68,3862.9900000000002,-0.10930492521630254,-0.11587929522926431,0.019999999999999907,0.029999999999999916,0.10999999999999999,1.01,WAIT,3,"BTC_ABOVE,PM30+"
2026-09-21 18:13:29,1790014408,btc-updown-5m-1790014200,92,85992.14,85946.76,45.38000000000466,0.0,0.00999999999476131,17.130000000004657,11.380000000004657,0.94,0.95,0.945,0.05,0.06,0.055,3293.1400000000003,4559.49,2965.0299999999997,3338.3500000000004,-0.16126444261349376,-0.059225367977180594,0.009999999999999898,0.019999999999999907,0.1499999999999999,1.01,WAIT,3,"BTC_ABOVE,PM30+"
2026-09-21 18:13:31,1790014410,btc-updown-5m-1790014200,90,85992.13,85946.76,45.370000000009895,0.0,0.0,17.120000000009895,11.370000000009895,0.94,0.95,0.945,0.05,0.06,0.055,3581.2500000000005,3680.9,2047.3899999999999,3586.2500000000005,-0.013721831688962583,-0.2731555441952273,0.009999999999999898,0.019999999999999907,0.12,1.01,WAIT,4,"BTC_ABOVE,PM30+"
2026-09-21 18:13:32,1790014412,btc-updown-5m-1790014200,88,85992.13,85946.76,45.370000000009895,0.0,-0.00999999999476131,17.130000000004657,11.360000000000582,0.95,0.96,0.955,0.04,0.05,0.045,1784.5900000000001,10961.230000000001,4313.030000000001,1804.5900000000001,-0.7199725086342033,0.4100352751560248,0.010000000000000009,0.039999999999999925,0.13,1.01,WAIT,1,"BTC_ABOVE,PM30+,DOWN_BOOK"
2026-09-21 18:13:34,1790014413,btc-updown-5m-1790014200,87,85992.14,85946.76,45.38000000000466,0.0,0.0,17.139999999999418,11.369999999995343,0.93,0.94,0.935,0.05,0.06,0.055,3439.68,1533.83,1550.8,2436.8599999999997,0.38320019463115584,-0.22220048850704416,-0.009999999999999898,0.010000000000000009,0.1100000000000001,1.0,WAIT,4,"BTC_ABOVE,PM30+,UP_BOOK"
2026-09-21 18:13:36,1790014415,btc-updown-5m-1790014200,85,85992.14,85946.76,45.38000000000466,0.00999999999476131,0.0,17.130000000004657,-4.0200000000040745,0.94,0.95,0.945,0.05,0.06,0.055,2465.19,3575.1400000000003,1477.0100000000002,2440.19,-0.18375651661415854,-0.24588481568467266,0.0,0.019999999999999907,0.10999999999999999,1.01,WAIT,3,"BTC_ABOVE,PM30+"
2026-09-21 18:13:37,1790014417,btc-updown-5m-1790014200,83,85992.14,85946.76,45.38000000000466,0.00999999999476131,0.00999999999476131,17.139999999999418,-4.029999999998836,0.96,0.97,0.965,0.03,0.04,0.035,3018.9700000000003,4802.959999999999,4792.16,2397.7200000000003,-0.22807542384040755,0.33302920215636417,0.010000000000000009,0.039999999999999925,0.13,1.01,WAIT,2,"BTC_ABOVE,PM30+,DOWN_BOOK"
2026-09-21 18:13:39,1790014418,btc-updown-5m-1790014200,82,86008.59,85946.76,61.830000000001746,16.44999999999709,16.44999999999709,33.58999999999651,12.419999999998254,0.97,0.98,0.975,0.02,0.03,0.025,3052.94,4976.66,5138.13,3062.94,-0.2395785593304772,0.2530389327246323,0.039999999999999925,0.039999999999999925,0.14,1.01,WAIT,7,UP_TOO_EXPENSIVE
2026-09-21 18:13:41,1790014420,btc-updown-5m-1790014200,80,86008.59,85946.76,61.830000000001746,16.44999999999709,16.45999999999185,33.580000000001746,12.429999999993015,0.97,0.98,0.975,0.02,0.03,0.025,3222.73,5170.299999999999,4938.62,3059.69,-0.23204611445449372,0.2349158759788005,0.030000000000000027,0.039999999999999925,0.09999999999999998,1.01,WAIT,8,UP_TOO_EXPENSIVE
2026-09-21 18:13:43,1790014422,btc-updown-5m-1790014200,78,86008.6,85946.76,61.84000000001106,16.460000000006403,16.470000000001164,16.470000000001164,12.440000000002328,0.98,0.99,0.985,0.01,0.02,0.015,3370.16,3059.77,3049.77,3756.26,0.048272687260981044,-0.10380353892063364,0.020000000000000018,0.040000000000000036,0.05999999999999994,1.01,WAIT,4,"BTC_ABOVE,BTC5+"
2026-09-21 18:13:44,1790014424,btc-updown-5m-1790014200,76,86010.48,85946.76,63.720000000001164,1.889999999999418,18.339999999996508,18.34999999999127,9.479999999995925,0.98,0.99,0.985,0.01,0.02,0.015,4005.37,3090.88,3054.88,4026.37,0.1288694733133697,-0.13719187996469548,0.010000000000000009,0.040000000000000036,0.05999999999999994,1.01,WAIT,3,BTC_ABOVE
2026-09-21 18:13:46,1790014425,btc-updown-5m-1790014200,75,86010.48,85946.76,63.720000000001164,1.889999999999418,18.34999999999127,18.34999999999127,9.479999999995925,0.98,0.99,0.985,0.01,0.02,0.015,4007.08,2563.07,2548.01,4045.4399999999996,0.2197834143817112,-0.22710872153424982,0.010000000000000009,0.040000000000000036,0.05999999999999994,1.01,WAIT,3,BTC_ABOVE
2026-09-21 18:13:48,1790014427,btc-updown-5m-1790014200,73,86010.48,85946.76,63.720000000001164,1.8799999999901047,18.34999999999127,18.339999999996508,9.479999999995925,0.99,,,,0.01,,12966.63,0,0,12966.55,1.0,-1.0,,,,,WAIT,5,"BTC_ABOVE,UP_BOOK"
2026-09-21 18:13:49,1790014429,btc-updown-5m-1790014200,71,86010.48,85946.76,63.720000000001164,0.0,18.339999999996508,18.339999999996508,9.489999999990687,0.99,,,,0.01,,13282.2,0,0,13287.2,1.0,-1.0,,,,,WAIT,5,"BTC_ABOVE,UP_BOOK"
2026-09-21 18:13:51,1790014430,btc-updown-5m-1790014200,70,86010.47,85946.76,63.7100000000064,-0.00999999999476131,18.330000000001746,18.330000000001746,9.479999999995925,0.99,,,,0.01,,13222.380000000001,0,0,13233.76,1.0,-1.0,,,,,WAIT,5,"BTC_ABOVE,UP_BOOK"
2026-09-21 18:13:53,1790014432,btc-updown-5m-1790014200,68,86010.47,85946.76,63.7100000000064,-0.00999999999476131,18.330000000001746,18.339999999996508,9.479999999995925,0.99,,,,0.01,,12700.43,0,0,12705.43,1.0,-1.0,,,,,WAIT,5,"BTC_ABOVE,UP_BOOK"
2026-09-21 18:13:55,1790014434,btc-updown-5m-1790014200,66,86010.48,85946.76,63.720000000001164,0.0,1.889999999999418,18.339999999996508,9.489999999990687,0.99,,,,0.01,,12625.43,0,0,12255.74,1.0,-1.0,,,,,WAIT,5,"BTC_ABOVE,UP_BOOK"
2026-09-21 18:13:56,1790014436,btc-updown-5m-1790014200,64,86010.47,85946.76,63.7100000000064,0.0,1.8800000000046566,18.339999999996508,17.419999999998254,0.99,,,,0.01,,12494.76,0,0,12489.76,1.0,-1.0,,,,,WAIT,5,"BTC_ABOVE,UP_BOOK"
2026-09-21 18:13:58,1790014437,btc-updown-5m-1790014200,63,86010.47,85946.76,63.7100000000064,0.0,1.8699999999953434,18.339999999996508,27.19999999999709,0.99,,,,0.01,,12538.1,0,0,12538.1,1.0,-1.0,,,,,WAIT,5,"BTC_ABOVE,UP_BOOK"
2026-09-21 18:14:00,1790014439,btc-updown-5m-1790014200,61,86010.47,85946.76,63.7100000000064,-0.00999999999476131,-0.00999999999476131,18.330000000001746,35.4600000000064,0.99,,,,0.01,,15506.26,0,0,17996.93,1.0,-1.0,,,,,WAIT,5,"BTC_ABOVE,UP_BOOK"
2026-09-21 18:14:02,1790014441,btc-updown-5m-1790014200,59,86010.47,85946.76,63.7100000000064,0.0,-0.00999999999476131,18.339999999996508,35.4600000000064,0.99,,,,0.01,,18191.32,0,0,18196.32,1.0,-1.0,,,,,WAIT,5,"BTC_ABOVE,UP_BOOK"
2026-09-21 18:14:03,1790014443,btc-updown-5m-1790014200,57,86010.47,85946.76,63.7100000000064,0.0,-0.00999999999476131,18.330000000001746,35.470000000001164,0.99,,,,0.01,,18682.32,0,0,18712.32,1.0,-1.0,,,,,WAIT,5,"BTC_ABOVE,UP_BOOK"
2026-09-21 18:14:05,1790014444,btc-updown-5m-1790014200,56,86010.47,85946.76,63.7100000000064,0.0,-0.00999999999476131,18.330000000001746,35.470000000001164,0.99,,,,0.01,,18757.420000000002,0,0,18757.420000000002,1.0,-1.0,,,,,WAIT,5,"BTC_ABOVE,UP_BOOK"
2026-09-21 18:14:07,1790014446,btc-updown-5m-1790014200,54,86010.48,85946.76,63.720000000001164,0.00999999999476131,0.00999999999476131,18.339999999996508,35.470000000001164,0.99,,,,0.01,,18942.54,0,0,18942.54,1.0,-1.0,,,,,WAIT,5,"BTC_ABOVE,UP_BOOK"
2026-09-21 18:14:09,1790014448,btc-updown-5m-1790014200,52,86010.48,85946.76,63.720000000001164,0.00999999999476131,0.00999999999476131,1.889999999999418,35.479999999995925,0.99,,,,0.01,,18912.78,0,0,18907.78,1.0,-1.0,,,,,WAIT,5,"BTC_ABOVE,UP_BOOK"
2026-09-21 18:14:11,1790014450,btc-updown-5m-1790014200,50,86010.47,85946.76,63.7100000000064,0.0,-0.00999999999476131,1.8800000000046566,35.4600000000064,0.99,,,,0.01,,19062.18,0,0,19062.18,1.0,-1.0,,,,,WAIT,5,"BTC_ABOVE,UP_BOOK"
2026-09-21 18:14:12,1790014452,btc-updown-5m-1790014200,48,86010.47,85946.76,63.7100000000064,-0.00999999999476131,0.0,1.8699999999953434,18.339999999996508,0.99,,,,0.01,,19181.489999999998,0,0,19161.489999999998,1.0,-1.0,,,,,WAIT,5,"BTC_ABOVE,UP_BOOK"
2026-09-21 18:14:14,1790014453,btc-updown-5m-1790014200,47,86010.48,85946.76,63.720000000001164,0.0,0.00999999999476131,1.8799999999901047,18.34999999999127,0.99,,,,0.01,,19364.379999999997,0,0,19371.379999999997,1.0,-1.0,,,,,WAIT,5,"BTC_ABOVE,UP_BOOK"
2026-09-21 18:14:16,1790014455,btc-updown-5m-1790014200,45,86002.58,85946.76,55.820000000006985,-7.889999999999418,-7.889999999999418,-7.899999999994179,10.44999999999709,0.99,,,,0.01,,28222.660000000003,0,0,30742.660000000003,1.0,-1.0,,,,,WAIT,5,"BTC_ABOVE,UP_BOOK"
2026-09-21 18:14:18,1790014457,btc-updown-5m-1790014200,43,86002.58,85946.76,55.820000000006985,-7.889999999999418,-7.889999999999418,-7.899999999994179,10.440000000002328,0.99,,,,0.01,,31212.660000000003,0,0,31342.38,1.0,-1.0,,,,,WAIT,5,"BTC_ABOVE,UP_BOOK"
2026-09-21 18:14:20,1790014459,btc-updown-5m-1790014200,41,86002.57,85946.76,55.810000000012224,-7.9099999999889405,-7.899999999994179,-7.9099999999889405,10.430000000007567,0.99,,,,0.01,,33916.14,0,0,33936.0,1.0,-1.0,,,,,WAIT,5,"BTC_ABOVE,UP_BOOK"
2026-09-21 18:14:22,1790014461,btc-updown-5m-1790014200,39,86002.58,85946.76,55.820000000006985,0.0,-7.899999999994179,-7.889999999999418,10.44999999999709,0.99,,,,0.01,,34136.700000000004,0,0,34136.700000000004,1.0,-1.0,,,,,WAIT,5,"BTC_ABOVE,UP_BOOK"
2026-09-21 18:14:23,1790014463,btc-updown-5m-1790014200,37,86002.57,85946.76,55.810000000012224,-0.00999999999476131,-7.9099999999889405,-7.899999999994179,10.430000000007567,0.99,,,,0.01,,34140.98,0,0,34111.26,1.0,-1.0,,,,,WAIT,5,"BTC_ABOVE,UP_BOOK"
2026-09-21 18:14:25,1790014464,btc-updown-5m-1790014200,36,86002.58,85946.76,55.820000000006985,0.00999999999476131,-7.899999999994179,-7.899999999994179,10.440000000002328,0.99,,,,0.01,,38472.62,0,0,38472.62,1.0,-1.0,,,,,WAIT,5,"BTC_ABOVE,UP_BOOK"
2026-09-21 18:14:27,1790014466,btc-updown-5m-1790014200,34,86002.57,85946.76,55.810000000012224,-0.00999999999476131,-7.899999999994179,-7.899999999994179,10.440000000002328,0.99,,,,0.01,,38472.62,0,0,38472.62,1.0,-1.0,,,,,WAIT,5,"BTC_ABOVE,UP_BOOK"
2026-09-21 18:14:29,1790014468,btc-updown-5m-1790014200,32,86002.58,85946.76,55.820000000006985,0.00999999999476131,-7.899999999994179,-7.889999999999418,10.440000000002328,0.99,,,,0.01,,43912.62,0,0,44127.62,1.0,-1.0,,,,,WAIT,5,"BTC_ABOVE,UP_BOOK"
2026-09-21 18:14:31,1790014470,btc-updown-5m-1790014200,30,86002.58,85946.76,55.820000000006985,0.0,0.0,-7.889999999999418,10.44999999999709,0.99,,,,0.01,,55434.270000000004,0,0,55479.32,1.0,-1.0,,,,,WAIT,5,"BTC_ABOVE,UP_BOOK"
2026-09-21 18:14:32,1790014472,btc-updown-5m-1790014200,28,86002.57,85946.76,55.810000000012224,0.0,-0.00999999999476131,-7.899999999994179,10.440000000002328,0.99,,,,0.01,,57101.32,0,0,57096.32,1.0,-1.0,,,,,WAIT,5,"BTC_ABOVE,UP_BOOK"
2026-09-21 18:14:34,1790014473,btc-updown-5m-1790014200,27,86002.57,85946.76,55.810000000012224,-0.00999999999476131,-0.00999999999476131,-7.899999999994179,10.430000000007567,0.99,,,,0.01,,57076.42,0,0,57101.42,1.0,-1.0,,,,,WAIT,5,"BTC_ABOVE,UP_BOOK"
2026-09-21 18:14:36,1790014475,btc-updown-5m-1790014200,25,85986.88,85946.76,40.120000000009895,-15.69999999999709,-15.690000000002328,-23.589999999996508,-5.259999999994761,0.99,,,,0.01,,57061.94,0,0,57081.94,1.0,-1.0,,,,,WAIT,3,"BTC_ABOVE,BTC5-,UP_BOOK"
2026-09-21 18:14:38,1790014477,btc-updown-5m-1790014200,23,85986.88,85946.76,40.120000000009895,-15.690000000002328,-15.69999999999709,-23.59999999999127,-5.259999999994761,0.99,,,,0.01,,57096.94,0,0,57336.94,1.0,-1.0,,,,,WAIT,3,"BTC_ABOVE,BTC5-,UP_BOOK"
2026-09-21 18:14:39,1790014479,btc-updown-5m-1790014200,21,85986.87,85946.76,40.11000000000058,-15.700000000011642,-15.710000000006403,-23.610000000000582,-21.720000000001164,0.99,,,,0.01,,57386.94,0,0,57406.94,1.0,-1.0,,,,,WAIT,3,"BTC_ABOVE,BTC5-,UP_BOOK"
2026-09-21 18:14:41,1790014480,btc-updown-5m-1790014200,20,85986.87,85946.76,40.11000000000058,-0.010000000009313226,-15.710000000006403,-23.60000000000582,-21.720000000001164,0.99,,,,0.01,,57462.42,0,0,57462.42,1.0,-1.0,,,,,WAIT,4,"BTC_ABOVE,UP_BOOK"
2026-09-21 18:14:43,1790014482,btc-updown-5m-1790014200,18,85986.88,85946.76,40.120000000009895,0.0,-15.690000000002328,-23.589999999996508,-21.720000000001164,0.99,,,,0.01,,57462.42,0,0,57472.520000000004,1.0,-1.0,,,,,WAIT,0,TIME_FILTER
2026-09-21 18:14:45,1790014484,btc-updown-5m-1790014200,16,85986.88,85946.76,40.120000000009895,0.010000000009313226,-15.69999999999709,-23.59999999999127,-23.59999999999127,0.99,,,,0.01,,57511.520000000004,0,0,57481.520000000004,1.0,-1.0,,,,,WAIT,0,TIME_FILTER
2026-09-21 18:14:46,1790014486,btc-updown-5m-1790014200,14,85986.88,85946.76,40.120000000009895,0.010000000009313226,-15.69999999999709,-15.69999999999709,-23.59999999999127,0.99,,,,0.01,,57924.520000000004,0,0,57924.520000000004,1.0,-1.0,,,,,WAIT,0,TIME_FILTER
2026-09-21 18:14:48,1790014487,btc-updown-5m-1790014200,13,85986.87,85946.76,40.11000000000058,-0.010000000009313226,-15.700000000011642,-15.710000000006403,-23.610000000000582,0.99,,,,0.01,,57929.520000000004,0,0,57924.42,1.0,-1.0,,,,,WAIT,0,TIME_FILTER
2026-09-21 18:14:50,1790014489,btc-updown-5m-1790014200,11,85986.88,85946.76,40.120000000009895,0.0,-15.690000000002328,-15.690000000002328,-23.59999999999127,0.99,,,,0.01,,57953.47,0,0,57953.47,1.0,-1.0,,,,,WAIT,0,TIME_FILTER
2026-09-21 18:14:52,1790014491,btc-updown-5m-1790014200,9,85986.88,85946.76,40.120000000009895,0.0,0.0,-15.69999999999709,-23.589999999996508,0.999,,,,0.001,,82480.20999999999,0,0,82465.20999999999,1.0,-1.0,,,,,WAIT,0,TIME_FILTER
2026-09-21 18:14:53,1790014493,btc-updown-5m-1790014200,7,85986.87,85946.76,40.11000000000058,0.0,-0.010000000009313226,-15.700000000011642,-23.60000000000582,0.999,,,,0.001,,87568.81999999999,0,0,87553.81999999999,1.0,-1.0,,,,,WAIT,0,TIME_FILTER
2026-09-21 18:14:55,1790014494,btc-updown-5m-1790014200,6,85986.88,85946.76,40.120000000009895,0.0,0.010000000009313226,-15.69999999999709,-23.59999999999127,0.999,,,,0.001,,87543.81999999999,0,0,87548.82999999999,1.0,-1.0,,,,,WAIT,0,TIME_FILTER
2026-09-21 18:14:57,1790014496,btc-updown-5m-1790014200,4,85986.88,85946.76,40.120000000009895,0.0,0.010000000009313226,-15.690000000002328,-23.589999999996508,0.999,,,,0.001,,87473.82999999999,0,0,87383.82999999999,1.0,-1.0,,,,,WAIT,0,TIME_FILTER
2026-09-21 18:14:59,1790014498,btc-updown-5m-1790014200,2,85986.88,85946.76,40.120000000009895,0.010000000009313226,0.0,-15.69999999999709,-23.589999999996508,0.999,,,,0.001,,89033.84999999999,0,0,88942.56999999999,1.0,-1.0,,,,,WAIT,0,TIME_FILTER
2026-09-21 18:15:01,1790014500,btc-updown-5m-1790014500,300,85995.15,85992.14,3.0099999999947613,,,,,0.51,0.52,0.515,0.48,0.49,0.485,419.0,1165.3899999999999,2138.39,1090.0,-0.4710898200569304,0.32474081508120145,,,,1.01,WAIT,0,TIME_FILTER
2026-09-21 18:15:03,1790014502,btc-updown-5m-1790014500,298,85997.74,85992.14,5.600000000005821,,,,,0.52,0.53,0.525,0.47,0.48,0.475,3194.88,1063.39,1024.99,3438.88,0.5005530414933763,-0.540761715730969,,,,1.01,WAIT,0,TIME_FILTER
2026-09-21 18:15:04,1790014504,btc-updown-5m-1790014500,296,86003.7,85992.14,11.559999999997672,,,,,0.52,0.53,0.525,0.47,0.48,0.475,1937.71,3198.38,3073.38,2009.71,-0.24545325335031123,0.209256574249128,,,,1.01,WAIT,0,TIME_FILTER
2026-09-21 18:15:06,1790014506,btc-updown-5m-1790014500,294,86003.69,85992.14,11.55000000000291,8.540000000008149,,,,0.52,0.53,0.525,0.47,0.48,0.475,1489.0800000000002,3264.66,3209.66,1594.0800000000002,-0.3735122240593722,0.33631711957766236,0.010000000000000009,,,1.01,WAIT,0,TIME_FILTER
2026-09-21 18:15:08,1790014507,btc-updown-5m-1790014500,293,86003.69,85992.14,11.55000000000291,5.94999999999709,,,,0.51,0.52,0.515,0.48,0.49,0.485,2471.68,2447.2200000000003,2472.46,2324.59,0.0049726564882391555,0.030825194650879163,-0.010000000000000009,,,1.01,WAIT,0,TIME_FILTER
2026-09-21 18:15:10,1790014509,btc-updown-5m-1790014500,291,86003.7,85992.14,11.559999999997672,0.0,,,,0.51,0.52,0.515,0.48,0.49,0.485,1900.59,3026.73,3001.73,1915.59,-0.22855020579138358,0.22088047961084498,-0.010000000000000009,,,1.01,WAIT,0,TIME_FILTER
2026-09-21 18:15:11,1790014511,btc-updown-5m-1790014500,289,86017.14,85992.14,25.0,13.44999999999709,,,,0.61,0.64,0.625,0.35,0.36,0.355,1937.19,937.79,328.8,1979.82,0.3476198095291098,-0.7151545078878291,0.09999999999999998,,,1.0,WAIT,0,TIME_FILTER
2026-09-21 18:15:13,1790014512,btc-updown-5m-1790014500,288,86032.99,85992.14,40.85000000000582,29.30000000000291,,,,0.68,0.69,0.685,0.32,0.33,0.325,3219.7099999999996,3599.9699999999993,2309.48,3628.2,-0.05575921450859862,-0.22209347758720574,0.17000000000000004,,,1.02,WAIT,0,TIME_FILTER
2026-09-21 18:15:15,1790014514,btc-updown-5m-1790014500,286,86032.99,85992.14,40.85000000000582,29.29000000000815,,,,0.67,0.68,0.675,0.32,0.33,0.325,2686.17,3188.22,2415.94,2873.7799999999997,-0.08546419287789878,-0.08655278540262996,0.16000000000000003,,,1.01,WAIT,0,TIME_FILTER
2026-09-21 18:15:17,1790014516,btc-updown-5m-1790014500,284,86033.0,85992.14,40.86000000000058,15.860000000000582,37.85000000000582,,,0.67,0.68,0.675,0.32,0.33,0.325,3408.61,2324.3700000000003,2403.8599999999997,2734.37,0.1891232831790796,-0.06432370680175863,0.050000000000000044,0.16000000000000003,,1.01,WAIT,0,TIME_FILTER
2026-09-21 18:15:19,1790014518,btc-updown-5m-1790014500,282,86033.0,85992.14,40.86000000000058,0.00999999999476131,35.25999999999476,,,0.67,0.68,0.675,0.32,0.33,0.325,3411.2,2481.9300000000003,1581.7399999999998,3179.2,0.15768700164428742,-0.3355345793057674,-0.010000000000000009,0.15000000000000002,,1.01,WAIT,0,TIME_FILTER
2026-09-21 18:15:20,1790014520,btc-updown-5m-1790014500,280,86043.1,85992.14,50.9600000000064,10.110000000000582,39.40000000000873,,,0.7,0.71,0.705,0.29,0.3,0.295,2440.6499999999996,2537.45,2548.3199999999997,1613.4099999999999,-0.019445169843916393,0.22464455887335313,0.029999999999999916,0.17999999999999994,,1.01,WAIT,0,TIME_FILTER
2026-09-21 18:15:22,1790014521,btc-updown-5m-1790014500,279,86043.11,85992.14,50.970000000001164,10.110000000000582,39.419999999998254,,,0.69,0.7,0.695,0.3,0.31,0.305,3948.7299999999996,1561.0,1601.0,2496.05,0.4333660633098173,-0.218462064168121,0.019999999999999907,0.16999999999999993,,1.01,WAIT,0,TIME_FILTER
2026-09-21 18:15:24,1790014523,btc-updown-5m-1790014500,277,86055.47,85992.14,63.330000000001746,22.470000000001164,51.779999999998836,,,0.73,0.74,0.735,0.26,0.27,0.265,2012.04,2039.53,2324.53,2816.73,-0.00678502407708617,-0.0957352866806969,0.05999999999999994,0.21999999999999997,,1.01,WAIT,0,TIME_FILTER
2026-09-21 18:15:26,1790014525,btc-updown-5m-1790014500,275,86055.47,85992.14,63.330000000001746,12.369999999995343,51.770000000004075,,,0.73,0.74,0.735,0.26,0.27,0.265,4674.75,1432.8,1223.8,4779.75,0.5308102266866419,-0.5923078845016698,0.030000000000000027,0.21999999999999997,,1.01,WAIT,0,TIME_FILTER
2026-09-21 18:15:28,1790014527,btc-updown-5m-1790014500,273,86055.46,85992.14,63.320000000006985,12.35000000000582,22.470000000001164,,,0.74,0.75,0.745,0.25,0.26,0.255,3769.3499999999995,2687.76,2771.87,3758.7599999999998,0.16750372844817563,-0.1511171204003289,0.050000000000000044,0.05999999999999994,,1.01,WAIT,0,TIME_FILTER
2026-09-21 18:15:29,1790014529,btc-updown-5m-1790014500,271,86055.47,85992.14,63.330000000001746,0.0,22.479999999995925,,,0.74,0.75,0.745,0.25,0.26,0.255,4624.41,1701.61,1941.61,4750.41,0.46202825789358876,-0.41972379042501373,0.010000000000000009,0.06999999999999995,,1.01,WAIT,0,TIME_FILTER
2026-09-21 18:15:31,1790014530,btc-updown-5m-1790014500,270,86055.46,85992.14,63.320000000006985,-0.00999999999476131,22.470000000001164,60.310000000012224,,0.74,0.75,0.745,0.25,0.26,0.255,4440.48,2376.04,2401.04,4446.6900000000005,0.3028583500085087,-0.29873403302992385,0.010000000000000009,0.06999999999999995,0.22999999999999998,1.01,UP WATCH,12,"BTC_ABOVE,BTC15+,BTC30+,PM15+,PM30+,UP_BOOK"
2026-09-21 18:15:33,1790014532,btc-updown-5m-1790014500,268,86055.46,85992.14,63.320000000006985,0.0,22.460000000006403,57.720000000001164,,0.74,0.75,0.745,0.25,0.26,0.255,3856.15,3381.4,3376.4,3866.15,0.0655954017588825,-0.0676212107614031,0.0,0.06999999999999995,0.21999999999999997,1.01,UP WATCH,10,"BTC_ABOVE,BTC15+,BTC30+,PM15+,PM30+"
2026-09-21 18:15:35,1790014534,btc-updown-5m-1790014500,266,86055.47,85992.14,63.330000000001746,0.0,22.470000000001164,51.770000000004075,,0.74,0.75,0.745,0.24,0.25,0.245,4436.2300000000005,2377.31,2909.42,2307.82,0.3021806579252489,0.1153100106569757,0.0,0.06999999999999995,0.21999999999999997,1.0,UP WATCH,11,"BTC_ABOVE,BTC15+,BTC30+,PM15+,PM30+,UP_BOOK"
2026-09-21 18:15:36,1790014536,btc-updown-5m-1790014500,264,86055.47,85992.14,63.330000000001746,0.00999999999476131,12.360000000000582,51.779999999998836,,0.75,0.76,0.755,0.23,0.24,0.235,3068.0,1921.0,4347.76,2497.05,0.22990579274403689,0.27038150072828904,0.010000000000000009,0.06000000000000005,0.22999999999999998,1.0,WAIT,7,UP_TOO_EXPENSIVE
2026-09-21 18:15:38,1790014537,btc-updown-5m-1790014500,263,86055.46,85992.14,63.320000000006985,0.0,12.35000000000582,51.770000000004075,,0.76,0.77,0.765,0.23,0.24,0.235,2381.89,4694.55,4695.19,2366.89,-0.32681122146163893,0.32969040282749557,0.020000000000000018,0.07000000000000006,0.25,1.01,WAIT,6,UP_TOO_EXPENSIVE
2026-09-21 18:15:40,1790014539,btc-updown-5m-1790014500,261,86055.46,85992.14,63.320000000006985,-0.00999999999476131,-0.00999999999476131,51.76000000000931,,0.76,0.77,0.765,0.23,0.24,0.235,2857.46,4448.2,4464.4,2854.43,-0.21774076537917175,0.21997641699561266,0.020000000000000018,0.030000000000000027,0.25,1.01,WAIT,6,UP_TOO_EXPENSIVE
2026-09-21 18:15:42,1790014541,btc-updown-5m-1790014500,259,86055.47,85992.14,63.330000000001746,0.0,0.0,38.330000000001746,,0.76,0.77,0.765,0.23,0.24,0.235,2433.0600000000004,4219.79,4175.82,2502.9900000000002,-0.26856610324898345,0.25046827204247457,0.010000000000000009,0.030000000000000027,0.14,1.01,WAIT,4,"BTC_ABOVE,BTC30+,PM30+,DOWN_BOOK"
2026-09-21 18:15:44,1790014543,btc-updown-5m-1790014500,257,86055.46,85992.14,63.320000000006985,0.0,0.0,22.470000000001164,,0.76,0.77,0.765,0.23,0.24,0.235,2183.35,4899.67,4912.41,2140.35,-0.38349743471005304,0.39304612662276894,0.0,0.020000000000000018,0.07999999999999996,1.01,WAIT,2,"BTC_ABOVE,PM30+,DOWN_BOOK"
2026-09-21 18:15:45,1790014545,btc-updown-5m-1790014500,255,86055.46,85992.14,63.320000000006985,0.0,0.0,22.470000000001164,,0.77,0.78,0.775,0.22,0.23,0.225,2087.24,4261.639999999999,4286.639999999999,2097.24,-0.34248560376003323,0.34295757439049607,0.010000000000000009,0.030000000000000027,0.09999999999999998,1.01,WAIT,2,"BTC_ABOVE,PM30+,DOWN_BOOK"
2026-09-21 18:15:47,1790014547,btc-updown-5m-1790014500,253,86055.47,85992.14,63.330000000001746,0.0,0.00999999999476131,22.470000000001164,,0.77,0.78,0.775,0.21,0.22,0.215,3359.94,3148.25,4021.83,2255.17,0.03252670865478728,0.2814497371355743,0.010000000000000009,0.030000000000000027,0.09999999999999998,1.0,WAIT,3,"BTC_ABOVE,PM30+,DOWN_BOOK"
2026-09-21 18:15:49,1790014548,btc-updown-5m-1790014500,252,86055.47,85992.14,63.330000000001746,0.00999999999476131,0.00999999999476131,22.470000000001164,,0.77,0.78,0.775,0.22,0.23,0.225,4142.34,3513.57,3471.68,4127.62,0.08212870840958161,-0.08631584488044954,0.010000000000000009,0.030000000000000027,0.09999999999999998,1.01,WAIT,4,"BTC_ABOVE,PM30+"
2026-09-21 18:15:51,1790014550,btc-updown-5m-1790014500,250,86055.46,85992.14,63.320000000006985,0.0,-0.00999999999476131,12.360000000000582,,0.78,0.79,0.785,0.21,0.22,0.215,2642.3900000000003,2862.2999999999997,2651.44,2813.53,-0.039949570275528576,-0.029659815149945954,0.010000000000000009,0.040000000000000036,0.08000000000000007,1.01,WAIT,4,"BTC_ABOVE,PM30+"
2026-09-21 18:15:53,1790014552,btc-updown-5m-1790014500,248,86055.47,85992.14,63.330000000001746,0.0,0.00999999999476131,12.360000000000582,,0.78,0.79,0.785,0.21,0.22,0.215,2816.95,3082.6,3102.6,2856.95,-0.045028858133247474,0.041219555167755974,0.010000000000000009,0.020000000000000018,0.09000000000000008,1.01,WAIT,4,"BTC_ABOVE,PM30+"
2026-09-21 18:15:54,1790014554,btc-updown-5m-1790014500,246,86055.47,85992.14,63.330000000001746,0.0,0.00999999999476131,0.0,,0.79,0.8,0.795,0.2,0.21,0.20500000000000002,3078.28,3742.74,3629.1899999999996,3126.1800000000003,-0.09741358330572254,0.07446076232685986,0.020000000000000018,0.030000000000000027,0.06000000000000005,1.01,WAIT,3,BTC_ABOVE
2026-09-21 18:15:56,1790014555,btc-updown-5m-1790014500,245,86055.47,85992.14,63.330000000001746,0.00999999999476131,0.00999999999476131,0.0,,0.8,0.81,0.805,0.19,0.2,0.195,2299.6,4049.48,4195.27,2334.08,-0.275611584670535,0.2850498135342722,0.020000000000000018,0.040000000000000036,0.07000000000000006,1.01,WAIT,2,"BTC_ABOVE,PM30+,DOWN_BOOK"
2026-09-21 18:15:58,1790014557,btc-updown-5m-1790014500,243,86055.47,85992.14,63.330000000001746,0.0,0.0,0.00999999999476131,,0.81,0.82,0.815,0.18,0.19,0.185,1931.5,4116.46,4092.0699999999997,1777.6200000000001,-0.36127223063644603,0.3943053210646559,0.029999999999999916,0.04999999999999993,0.06999999999999995,1.01,WAIT,1,"BTC_ABOVE,DOWN_BOOK"
2026-09-21 18:16:00,1790014559,btc-updown-5m-1790014500,241,86055.46,85992.14,63.320000000006985,-0.00999999999476131,0.0,-0.00999999999476131,,0.81,0.82,0.815,0.17,0.18,0.175,2991.0,3440.1299999999997,3854.83,2224.13,-0.0698368715917731,0.26825312224459447,0.019999999999999907,0.04999999999999993,0.06999999999999995,1.0,WAIT,2,"BTC_ABOVE,DOWN_BOOK"
2026-09-21 18:16:02,1790014561,btc-updown-5m-1790014500,239,86055.46,85992.14,63.320000000006985,-0.00999999999476131,0.0,0.0,60.310000000012224,0.83,0.84,0.835,0.16,0.17,0.165,1766.0700000000002,3638.7799999999997,3583.8,1783.44,-0.34648695153427006,0.33543497216446444,0.029999999999999916,0.05999999999999994,0.08999999999999997,1.01,WAIT,5,"BTC_ABOVE,BTC60+,PM15+,PM30+,DOWN_BOOK"
2026-09-21 18:16:03,1790014563,btc-updown-5m-1790014500,237,86055.46,85992.14,63.320000000006985,-0.00999999999476131,-0.00999999999476131,0.0,57.720000000001164,0.8,0.81,0.805,0.19,0.2,0.195,2545.9300000000003,2775.6399999999994,3504.6399999999994,2570.9300000000003,-0.04316583263961559,0.15368269973023094,-0.009999999999999898,0.030000000000000027,0.06000000000000005,1.01,WAIT,4,"BTC_ABOVE,BTC60+"
2026-09-21 18:16:05,1790014564,btc-updown-5m-1790014500,236,86055.47,85992.14,63.330000000001746,0.00999999999476131,0.0,0.0,51.770000000004075,0.82,0.83,0.825,0.16,0.17,0.165,3269.03,1823.41,3540.89,2017.8899999999999,0.2838757059484255,0.2739809814383732,0.010000000000000009,0.04999999999999993,0.07999999999999996,1.0,WAIT,5,"BTC_ABOVE,BTC60+,PM30+,UP_BOOK,DOWN_BOOK"
2026-09-21 18:16:07,1790014566,btc-updown-5m-1790014500,234,86055.47,85992.14,63.330000000001746,0.00999999999476131,0.00999999999476131,0.0,51.779999999998836,0.83,0.84,0.835,0.16,0.17,0.165,2420.1,2681.08,2753.84,2425.1,-0.051160711835300854,0.06347630982401808,0.0,0.04999999999999993,0.07999999999999996,1.01,WAIT,5,"BTC_ABOVE,BTC60+,PM30+"
2026-09-21 18:16:09,1790014568,btc-updown-5m-1790014500,232,86055.46,85992.14,63.320000000006985,0.0,-0.00999999999476131,0.0,51.770000000004075,0.83,0.84,0.835,0.16,0.17,0.165,2521.92,3203.74,3043.84,2763.82,-0.1190814683372746,0.04821563245782294,0.029999999999999916,0.04999999999999993,0.06999999999999995,1.01,WAIT,4,"BTC_ABOVE,BTC60+"
2026-09-21 18:16:11,1790014570,btc-updown-5m-1790014500,230,86055.46,85992.14,63.320000000006985,-0.00999999999476131,-0.00999999999476131,0.0,51.76000000000931,0.84,0.85,0.845,0.15,0.16,0.155,2366.97,3677.9799999999996,3662.2299999999996,2369.5099999999998,-0.21687689724480766,0.21431958274063534,0.020000000000000018,0.039999999999999925,0.07999999999999996,1.01,WAIT,5,"BTC_ABOVE,BTC60+,PM30+"
2026-09-21 18:16:12,1790014572,btc-updown-5m-1790014500,228,86055.47,85992.14,63.330000000001746,0.0,0.0,0.0,22.479999999995925,0.84,0.85,0.845,0.15,0.16,0.155,2732.09,1914.1799999999998,1929.57,2872.09,0.1760358308923072,-0.196290449552863,0.010000000000000009,0.030000000000000027,0.07999999999999996,1.01,WAIT,4,"BTC_ABOVE,PM30+"
2026-09-21 18:16:14,1790014573,btc-updown-5m-1790014500,227,86055.47,85992.14,63.330000000001746,0.00999999999476131,0.0,0.00999999999476131,22.479999999995925,0.85,0.86,0.855,0.14,0.15,0.14500000000000002,2179.24,3753.6100000000006,2797.75,2018.71,-0.2653648752286002,0.16174534824331563,0.020000000000000018,0.040000000000000036,0.08999999999999997,1.01,WAIT,3,"BTC_ABOVE,PM30+"
2026-09-21 18:16:16,1790014575,btc-updown-5m-1790014500,225,86055.47,85992.14,63.330000000001746,0.00999999999476131,0.00999999999476131,0.00999999999476131,22.479999999995925,0.85,0.86,0.855,0.15,0.17,0.16,2074.83,3691.18,2955.5099999999998,2608.58,-0.28032382878281514,0.06235161544834822,0.010000000000000009,0.040000000000000036,0.07999999999999996,1.03,WAIT,3,"BTC_ABOVE,PM30+"
2026-09-21 18:16:18,1790014577,btc-updown-5m-1790014500,223,86055.47,85992.14,63.330000000001746,0.0,0.00999999999476131,0.0,22.470000000001164,0.84,0.85,0.845,0.15,0.16,0.155,3097.4300000000003,2698.2599999999998,2793.2599999999998,3057.4300000000003,0.06887359399829882,-0.04515193934390653,0.0,0.010000000000000009,0.06999999999999995,1.01,WAIT,3,BTC_ABOVE
2026-09-21 18:16:19,1790014579,btc-updown-5m-1790014500,221,86056.43,85992.14,64.2899999999936,0.9599999999918509,0.9599999999918509,0.9599999999918509,23.429999999993015,0.85,0.86,0.855,0.14,0.15,0.14500000000000002,3890.92,1589.46,343.94,3167.92,0.4199453322579821,-0.8041265881897341,0.0,0.030000000000000027,0.07999999999999996,1.01,WAIT,6,UP_TOO_EXPENSIVE
2026-09-21 18:16:21,1790014580,btc-updown-5m-1790014500,220,86071.19,85992.14,79.05000000000291,15.720000000001164,15.720000000001164,15.729999999995925,28.089999999996508,0.89,0.9,0.895,0.1,0.11,0.10500000000000001,3665.12,1607.0500000000002,1786.7900000000002,2994.62,0.3903648782190255,-0.25260958587529614,0.040000000000000036,0.07000000000000006,0.10999999999999999,1.01,WAIT,10,UP_TOO_EXPENSIVE
2026-09-21 18:16:23,1790014582,btc-updown-5m-1790014500,218,86071.19,85992.14,79.05000000000291,15.720000000001164,15.720000000001164,15.720000000001164,28.080000000001746,0.85,0.86,0.855,0.13,0.14,0.135,3053.1,1176.18,1856.6,2671.9,0.44379185109522185,-0.18003754002429065,0.010000000000000009,0.020000000000000018,0.06999999999999995,1.0,WAIT,5,"BTC_ABOVE,BTC5+,UP_BOOK"
2026-09-21 18:16:25,1790014584,btc-updown-5m-1790014500,216,86071.18,85992.14,79.0399999999936,14.75,15.719999999986612,15.709999999991851,15.709999999991851,0.86,0.87,0.865,0.13,0.14,0.135,2302.57,2075.53,2079.38,2695.57,0.051858111966378094,-0.1290463774489785,0.010000000000000009,0.030000000000000027,0.06999999999999995,1.01,WAIT,4,"BTC_ABOVE,BTC5+"
2026-09-21 18:16:26,1790014586,btc-updown-5m-1790014500,214,86071.19,85992.14,79.05000000000291,0.0,15.729999999995925,15.720000000001164,15.720000000001164,0.85,0.86,0.855,0.14,0.15,0.14500000000000002,3388.76,1196.77,746.1800000000001,3358.76,0.4780232601247838,-0.6364477921723581,-0.040000000000000036,0.010000000000000009,0.04999999999999993,1.01,WAIT,4,"BTC_ABOVE,PM5-,UP_BOOK"
2026-09-21 18:16:28,1790014587,btc-updown-5m-1790014500,213,86071.19,85992.14,79.05000000000291,0.0,15.720000000001164,15.720000000001164,15.729999999995925,0.85,0.86,0.855,0.14,0.15,0.14500000000000002,3809.26,1162.36,400.63,3929.26,0.5324019132596619,-0.814946800034181,0.0,0.010000000000000009,0.040000000000000036,1.01,WAIT,5,"BTC_ABOVE,UP_BOOK"
2026-09-21 18:16:30,1790014589,btc-updown-5m-1790014500,211,86041.51,85992.14,49.36999999999534,-29.669999999998254,-13.960000000006403,-13.950000000011642,-13.960000000006403,0.73,0.74,0.735,0.26,0.27,0.265,472.0,1491.74,816.26,294.37,-0.5192846303482131,0.46990446863491886,-0.13,-0.12,-0.07999999999999996,1.01,WAIT,-5,"BTC_ABOVE,BTC5-,PM5-,PM15-,PM30-,DOWN_BOOK"
2026-09-21 18:16:32,1790014591,btc-updown-5m-1790014500,209,86041.52,85992.14,49.38000000000466,-29.669999999998254,-13.94999999999709,-13.940000000002328,-13.940000000002328,0.77,0.78,0.775,0.22,0.23,0.225,1673.3300000000002,2093.05,2304.25,1637.5000000000002,-0.11143856966105385,0.16915075791209483,-0.07999999999999996,-0.07999999999999996,-0.05999999999999994,1.01,WAIT,-2,"BTC_ABOVE,BTC5-,PM5-,PM15-"
2026-09-21 18:16:34,1790014593,btc-updown-5m-1790014500,207,86041.52,85992.14,49.38000000000466,-29.669999999998254,-13.94999999999709,-13.940000000002328,-13.940000000002328,0.81,0.82,0.815,0.18,0.19,0.185,2154.44,1492.16,1475.49,2360.44,0.18161575165907967,-0.23070024739763237,-0.040000000000000036,-0.030000000000000027,0.009999999999999898,1.01,WAIT,0,"BTC_ABOVE,BTC5-,PM5-"
2026-09-21 18:16:35,1790014595,btc-updown-5m-1790014500,205,86041.52,85992.14,49.38000000000466,0.010000000009313226,-29.669999999998254,-13.94999999999709,-13.94999999999709,0.82,0.83,0.825,0.17,0.18,0.175,2078.48,2363.7200000000003,1830.59,2308.46,-0.06421142677051915,-0.1154540293062418,0.08999999999999997,-0.07000000000000006,0.0,1.01,WAIT,-1,"BTC_ABOVE,BTC15-,PM5+,PM15-"
2026-09-21 18:16:37,1790014596,btc-updown-5m-1790014500,204,86042.9,85992.14,50.75999999999476,1.3799999999901047,-28.29000000000815,-12.570000000006985,-12.570000000006985,0.81,0.82,0.815,0.18,0.19,0.185,1479.73,2404.2,2252.93,2021.74,-0.23802437222092052,0.05408370704639184,0.039999999999999925,-0.08000000000000007,-0.020000000000000018,1.01,WAIT,0,"BTC_ABOVE,BTC15-,PM5+,PM15-"
2026-09-21 18:16:39,1790014598,btc-updown-5m-1790014500,202,86042.89,85992.14,50.75,1.3699999999953434,-28.30000000000291,-12.570000000006985,-12.570000000006985,0.77,0.78,0.775,0.22,0.23,0.225,1082.28,2699.34,2515.2200000000003,1644.6999999999998,-0.42761038919828015,0.20926363968537867,-0.039999999999999925,-0.07999999999999996,-0.05999999999999994,1.01,WAIT,-3,"BTC_ABOVE,BTC15-,PM5-,PM15-"
2026-09-21 18:16:40,1790014600,btc-updown-5m-1790014500,200,86042.9,85992.14,50.75999999999476,1.3799999999901047,-28.279999999998836,-12.560000000012224,-12.560000000012224,0.77,0.78,0.775,0.22,0.23,0.225,2193.05,2258.79,2268.69,2173.27,-0.014766927832087356,0.021481508163063167,-0.04999999999999993,-0.08999999999999997,-0.06999999999999995,1.01,WAIT,-2,"BTC_ABOVE,BTC15-,PM5-,PM15-"
2026-09-21 18:16:42,1790014601,btc-updown-5m-1790014500,199,86042.87,85992.14,50.729999999995925,-0.029999999998835847,-28.320000000006985,-12.59000000001106,-12.60000000000582,0.74,0.75,0.745,0.24,0.25,0.245,2013.13,1514.68,1393.69,2172.72,0.14129162284816926,-0.21843534534728193,-0.06999999999999995,-0.10999999999999999,-0.09999999999999998,1.0,WAIT,-3,"BTC_ABOVE,BTC15-,PM5-,PM15-,PM30-"
2026-09-21 18:16:44,1790014603,btc-updown-5m-1790014500,197,86042.87,85992.14,50.729999999995925,-0.020000000004074536,-28.320000000006985,-12.60000000000582,-12.59000000001106,0.77,0.78,0.775,0.22,0.23,0.225,1781.33,1693.1399999999999,2077.87,1807.0,0.025382288521702608,0.069724340840234,0.0,-0.07999999999999996,-0.07999999999999996,1.01,WAIT,-2,"BTC_ABOVE,BTC15-,PM15-,PM30-"
2026-09-21 18:16:46,1790014605,btc-updown-5m-1790014500,195,86042.87,85992.14,50.729999999995925,-0.029999999998835847,1.360000000000582,-12.60000000000582,-12.59000000001106,0.77,0.78,0.775,0.22,0.23,0.225,3159.4700000000003,1329.6499999999999,1399.6499999999999,3140.63,0.4076121823430874,-0.383452121895566,0.0,0.040000000000000036,-0.07999999999999996,1.01,WAIT,4,"BTC_ABOVE,PM30-,UP_BOOK"
2026-09-21 18:16:48,1790014607,btc-updown-5m-1790014500,193,86042.87,85992.14,50.729999999995925,0.0,1.3499999999912689,-12.60000000000582,-12.60000000000582,0.77,0.78,0.775,0.22,0.23,0.225,3178.83,1526.55,1509.55,3183.83,0.3511469849406424,-0.3567322484009392,0.030000000000000027,0.0,-0.06999999999999995,1.01,WAIT,6,UP_TOO_EXPENSIVE
2026-09-21 18:16:49,1790014609,btc-updown-5m-1790014500,191,86042.88,85992.14,50.74000000000524,0.010000000009313226,1.360000000000582,-13.549999999988358,-12.589999999996508,0.78,0.79,0.785,0.21,0.22,0.215,2865.5200000000004,1468.6,1635.52,3056.5200000000004,0.32230764261257194,-0.30285334310875445,0.010000000000000009,-0.029999999999999916,-0.06999999999999995,1.01,WAIT,5,"BTC_ABOVE,UP_BOOK"
2026-09-21 18:16:51,1790014610,btc-updown-5m-1790014500,190,86042.88,85992.14,50.74000000000524,0.010000000009313226,1.360000000000582,-28.30999999999767,-12.580000000001746,0.78,0.79,0.785,0.21,0.22,0.215,2690.13,1830.1399999999999,1821.1399999999999,2700.13,0.19025190973105593,-0.1944121894954294,0.010000000000000009,-0.039999999999999925,-0.10999999999999999,1.01,WAIT,2,"BTC_ABOVE,PM30-"
2026-09-21 18:16:53,1790014612,btc-updown-5m-1790014500,188,86042.87,85992.14,50.729999999995925,0.0,-0.029999999998835847,-28.320000000006985,-12.60000000000582,0.77,0.78,0.775,0.22,0.23,0.225,1118.7,4068.7799999999997,3136.58,1183.18,-0.5686923130306045,0.4522010482063818,0.0,-0.039999999999999925,-0.07999999999999996,1.01,WAIT,0,"BTC_ABOVE,PM30-,DOWN_BOOK"
2026-09-21 18:16:54,1790014614,btc-updown-5m-1790014500,186,86042.87,85992.14,50.729999999995925,-0.010000000009313226,-0.020000000004074536,-28.30999999999767,-12.60000000000582,0.78,0.79,0.785,0.21,0.22,0.215,2050.51,1831.67,2345.45,1494.2699999999998,0.05637038983251681,0.22167762232662805,0.0,0.010000000000000009,-0.07999999999999996,1.01,WAIT,2,"BTC_ABOVE,PM30-"
2026-09-21 18:16:56,1790014615,btc-updown-5m-1790014500,185,86034.44,85992.14,42.30000000000291,-8.440000000002328,-8.459999999991851,-36.73999999999069,-21.029999999998836,0.73,0.74,0.735,0.26,0.27,0.265,2156.69,1043.04,1271.93,1603.85,0.34804499129614064,-0.11541912107323922,-0.050000000000000044,-0.040000000000000036,-0.13,1.01,WAIT,-1,"BTC_ABOVE,BTC30-,PM5-,PM30-,UP_BOOK"
2026-09-21 18:16:58,1790014617,btc-updown-5m-1790014500,183,86034.45,85992.14,42.30999999999767,-8.419999999998254,-8.419999999998254,-36.74000000000524,-21.020000000004075,0.78,0.79,0.785,0.21,0.22,0.215,1302.84,2963.97,2876.5299999999997,1297.84,-0.38931426522390267,0.3781864089671016,0.010000000000000009,0.040000000000000036,-0.06999999999999995,1.01,WAIT,-2,"BTC_ABOVE,BTC30-,DOWN_BOOK"
2026-09-21 18:17:00,1790014619,btc-updown-5m-1790014500,181,86034.44,85992.14,42.30000000000291,-8.429999999993015,-8.429999999993015,-7.069999999992433,-21.020000000004075,0.78,0.79,0.785,0.21,0.22,0.215,1522.94,2274.13,2106.93,1677.2400000000002,-0.19783411946579862,0.11354933842824175,0.0,0.010000000000000009,0.050000000000000044,1.01,WAIT,2,BTC_ABOVE
2026-09-21 18:17:02,1790014621,btc-updown-5m-1790014500,179,86023.01,85992.14,30.869999999995343,-11.430000000007567,-19.860000000000582,-18.510000000009313,-32.45000000001164,0.72,0.73,0.725,0.27,0.28,0.275,1967.85,951.46,467.0,1963.85,0.3481610380535126,-0.6157722607318428,-0.010000000000000009,-0.050000000000000044,-0.050000000000000044,1.01,WAIT,1,"BTC_ABOVE,BTC5-,PM15-,UP_BOOK"
2026-09-21 18:17:04,1790014623,btc-updown-5m-1790014500,177,86023.0,85992.14,30.860000000000582,-11.44999999999709,-19.869999999995343,-18.520000000004075,-32.4600000000064,0.73,0.74,0.735,0.26,0.27,0.265,1316.29,1870.88,1082.88,1389.29,-0.1740070344537631,-0.12394374173297137,-0.050000000000000044,-0.040000000000000036,-0.07999999999999996,1.01,WAIT,-1,"BTC_ABOVE,BTC5-,PM5-,PM30-"
2026-09-21 18:17:06,1790014625,btc-updown-5m-1790014500,175,86012.11,85992.14,19.970000000001164,-22.330000000001746,-30.770000000004075,-29.410000000003492,-43.36000000000058,0.65,0.66,0.655,0.33,0.34,0.335,2191.4300000000003,403.0,403.0,2304.9900000000002,0.6893344588213982,-0.7023622686937544,-0.13,-0.13,-0.16999999999999993,1.0,DOWN WATCH,-6,"BTC5-,BTC15-,BTC60-,PM5-,PM15-,PM30-,UP_BOOK"
2026-09-21 18:17:07,1790014627,btc-updown-5m-1790014500,173,86012.1,85992.14,19.960000000006403,-10.90999999998894,-30.769999999989523,-30.79999999998836,-43.36999999999534,0.64,0.65,0.645,0.35,0.36,0.355,1480.8,961.84,915.14,1535.8,0.2124586512953198,-0.2532334532873102,-0.07999999999999996,-0.13,-0.16999999999999993,1.01,DOWN WATCH,-9,"BTC5-,BTC15-,BTC30-,BTC60-,PM5-,PM15-,PM30-"
2026-09-21 18:17:09,1790014628,btc-updown-5m-1790014500,172,86012.11,85992.14,19.970000000001164,-10.889999999999418,-30.75999999999476,-30.779999999998836,-43.35000000000582,0.68,0.69,0.685,0.31,0.32,0.315,1468.17,2099.6200000000003,1816.0300000000002,2217.18,-0.17698631365635314,-0.09946171907736012,-0.04999999999999993,-0.08999999999999997,-0.08999999999999997,1.01,DOWN WATCH,-10,"BTC5-,BTC15-,BTC30-,BTC60-,PM5-,PM15-,PM30-"
2026-09-21 18:17:11,1790014630,btc-updown-5m-1790014500,170,86012.11,85992.14,19.970000000001164,0.0,-22.330000000001746,-30.789999999993597,-43.35000000000582,0.74,0.75,0.745,0.25,0.26,0.255,2299.0,2211.89,2222.09,1188.0,0.01931104504875981,0.303244195900988,0.08999999999999997,0.010000000000000009,-0.030000000000000027,1.01,WAIT,-5,"BTC15-,BTC30-,BTC60-,PM5+,DOWN_BOOK"
2026-09-21 18:17:12,1790014632,btc-updown-5m-1790014500,168,86012.11,85992.14,19.970000000001164,0.00999999999476131,-22.339999999996508,-30.75999999999476,-43.36000000000058,0.69,0.7,0.695,0.3,0.31,0.305,1725.1299999999999,2122.0,1927.0,1113.13,-0.10316001798743482,0.2677089466568863,0.04999999999999993,-0.09000000000000008,-0.050000000000000044,1.01,DOWN WATCH,-7,"BTC15-,BTC30-,BTC60-,PM5+,PM15-,DOWN_BOOK"
2026-09-21 18:17:14,1790014633,btc-updown-5m-1790014500,167,86012.11,85992.14,19.970000000001164,0.0,-22.339999999996508,-30.75999999999476,-43.36000000000058,0.69,0.7,0.695,0.3,0.31,0.305,2051.0,1798.0,2044.43,1172.9,0.06573135879449207,0.2708861074244793,0.009999999999999898,-0.09000000000000008,-0.08000000000000007,1.01,DOWN WATCH,-9,"BTC15-,BTC30-,BTC60-,PM15-,PM30-,DOWN_BOOK"
2026-09-21 18:17:16,1790014635,btc-updown-5m-1790014500,165,86012.11,85992.14,19.970000000001164,0.0,-22.330000000001746,-30.75999999999476,-43.36000000000058,0.69,0.7,0.695,0.3,0.31,0.305,2095.79,1829.1399999999999,1553.0,1813.4,0.06793751735699748,-0.0773526615969582,-0.050000000000000044,-0.09000000000000008,-0.08000000000000007,1.01,DOWN WATCH,-9,"BTC15-,BTC30-,BTC60-,PM5-,PM15-,PM30-"
2026-09-21 18:17:18,1790014637,btc-updown-5m-1790014500,163,86012.1,85992.14,19.960000000006403,-0.00999999999476131,-10.90999999998894,-30.769999999989523,-43.36999999999534,0.7,0.71,0.705,0.29,0.3,0.295,3041.76,1368.17,1530.5300000000002,2582.71,0.37950489010029637,-0.2558032110939308,0.010000000000000009,-0.020000000000000018,-0.07000000000000006,1.01,WAIT,-2,"BTC30-,BTC60-,PM30-,UP_BOOK"
2026-09-21 18:17:20,1790014639,btc-updown-5m-1790014500,161,86012.1,85992.14,19.960000000006403,-0.00999999999476131,-10.89999999999418,-30.779999999998836,-44.329999999987194,0.7,0.71,0.705,0.28,0.3,0.29000000000000004,2857.13,860.5899999999999,1281.69,2480.08,0.5370334506095134,-0.31857077918107696,0.010000000000000009,-0.030000000000000027,-0.08000000000000007,1.01,WAIT,-2,"BTC30-,BTC60-,PM30-,UP_BOOK"
2026-09-21 18:17:21,1790014641,btc-updown-5m-1790014500,159,86012.1,85992.14,19.960000000006403,-0.00999999999476131,-0.00999999999476131,-30.779999999998836,-59.08999999999651,0.72,0.73,0.725,0.27,0.28,0.275,1893.0900000000001,1355.14,630.37,1783.0900000000001,0.16561327245915466,-0.4776213403163923,0.030000000000000027,0.06999999999999995,-0.06000000000000005,1.01,WAIT,1,"BTC30-,BTC60-,PM5+,PM15+"
2026-09-21 18:17:23,1790014642,btc-updown-5m-1790014500,158,86022.23,85992.14,30.089999999996508,10.129999999990105,10.129999999990105,-20.639999999999418,-48.9600000000064,0.75,0.76,0.755,0.24,0.25,0.245,2658.5099999999998,1364.3600000000001,1429.3600000000001,3230.01,0.32169819059527144,-0.386457825843408,0.050000000000000044,0.10999999999999999,-0.020000000000000018,1.01,WAIT,7,UP_TOO_EXPENSIVE
2026-09-21 18:17:25,1790014644,btc-updown-5m-1790014500,156,86022.22,85992.14,30.080000000001746,10.119999999995343,10.110000000000582,-20.64999999999418,-48.95999999999185,0.75,0.76,0.755,0.24,0.25,0.245,2652.7599999999998,1286.29,1151.75,3044.52,0.3469034411850573,-0.4510601081436609,0.050000000000000044,0.06999999999999995,-0.030000000000000027,1.01,WAIT,7,UP_TOO_EXPENSIVE
2026-09-21 18:17:27,1790014646,btc-updown-5m-1790014500,154,86022.23,85992.14,30.089999999996508,10.129999999990105,10.119999999995343,-12.210000000006403,-48.9600000000064,0.78,0.79,0.785,0.21,0.22,0.215,2237.7799999999997,1524.86,1701.9199999999998,2391.14,0.18947334849998937,-0.16838746561252466,0.06000000000000005,0.040000000000000036,0.050000000000000044,1.01,WAIT,3,"BTC_ABOVE,BTC5+,BTC60-,PM5+"
2026-09-21 18:17:28,1790014648,btc-updown-5m-1790014500,152,86024.9,85992.14,32.75999999999476,2.6699999999982538,12.789999999993597,-9.55000000000291,-46.29000000000815,0.82,0.83,0.825,0.17,0.18,0.175,2089.9,1172.0,1546.6100000000001,1928.0,0.28140041080351946,-0.10976483691694891,0.06999999999999995,0.13,0.039999999999999925,1.01,WAIT,5,"BTC_ABOVE,BTC60-,PM5+,PM15+,UP_BOOK"
2026-09-21 18:17:31,1790014649,btc-updown-5m-1790014500,151,86028.41,85992.14,36.270000000004075,6.190000000002328,16.30000000000291,-6.029999999998836,-13.099999999991269,0.82,0.83,0.825,0.17,0.18,0.175,2656.0699999999997,1339.17,990.78,2685.62,0.3296172445209799,-0.46100533130236104,0.06999999999999995,0.13,0.039999999999999925,1.01,WAIT,7,UP_TOO_EXPENSIVE
2026-09-21 18:17:32,1790014652,btc-updown-5m-1790014500,148,86031.15,85992.14,39.00999999999476,8.919999999998254,19.04999999998836,8.139999999999418,-10.370000000009895,0.83,0.84,0.835,0.16,0.17,0.165,1596.48,2316.77,2235.3399999999997,1790.54,-0.18406439660129048,0.11048516100827639,0.04999999999999993,0.13,0.10999999999999999,1.01,WAIT,6,UP_TOO_EXPENSIVE
2026-09-21 18:17:34,1790014653,btc-updown-5m-1790014500,147,86031.16,85992.14,39.020000000004075,6.260000000009313,19.05999999999767,8.160000000003492,-10.360000000000582,0.83,0.84,0.835,0.16,0.17,0.165,3182.6800000000003,1371.76,1142.5,2818.26,0.3976163919164596,-0.4230905179813975,0.010000000000000009,0.13,0.09999999999999998,1.01,WAIT,7,UP_TOO_EXPENSIVE
2026-09-21 18:17:36,1790014655,btc-updown-5m-1790014500,145,86031.15,85992.14,39.00999999999476,2.7399999999906868,19.04999999998836,19.039999999993597,-10.370000000009895,0.84,0.85,0.845,0.15,0.16,0.155,1348.17,1599.0099999999998,1724.0099999999998,1353.17,-0.08511186965166692,0.12051293716974623,0.020000000000000018,0.14,0.18999999999999995,1.01,WAIT,5,"BTC_ABOVE,PM15+,PM30+"
2026-09-21 18:17:38,1790014657,btc-updown-5m-1790014500,143,86031.16,85992.14,39.020000000004075,0.010000000009313226,8.930000000007567,19.05999999999767,-11.739999999990687,0.84,0.85,0.845,0.15,0.16,0.155,1601.27,1664.86,1854.86,1694.67,-0.01946952509544933,0.04512991860894255,0.010000000000000009,0.08999999999999997,0.19999999999999996,1.01,WAIT,5,"BTC_ABOVE,PM15+,PM30+"
2026-09-21 18:17:40,1790014659,btc-updown-5m-1790014500,141,86031.16,85992.14,39.020000000004075,0.0,8.940000000002328,19.05000000000291,-11.729999999995925,0.84,0.85,0.845,0.15,0.16,0.155,2675.3100000000004,1439.8400000000001,1429.4,2723.4,0.3002247791696536,-0.31159699479869,0.010000000000000009,0.08999999999999997,0.15999999999999992,1.01,WAIT,7,UP_TOO_EXPENSIVE
2026-09-21 18:17:41,1790014661,btc-updown-5m-1790014500,139,86031.15,85992.14,39.00999999999476,0.0,8.919999999998254,19.039999999993597,-11.720000000001164,0.84,0.85,0.845,0.16,0.17,0.165,781.6,2232.98,3808.14,362.0,-0.4814534694717009,0.8263847256926626,0.0,0.05999999999999994,0.09999999999999998,1.02,WAIT,3,"BTC_ABOVE,PM15+,PM30+,DOWN_BOOK"
2026-09-21 18:17:43,1790014662,btc-updown-5m-1790014500,138,86031.15,85992.14,39.00999999999476,-0.010000000009313226,8.919999999998254,19.039999999993597,-11.720000000001164,0.76,0.77,0.765,0.22,0.23,0.225,2433.8100000000004,541.5,950.91,2671.1400000000003,0.6360043155167026,-0.47493270385555153,-0.07999999999999996,-0.020000000000000018,0.07000000000000006,1.0,WAIT,4,"BTC_ABOVE,PM5-,PM30+,UP_BOOK"
2026-09-21 18:17:45,1790014664,btc-updown-5m-1790014500,136,86031.15,85992.14,39.00999999999476,-0.010000000009313226,2.7399999999906868,19.039999999993597,-11.720000000001164,0.77,0.78,0.775,0.23,0.24,0.235,632.22,1698.12,1674.83,1533.7199999999998,-0.4574010659388758,0.043979367627121325,-0.06999999999999995,-0.04999999999999993,0.08000000000000007,1.02,WAIT,1,"BTC_ABOVE,PM5-,PM30+"
2026-09-21 18:17:47,1790014666,btc-updown-5m-1790014500,134,86031.16,85992.14,39.020000000004075,0.010000000009313226,2.75,19.05000000000291,-11.709999999991851,0.78,0.79,0.785,0.21,0.22,0.215,1639.1999999999998,1748.17,1892.66,1654.1999999999998,-0.03216950023174329,0.06723129754205136,-0.05999999999999994,-0.039999999999999925,0.09000000000000008,1.01,WAIT,2,"BTC_ABOVE,PM5-,PM30+"
2026-09-21 18:17:48,1790014668,btc-updown-5m-1790014500,132,86031.15,85992.14,39.00999999999476,0.0,-0.010000000009313226,19.04999999998836,-11.720000000001164,0.78,0.79,0.785,0.21,0.22,0.215,2683.35,1566.73,1466.75,2819.08,0.2627291721567594,-0.31553514721769177,0.020000000000000018,-0.04999999999999993,0.08000000000000007,1.01,WAIT,5,"BTC_ABOVE,PM30+,UP_BOOK"
2026-09-21 18:17:50,1790014669,btc-updown-5m-1790014500,131,86031.15,85992.14,39.00999999999476,0.0,-0.010000000009313226,19.04999999998836,-11.730000000010477,0.78,0.79,0.785,0.21,0.22,0.215,1633.3500000000001,1867.04,1824.04,1653.3500000000001,-0.06676113233096878,0.049085664823330086,0.010000000000000009,-0.04999999999999993,0.08000000000000007,1.01,WAIT,3,"BTC_ABOVE,PM30+"
2026-09-21 18:17:52,1790014671,btc-updown-5m-1790014500,129,86031.15,85992.14,39.00999999999476,-0.010000000009313226,0.0,19.04999999998836,-11.730000000010477,0.78,0.79,0.785,0.21,0.22,0.215,1792.5900000000001,1561.81,1561.81,1792.5900000000001,0.06879918912473175,-0.06879918912473175,0.0,-0.05999999999999994,0.06000000000000005,1.01,WAIT,0,"BTC_ABOVE,PM15-"
2026-09-21 18:17:53,1790014673,btc-updown-5m-1790014500,127,86031.16,85992.14,39.020000000004075,0.010000000009313226,0.0,8.930000000007567,-11.709999999991851,0.78,0.79,0.785,0.21,0.22,0.215,2123.7200000000003,1215.48,1275.48,2508.72,0.27199329180642073,-0.3258918661804344,0.0,-0.05999999999999994,0.030000000000000027,1.01,WAIT,2,"BTC_ABOVE,PM15-,UP_BOOK"
2026-09-21 18:17:55,1790014674,btc-updown-5m-1790014500,126,86031.16,85992.14,39.020000000004075,0.010000000009313226,0.0,8.940000000002328,-11.709999999991851,0.8,0.81,0.805,0.19,0.2,0.195,1855.97,1660.03,1845.62,1787.29,0.05572810011376566,0.01605599918522615,0.020000000000000018,-0.039999999999999925,0.050000000000000044,1.01,WAIT,2,BTC_ABOVE
2026-09-21 18:17:57,1790014676,btc-updown-5m-1790014500,124,86031.16,85992.14,39.020000000004075,0.010000000009313226,0.010000000009313226,8.930000000007567,-3.279999999998836,0.8,0.81,0.805,0.19,0.2,0.195,1696.49,1837.27,1968.8799999999999,1611.49,-0.03983858552929456,0.09981929241949851,0.020000000000000018,-0.039999999999999925,0.020000000000000018,1.01,WAIT,2,BTC_ABOVE
2026-09-21 18:17:59,1790014678,btc-updown-5m-1790014500,122,86031.16,85992.14,39.020000000004075,0.0,0.010000000009313226,6.260000000009313,-3.289999999993597,0.8,0.81,0.805,0.18,0.19,0.185,2309.59,1253.67,1589.78,2499.5,0.2963353782771956,-0.2224645903435324,0.020000000000000018,0.040000000000000036,-0.019999999999999907,1.0,WAIT,3,"BTC_ABOVE,UP_BOOK"
2026-09-21 18:18:01,1790014680,btc-updown-5m-1790014500,120,86031.15,85992.14,39.00999999999476,-0.010000000009313226,0.0,2.7399999999906868,-3.290000000008149,0.81,0.84,0.825,0.17,0.19,0.18,2258.6000000000004,644.6700000000001,1103.9699999999998,268.24,0.5559007601773173,0.6090394327398867,0.019999999999999907,0.04999999999999993,0.0,1.03,WAIT,2,"BTC_ABOVE,UP_BOOK,DOWN_BOOK"
2026-09-21 18:18:02,1790014682,btc-updown-5m-1790014500,118,86015.26,85992.14,23.119999999995343,-15.900000000008731,-15.900000000008731,-15.889999999999418,-7.75,0.75,0.76,0.755,0.24,0.25,0.245,1244.31,346.0,68.63,2506.85,0.5648647119115141,-0.9467050802180563,-0.050000000000000044,-0.030000000000000027,-0.07999999999999996,1.01,WAIT,1,"BTC_ABOVE,BTC5-,PM5-,PM30-,UP_BOOK"
2026-09-21 18:18:04,1790014683,btc-updown-5m-1790014500,117,86015.26,85992.14,23.119999999995343,-15.900000000008731,-15.889999999999418,-15.900000000008731,-7.740000000005239,0.73,0.74,0.735,0.26,0.27,0.265,786.0,1693.0,1969.0,890.3299999999999,-0.36587333602258976,0.3772457184025629,-0.07000000000000006,-0.050000000000000044,-0.09999999999999998,1.01,WAIT,-5,"BTC_ABOVE,BTC5-,PM5-,PM15-,PM30-,DOWN_BOOK"
2026-09-21 18:18:06,1790014685,btc-updown-5m-1790014500,115,86015.26,85992.14,23.119999999995343,-15.889999999999418,-15.889999999999418,-15.889999999999418,3.1499999999941792,0.68,0.69,0.685,0.31,0.32,0.315,1235.46,1098.1100000000001,1040.44,840.13,0.058858315799397445,0.10651557772377526,-0.1399999999999999,-0.09999999999999998,-0.15999999999999992,1.01,WAIT,-3,"BTC_ABOVE,BTC5-,PM5-,PM15-,PM30-"
2026-09-21 18:18:08,1790014687,btc-updown-5m-1790014500,113,86015.26,85992.14,23.119999999995343,0.0,-15.889999999999418,-15.900000000008731,3.1599999999889405,0.78,0.79,0.785,0.21,0.22,0.215,2149.77,580.0,391.46000000000004,2412.77,0.5750557739296718,-0.7208074943924,0.030000000000000027,0.0,-0.05999999999999994,1.01,WAIT,5,"BTC_ABOVE,PM5+,UP_BOOK"
2026-09-21 18:18:09,1790014689,btc-updown-5m-1790014500,111,86015.26,85992.14,23.119999999995343,0.0,-15.900000000008731,-15.900000000008731,3.1499999999941792,0.8,0.81,0.805,0.19,0.2,0.195,1857.3,911.8199999999999,967.14,1872.3,0.34143699081296586,-0.318781168117657,0.07000000000000006,0.0,-0.039999999999999925,1.01,WAIT,5,"BTC_ABOVE,PM5+,UP_BOOK"
2026-09-21 18:18:11,1790014690,btc-updown-5m-1790014500,110,86015.25,85992.14,23.110000000000582,-0.00999999999476131,-15.910000000003492,-15.910000000003492,3.139999999999418,0.78,0.79,0.785,0.21,0.22,0.215,1849.43,1244.84,1433.25,1232.99,0.19539018896217852,0.07510951752280365,0.09999999999999998,-0.020000000000000018,-0.05999999999999994,1.01,WAIT,3,"BTC_ABOVE,PM5+"
2026-09-21 18:18:13,1790014692,btc-updown-5m-1790014500,108,86015.26,85992.14,23.119999999995343,0.0,-15.900000000008731,-15.889999999999418,3.1499999999941792,0.81,0.82,0.815,0.18,0.19,0.185,1444.54,1136.02,1136.02,1463.5900000000001,0.11955544532969588,-0.12600736264285803,0.029999999999999916,0.009999999999999898,0.04999999999999993,1.01,WAIT,2,BTC_ABOVE
2026-09-21 18:18:15,1790014694,btc-updown-5m-1790014500,106,86015.25,85992.14,23.110000000000582,-0.00999999999476131,-15.910000000003492,-15.89999999999418,3.139999999999418,0.8,0.81,0.805,0.19,0.2,0.195,1421.36,1149.21,1144.21,1512.29,0.1058714604153942,-0.138558253340862,0.0,0.0,0.030000000000000027,1.01,WAIT,2,BTC_ABOVE
2026-09-21 18:18:17,1790014696,btc-updown-5m-1790014500,104,86015.25,85992.14,23.110000000000582,0.0,-15.89999999999418,-15.910000000003492,3.139999999999418,0.8,0.81,0.805,0.19,0.2,0.195,1341.37,824.76,2396.78,130.0,0.23849445785802323,0.897102240796587,0.020000000000000018,-0.019999999999999907,0.020000000000000018,1.01,WAIT,1,"BTC_ABOVE,DOWN_BOOK"
2026-09-21 18:18:18,1790014698,btc-updown-5m-1790014500,102,86015.26,85992.14,23.119999999995343,0.0,0.0,-15.889999999999418,3.1599999999889405,0.76,0.77,0.765,0.19,0.2,0.195,2047.21,565.25,498.68,2387.4,0.5672661016819396,-0.6544239937908859,-0.04999999999999993,0.030000000000000027,-0.020000000000000018,0.97,WAIT,3,"BTC_ABOVE,PM5-,UP_BOOK"
2026-09-21 18:18:20,1790014699,btc-updown-5m-1790014500,101,86015.26,85992.14,23.119999999995343,0.00999999999476131,0.0,-15.889999999999418,3.1599999999889405,0.8,0.81,0.805,0.19,0.2,0.195,2245.65,843.6500000000001,954.83,2150.65,0.45382449098501276,-0.3850676867988202,0.0,0.07000000000000006,0.020000000000000018,1.01,WAIT,6,UP_TOO_EXPENSIVE
2026-09-21 18:18:22,1790014701,btc-updown-5m-1790014500,99,86015.26,85992.14,23.119999999995343,0.00999999999476131,0.0,-15.889999999999418,3.1599999999889405,0.81,0.82,0.815,0.2,0.21,0.20500000000000002,995.9000000000001,1044.34,1098.96,1167.33,-0.023742304826883026,-0.030168248547185,0.009999999999999898,0.1299999999999999,0.029999999999999916,1.03,WAIT,4,"BTC_ABOVE,PM15+"
2026-09-21 18:18:24,1790014703,btc-updown-5m-1790014500,97,86015.26,85992.14,23.119999999995343,0.0,0.0,-15.900000000008731,-6.970000000001164,0.81,0.82,0.815,0.18,0.19,0.185,1854.82,938.0,981.7099999999999,2050.71,0.32827751161908036,-0.3525237269243706,0.04999999999999993,0.029999999999999916,0.029999999999999916,1.01,WAIT,5,"BTC_ABOVE,PM5+,UP_BOOK"
2026-09-21 18:18:26,1790014705,btc-updown-5m-1790014500,95,86015.25,85992.14,23.110000000000582,-0.00999999999476131,0.0,-15.910000000003492,-6.970000000001164,0.87,0.88,0.875,0.12,0.13,0.125,2762.41,1119.75,960.75,2809.41,0.4231304222391658,-0.49033993252275765,0.06999999999999995,0.08999999999999997,0.06999999999999995,1.01,WAIT,7,UP_TOO_EXPENSIVE
2026-09-21 18:18:27,1790014707,btc-updown-5m-1790014500,93,86015.26,85992.14,23.119999999995343,0.0,0.0,-15.900000000008731,-6.970000000001164,0.87,0.88,0.875,0.12,0.13,0.125,2974.55,1074.53,1089.53,2367.56,0.46924733519713124,-0.36968375136314063,0.06000000000000005,0.06000000000000005,0.06999999999999995,1.01,WAIT,7,UP_TOO_EXPENSIVE
2026-09-21 18:18:29,1790014708,btc-updown-5m-1790014500,92,86015.26,85992.14,23.119999999995343,0.0,0.0,-15.900000000008731,-9.639999999999418,0.88,0.89,0.885,0.11,0.12,0.11499999999999999,2024.1799999999998,839.74,783.56,2087.17,0.41357300483253717,-0.4541040083881104,0.07000000000000006,0.07000000000000006,0.07999999999999996,1.01,WAIT,8,UP_TOO_EXPENSIVE
2026-09-21 18:18:31,1790014710,btc-updown-5m-1790014500,90,86015.25,85992.14,23.110000000000582,0.0,0.0,-15.89999999999418,-13.160000000003492,0.9,0.91,0.905,0.09,0.1,0.095,2297.9,859.19,847.21,2213.98,0.4557076294942494,-0.4464832303777289,0.030000000000000027,0.09999999999999998,0.08000000000000007,1.01,WAIT,8,UP_TOO_EXPENSIVE
2026-09-21 18:18:33,1790014712,btc-updown-5m-1790014500,88,86015.25,85992.14,23.110000000000582,-0.00999999999476131,0.0,-0.00999999999476131,-15.89999999999418,0.9,0.91,0.905,0.09,0.1,0.095,2082.18,801.21,886.21,1704.68,0.444258320934733,-0.3159030294609188,0.030000000000000027,0.09999999999999998,0.15000000000000002,1.01,WAIT,8,UP_TOO_EXPENSIVE
2026-09-21 18:18:35,1790014714,btc-updown-5m-1790014500,86,86015.25,85992.14,23.110000000000582,-0.00999999999476131,-0.00999999999476131,-0.00999999999476131,-15.910000000003492,0.91,0.92,0.915,0.08,0.09,0.08499999999999999,2618.2799999999997,861.06,851.06,2707.2799999999997,0.5050440600803601,-0.5216533552161963,0.030000000000000027,0.10999999999999999,0.18000000000000005,1.01,WAIT,8,UP_TOO_EXPENSIVE
2026-09-21 18:18:36,1790014716,btc-updown-5m-1790014500,84,86030.96,85992.14,38.820000000006985,15.710000000006403,15.700000000011642,15.700000000011642,-0.1899999999877764,0.96,0.97,0.965,0.03,0.04,0.035,1326.26,4575.139999999999,4495.139999999999,1336.26,-0.5505269935947401,0.5417018211750179,0.05999999999999994,0.15000000000000002,0.2799999999999999,1.01,WAIT,5,"BTC_ABOVE,BTC5+,PM5+,PM15+,PM30+,DOWN_BOOK"
2026-09-21 18:18:38,1790014717,btc-updown-5m-1790014500,83,86031.08,85992.14,38.94000000000233,15.830000000001746,15.820000000006985,15.820000000006985,-0.08000000000174623,0.98,0.99,0.985,0.01,0.02,0.015,2637.66,7100.03,7089.01,2612.66,-0.45825755389625267,0.4613999445456298,0.07999999999999996,0.17000000000000004,0.19999999999999996,1.01,WAIT,5,"BTC_ABOVE,BTC5+,PM5+,PM15+,PM30+,DOWN_BOOK"
2026-09-21 18:18:40,1790014719,btc-updown-5m-1790014500,81,86044.38,85992.14,52.24000000000524,29.130000000004657,29.120000000009895,29.120000000009895,13.220000000001164,0.98,0.99,0.985,0.01,0.02,0.015,3499.58,3379.62,3381.27,3398.35,0.017438074194673806,-0.0025193152418572025,0.06999999999999995,0.17000000000000004,0.17999999999999994,1.01,WAIT,10,UP_TOO_EXPENSIVE
2026-09-21 18:18:42,1790014721,btc-updown-5m-1790014500,79,86044.37,85992.14,52.229999999995925,13.40999999998894,29.119999999995343,29.119999999995343,13.220000000001164,0.98,0.99,0.985,0.01,0.02,0.015,3013.9300000000003,3355.07,3365.07,2963.9300000000003,-0.05356256869210235,0.06338126086269551,0.020000000000000018,0.10999999999999999,0.19999999999999996,1.01,WAIT,9,UP_TOO_EXPENSIVE
2026-09-21 18:18:44,1790014723,btc-updown-5m-1790014500,77,86044.38,85992.14,52.24000000000524,13.30000000000291,29.120000000009895,29.120000000009895,13.230000000010477,0.98,0.99,0.985,0.01,0.02,0.015,3223.56,3230.95,3071.7,3087.75,-0.0011449358665491063,-0.00260575213696031,0.0,0.09999999999999998,0.17000000000000004,1.01,WAIT,9,UP_TOO_EXPENSIVE
2026-09-21 18:18:45,1790014725,btc-updown-5m-1790014500,75,86044.38,85992.14,52.24000000000524,0.0,29.130000000004657,29.130000000004657,13.230000000010477,0.98,0.99,0.985,0.01,0.02,0.015,2859.63,3569.21,3569.21,2759.63,-0.11037449990978153,0.12791917634195207,0.0,0.07999999999999996,0.17999999999999994,1.01,WAIT,8,UP_TOO_EXPENSIVE
2026-09-21 18:18:47,1790014726,btc-updown-5m-1790014500,74,86044.37,85992.14,52.229999999995925,0.0,29.119999999995343,29.119999999995343,13.209999999991851,0.97,0.98,0.975,0.02,0.03,0.025,3524.19,4065.51,3897.51,3589.19,-0.07132297719277443,0.0411823633910802,-0.010000000000000009,0.06999999999999995,0.16999999999999993,1.01,WAIT,8,UP_TOO_EXPENSIVE
2026-09-21 18:18:49,1790014728,btc-updown-5m-1790014500,72,86044.38,85992.14,52.24000000000524,0.0,29.130000000004657,29.120000000009895,13.230000000010477,0.97,0.98,0.975,0.02,0.03,0.025,3099.59,3860.69,3865.69,3165.82,-0.10934904917618254,0.09953338614323237,-0.010000000000000009,0.06999999999999995,0.20999999999999996,1.01,WAIT,8,UP_TOO_EXPENSIVE
2026-09-21 18:18:51,1790014730,btc-updown-5m-1790014500,70,86041.51,85992.14,49.36999999999534,-2.8700000000098953,26.25999999999476,26.25,10.360000000000582,0.96,0.97,0.965,0.03,0.04,0.035,2197.65,3966.1600000000003,3809.01,2662.15,-0.2869183183777566,0.17722633963617035,-0.020000000000000018,0.04999999999999993,0.15999999999999992,1.01,WAIT,4,"BTC_ABOVE,BTC15+,PM30+"
2026-09-21 18:18:52,1790014732,btc-updown-5m-1790014500,68,86041.52,85992.14,49.38000000000466,-2.849999999991269,10.440000000002328,26.260000000009313,10.370000000009895,0.97,0.98,0.975,0.02,0.03,0.025,2577.16,3109.01,3436.61,1338.1699999999998,-0.09353396046899765,0.4394841228286959,0.0,-0.010000000000000009,0.16000000000000003,1.01,WAIT,2,"BTC_ABOVE,PM30+,DOWN_BOOK"
2026-09-21 18:18:54,1790014733,btc-updown-5m-1790014500,67,86030.97,85992.14,38.830000000001746,-13.410000000003492,-0.11000000000058208,15.710000000006403,-0.1900000000023283,0.94,0.95,0.945,0.05,0.06,0.055,2698.58,976.0799999999999,364.02000000000004,2627.59,0.46875085041881426,-0.7566394015262685,-0.030000000000000027,-0.040000000000000036,0.13,1.01,WAIT,3,"BTC_ABOVE,BTC5-,PM5-,PM30+,UP_BOOK"
2026-09-21 18:18:56,1790014735,btc-updown-5m-1790014500,65,86030.97,85992.14,38.830000000001746,-10.539999999993597,-13.410000000003492,15.720000000001164,-0.1900000000023283,0.97,0.98,0.975,0.02,0.03,0.025,2569.59,4325.01,4320.01,2484.59,-0.25460795405099645,0.26973223995532436,0.010000000000000009,-0.010000000000000009,0.09999999999999998,1.01,WAIT,0,"BTC_ABOVE,BTC5-,PM30+,DOWN_BOOK"
2026-09-21 18:18:58,1790014737,btc-updown-5m-1790014500,63,86030.97,85992.14,38.830000000001746,-10.55000000000291,-13.39999999999418,15.710000000006403,-0.1900000000023283,0.98,0.99,0.985,0.01,0.02,0.015,2961.78,2703.49,2580.25,3061.78,0.0455918252792895,-0.08534694072878027,0.010000000000000009,0.0,0.10999999999999999,1.01,WAIT,2,"BTC_ABOVE,BTC5-,PM30+"
2026-09-21 18:18:59,1790014739,btc-updown-5m-1790014500,61,86030.97,85992.14,38.830000000001746,0.0,-13.410000000003492,15.710000000006403,-0.1900000000023283,0.98,0.99,0.985,0.01,0.02,0.015,2756.48,1796.34,1791.34,2756.48,0.21088907534231535,-0.21222036052438314,0.040000000000000036,0.0,0.09999999999999998,1.01,WAIT,4,"BTC_ABOVE,PM5+,PM30+"
2026-09-21 18:19:01,1790014740,btc-updown-5m-1790014500,60,86030.98,85992.14,38.83999999999651,0.00999999999476131,-13.400000000008731,15.729999999995925,-0.16999999999825377,0.98,0.99,0.985,0.01,0.02,0.015,2607.42,1279.28,1304.28,2644.44,0.34171405047984155,-0.3393909925241597,0.010000000000000009,0.0,0.07999999999999996,1.01,WAIT,5,"BTC_ABOVE,PM30+,UP_BOOK"
2026-09-21 18:19:03,1790014742,btc-updown-5m-1790014500,58,86030.97,85992.14,38.830000000001746,0.0,-13.39999999999418,15.720000000001164,15.710000000006403,0.98,0.99,0.985,0.01,0.02,0.015,2729.21,1118.95,1038.95,2578.34,0.4184493368259116,-0.42556444188881737,0.0,0.010000000000000009,0.07999999999999996,1.01,WAIT,5,"BTC_ABOVE,PM30+,UP_BOOK"
2026-09-21 18:19:05,1790014744,btc-updown-5m-1790014500,56,86030.98,85992.14,38.83999999999651,0.00999999999476131,-13.400000000008731,15.729999999995925,15.720000000001164,0.98,0.99,0.985,0.01,0.02,0.015,1880.38,889.42,961.67,2414.61,0.35777312441331505,-0.43033753124740837,0.0,0.010000000000000009,0.06999999999999995,1.01,WAIT,4,"BTC_ABOVE,UP_BOOK"
2026-09-21 18:19:06,1790014746,btc-updown-5m-1790014500,54,86030.97,85992.14,38.830000000001746,-0.00999999999476131,-10.539999999993597,0.00999999999476131,15.710000000006403,0.98,0.99,0.985,0.01,0.02,0.015,2580.94,833.29,838.29,2570.94,0.5118723694654432,-0.5082232644908088,0.0,0.020000000000000018,0.020000000000000018,1.01,WAIT,4,"BTC_ABOVE,UP_BOOK"
2026-09-21 18:19:08,1790014747,btc-updown-5m-1790014500,53,86030.98,85992.14,38.83999999999651,0.00999999999476131,-10.540000000008149,-0.10000000000582077,15.720000000001164,0.98,0.99,0.985,0.01,0.02,0.015,2796.69,344.57,344.57,2806.69,0.7806166952114756,-0.781312871676726,0.0,0.010000000000000009,0.0,1.01,WAIT,4,"BTC_ABOVE,UP_BOOK"
2026-09-21 18:19:10,1790014749,btc-updown-5m-1790014500,51,86030.98,85992.14,38.83999999999651,0.0,0.00999999999476131,-13.400000000008731,15.720000000001164,0.98,0.99,0.985,0.01,0.02,0.015,3080.06,270.08,158.04,3105.06,0.8387649471365376,-0.9031350556219546,0.0,0.040000000000000036,0.0,1.01,WAIT,4,"BTC_ABOVE,UP_BOOK"
2026-09-21 18:19:12,1790014751,btc-updown-5m-1790014500,49,86030.98,85992.14,38.83999999999651,0.00999999999476131,0.00999999999476131,-13.389999999999418,15.729999999995925,0.99,,,,0.01,,5845.74,0,0,5949.14,1.0,-1.0,,,,,WAIT,4,"BTC_ABOVE,UP_BOOK"
2026-09-21 18:19:14,1790014753,btc-updown-5m-1790014500,47,86030.97,85992.14,38.830000000001746,-0.00999999999476131,0.0,-13.410000000003492,15.710000000006403,0.99,,,,0.01,,7234.64,0,0,7219.64,1.0,-1.0,,,,,WAIT,4,"BTC_ABOVE,UP_BOOK"
2026-09-21 18:19:16,1790014755,btc-updown-5m-1790014500,45,86030.97,85992.14,38.830000000001746,-0.00999999999476131,-0.00999999999476131,-13.410000000003492,15.720000000001164,0.99,,,,0.01,,9369.64,0,0,9404.64,1.0,-1.0,,,,,WAIT,4,"BTC_ABOVE,UP_BOOK"
2026-09-21 18:19:17,1790014757,btc-updown-5m-1790014500,43,86030.98,85992.14,38.83999999999651,0.0,0.00999999999476131,-13.389999999999418,15.729999999995925,0.99,,,,0.01,,11498.84,0,0,11524.810000000001,1.0,-1.0,,,,,WAIT,4,"BTC_ABOVE,UP_BOOK"
2026-09-21 18:19:19,1790014758,btc-updown-5m-1790014500,42,86057.73,85992.14,65.58999999999651,26.75999999999476,26.75999999999476,13.349999999991269,42.470000000001164,0.99,,,,0.01,,35077.48,0,0,35113.48,1.0,-1.0,,,,,WAIT,9,UP_TOO_EXPENSIVE
2026-09-21 18:19:21,1790014760,btc-updown-5m-1790014500,40,86056.34,85992.14,64.19999999999709,25.369999999995343,25.360000000000582,14.830000000001746,41.080000000001746,0.99,,,,0.01,,34283.56,0,0,34333.56,1.0,-1.0,,,,,WAIT,9,UP_TOO_EXPENSIVE
2026-09-21 18:19:23,1790014762,btc-updown-5m-1790014500,38,86056.34,85992.14,64.19999999999709,25.360000000000582,25.360000000000582,14.819999999992433,41.080000000001746,0.99,,,,0.01,,34917.07,0,0,34922.07,1.0,-1.0,,,,,WAIT,9,UP_TOO_EXPENSIVE
2026-09-21 18:19:24,1790014764,btc-updown-5m-1790014500,36,86056.34,85992.14,64.19999999999709,-1.389999999999418,25.360000000000582,25.369999999995343,41.080000000001746,0.99,,,,0.01,,35018.71,0,0,34930.11,1.0,-1.0,,,,,WAIT,8,UP_TOO_EXPENSIVE
2026-09-21 18:19:26,1790014765,btc-updown-5m-1790014500,35,86044.54,85992.14,52.39999999999418,-11.80000000000291,13.559999999997672,13.569999999992433,29.289999999993597,0.99,,,,0.01,,35982.26,0,0,36030.09,1.0,-1.0,,,,,WAIT,4,"BTC_ABOVE,BTC5-,UP_BOOK"
2026-09-21 18:19:28,1790014767,btc-updown-5m-1790014500,33,86045.91,85992.14,53.770000000004075,-10.429999999993015,14.930000000007567,14.940000000002328,30.65000000000873,0.99,,,,0.01,,36249.25,0,0,37045.25,1.0,-1.0,,,,,WAIT,4,"BTC_ABOVE,BTC5-,UP_BOOK"
2026-09-21 18:19:30,1790014769,btc-updown-5m-1790014500,31,86045.92,85992.14,53.779999999998836,-10.419999999998254,14.94999999999709,14.94999999999709,30.660000000003492,0.99,,,,0.01,,37153.29,0,0,36974.69,1.0,-1.0,,,,,WAIT,4,"BTC_ABOVE,BTC5-,UP_BOOK"
2026-09-21 18:19:31,1790014771,btc-updown-5m-1790014500,29,86045.91,85992.14,53.770000000004075,1.3700000000098953,14.940000000002328,14.930000000007567,30.660000000003492,0.99,,,,0.01,,49933.85,0,0,49768.34,1.0,-1.0,,,,,WAIT,5,"BTC_ABOVE,UP_BOOK"
2026-09-21 18:19:33,1790014772,btc-updown-5m-1790014500,28,86045.92,85992.14,53.779999999998836,0.00999999999476131,14.940000000002328,14.94999999999709,30.669999999998254,0.99,,,,0.01,,49982.22,0,0,49969.22,1.0,-1.0,,,,,WAIT,5,"BTC_ABOVE,UP_BOOK"
2026-09-21 18:19:35,1790014774,btc-updown-5m-1790014500,26,86045.91,85992.14,53.770000000004075,-0.00999999999476131,-11.819999999992433,14.930000000007567,30.660000000003492,0.99,,,,0.01,,50434.27,0,0,50474.43,1.0,-1.0,,,,,WAIT,5,"BTC_ABOVE,UP_BOOK"
2026-09-21 18:19:37,1790014776,btc-updown-5m-1790014500,24,86045.91,85992.14,53.770000000004075,0.0,-10.429999999993015,14.940000000002328,14.94999999999709,0.99,,,,0.01,,50467.7,0,0,50527.7,1.0,-1.0,,,,,WAIT,5,"BTC_ABOVE,UP_BOOK"
2026-09-21 18:19:38,1790014778,btc-updown-5m-1790014500,22,86045.91,85992.14,53.770000000004075,-0.00999999999476131,-10.429999999993015,14.930000000007567,14.830000000001746,0.99,,,,0.01,,51587.7,0,0,51587.7,1.0,-1.0,,,,,WAIT,5,"BTC_ABOVE,UP_BOOK"
2026-09-21 18:19:40,1790014779,btc-updown-5m-1790014500,21,86045.91,85992.14,53.770000000004075,0.0,-10.429999999993015,14.930000000007567,1.5299999999988358,0.99,,,,0.01,,51454.53,0,0,51568.53,1.0,-1.0,,,,,WAIT,5,"BTC_ABOVE,UP_BOOK"
2026-09-21 18:19:42,1790014781,btc-updown-5m-1790014500,19,86045.91,85992.14,53.770000000004075,0.0,1.3700000000098953,14.930000000007567,1.540000000008149,0.99,,,,0.01,,51322.840000000004,0,0,51332.840000000004,1.0,-1.0,,,,,WAIT,0,TIME_FILTER
2026-09-21 18:19:44,1790014783,btc-updown-5m-1790014500,17,86045.91,85992.14,53.770000000004075,0.0,0.0,14.940000000002328,1.5299999999988358,0.99,,,,0.01,,51369.83,0,0,51374.83,1.0,-1.0,,,,,WAIT,0,TIME_FILTER
2026-09-21 18:19:45,1790014785,btc-updown-5m-1790014500,15,86053.22,85992.14,61.080000000001746,7.309999999997672,7.30000000000291,22.25,8.839999999996508,0.99,,,,0.01,,51917.840000000004,0,0,51874.08,1.0,-1.0,,,,,WAIT,0,TIME_FILTER
2026-09-21 18:19:47,1790014786,btc-updown-5m-1790014500,14,86064.0,85992.14,71.86000000000058,18.089999999996508,18.089999999996508,33.029999999998836,19.630000000004657,0.99,,,,0.01,,52300.25,0,0,52300.25,1.0,-1.0,,,,,WAIT,0,TIME_FILTER
2026-09-21 18:19:49,1790014788,btc-updown-5m-1790014500,12,86063.99,85992.14,71.85000000000582,18.080000000001746,18.070000000006985,6.260000000009313,19.610000000000582,0.99,,,,0.01,,52850.25,0,0,52850.25,1.0,-1.0,,,,,WAIT,0,TIME_FILTER
2026-09-21 18:19:51,1790014790,btc-updown-5m-1790014500,10,86063.99,85992.14,71.85000000000582,10.770000000004075,18.080000000001746,7.650000000008731,22.480000000010477,0.99,,,,0.01,,52920.299999999996,0,0,52925.299999999996,1.0,-1.0,,,,,WAIT,0,TIME_FILTER
2026-09-21 18:19:53,1790014792,btc-updown-5m-1790014500,8,86064.0,85992.14,71.86000000000058,0.0,18.089999999996508,7.6600000000034925,22.479999999995925,0.99,,,,0.01,,53231.68,0,0,61230.68,1.0,-1.0,,,,,WAIT,0,TIME_FILTER
2026-09-21 18:19:54,1790014794,btc-updown-5m-1790014500,6,86061.23,85992.14,69.08999999999651,-2.7600000000093132,15.319999999992433,4.889999999999418,30.25999999999476,0.99,,,,0.01,,61116.71,0,0,61116.71,1.0,-1.0,,,,,WAIT,0,TIME_FILTER
2026-09-21 18:19:56,1790014795,btc-updown-5m-1790014500,5,86054.62,85992.14,62.479999999995925,-9.370000000009895,8.709999999991851,10.080000000001746,23.64999999999418,0.99,,,,0.01,,61081.71,0,0,61088.71,1.0,-1.0,,,,,WAIT,0,TIME_FILTER
2026-09-21 18:19:58,1790014797,btc-updown-5m-1790014500,3,86054.63,85992.14,62.49000000000524,-9.369999999995343,8.720000000001164,8.720000000001164,23.660000000003492,0.99,,,,0.01,,72630.70999999999,0,0,72623.70999999999,1.0,-1.0,,,,,WAIT,0,TIME_FILTER
2026-09-21 18:20:00,1790014799,btc-updown-5m-1790014500,1,86054.62,85992.14,62.479999999995925,-6.610000000000582,8.709999999991851,8.69999999999709,23.64999999999418,0.99,,,,0.01,,72803.37999999999,0,0,71573.64,1.0,-1.0,,,,,WAIT,0,TIME_FILTER
2026-09-21 18:20:02,1790014801,btc-updown-5m-1790014800,299,86054.62,86054.62,0.0,,,,,0.52,0.53,0.525,0.47,0.48,0.475,3774.81,1651.0,1534.11,3966.81,0.39142727076694545,-0.44223511703496865,,,,1.01,WAIT,0,TIME_FILTER
2026-09-21 18:20:04,1790014803,btc-updown-5m-1790014800,297,86050.38,86054.62,-4.239999999990687,,,,,0.52,0.53,0.525,0.47,0.48,0.475,1940.65,1350.3999999999999,1583.0,1995.15,0.17935005545342678,-0.11518522141330019,,,,1.01,WAIT,0,TIME_FILTER
2026-09-21 18:20:06,1790014805,btc-updown-5m-1790014800,295,86050.38,86054.62,-4.239999999990687,,,,,0.53,0.54,0.535,0.46,0.47,0.46499999999999997,4247.04,1953.33,1426.1,3214.4,0.3699311492701242,-0.38536795603921997,,,,1.01,WAIT,0,TIME_FILTER
2026-09-21 18:20:07,1790014807,btc-updown-5m-1790014800,293,86050.37,86054.62,-4.25,-4.25,,,,0.53,0.54,0.535,0.46,0.47,0.46499999999999997,3010.25,2218.88,603.6,3006.1200000000003,0.1513387504231105,-0.6655696286692597,0.010000000000000009,,,1.01,WAIT,0,TIME_FILTER
2026-09-21 18:20:09,1790014808,btc-updown-5m-1790014800,292,86050.37,86054.62,-4.25,-0.010000000009313226,,,,0.53,0.54,0.535,0.46,0.47,0.46499999999999997,2353.53,2125.67,1184.3899999999999,2630.41,0.050870691194856245,-0.3790552584670232,0.010000000000000009,,,1.01,WAIT,0,TIME_FILTER
2026-09-21 18:20:11,1790014810,btc-updown-5m-1790014800,290,86050.38,86054.62,-4.239999999990687,0.0,,,,0.53,0.54,0.535,0.46,0.47,0.46499999999999997,2739.4900000000002,2592.27,2084.82,2779.57,0.027611895509175255,-0.1428236633986995,0.0,,,1.01,WAIT,0,TIME_FILTER
2026-09-21 18:20:13,1790014812,btc-updown-5m-1790014800,288,86050.38,86054.62,-4.239999999990687,0.010000000009313226,,,,0.53,0.54,0.535,0.46,0.47,0.46499999999999997,3280.7200000000003,1598.0,1106.0,3280.7200000000003,0.34491014036468587,-0.4957508115402853,0.0,,,1.01,WAIT,0,TIME_FILTER
2026-09-21 18:20:15,1790014814,btc-updown-5m-1790014800,286,86050.38,86054.62,-4.239999999990687,0.010000000009313226,,,,0.54,0.55,0.545,0.45,0.46,0.455,3101.25,3456.67,2910.9,3147.1099999999997,-0.0541970624832264,-0.03899135194560583,0.010000000000000009,,,1.01,WAIT,0,TIME_FILTER
2026-09-21 18:20:16,1790014816,btc-updown-5m-1790014800,284,86053.14,86054.62,-1.4799999999959255,2.7599999999947613,-1.4799999999959255,,,0.58,0.6,0.59,0.37,0.38,0.375,2937.22,232.33,2279.63,1371.78,0.8533987474562635,0.24862998129489708,0.05499999999999994,0.06499999999999995,,0.98,WAIT,0,TIME_FILTER
2026-09-21 18:20:18,1790014817,btc-updown-5m-1790014800,283,86054.61,86054.62,-0.00999999999476131,4.2299999999959255,-0.00999999999476131,,,0.6,0.61,0.605,0.39,0.4,0.395,3044.12,1790.9,1792.72,2991.1199999999994,0.25919644592990304,-0.2505100505033612,0.06999999999999995,0.07999999999999996,,1.01,WAIT,0,TIME_FILTER
2026-09-21 18:20:20,1790014819,btc-updown-5m-1790014800,281,86054.62,86054.62,0.0,4.239999999990687,4.239999999990687,,,0.6,0.61,0.605,0.39,0.4,0.395,694.44,4581.18,4551.18,895.38,-0.7367361561295165,0.6712126553273993,0.05999999999999994,0.07999999999999996,,1.01,WAIT,0,TIME_FILTER
2026-09-21 18:20:22,1790014821,btc-updown-5m-1790014800,279,86054.61,86054.62,-0.00999999999476131,1.4700000000011642,4.2299999999959255,,,0.6,0.61,0.605,0.39,0.4,0.395,1935.6699999999998,4481.9,4300.58,2013.1699999999998,-0.3967592094827169,0.36229023955652345,0.015000000000000013,0.06999999999999995,,1.01,WAIT,0,TIME_FILTER
2026-09-21 18:20:24,1790014823,btc-updown-5m-1790014800,277,86058.62,86054.62,4.0,4.009999999994761,8.25,,,0.64,0.65,0.645,0.35,0.36,0.355,1786.95,3974.75,4005.75,1769.95,-0.37971432042626313,0.3871045933826203,0.040000000000000036,0.10999999999999999,,1.01,WAIT,0,TIME_FILTER
2026-09-21 18:20:25,1790014825,btc-updown-5m-1790014800,275,86058.63,86054.62,4.010000000009313,4.010000000009313,8.25,,,0.61,0.62,0.615,0.38,0.39,0.385,1633.6599999999996,5037.51,4988.51,1894.53,-0.5102328377181214,0.4495077756340222,0.010000000000000009,0.07999999999999996,,1.01,WAIT,0,TIME_FILTER
2026-09-21 18:20:27,1790014826,btc-updown-5m-1790014800,274,86064.56,86054.62,9.940000000002328,9.94999999999709,14.179999999993015,,,0.62,0.63,0.625,0.37,0.38,0.375,3244.5200000000004,2385.7400000000002,2499.3,3261.6,0.1525293680931254,-0.13232307451960626,0.020000000000000018,0.08999999999999997,,1.01,WAIT,0,TIME_FILTER
2026-09-21 18:20:29,1790014828,btc-updown-5m-1790014800,272,86064.57,86054.62,9.950000000011642,5.9500000000116415,14.190000000002328,,,0.62,0.63,0.625,0.37,0.38,0.375,1970.1100000000001,3042.42,3118.42,1468.7299999999998,-0.2139259016903639,0.35963288752275385,-0.020000000000000018,0.08999999999999997,,1.01,WAIT,0,TIME_FILTER
2026-09-21 18:20:31,1790014830,btc-updown-5m-1790014800,270,86058.62,86054.62,4.0,-0.010000000009313226,8.239999999990687,,,0.52,0.53,0.525,0.47,0.48,0.475,939.2500000000001,3247.2700000000004,3311.09,1150.2799999999997,-0.5512979754067818,0.4843377706847897,-0.08999999999999997,-0.020000000000000018,,1.01,WAIT,-3,"PM5-,DOWN_BOOK"
2026-09-21 18:20:32,1790014832,btc-updown-5m-1790014800,268,86032.01,86054.62,-22.610000000000582,-32.55000000000291,-22.60000000000582,-22.610000000000582,,0.42,0.43,0.425,0.57,0.58,0.575,4302.44,1095.22,1606.02,4382.44,0.5941871107109375,-0.4636283785814717,-0.2,-0.18,-0.10000000000000003,1.01,DOWN WATCH,-7,"BTC_BELOW,BTC5-,BTC15-,PM5-,PM15-,PM30-,UP_BOOK"
2026-09-21 18:20:34,1790014833,btc-updown-5m-1790014800,267,86032.01,86054.62,-22.610000000000582,-32.560000000012224,-22.60000000000582,-18.370000000009895,,0.44,0.45,0.445,0.55,0.56,0.555,2537.69,1459.22,1546.8400000000001,3205.12,0.26982594053906644,-0.3489675839022213,-0.18,-0.15999999999999998,-0.08000000000000002,1.01,DOWN WATCH,-7,"BTC_BELOW,BTC5-,BTC15-,PM5-,PM15-,PM30-,UP_BOOK"
2026-09-21 18:20:36,1790014835,btc-updown-5m-1790014800,265,86037.33,86054.62,-17.289999999993597,-21.289999999993597,-17.289999999993597,-13.05000000000291,,0.52,0.53,0.525,0.47,0.48,0.475,1752.47,2751.69,2966.32,1164.47,-0.22184380661432987,0.4361998552335026,0.0,-0.07999999999999996,-0.010000000000000009,1.01,WAIT,-4,"BTC5-,PM15-,DOWN_BOOK"
2026-09-21 18:20:38,1790014837,btc-updown-5m-1790014800,263,86037.51,86054.62,-17.110000000000582,5.5,-17.10000000000582,-12.860000000000582,,0.51,0.52,0.515,0.49,0.5,0.495,1307.95,5402.849999999999,3603.9300000000003,2019.41,-0.6101955057519223,0.28177559955471304,0.09000000000000002,-0.08999999999999997,-0.020000000000000018,1.02,WAIT,-3,"PM5+,PM15-,DOWN_BOOK"
2026-09-21 18:20:40,1790014839,btc-updown-5m-1790014800,261,86037.51,86054.62,-17.110000000000582,5.5,-21.110000000000582,-12.860000000000582,,0.5,0.51,0.505,0.49,0.5,0.495,2972.73,3455.9300000000003,3489.65,2972.73,-0.0751634088597002,0.07998910618069505,0.06,-0.14,-0.030000000000000027,1.01,WAIT,-3,"BTC15-,PM5+,PM15-"
2026-09-21 18:20:41,1790014841,btc-updown-5m-1790014800,259,86037.52,86054.62,-17.09999999999127,0.1900000000023283,-27.039999999993597,-12.860000000000582,,0.49,0.5,0.495,0.5,0.51,0.505,3157.6900000000005,2019.42,2071.0,3232.7200000000003,0.21986590974501224,-0.21903871245088358,-0.030000000000000027,-0.13,-0.040000000000000036,1.01,WAIT,-5,"BTC15-,PM5-,PM15-"
2026-09-21 18:20:43,1790014842,btc-updown-5m-1790014800,258,86037.52,86054.62,-17.09999999999127,0.010000000009313226,-27.039999999993597,-12.860000000000582,,0.47,0.48,0.475,0.53,0.54,0.535,1728.43,4534.48,2855.22,1020.4300000000001,-0.44804252336373973,0.47341478203656157,-0.040000000000000036,-0.15000000000000002,-0.06000000000000005,1.02,DOWN WATCH,-7,"BTC15-,PM5-,PM15-,DOWN_BOOK"
2026-09-21 18:20:45,1790014844,btc-updown-5m-1790014800,256,86037.51,86054.62,-17.110000000000582,0.0,-27.060000000012224,-12.870000000009895,,0.43,0.44,0.435,0.56,0.57,0.565,2660.57,1677.62,2197.91,1601.17,0.22658067074056235,0.1570748707581835,-0.07,-0.19,-0.11000000000000004,1.01,DOWN WATCH,-6,"BTC15-,PM5-,PM15-,PM30-"
2026-09-21 18:20:46,1790014846,btc-updown-5m-1790014800,254,86037.51,86054.62,-17.110000000000582,-0.010000000009313226,-21.110000000000582,-15.630000000004657,,0.43,0.44,0.435,0.56,0.57,0.565,1996.36,3032.58,3155.02,1531.58,-0.20605137464356307,0.3464003755387701,-0.06,-0.09000000000000002,-0.15499999999999997,1.01,DOWN WATCH,-7,"BTC15-,PM5-,PM15-,PM30-,DOWN_BOOK"
2026-09-21 18:20:48,1790014847,btc-updown-5m-1790014800,253,86037.51,86054.62,-17.110000000000582,-0.010000000009313226,5.5,-17.10000000000582,,0.42,0.43,0.425,0.57,0.58,0.575,3904.92,2114.65,2107.0699999999997,4242.13,0.2974082866384144,-0.33627228627228634,-0.04999999999999999,0.0,-0.18,1.01,WAIT,0,"PM5-,PM30-,UP_BOOK"
2026-09-21 18:20:50,1790014849,btc-updown-5m-1790014800,251,86037.51,86054.62,-17.110000000000582,0.0,5.5,-17.110000000000582,,0.42,0.43,0.425,0.59,0.6,0.595,1826.8600000000001,2074.38,3719.54,170.32,-0.0634464939352616,0.9124287249412575,-0.010000000000000009,-0.020000000000000018,-0.18,1.03,WAIT,-2,"PM30-,DOWN_BOOK"
2026-09-21 18:20:52,1790014851,btc-updown-5m-1790014800,249,86010.22,86054.62,-44.39999999999418,-27.289999999993597,-27.110000000000582,-44.38999999999942,,0.27,0.28,0.275,0.73,0.74,0.735,1200.0,2410.0,2617.44,540.0,-0.33518005540166207,0.6579507449072667,-0.15999999999999998,-0.25,-0.32999999999999996,1.02,DOWN WATCH,-13,"BTC_BELOW,BTC5-,BTC15-,BTC30-,PM5-,PM15-,PM30-,DOWN_BOOK"
2026-09-21 18:20:54,1790014853,btc-updown-5m-1790014800,247,85994.7,86054.62,-59.919999999998254,-42.80999999999767,-42.80999999999767,-63.919999999998254,,0.23,0.24,0.235,0.76,0.77,0.765,4012.8,2385.13,1188.28,4521.61,0.25440572185066107,-0.5837818241682414,-0.19,-0.28,-0.41000000000000003,1.01,WAIT,-10,DOWN_TOO_EXPENSIVE
2026-09-21 18:20:55,1790014855,btc-updown-5m-1790014800,245,85994.7,86054.62,-59.919999999998254,-42.80999999999767,-42.80999999999767,-63.93000000000757,,0.23,0.24,0.235,0.76,0.77,0.765,3963.06,2099.52,1659.52,3681.46,0.3073839850360737,-0.37857097386621935,-0.19,-0.27,-0.38,1.01,WAIT,-10,DOWN_TOO_EXPENSIVE
2026-09-21 18:20:57,1790014856,btc-updown-5m-1790014800,244,85996.03,86054.62,-58.58999999999651,-14.190000000002328,-41.49000000000524,-68.52999999999884,,0.25,0.26,0.255,0.67,0.68,0.675,4331.25,34.3,414.0,730.63,0.9842860578850315,-0.27662213990547163,-0.020000000000000018,-0.24,-0.37,0.9400000000000001,DOWN WATCH,-9,"BTC_BELOW,BTC5-,BTC15-,BTC30-,PM15-,PM30-,UP_BOOK"
2026-09-21 18:20:59,1790014858,btc-updown-5m-1790014800,242,86012.45,86054.62,-42.169999999998254,17.75,-25.070000000006985,-52.120000000009895,,0.37,0.38,0.375,0.62,0.63,0.625,2788.97,1780.4899999999998,988.97,2991.77,0.22070003895427473,-0.5031225350060542,0.14,-0.09999999999999998,-0.25,1.01,DOWN WATCH,-6,"BTC_BELOW,BTC5+,BTC15-,BTC30-,PM5+,PM15-,PM30-"
2026-09-21 18:21:00,1790014860,btc-updown-5m-1790014800,240,86013.83,86054.62,-40.7899999999936,19.130000000004657,-23.679999999993015,-44.7899999999936,,0.37,0.38,0.375,0.62,0.63,0.625,3265.37,2567.9300000000003,2773.9300000000003,3262.91,0.11956182606757745,-0.08099933077570377,0.14,-0.06,-0.15000000000000002,1.01,DOWN WATCH,-7,"BTC_BELOW,BTC5+,BTC15-,BTC30-,PM5+,PM15-,PM30-"
2026-09-21 18:21:02,1790014861,btc-updown-5m-1790014800,239,86013.83,86054.62,-40.7899999999936,17.80000000000291,-23.679999999993015,-44.7899999999936,-40.7899999999936,0.37,0.38,0.375,0.62,0.63,0.625,2834.91,3562.32,3268.2000000000003,2921.9399999999996,-0.11370702632233019,0.055937345520456844,0.12,-0.06,-0.15000000000000002,1.01,DOWN WATCH,-8,"BTC_BELOW,BTC5+,BTC15-,BTC30-,BTC60-,PM5+,PM15-,PM30-"
2026-09-21 18:21:04,1790014863,btc-updown-5m-1790014800,237,86035.2,86054.62,-19.419999999998254,22.75,-2.3099999999976717,3.1900000000023283,-15.180000000007567,0.37,0.38,0.375,0.59,0.61,0.6,3469.08,187.69,399.09000000000003,2626.97,0.8973465654115517,-0.7362312710256901,0.0,-0.04999999999999999,-0.07,0.99,WAIT,2,"BTC5+,PM30-,UP_BOOK"
2026-09-21 18:21:06,1790014865,btc-updown-5m-1790014800,235,86038.32,86054.62,-16.29999999998836,24.49000000000524,0.8100000000122236,0.9900000000052387,-12.059999999997672,0.48,0.49,0.485,0.51,0.52,0.515,4252.900000000001,1370.3799999999999,1377.7,4104.84,0.5126047431392354,-0.4974227274219614,0.10999999999999999,0.06,-0.040000000000000036,1.01,UP WATCH,6,"BTC5+,PM5+,PM15+,UP_BOOK"
2026-09-21 18:21:08,1790014867,btc-updown-5m-1790014800,233,86041.19,86054.62,-13.429999999993015,27.360000000000582,30.970000000001164,3.680000000007567,-9.179999999993015,0.46,0.47,0.46499999999999997,0.53,0.54,0.535,1895.3,3352.84,1045.62,3048.34,-0.27772506068816766,-0.4891889515285934,0.08999999999999997,0.18999999999999995,-0.050000000000000044,1.01,UP WATCH,6,"BTC5+,BTC15+,PM5+,PM15+"
2026-09-21 18:21:09,1790014869,btc-updown-5m-1790014800,231,86041.19,86054.62,-13.429999999993015,5.990000000005239,46.49000000000524,3.680000000007567,-9.179999999993015,0.46,0.47,0.46499999999999997,0.53,0.54,0.535,2994.46,1697.62,1605.62,3839.3199999999997,0.27638914937511727,-0.41023408889721463,0.08999999999999997,0.22999999999999998,-0.040000000000000036,1.01,UP WATCH,7,"BTC15+,PM5+,PM15+,UP_BOOK"
2026-09-21 18:21:11,1790014870,btc-updown-5m-1790014800,230,86041.18,86054.62,-13.440000000002328,2.85999999998603,46.479999999995925,3.6699999999982538,-9.200000000011642,0.46,0.47,0.46499999999999997,0.53,0.54,0.535,2394.3999999999996,3205.8300000000004,3176.8700000000003,3116.2599999999998,-0.14489226335346955,0.009631137446707851,-0.020000000000000018,0.22999999999999998,-0.040000000000000036,1.01,WAIT,4,"BTC15+,PM15+"
2026-09-21 18:21:13,1790014872,btc-updown-5m-1790014800,228,86041.19,86054.62,-13.429999999993015,0.0,45.16000000000349,3.6699999999982538,-9.190000000002328,0.46,0.47,0.46499999999999997,0.53,0.54,0.535,2999.87,1914.66,2964.96,2324.4,0.22081663963797146,0.12110349834384498,0.0,0.20999999999999996,-0.010000000000000009,1.01,WAIT,4,"BTC15+,PM15+"
2026-09-21 18:21:15,1790014874,btc-updown-5m-1790014800,226,86041.94,86054.62,-12.679999999993015,0.75,29.49000000000524,4.430000000007567,-8.440000000002328,0.5,0.51,0.505,0.5,0.51,0.505,1172.23,5028.5,5576.549999999999,1791.42,-0.621905807864558,0.5137276617575803,0.040000000000000036,0.13,0.07,1.02,WAIT,4,"BTC15+,PM5+,PM15+,PM30+,DOWN_BOOK"
2026-09-21 18:21:16,1790014876,btc-updown-5m-1790014800,224,86041.95,86054.62,-12.669999999998254,0.7700000000040745,28.119999999995343,4.440000000002328,-11.190000000002328,0.49,0.5,0.495,0.5,0.51,0.505,2140.06,4052.83,4052.83,2140.06,-0.30886548929498187,0.30886548929498187,0.030000000000000027,0.12,0.06,1.01,WAIT,3,"BTC15+,PM5+,PM15+,DOWN_BOOK"
2026-09-21 18:21:18,1790014877,btc-updown-5m-1790014800,223,86041.95,86054.62,-12.669999999998254,0.7599999999947613,28.119999999995343,4.440000000002328,-12.660000000003492,0.49,0.5,0.495,0.5,0.51,0.505,751.15,2929.41,216.0,3201.3500000000004,-0.5918284174147411,-0.8735862583580845,0.030000000000000027,0.12,0.07,1.01,UP WATCH,6,"BTC15+,PM5+,PM15+,PM30+"
2026-09-21 18:21:20,1790014879,btc-updown-5m-1790014800,221,86041.99,86054.62,-12.629999999990105,0.05000000000291038,6.790000000008149,4.480000000010477,-12.629999999990105,0.51,0.52,0.515,0.48,0.49,0.485,3338.0699999999997,1359.3,1329.3,3428.0699999999997,0.4212506147056757,-0.4411618183996619,0.010000000000000009,0.14,0.09000000000000002,1.01,WAIT,5,"PM15+,PM30+,UP_BOOK"
2026-09-21 18:21:22,1790014881,btc-updown-5m-1790014800,219,86041.99,86054.62,-12.629999999990105,0.04000000000814907,3.6699999999982538,31.770000000004075,-12.619999999995343,0.49,0.5,0.495,0.5,0.51,0.505,2777.61,2275.9,2005.38,2890.82,0.09927951067673756,-0.180842285854336,0.0,0.010000000000000009,0.21999999999999997,1.01,WAIT,3,"BTC30+,PM30+"
2026-09-21 18:21:23,1790014883,btc-updown-5m-1790014800,217,86044.84,86054.62,-9.779999999998836,2.889999999999418,3.6499999999941792,50.13999999999942,-13.779999999998836,0.49,0.5,0.495,0.5,0.51,0.505,2885.57,1956.9999999999998,2241.7,2352.7999999999997,0.19175148733007483,-0.024181086081184005,0.0,0.030000000000000027,0.26,1.01,WAIT,3,"BTC30+,PM30+"
2026-09-21 18:21:25,1790014884,btc-updown-5m-1790014800,216,86044.85,86054.62,-9.769999999989523,2.860000000000582,3.6600000000034925,50.15000000000873,-13.769999999989523,0.46,0.47,0.46499999999999997,0.53,0.54,0.535,1947.3000000000002,2445.24,2400.24,2949.0200000000004,-0.11336037918835107,-0.10258989093818596,-0.050000000000000044,0.0,0.22999999999999998,1.01,WAIT,2,"BTC30+,PM5-,PM30+"
2026-09-21 18:21:27,1790014886,btc-updown-5m-1790014800,214,86044.84,86054.62,-9.779999999998836,2.849999999991269,3.6600000000034925,48.80999999999767,-19.720000000001164,0.47,0.48,0.475,0.52,0.53,0.525,3090.5200000000004,2423.73,2281.64,3215.5200000000004,0.12092124948995792,-0.16988408560056475,-0.020000000000000018,0.010000000000000009,0.21999999999999997,1.01,WAIT,3,"BTC30+,PM30+"
2026-09-21 18:21:29,1790014888,btc-updown-5m-1790014800,212,86044.84,86054.62,-9.779999999998836,0.0,3.6499999999941792,32.38999999999942,-19.730000000010477,0.48,0.49,0.485,0.5,0.51,0.505,4323.59,926.03,2201.23,3340.92,0.6472011307485114,-0.20564041031007824,-0.010000000000000009,0.020000000000000018,0.10999999999999999,1.0,WAIT,4,"BTC30+,PM30+,UP_BOOK"
2026-09-21 18:21:30,1790014890,btc-updown-5m-1790014800,210,86053.1,86054.62,-1.5199999999895226,8.25,11.160000000003492,39.270000000004075,-5.519999999989523,0.58,0.59,0.585,0.43,0.44,0.435,415.0,3846.2799999999997,2516.67,224.0,-0.8052228438403485,0.8365363214104581,0.12,0.07999999999999996,0.20999999999999996,1.03,WAIT,4,"BTC30+,PM5+,PM15+,PM30+,DOWN_BOOK"
2026-09-21 18:21:32,1790014891,btc-updown-5m-1790014800,209,86052.59,86054.62,-2.029999999998836,7.75,10.639999999999418,38.75999999999476,-6.029999999998836,0.47,0.48,0.475,0.52,0.53,0.525,3126.6399999999994,1841.14,1682.67,3353.3299999999995,0.25876749775553654,-0.3317434471803017,0.0,-0.020000000000000018,0.09999999999999998,1.01,WAIT,5,"BTC30+,PM30+,UP_BOOK"
2026-09-21 18:21:34,1790014893,btc-updown-5m-1790014800,207,86050.35,86054.62,-4.269999999989523,5.510000000009313,8.400000000008731,15.150000000008731,18.34000000001106,0.47,0.48,0.475,0.52,0.53,0.525,3266.6799999999994,2178.69,274.0,4559.389999999999,0.19980093180077746,-0.886622018914261,-0.010000000000000009,-0.020000000000000018,0.09999999999999998,1.01,WAIT,2,PM30+
2026-09-21 18:21:35,1790014895,btc-updown-5m-1790014800,205,86050.34,86054.62,-4.279999999998836,-2.7600000000093132,8.349999999991269,12.019999999989523,13.009999999994761,0.47,0.48,0.475,0.52,0.53,0.525,3058.53,3225.09,3230.09,3208.53,-0.02650701347312535,0.0033485436320205174,-0.10999999999999999,-0.040000000000000036,-0.010000000000000009,1.01,WAIT,-1,PM5-
2026-09-21 18:21:37,1790014896,btc-updown-5m-1790014800,204,86044.28,86054.62,-10.339999999996508,-8.309999999997672,2.289999999993597,5.959999999991851,6.94999999999709,0.45,0.46,0.455,0.54,0.55,0.545,1879.0300000000002,2769.05,2714.05,3184.75,-0.1914812137484725,-0.07979589068963176,-0.019999999999999962,-0.03999999999999998,-0.02999999999999997,1.01,WAIT,0,
2026-09-21 18:21:39,1790014898,btc-updown-5m-1790014800,202,86044.29,86054.62,-10.330000000001746,-6.060000000012224,-0.5500000000029104,3.099999999991269,6.779999999998836,0.48,0.49,0.485,0.51,0.52,0.515,4233.38,1044.09,1361.46,4090.38,0.6043217678167758,-0.5005502729353759,0.010000000000000009,-0.010000000000000009,0.020000000000000018,1.01,WAIT,2,UP_BOOK
2026-09-21 18:21:41,1790014900,btc-updown-5m-1790014800,200,86044.28,86054.62,-10.339999999996508,-6.059999999997672,-0.5700000000069849,3.1000000000058208,6.7700000000040745,0.46,0.47,0.46499999999999997,0.53,0.54,0.535,1791.72,3479.2599999999998,2862.43,3849.1,-0.32015678298912154,-0.1470111882089479,-0.010000000000000009,0.0,0.0,1.01,WAIT,-1,
2026-09-21 18:21:43,1790014902,btc-updown-5m-1790014800,198,86044.28,86054.62,-10.339999999996508,0.0,-0.5599999999976717,3.0899999999965075,6.759999999994761,0.47,0.48,0.475,0.52,0.53,0.525,2140.7200000000003,2454.5899999999997,2569.5899999999997,1596.02,-0.06830224729125989,0.23371607039545222,0.019999999999999962,0.0,0.010000000000000009,1.01,WAIT,0,
2026-09-21 18:21:44,1790014904,btc-updown-5m-1790014800,196,86044.28,86054.62,-10.339999999996508,-0.00999999999476131,-0.5599999999976717,2.3399999999965075,6.7700000000040745,0.44,0.45,0.445,0.55,0.56,0.555,1807.0,3200.85,2985.76,4115.99,-0.278333017163054,-0.1591480972999612,-0.03999999999999998,-0.03999999999999998,-0.06,1.01,WAIT,-2,PM5-
2026-09-21 18:21:46,1790014905,btc-updown-5m-1790014800,195,86044.28,86054.62,-10.339999999996508,0.0,-8.820000000006985,2.3399999999965075,6.7700000000040745,0.44,0.45,0.445,0.55,0.56,0.555,3958.9799999999996,1268.72,1363.87,5113.57,0.5146163704879774,-0.5788861031518625,-0.019999999999999962,-0.13999999999999996,-0.06,1.01,WAIT,0,"PM15-,UP_BOOK"
2026-09-21 18:21:48,1790014907,btc-updown-5m-1790014800,193,86041.96,86054.62,-12.65999999998894,-2.319999999992433,-10.629999999990105,0.010000000009313226,4.4500000000116415,0.4,0.41,0.405,0.59,0.6,0.595,1319.52,758.89,2450.8900000000003,2179.52,0.269739849211657,0.05860604136566748,-0.06999999999999995,-0.06999999999999995,-0.08999999999999997,1.01,WAIT,-3,"PM5-,PM15-,PM30-,UP_BOOK"
2026-09-21 18:21:50,1790014909,btc-updown-5m-1790014800,191,86041.51,86054.62,-13.110000000000582,-2.7700000000040745,-8.84000000001106,-0.4800000000104774,4.0,0.43,0.44,0.435,0.56,0.57,0.565,4166.1,1309.74,1677.01,4157.1,0.5216295582047686,-0.425101686461174,-0.010000000000000009,-0.03999999999999998,-0.08000000000000002,1.01,WAIT,1,"PM30-,UP_BOOK"
2026-09-21 18:21:51,1790014911,btc-updown-5m-1790014800,189,86041.52,86054.62,-13.099999999991269,-2.7599999999947613,-2.7599999999947613,-0.47000000000116415,31.30000000000291,0.43,0.44,0.435,0.56,0.57,0.565,5241.93,1440.26,1440.26,5201.93,0.5689257563762778,-0.566329779786486,-0.010000000000000009,-0.020000000000000018,-0.06,1.01,WAIT,2,UP_BOOK
2026-09-21 18:21:53,1790014912,btc-updown-5m-1790014800,188,86041.52,86054.62,-13.099999999991269,-0.4400000000023283,-2.7599999999947613,-0.47000000000116415,31.30000000000291,0.43,0.44,0.435,0.56,0.57,0.565,5136.93,602.9000000000001,726.9000000000001,5161.93,0.7899240918285038,-0.753125833145124,0.02999999999999997,-0.020000000000000018,-0.06,1.01,WAIT,2,UP_BOOK
2026-09-21 18:21:55,1790014914,btc-updown-5m-1790014800,186,86041.52,86054.62,-13.099999999991269,0.010000000009313226,-2.7699999999895226,-3.3300000000017462,46.820000000006985,0.43,0.44,0.435,0.56,0.57,0.565,5038.93,1300.9,1309.21,5038.93,0.589610446967821,-0.5875295755922207,0.0,-0.04999999999999999,-0.02999999999999997,1.01,WAIT,3,"BTC60+,UP_BOOK"
2026-09-21 18:21:57,1790014916,btc-updown-5m-1790014800,184,86041.52,86054.62,-13.099999999991269,0.0,-2.7599999999947613,-3.319999999992433,45.49000000000524,0.43,0.44,0.435,0.56,0.57,0.565,4641.13,1818.7599999999998,2248.02,4659.2,0.43690682039477463,-0.34908110643645346,0.0,-0.02999999999999997,-0.03999999999999998,1.01,WAIT,3,"BTC60+,UP_BOOK"
2026-09-21 18:21:58,1790014918,btc-updown-5m-1790014800,182,86041.51,86054.62,-13.110000000000582,-0.010000000009313226,-2.7700000000040745,-3.3300000000017462,29.05999999999767,0.43,0.44,0.435,0.56,0.57,0.565,4938.8,1848.13,1691.3300000000002,4992.53,0.45538557197436835,-0.49390621586927314,0.0,-0.03999999999999998,-0.04999999999999999,1.01,WAIT,2,UP_BOOK
2026-09-21 18:22:00,1790014919,btc-updown-5m-1790014800,181,86041.51,86054.62,-13.110000000000582,-0.010000000009313226,-2.7700000000040745,-3.3300000000017462,29.05999999999767,0.41,0.42,0.415,0.59,0.6,0.595,2701.53,2955.66,3462.27,2661.7,-0.044921595350341716,0.13072728965034125,-0.020000000000000018,-0.030000000000000027,-0.07,1.02,WAIT,-1,PM30-
2026-09-21 18:22:02,1790014921,btc-updown-5m-1790014800,179,86041.51,86054.62,-13.110000000000582,-0.010000000009313226,-2.7700000000040745,-11.080000000001746,27.679999999993015,0.4,0.41,0.405,0.6,0.61,0.605,3113.7,1955.26,3268.94,1768.52,0.2285360310596256,0.29785248915127865,-0.02999999999999997,-0.03999999999999998,-0.06999999999999995,1.02,WAIT,-1,DOWN_BOOK
2026-09-21 18:22:04,1790014923,btc-updown-5m-1790014800,177,86033.17,86054.62,-21.44999999999709,-8.339999999996508,-8.790000000008149,-17.180000000007567,-2.029999999998836,0.34,0.35,0.345,0.65,0.66,0.655,1645.87,2309.88,2381.88,2473.9300000000003,-0.16785944511154655,-0.018956672522195097,-0.09000000000000002,-0.06000000000000005,-0.13,1.01,DOWN WATCH,-6,"BTC_BELOW,PM5-,PM15-,PM30-"
2026-09-21 18:22:06,1790014925,btc-updown-5m-1790014800,175,86029.24,86054.62,-25.379999999990105,-12.269999999989523,-12.269999999989523,-21.09999999999127,-9.080000000001746,0.36,0.37,0.365,0.63,0.64,0.635,3816.4,2279.49,2358.83,3826.4,0.25212233160375275,-0.2372700772647097,-0.04999999999999999,-0.07,-0.10999999999999999,1.01,DOWN WATCH,-6,"BTC_BELOW,BTC5-,PM5-,PM15-,PM30-,UP_BOOK"
2026-09-21 18:22:08,1790014927,btc-updown-5m-1790014800,173,86029.24,86054.62,-25.379999999990105,-12.269999999989523,-12.279999999998836,-15.039999999993597,-11.94999999999709,0.36,0.37,0.365,0.63,0.64,0.635,4800.7,1767.7399999999998,1832.08,4713.07,0.46174738598510456,-0.4401717302124474,-0.040000000000000036,-0.07,-0.09000000000000002,1.01,WAIT,-5,"BTC_BELOW,BTC5-,PM5-,PM15-,PM30-,UP_BOOK"
2026-09-21 18:22:09,1790014929,btc-updown-5m-1790014800,171,86029.24,86054.62,-25.379999999990105,-3.929999999993015,-12.279999999998836,-15.049999999988358,-11.94999999999709,0.37,0.38,0.375,0.62,0.63,0.625,2628.7200000000003,1959.1399999999999,2421.38,2827.48,0.1459460402017499,-0.07736918111742357,0.030000000000000027,-0.06,-0.10999999999999999,1.01,WAIT,-4,"BTC_BELOW,PM5+,PM15-,PM30-"
2026-09-21 18:22:11,1790014930,btc-updown-5m-1790014800,170,86029.23,86054.62,-25.389999999999418,-0.010000000009313226,-12.290000000008149,-15.05000000000291,-11.94999999999709,0.37,0.38,0.375,0.62,0.63,0.625,3299.19,2702.02,2712.02,3294.19,0.09950826583305701,-0.0969280128400439,0.010000000000000009,-0.06,-0.08999999999999997,1.01,WAIT,-5,"BTC_BELOW,PM15-,PM30-"
2026-09-21 18:22:13,1790014932,btc-updown-5m-1790014800,168,86029.24,86054.62,-25.379999999990105,0.0,-12.279999999998836,-15.039999999993597,-11.94999999999709,0.42,0.43,0.425,0.56,0.57,0.565,2603.27,893.2599999999999,2158.06,2371.18,0.4890591529316209,-0.04705425192747567,0.06,-0.010000000000000009,-0.04999999999999999,1.0,WAIT,0,"BTC_BELOW,PM5+,UP_BOOK"
2026-09-21 18:22:15,1790014934,btc-updown-5m-1790014800,166,86029.24,86054.62,-25.379999999990105,0.0,-12.269999999989523,-15.039999999993597,-12.69999999999709,0.42,0.43,0.425,0.57,0.58,0.575,1373.88,1705.6599999999999,3006.0099999999998,1289.88,-0.10773686979224162,0.399481830307573,0.04999999999999999,0.010000000000000009,-0.020000000000000018,1.01,WAIT,-2,"BTC_BELOW,PM5+,DOWN_BOOK"
2026-09-21 18:22:16,1790014936,btc-updown-5m-1790014800,164,86029.24,86054.62,-25.379999999990105,0.010000000009313226,-12.269999999989523,-15.039999999993597,-12.709999999991851,0.42,0.43,0.425,0.57,0.58,0.575,1324.8600000000001,2539.3999999999996,3183.7,1324.8600000000001,-0.3143007975653811,0.41229128590946995,0.04999999999999999,0.019999999999999962,-0.020000000000000018,1.01,WAIT,-3,"BTC_BELOW,PM5+,DOWN_BOOK"
2026-09-21 18:22:18,1790014937,btc-updown-5m-1790014800,163,86018.74,86054.62,-35.879999999990105,-10.5,-22.769999999989523,-23.220000000001164,-23.20999999999185,0.29,0.3,0.295,0.7,0.71,0.705,211.23,1240.1,543.0,2700.47,-0.7089152708205576,-0.665173409959087,-0.13,-0.11000000000000004,-0.11000000000000004,1.01,DOWN WATCH,-9,"BTC_BELOW,BTC5-,BTC15-,PM5-,PM15-,PM30-"
2026-09-21 18:22:20,1790014939,btc-updown-5m-1790014800,161,86018.75,86054.62,-35.86999999999534,-10.490000000005239,-14.419999999998254,-22.75999999999476,-23.24000000000524,0.3,0.31,0.305,0.69,0.7,0.695,3615.0400000000004,1740.99,2421.7999999999997,3620.0400000000004,0.34989535159437124,-0.19832368947208145,-0.12,-0.03999999999999998,-0.13,1.01,WAIT,-4,"BTC_BELOW,BTC5-,PM5-,PM30-,UP_BOOK"
2026-09-21 18:22:22,1790014941,btc-updown-5m-1790014800,159,86011.45,86054.62,-43.169999999998254,-17.79000000000815,-17.79000000000815,-30.070000000006985,-30.54000000000815,0.22,0.23,0.225,0.78,0.8,0.79,296.6,2852.96,3423.96,606.3299999999999,-0.8116562313466008,0.6991134632991671,-0.19999999999999998,-0.13999999999999999,-0.21,1.03,WAIT,-11,DOWN_TOO_EXPENSIVE
2026-09-21 18:22:24,1790014943,btc-updown-5m-1790014800,157,86005.37,86054.62,-49.25,-13.370000000009895,-23.870000000009895,-36.15000000000873,-39.470000000001164,0.22,0.23,0.225,0.77,0.78,0.775,2382.94,2101.96,2419.0699999999997,1654.2099999999998,0.06265022631496801,0.18777496268363578,-0.06999999999999998,-0.13999999999999999,-0.21,1.01,WAIT,-11,DOWN_TOO_EXPENSIVE
2026-09-21 18:22:25,1790014945,btc-updown-5m-1790014800,155,86010.34,86054.62,-44.279999999998836,-8.410000000003492,-18.889999999999418,-31.180000000007567,-34.51000000000931,0.3,0.31,0.305,0.69,0.7,0.695,2801.0,543.17,808.02,2911.9399999999996,0.6751540741050843,-0.5655759739352035,0.0,-0.07,-0.13,1.01,WAIT,-5,"BTC_BELOW,BTC30-,PM15-,PM30-,UP_BOOK"
2026-09-21 18:22:27,1790014946,btc-updown-5m-1790014800,154,86011.72,86054.62,-42.89999999999418,0.27000000000407454,-17.50999999999476,-29.80000000000291,-33.11999999999534,0.24,0.25,0.245,0.75,0.76,0.755,4296.37,1459.0,924.67,4515.889999999999,0.4929952374912473,-0.6600827855956004,0.01999999999999999,-0.13,-0.19,1.01,WAIT,-3,"BTC_BELOW,PM15-,PM30-,UP_BOOK"
2026-09-21 18:22:29,1790014948,btc-updown-5m-1790014800,152,86018.74,86054.62,-35.879999999990105,13.370000000009895,-10.5,-22.769999999989523,-26.09999999999127,0.36,0.37,0.365,0.63,0.64,0.635,2346.2,2050.5899999999997,2222.5899999999997,2279.2,0.06723314054116758,-0.012574997945261804,0.13999999999999999,-0.06,-0.07,1.01,WAIT,-3,"BTC_BELOW,BTC5+,PM5+,PM15-,PM30-"
2026-09-21 18:22:31,1790014950,btc-updown-5m-1790014800,150,86018.75,86054.62,-35.86999999999534,8.410000000003492,-10.490000000005239,-22.75999999999476,-34.35000000000582,0.34,0.35,0.345,0.65,0.66,0.655,1474.65,3410.0200000000004,3380.0200000000004,2555.9700000000003,-0.396213050216289,0.13882267321878913,0.03999999999999998,-0.08000000000000002,-0.07,1.01,WAIT,-5,"BTC_BELOW,PM5+,PM15-,PM30-"
2026-09-21 18:22:32,1790014952,btc-updown-5m-1790014800,148,86021.44,86054.62,-33.179999999993015,9.720000000001164,2.6999999999970896,-20.069999999992433,-31.14999999999418,0.36,0.37,0.365,0.63,0.64,0.635,2641.55,3204.25,3217.37,2421.12,-0.09625714187964005,0.1412168860812026,0.12,0.07,-0.040000000000000036,1.01,WAIT,1,"BTC_BELOW,PM5+,PM15+"
2026-09-21 18:22:34,1790014953,btc-updown-5m-1790014800,147,86026.07,86054.62,-28.54999999998836,7.330000000001746,7.330000000001746,-7.099999999991269,-24.279999999998836,0.4,0.41,0.405,0.6,0.61,0.605,575.26,3084.29,2127.7,1142.3999999999999,-0.6856116189148938,0.30130577046573503,0.040000000000000036,0.11000000000000004,0.06000000000000005,1.02,WAIT,-1,"BTC_BELOW,PM5+,PM15+,DOWN_BOOK"
2026-09-21 18:22:36,1790014955,btc-updown-5m-1790014800,145,86026.07,86054.62,-28.54999999998836,7.320000000006985,7.320000000006985,-3.1699999999982538,-24.269999999989523,0.38,0.39,0.385,0.61,0.62,0.615,1617.7,3826.87,2899.4300000000003,1889.08,-0.40575656112420266,0.21099465178103424,0.040000000000000036,0.08000000000000002,0.020000000000000018,1.01,WAIT,0,"BTC_BELOW,PM5+,PM15+"
2026-09-21 18:22:38,1790014957,btc-updown-5m-1790014800,143,86026.07,86054.62,-28.54999999998836,4.630000000004657,14.620000000009895,-3.1699999999982538,-18.20999999999185,0.39,0.4,0.395,0.61,0.62,0.615,2640.25,1204.0,1395.81,1653.33,0.3736099369187748,-0.08445660087762451,0.030000000000000027,0.17,0.030000000000000027,1.02,WAIT,2,"BTC_BELOW,PM5+,PM15+,UP_BOOK"
2026-09-21 18:22:40,1790014959,btc-updown-5m-1790014800,141,86026.07,86054.62,-28.54999999998836,0.0,20.70000000001164,-3.1699999999982538,-18.219999999986612,0.36,0.37,0.365,0.63,0.64,0.635,3756.32,1243.0,1007.0,4243.07,0.502732371602538,-0.6163860672333893,-0.040000000000000036,0.13999999999999999,-0.010000000000000009,1.01,WAIT,3,"BTC_BELOW,BTC15+,PM5-,PM15+,UP_BOOK"
2026-09-21 18:22:41,1790014961,btc-updown-5m-1790014800,139,86026.07,86054.62,-28.54999999998836,0.0,14.35000000000582,-3.1599999999889405,-18.20999999999185,0.36,0.37,0.365,0.63,0.64,0.635,3632.6400000000003,1607.67,1697.67,3506.9300000000003,0.3864217956571272,-0.34762709910463824,-0.020000000000000018,0.12,-0.010000000000000009,1.01,WAIT,2,"BTC_BELOW,PM15+,UP_BOOK"
2026-09-21 18:22:43,1790014962,btc-updown-5m-1790014800,138,86026.07,86054.62,-28.54999999998836,0.0,14.35000000000582,-3.1699999999982538,-18.20999999999185,0.35,0.36,0.355,0.64,0.65,0.645,2775.0499999999997,1737.4,1768.73,3399.5499999999997,0.22995268645635955,-0.31554404947100384,-0.040000000000000036,0.10999999999999999,-0.07,1.01,WAIT,-1,"BTC_BELOW,PM5-,PM15+,PM30-"
2026-09-21 18:22:45,1790014964,btc-updown-5m-1790014800,136,86026.07,86054.62,-28.54999999998836,0.0,7.330000000001746,-3.1699999999982538,-18.20999999999185,0.35,0.36,0.355,0.64,0.65,0.645,2858.9,1743.5800000000002,2326.1000000000004,2466.38,0.24233022196728715,-0.029270857677027286,-0.010000000000000009,-0.010000000000000009,-0.07,1.01,WAIT,-3,"BTC_BELOW,PM30-"
2026-09-21 18:22:47,1790014966,btc-updown-5m-1790014800,134,86028.85,86054.62,-25.769999999989523,2.779999999998836,10.10000000000582,-0.3899999999994179,-15.429999999993015,0.34,0.35,0.345,0.65,0.66,0.655,1410.52,2689.87,2694.87,2193.52,-0.3120069066600982,0.102559329349745,-0.020000000000000018,0.0,-0.08000000000000002,1.01,WAIT,-4,"BTC_BELOW,PM30-"
2026-09-21 18:22:48,1790014968,btc-updown-5m-1790014800,132,86028.85,86054.62,-25.769999999989523,2.779999999998836,2.779999999998836,10.110000000000582,-13.110000000000582,0.34,0.35,0.345,0.65,0.66,0.655,2193.52,2228.4900000000002,2223.4900000000002,2818.4700000000003,-0.007908168457330547,-0.11800569619751047,-0.010000000000000009,-0.06000000000000005,0.04999999999999999,1.01,WAIT,-4,"BTC_BELOW,PM15-"
2026-09-21 18:22:50,1790014969,btc-updown-5m-1790014800,131,86028.85,86054.62,-25.769999999989523,2.779999999998836,2.779999999998836,10.10000000000582,-12.65999999998894,0.32,0.33,0.325,0.67,0.68,0.675,877.0,2499.69,2651.69,1200.0,-0.48055640286789725,0.3768968946098985,-0.02999999999999997,-0.08000000000000002,0.020000000000000018,1.01,DOWN WATCH,-6,"BTC_BELOW,PM15-,DOWN_BOOK"
2026-09-21 18:22:52,1790014971,btc-updown-5m-1790014800,129,86028.85,86054.62,-25.769999999989523,0.0,2.779999999998836,17.40000000000873,-12.669999999998254,0.33,0.34,0.335,0.66,0.67,0.665,1656.35,2028.2399999999998,1555.5400000000002,2601.29,-0.1009311755174931,-0.25157391570018495,-0.009999999999999953,-0.04999999999999999,0.11000000000000001,1.01,WAIT,0,"BTC_BELOW,PM30+"
2026-09-21 18:22:54,1790014973,btc-updown-5m-1790014800,127,86028.85,86054.62,-25.769999999989523,0.0,2.779999999998836,23.480000000010477,-12.669999999998254,0.33,0.34,0.335,0.66,0.67,0.665,2372.0299999999997,1646.5100000000002,1656.5100000000002,3018.03,0.1805431823498085,-0.2912628836206343,-0.009999999999999953,-0.06,0.11000000000000001,1.01,WAIT,-2,"BTC_BELOW,PM15-,PM30+"
2026-09-21 18:22:56,1790014975,btc-updown-5m-1790014800,125,86028.84,86054.62,-25.779999999998836,-0.010000000009313226,2.7699999999895226,18.5,-12.680000000007567,0.32,0.33,0.325,0.67,0.68,0.675,1911.0,2740.5600000000004,2800.5600000000004,2879.0,-0.17834016974950345,-0.0138109290156279,0.0,-0.03999999999999998,0.020000000000000018,1.01,WAIT,-2,BTC_BELOW
2026-09-21 18:22:57,1790014977,btc-updown-5m-1790014800,123,86028.84,86054.62,-25.779999999998836,-0.010000000009313226,2.7699999999895226,17.119999999995343,-12.680000000007567,0.32,0.33,0.325,0.67,0.68,0.675,854.14,4108.320000000001,4213.320000000001,1541.0,-0.6557594418897079,0.46440239680796347,-0.010000000000000009,-0.02999999999999997,0.08000000000000002,1.01,WAIT,-3,"BTC_BELOW,PM30+,DOWN_BOOK"
2026-09-21 18:22:59,1790014978,btc-updown-5m-1790014800,122,86028.85,86054.62,-25.769999999989523,0.0,2.779999999998836,10.110000000000582,-12.65999999998894,0.31,0.32,0.315,0.67,0.68,0.675,3286.8599999999997,1702.77,1913.25,2697.74,0.31747644614931364,-0.17013483004734337,-0.020000000000000018,-0.03999999999999998,-0.04999999999999999,1.0,WAIT,-1,"BTC_BELOW,UP_BOOK"
2026-09-21 18:23:01,1790014980,btc-updown-5m-1790014800,120,86028.85,86054.62,-25.769999999989523,0.010000000009313226,2.779999999998836,10.10000000000582,-12.65999999998894,0.35,0.36,0.355,0.64,0.65,0.645,1797.88,1559.22,1596.4299999999998,1891.38,0.07109112031217421,-0.08456595972831096,0.02999999999999997,0.0,0.010000000000000009,1.01,WAIT,-2,BTC_BELOW
2026-09-21 18:23:03,1790014982,btc-updown-5m-1790014800,118,86028.85,86054.62,-25.769999999989523,0.010000000009313226,0.0,7.4100000000034925,-12.65999999998894,0.34,0.35,0.345,0.64,0.65,0.645,1768.31,1126.8600000000001,1474.1299999999999,1458.63,0.22155866494886303,0.005285123910582445,0.019999999999999962,0.0,-0.020000000000000018,1.0,WAIT,-2,BTC_BELOW
2026-09-21 18:23:05,1790014984,btc-updown-5m-1790014800,116,86029.23,86054.62,-25.389999999999418,0.3799999999901047,0.3799999999901047,3.1599999999889405,-3.9400000000023283,0.36,0.37,0.365,0.63,0.64,0.635,2346.75,1342.0,1397.0,2333.75,0.27238224330735344,-0.25108892313877906,0.04999999999999999,0.03999999999999998,-0.040000000000000036,1.01,WAIT,1,"BTC_BELOW,PM5+,UP_BOOK"
2026-09-21 18:23:06,1790014986,btc-updown-5m-1790014800,114,86029.24,86054.62,-25.379999999990105,0.3899999999994179,0.3899999999994179,3.1699999999982538,0.0,0.37,0.38,0.375,0.52,0.59,0.5549999999999999,3470.17,646.51,364.0,1552.3200000000002,0.6859070901794649,-0.62010520163647,0.020000000000000018,0.03999999999999998,-0.010000000000000009,0.97,WAIT,0,"BTC_BELOW,UP_BOOK"
2026-09-21 18:23:08,1790014987,btc-updown-5m-1790014800,113,86041.17,86054.62,-13.44999999999709,12.319999999992433,12.319999999992433,15.099999999991269,11.929999999993015,0.48,0.49,0.485,0.51,0.52,0.515,1070.1,2434.7699999999995,1426.0,1130.57,-0.3893639421718922,0.11555717230508067,0.14,0.14999999999999997,0.08999999999999997,1.01,WAIT,4,"BTC5+,PM5+,PM15+,PM30+"
2026-09-21 18:23:10,1790014989,btc-updown-5m-1790014800,111,86046.07,86054.62,-8.549999999988358,16.84000000001106,17.220000000001164,20.0,16.830000000001746,0.49,0.5,0.495,0.5,0.51,0.505,1612.03,1128.05,260.9,4073.56,0.176629879419579,-0.8796159152466512,0.13,0.15999999999999998,0.13,1.01,UP WATCH,6,"BTC5+,PM5+,PM15+,PM30+"
2026-09-21 18:23:12,1790014991,btc-updown-5m-1790014800,109,86046.08,86054.62,-8.539999999993597,16.839999999996508,17.24000000000524,20.00999999999476,16.85000000000582,0.51,0.52,0.515,0.48,0.49,0.485,2428.8599999999997,865.4,1259.69,728.55,0.47460127615913733,0.2671407878324549,0.14,0.19,0.15000000000000002,1.01,WAIT,5,"BTC5+,PM5+,PM15+,PM30+,UP_BOOK,DOWN_BOOK"
2026-09-21 18:23:13,1790014993,btc-updown-5m-1790014800,107,86046.08,86054.62,-8.539999999993597,4.9100000000034925,17.229999999995925,20.00999999999476,16.839999999996508,0.45,0.46,0.455,0.54,0.55,0.545,1148.16,1946.9299999999998,2046.9299999999998,1519.85,-0.25807650181416364,0.14777474360627793,-0.02999999999999997,0.14,0.10000000000000003,1.01,WAIT,2,"PM15+,PM30+"
2026-09-21 18:23:15,1790014994,btc-updown-5m-1790014800,106,86046.08,86054.62,-8.539999999993597,0.00999999999476131,17.229999999995925,20.00999999999476,16.839999999996508,0.45,0.46,0.455,0.54,0.55,0.545,1298.6100000000001,1704.6999999999998,1684.6999999999998,1731.6100000000001,-0.13521414705774618,-0.01373118949978202,-0.03999999999999998,0.14,0.10000000000000003,1.01,WAIT,2,"PM5-,PM15+,PM30+"
2026-09-21 18:23:17,1790014996,btc-updown-5m-1790014800,104,86046.08,86054.62,-8.539999999993597,0.0,17.229999999995925,17.229999999995925,16.839999999996508,0.45,0.46,0.455,0.55,0.56,0.555,888.0,1993.12,1684.98,2329.71,-0.38357305492308547,-0.16059272322396,-0.06,0.10000000000000003,0.11000000000000004,1.02,WAIT,1,"PM5-,PM15+,PM30+"
2026-09-21 18:23:19,1790014998,btc-updown-5m-1790014800,102,86046.07,86054.62,-8.549999999988358,-0.00999999999476131,17.220000000001164,17.220000000001164,27.330000000001746,0.44,0.45,0.445,0.55,0.57,0.56,854.56,1201.16,1646.1399999999999,146.71,-0.16860272799797643,0.8363387901943832,-0.010000000000000009,0.10000000000000003,0.10000000000000003,1.02,WAIT,2,"PM15+,PM30+,DOWN_BOOK"
2026-09-21 18:23:20,1790015000,btc-updown-5m-1790014800,100,86041.51,86054.62,-13.110000000000582,-4.570000000006985,12.279999999998836,12.65999999998894,22.75999999999476,0.37,0.38,0.375,0.64,0.65,0.645,516.8199999999999,1036.8,2135.7200000000003,574.24,-0.33468930626536736,0.5762003867215754,-0.08000000000000002,0.010000000000000009,0.04999999999999999,1.03,WAIT,-3,"PM5-,DOWN_BOOK"
2026-09-21 18:23:22,1790015001,btc-updown-5m-1790014800,99,86041.52,86054.62,-13.099999999991269,-4.559999999997672,12.279999999998836,12.669999999998254,30.070000000006985,0.34,0.35,0.345,0.65,0.66,0.655,723.7099999999999,1986.9099999999999,1367.85,1550.74,-0.46601884439722274,-0.06266382054348164,-0.11000000000000004,-0.030000000000000027,0.009999999999999953,1.01,WAIT,-2,PM5-
2026-09-21 18:23:24,1790015003,btc-updown-5m-1790014800,97,86041.51,86054.62,-13.110000000000582,-4.560000000012224,0.33999999999650754,12.65999999998894,36.13999999999942,0.37,0.38,0.375,0.62,0.63,0.625,3271.12,893.86,928.86,3361.12,0.5707734490921925,-0.5669630161445974,-0.07,-0.10999999999999999,0.03999999999999998,1.01,WAIT,-1,"PM5-,PM15-,UP_BOOK"
2026-09-21 18:23:26,1790015005,btc-updown-5m-1790014800,95,86041.51,86054.62,-13.110000000000582,0.0,-4.560000000012224,12.669999999998254,31.169999999998254,0.35,0.36,0.355,0.64,0.65,0.645,2131.84,2048.62,558.59,3927.1099999999997,0.019906900197585974,-0.7509463405934413,-0.020000000000000018,-0.14,0.02999999999999997,1.01,WAIT,-1,PM15-
2026-09-21 18:23:28,1790015007,btc-updown-5m-1790014800,93,86041.51,86054.62,-13.110000000000582,-0.010000000009313226,-4.570000000006985,12.669999999998254,29.789999999993597,0.38,0.39,0.385,0.61,0.62,0.615,3113.59,644.84,679.0,3130.59,0.656856719428059,-0.6435311936455104,0.040000000000000036,-0.13,0.06,1.01,WAIT,1,"PM5+,PM15-,UP_BOOK"
2026-09-21 18:23:29,1790015009,btc-updown-5m-1790014800,91,86041.52,86054.62,-13.099999999991269,0.010000000009313226,-4.559999999997672,12.669999999998254,22.779999999998836,0.41,0.42,0.415,0.58,0.59,0.585,1719.76,1798.17,2123.17,1635.76,-0.022288675442660905,0.12966721912884785,0.03999999999999998,-0.040000000000000036,0.09999999999999998,1.01,WAIT,2,"PM5+,PM30+"
2026-09-21 18:23:31,1790015010,btc-updown-5m-1790014800,90,86041.51,86054.62,-13.110000000000582,0.0,-4.570000000006985,12.65999999998894,22.75999999999476,0.38,0.39,0.385,0.61,0.62,0.615,1109.04,2738.71,2671.06,1079.8899999999999,-0.42353843155090637,0.4242045348511711,0.030000000000000027,-0.07,0.030000000000000027,1.01,WAIT,-3,"PM5+,PM15-,DOWN_BOOK"
2026-09-21 18:23:33,1790015012,btc-updown-5m-1790014800,88,86041.52,86054.62,-13.099999999991269,0.010000000009313226,-4.559999999997672,12.669999999998254,20.080000000001746,0.38,0.39,0.385,0.61,0.62,0.615,2685.24,1082.35,664.35,2736.24,0.42544172800118907,-0.6092736848605683,0.0,-0.07,0.040000000000000036,1.01,WAIT,0,"PM15-,UP_BOOK"
2026-09-21 18:23:34,1790015014,btc-updown-5m-1790014800,86,86041.51,86054.62,-13.110000000000582,-0.010000000009313226,-4.560000000012224,12.279999999998836,15.439999999987776,0.35,0.36,0.355,0.65,0.66,0.655,3027.7599999999998,2222.8599999999997,2572.98,1092.01,0.15329618216515387,0.4040856864548062,-0.06,-0.09000000000000002,-0.010000000000000009,1.02,WAIT,-4,"PM5-,PM15-,DOWN_BOOK"
2026-09-21 18:23:36,1790015015,btc-updown-5m-1790014800,85,86041.51,86054.62,-13.110000000000582,0.0,0.0,12.279999999998836,15.439999999987776,0.33,0.34,0.335,0.67,0.68,0.675,2530.62,2174.02,1552.23,2537.2599999999998,0.07579751054278329,-0.2408686657749499,-0.04999999999999999,-0.03999999999999998,-0.02999999999999997,1.02,WAIT,-1,PM5-
2026-09-21 18:23:38,1790015017,btc-updown-5m-1790014800,83,86029.7,86054.62,-24.919999999998254,-11.820000000006985,-11.820000000006985,-11.470000000001164,3.6299999999901047,0.26,0.28,0.27,0.75,0.79,0.77,45.0,726.6600000000001,957.46,1431.11,-0.8833683228364824,-0.1982985635756959,-0.11499999999999999,-0.07499999999999996,-0.21499999999999997,1.07,WAIT,-8,DOWN_TOO_EXPENSIVE
2026-09-21 18:23:40,1790015019,btc-updown-5m-1790014800,81,86028.84,86054.62,-25.779999999998836,-12.669999999998254,-12.669999999998254,-17.230000000010477,2.7699999999895226,0.22,0.23,0.225,0.8,0.81,0.805,416.97,1615.1399999999999,727.42,1530.84,-0.5896186722175473,-0.3557694862416197,-0.12999999999999998,-0.15,-0.27,1.04,WAIT,-7,DOWN_TOO_EXPENSIVE
2026-09-21 18:23:42,1790015021,btc-updown-5m-1790014800,79,86028.85,86054.62,-25.769999999989523,-12.65999999998894,-12.65999999998894,-17.229999999995925,2.779999999998836,0.21,0.22,0.215,0.78,0.79,0.785,1913.5499999999997,1493.37,1779.3700000000001,1902.6999999999998,0.12333133739565352,-0.033494746161805644,-0.12000000000000002,-0.13999999999999999,-0.30000000000000004,1.01,WAIT,-7,DOWN_TOO_EXPENSIVE
2026-09-21 18:23:43,1790015023,btc-updown-5m-1790014800,77,86008.45,86054.62,-46.169999999998254,-21.25,-33.05999999999767,-37.63000000000466,-17.620000000009895,0.12,0.13,0.125,0.89,0.9,0.895,381.35,849.19,2183.4399999999996,363.94,-0.3801908105384628,0.7142632822743367,-0.14500000000000002,-0.26,-0.33,1.03,WAIT,-13,DOWN_TOO_EXPENSIVE
2026-09-21 18:23:45,1790015024,btc-updown-5m-1790014800,76,86008.26,86054.62,-46.36000000000058,-20.580000000001746,-33.26000000000931,-37.820000000006985,-17.810000000012224,0.08,0.09,0.08499999999999999,0.91,0.92,0.915,1298.27,5470.68,5848.490000000001,1135.27,-0.6164043167699569,0.674882871118137,-0.14,-0.32999999999999996,-0.37,1.01,WAIT,-13,DOWN_TOO_EXPENSIVE
2026-09-21 18:23:47,1790015026,btc-updown-5m-1790014800,74,86008.27,86054.62,-46.34999999999127,-20.580000000001746,-33.23999999999069,-37.80999999999767,-20.580000000001746,0.13,0.14,0.135,0.86,0.87,0.865,480.89,353.54,1194.45,1200.5,0.15261915319439612,-0.002526148771373079,-0.07999999999999999,-0.25,-0.32,1.01,WAIT,-11,DOWN_TOO_EXPENSIVE
2026-09-21 18:23:49,1790015028,btc-updown-5m-1790014800,72,86009.64,86054.62,-44.979999999995925,1.1900000000023283,-31.880000000004657,-36.43000000000757,-19.210000000006403,0.13,0.14,0.135,0.86,0.87,0.865,523.0,2131.06,2231.36,505.76,-0.6058868299887719,0.6304436780265389,0.010000000000000009,-0.25,-0.31,1.01,WAIT,-11,DOWN_TOO_EXPENSIVE
2026-09-21 18:23:50,1790015030,btc-updown-5m-1790014800,70,86009.64,86054.62,-44.979999999995925,1.3800000000046566,-31.869999999995343,-31.869999999995343,-19.210000000006403,0.12,0.13,0.125,0.87,0.88,0.875,598.0,2276.15,2373.15,588.32,-0.5838769723222518,0.6026838023008843,0.04000000000000001,-0.21000000000000002,-0.25,1.01,WAIT,-10,DOWN_TOO_EXPENSIVE
2026-09-21 18:23:52,1790015031,btc-updown-5m-1790014800,69,86009.65,86054.62,-44.970000000001164,1.3799999999901047,-31.860000000000582,-31.870000000009895,-19.20000000001164,0.12,0.13,0.125,0.87,0.88,0.875,1302.6,2256.09,2456.48,752.91,-0.2679328629355185,0.5308080351717929,-0.010000000000000009,-0.21000000000000002,-0.21999999999999997,1.01,WAIT,-11,DOWN_TOO_EXPENSIVE
2026-09-21 18:23:54,1790015033,btc-updown-5m-1790014800,67,86013.78,86054.62,-40.83999999999651,4.139999999999418,-15.919999999998254,-27.729999999995925,-15.070000000006985,0.1,0.11,0.10500000000000001,0.89,0.9,0.895,1726.2600000000002,2536.95,2527.95,1555.23,-0.19015952767984678,0.23822608848985347,-0.03,-0.165,-0.27,1.01,WAIT,-6,DOWN_TOO_EXPENSIVE
2026-09-21 18:23:56,1790015035,btc-updown-5m-1790014800,65,86013.78,86054.62,-40.83999999999651,4.139999999999418,-15.059999999997672,-27.729999999995925,-15.059999999997672,0.09,0.1,0.095,0.9,0.91,0.905,1504.69,1298.0,1218.48,1576.57,0.07374700733937754,-0.12811577610418415,-0.03,-0.13,-0.26,1.01,WAIT,-6,DOWN_TOO_EXPENSIVE
2026-09-21 18:23:58,1790015037,btc-updown-5m-1790014800,63,86013.78,86054.62,-40.83999999999651,4.130000000004657,-15.070000000006985,-27.729999999995925,-15.059999999997672,0.08,0.09,0.08499999999999999,0.92,0.93,0.925,717.4,2663.1,2578.02,702.0,-0.5755657447123206,0.5719538295498198,-0.04000000000000001,-0.13,-0.30000000000000004,1.02,WAIT,-8,DOWN_TOO_EXPENSIVE
2026-09-21 18:23:59,1790015039,btc-updown-5m-1790014800,61,86000.01,86054.62,-54.61000000000058,-13.770000000004075,-8.25,-41.51000000000931,-28.84000000001106,0.02,0.03,0.025,0.97,0.98,0.975,8854.220000000001,3092.3,3088.21,8824.0,0.4823094926388606,-0.48150511114226496,-0.08000000000000002,-0.05999999999999999,-0.38999999999999996,1.01,WAIT,-8,DOWN_TOO_EXPENSIVE
2026-09-21 18:24:01,1790015040,btc-updown-5m-1790014800,60,86000.0,86054.62,-54.61999999999534,-13.779999999998836,-8.259999999994761,-41.50999999999476,-28.85000000000582,0.02,0.03,0.025,0.97,0.98,0.975,9065.130000000001,2428.54,1957.2,9941.07,0.5774126105934831,-0.6710109957161839,-0.07,-0.05999999999999999,-0.36,1.01,WAIT,-8,DOWN_TOO_EXPENSIVE
2026-09-21 18:24:03,1790015042,btc-updown-5m-1790014800,58,86000.01,86054.62,-54.61000000000058,-13.770000000004075,-8.260000000009313,-41.51000000000931,-28.84000000001106,0.02,0.03,0.025,0.97,0.98,0.975,8096.33,2285.3199999999997,2538.37,8024.51,0.5597385772011193,-0.5193791844648429,-0.05999999999999999,-0.11000000000000001,-0.36,1.01,WAIT,-8,DOWN_TOO_EXPENSIVE
2026-09-21 18:24:05,1790015044,btc-updown-5m-1790014800,56,86000.0,86054.62,-54.61999999999534,-0.00999999999476131,-9.639999999999418,-41.50999999999476,-29.229999999995925,0.02,0.03,0.025,0.97,0.98,0.975,7487.68,4047.02,2258.75,6995.89,0.2982877751480316,-0.5118664799495173,0.0,-0.11000000000000001,-0.32999999999999996,1.01,WAIT,-6,DOWN_TOO_EXPENSIVE
2026-09-21 18:24:07,1790015046,btc-updown-5m-1790014800,54,86000.01,86054.62,-54.61000000000058,0.00999999999476131,-9.639999999999418,-41.5,-29.230000000010477,0.02,0.03,0.025,0.97,0.98,0.975,6488.17,6319.58,6306.16,6443.610000000001,0.01316312388983234,-0.010780586630190249,0.0,-0.1,-0.31,1.01,WAIT,-8,DOWN_TOO_EXPENSIVE
2026-09-21 18:24:09,1790015048,btc-updown-5m-1790014800,52,86000.0,86054.62,-54.61999999999534,-0.00999999999476131,-13.779999999998836,-29.69999999999709,-41.169999999998254,0.02,0.03,0.025,0.97,0.98,0.975,6112.5,6502.98,6488.4,6084.39,-0.03095244889611807,0.03213367915951824,0.0,-0.08000000000000002,-0.24500000000000002,1.01,WAIT,-7,DOWN_TOO_EXPENSIVE
2026-09-21 18:24:11,1790015050,btc-updown-5m-1790014800,50,86000.0,86054.62,-54.61999999999534,0.0,-13.779999999998836,-28.839999999996508,-46.070000000006985,0.01,0.02,0.015,0.98,0.99,0.985,1725.32,5769.2699999999995,5559.41,1564.29,-0.5395825522143306,0.5608209217120317,-0.010000000000000002,-0.08,-0.21000000000000002,1.01,WAIT,-9,DOWN_TOO_EXPENSIVE
2026-09-21 18:24:12,1790015052,btc-updown-5m-1790014800,48,86000.01,86054.62,-54.61000000000058,0.0,-13.770000000004075,-28.84000000001106,-46.070000000006985,0.01,0.02,0.015,0.98,0.99,0.985,1115.65,5333.32,5333.32,985.53,-0.6540067638708198,0.6880666576987902,-0.010000000000000002,-0.06999999999999999,-0.2,1.01,WAIT,-9,DOWN_TOO_EXPENSIVE
2026-09-21 18:24:14,1790015053,btc-updown-5m-1790014800,47,86000.01,86054.62,-54.61000000000058,0.00999999999476131,-13.770000000004075,-8.440000000002328,-46.070000000006985,,0.01,,0.99,,,0,10088.13,13471.14,0,-1.0,1.0,,,,,WAIT,-6,DOWN_TOO_EXPENSIVE
2026-09-21 18:24:16,1790015055,btc-updown-5m-1790014800,45,86000.01,86054.62,-54.61000000000058,0.00999999999476131,0.00999999999476131,-8.25,-46.070000000006985,,0.01,,0.99,,,0,18651.13,18716.13,0,-1.0,1.0,,,,,WAIT,-6,DOWN_TOO_EXPENSIVE
2026-09-21 18:24:18,1790015057,btc-updown-5m-1790014800,43,86000.0,86054.62,-54.61999999999534,-0.00999999999476131,-0.00999999999476131,-8.270000000004075,-46.080000000001746,,0.01,,0.99,,,0,22931.809999999998,22982.11,0,-1.0,1.0,,,,,WAIT,-6,DOWN_TOO_EXPENSIVE
2026-09-21 18:24:20,1790015059,btc-updown-5m-1790014800,41,86000.01,86054.62,-54.61000000000058,0.0,0.00999999999476131,-9.630000000004657,-46.060000000012224,,0.01,,0.99,,,0,23885.31,23900.31,0,-1.0,1.0,,,,,WAIT,-6,DOWN_TOO_EXPENSIVE
2026-09-21 18:24:21,1790015061,btc-updown-5m-1790014800,39,86000.01,86054.62,-54.61000000000058,0.0,0.0,-9.639999999999418,-41.51000000000931,,0.01,,0.99,,,0,23861.300000000003,23871.300000000003,0,-1.0,1.0,,,,,WAIT,-6,DOWN_TOO_EXPENSIVE
2026-09-21 18:24:23,1790015062,btc-updown-5m-1790014800,38,86000.01,86054.62,-54.61000000000058,0.00999999999476131,0.0,-9.639999999999418,-41.51000000000931,,0.01,,0.99,,,0,30056.300000000003,30056.300000000003,0,-1.0,1.0,,,,,WAIT,-6,DOWN_TOO_EXPENSIVE
2026-09-21 18:24:25,1790015064,btc-updown-5m-1790014800,36,86000.0,86054.62,-54.61999999999534,-0.00999999999476131,0.0,-13.779999999998836,-41.50999999999476,,0.01,,0.99,,,0,24241.300000000003,20798.25,0,-1.0,1.0,,,,,WAIT,-6,DOWN_TOO_EXPENSIVE
2026-09-21 18:24:26,1790015066,btc-updown-5m-1790014800,34,86013.77,86054.62,-40.84999999999127,13.760000000009313,13.770000000004075,-0.00999999999476131,-27.739999999990687,,0.01,,0.99,,,0,20649.25,20719.25,0,-1.0,1.0,,,,,WAIT,-3,"BTC_BELOW,BTC5+,DOWN_BOOK"
2026-09-21 18:24:28,1790015067,btc-updown-5m-1790014800,33,86000.01,86054.62,-54.61000000000058,0.0,0.0,-13.770000000004075,-41.5,,0.01,,0.99,,,0,31008.95,31408.95,0,-1.0,1.0,,,,,WAIT,-6,DOWN_TOO_EXPENSIVE
2026-09-21 18:24:30,1790015069,btc-updown-5m-1790014800,31,86000.0,86054.62,-54.61999999999534,0.0,-0.00999999999476131,-0.00999999999476131,-41.520000000004075,,0.01,,0.99,,,0,31353.13,44336.130000000005,0,-1.0,1.0,,,,,WAIT,-6,DOWN_TOO_EXPENSIVE
2026-09-21 18:24:32,1790015071,btc-updown-5m-1790014800,29,85994.91,86054.62,-59.70999999999185,-18.860000000000582,-5.099999999991269,-5.0899999999965075,-46.59999999999127,,0.01,,0.99,,,0,44489.65,44489.65,0,-1.0,1.0,,,,,WAIT,-7,DOWN_TOO_EXPENSIVE
2026-09-21 18:24:34,1790015073,btc-updown-5m-1790014800,27,85984.66,86054.62,-69.95999999999185,-15.349999999991269,-15.339999999996508,-15.349999999991269,-56.86000000000058,,0.01,,0.99,,,0,45219.03,45219.03,0,-1.0,1.0,,,,,WAIT,-7,DOWN_TOO_EXPENSIVE
2026-09-21 18:24:35,1790015075,btc-updown-5m-1790014800,25,85984.67,86054.62,-69.94999999999709,-15.330000000001746,-15.339999999996508,-15.330000000001746,-56.83999999999651,,0.01,,0.99,,,0,45298.03,45312.39,0,-1.0,1.0,,,,,WAIT,-7,DOWN_TOO_EXPENSIVE
2026-09-21 18:24:37,1790015076,btc-updown-5m-1790014800,24,85970.43,86054.62,-84.19000000000233,-24.480000000010477,-29.580000000001746,-29.580000000001746,-71.08000000000175,,0.01,,0.99,,,0,47442.13,47447.13,0,-1.0,1.0,,,,,WAIT,-9,DOWN_TOO_EXPENSIVE
2026-09-21 18:24:39,1790015078,btc-updown-5m-1790014800,22,85970.43,86054.62,-84.19000000000233,-14.230000000010477,-29.580000000001746,-29.570000000006985,-59.270000000004075,,0.01,,0.99,,,0,47917.56,47907.56,0,-1.0,1.0,,,,,WAIT,-9,DOWN_TOO_EXPENSIVE
2026-09-21 18:24:41,1790015080,btc-updown-5m-1790014800,20,85964.93,86054.62,-89.69000000000233,-19.74000000000524,-35.070000000006985,-35.070000000006985,-63.91000000000349,,0.01,,0.99,,,0,47996.15,48055.15,0,-1.0,1.0,,,,,WAIT,-11,DOWN_TOO_EXPENSIVE
2026-09-21 18:24:42,1790015082,btc-updown-5m-1790014800,18,85955.05,86054.62,-99.56999999999243,-15.379999999990105,-44.95999999999185,-44.95999999999185,-73.80000000000291,,0.01,,0.99,,,0,50790.2,55743.2,0,-1.0,1.0,,,,,WAIT,0,TIME_FILTER
2026-09-21 18:24:44,1790015083,btc-updown-5m-1790014800,17,85943.74,86054.62,-110.8799999999901,-26.689999999987776,-56.26999999998952,-56.26999999998952,-64.70999999999185,,0.01,,0.99,,,0,55841.6,55841.6,0,-1.0,1.0,,,,,WAIT,0,TIME_FILTER
2026-09-21 18:24:46,1790015085,btc-updown-5m-1790014800,15,85943.75,86054.62,-110.86999999999534,-21.179999999993015,-56.25,-56.25999999999476,-64.50999999999476,,0.01,,0.99,,,0,55930.15,55950.25,0,-1.0,1.0,,,,,WAIT,0,TIME_FILTER
2026-09-21 18:24:48,1790015087,btc-updown-5m-1790014800,13,85927.37,86054.62,-127.25,-27.680000000007567,-67.54000000000815,-72.63000000000466,-80.90000000000873,,0.01,,0.99,,,0,56246.299999999996,56246.299999999996,0,-1.0,1.0,,,,,WAIT,0,TIME_FILTER
2026-09-21 18:24:49,1790015089,btc-updown-5m-1790014800,11,85927.38,86054.62,-127.23999999999069,-16.360000000000582,-57.279999999998836,-72.6299999999901,-82.25999999999476,,0.01,,0.99,,,0,56855.299999999996,54624.299999999996,0,-1.0,1.0,,,,,WAIT,0,TIME_FILTER
2026-09-21 18:24:51,1790015090,btc-updown-5m-1790014800,10,85954.09,86054.62,-100.52999999999884,10.339999999996508,-30.580000000001746,-45.919999999998254,-55.55000000000291,,0.01,,0.99,,,0,51585.25,51562.2,0,-1.0,1.0,,,,,WAIT,0,TIME_FILTER
2026-09-21 18:24:53,1790015092,btc-updown-5m-1790014800,8,85937.6,86054.62,-117.01999999998952,10.230000000010477,-32.829999999987194,-62.40999999998894,-72.04999999998836,,0.01,,0.99,,,0,59772.29,59772.29,0,-1.0,1.0,,,,,WAIT,0,TIME_FILTER
2026-09-21 18:24:55,1790015094,btc-updown-5m-1790014800,6,85937.59,86054.62,-117.02999999999884,10.209999999991851,-32.83999999999651,-62.41000000000349,-76.19000000000233,,0.01,,0.99,,,0,59646.29,59732.38,0,-1.0,1.0,,,,,WAIT,0,TIME_FILTER
2026-09-21 18:24:56,1790015096,btc-updown-5m-1790014800,4,85937.6,86054.62,-117.01999999998952,-16.489999999990687,-27.329999999987194,-76.16999999999825,-76.17999999999302,,0.01,,0.99,,,0,59732.28,59732.28,0,-1.0,1.0,,,,,WAIT,0,TIME_FILTER
2026-09-21 18:24:58,1790015097,btc-updown-5m-1790014800,3,85937.59,86054.62,-117.02999999999884,-0.010000000009313226,-17.460000000006403,-62.419999999998254,-76.19000000000233,,0.01,,0.99,,,0,71150.53,71143.53,0,-1.0,1.0,,,,,WAIT,0,TIME_FILTER
2026-09-21 18:25:00,1790015099,btc-updown-5m-1790014800,1,85937.6,86054.62,-117.01999999998952,0.010000000009313226,-6.139999999999418,-62.39999999999418,-62.40999999998894,,0.01,,0.99,,,0,67943.98000000001,67868.98000000001,0,-1.0,1.0,,,,,WAIT,0,TIME_FILTER
2026-09-21 18:25:02,1790015101,btc-updown-5m-1790015100,299,85937.6,85937.59,0.010000000009313226,,,,,0.31,0.32,0.315,0.68,0.69,0.685,3636.2,2251.92,2686.92,3561.2,0.23509711079257892,-0.13992689000851452,,,,1.01,WAIT,0,TIME_FILTER
2026-09-21 18:25:04,1790015103,btc-updown-5m-1790015100,297,85937.6,85937.59,0.010000000009313226,,,,,0.32,0.33,0.325,0.67,0.68,0.675,3187.7599999999998,1737.13,2387.2200000000003,3870.93,0.29455074123482955,-0.23708444188777827,,,,1.01,WAIT,0,TIME_FILTER
2026-09-21 18:25:06,1790015105,btc-updown-5m-1790015100,295,85937.6,85937.59,0.010000000009313226,,,,,0.33,0.34,0.335,0.66,0.67,0.665,3971.8900000000003,1925.49,2534.87,2873.06,0.3470015498407768,-0.06253594258801427,,,,1.01,WAIT,0,TIME_FILTER
2026-09-21 18:25:08,1790015107,btc-updown-5m-1790015100,293,85937.6,85937.59,0.010000000009313226,0.0,,,,0.32,0.33,0.325,0.67,0.68,0.675,1890.31,3993.29,3841.8,4197.21,-0.35743082466517095,-0.044210667731474376,0.010000000000000009,,,1.01,WAIT,0,TIME_FILTER
2026-09-21 18:25:09,1790015109,btc-updown-5m-1790015100,291,85937.6,85937.59,0.010000000009313226,0.0,,,,0.32,0.33,0.325,0.67,0.68,0.675,1372.4,3045.7200000000003,1568.6399999999999,2980.37,-0.37874027867056576,-0.31033785373081174,0.0,,,1.01,WAIT,0,TIME_FILTER
2026-09-21 18:25:11,1790015110,btc-updown-5m-1790015100,290,85937.59,85937.59,0.0,-0.010000000009313226,,,,0.32,0.33,0.325,0.68,0.69,0.685,1367.43,3126.26,2511.24,2187.89,-0.3913999408058856,0.06881060962348348,-0.010000000000000009,,,1.02,WAIT,0,TIME_FILTER
2026-09-21 18:25:13,1790015112,btc-updown-5m-1790015100,288,85937.6,85937.59,0.010000000009313226,0.0,,,,0.32,0.33,0.325,0.67,0.68,0.675,2850.65,1217.05,622.62,4637.91,0.40160287140152917,-0.7632862088040558,0.0,,,1.01,WAIT,0,TIME_FILTER
2026-09-21 18:25:15,1790015114,btc-updown-5m-1790015100,286,85964.72,85937.59,27.130000000004657,27.119999999995343,,,,0.45,0.46,0.455,0.5,0.51,0.505,3494.24,110.0,3766.29,1268.0,0.9389607795263356,0.49625468536774797,0.13,,,0.97,WAIT,0,TIME_FILTER
2026-09-21 18:25:17,1790015116,btc-updown-5m-1790015100,284,85970.29,85937.59,32.69999999999709,32.69999999999709,32.689999999987776,,,0.49,0.5,0.495,0.51,0.52,0.515,1065.12,2107.2999999999997,2884.48,1130.63,-0.3285126181274863,0.43681244100410693,0.16999999999999998,0.18,,1.02,WAIT,0,TIME_FILTER
2026-09-21 18:25:18,1790015118,btc-updown-5m-1790015100,282,85970.43,85937.59,32.83999999999651,32.829999999987194,32.829999999987194,,,0.48,0.49,0.485,0.51,0.52,0.515,1633.9199999999998,5559.52,5684.52,1571.9899999999998,-0.5457194332614159,0.5667366268357654,0.15999999999999998,0.15999999999999998,,1.01,WAIT,0,TIME_FILTER
2026-09-21 18:25:20,1790015119,btc-updown-5m-1790015100,281,85942.86,85937.59,5.2700000000040745,-21.860000000000582,5.259999999994761,,,0.34,0.35,0.345,0.65,0.66,0.655,255.76,955.12,1201.78,2139.58,-0.5775634249471459,-0.28066416070103195,-0.11000000000000004,0.019999999999999962,,1.01,WAIT,0,TIME_FILTER
2026-09-21 18:25:22,1790015121,btc-updown-5m-1790015100,279,85942.86,85937.59,5.2700000000040745,-27.429999999993015,5.259999999994761,,,0.31,0.34,0.325,0.67,0.68,0.675,1232.0,2890.8900000000003,3026.62,1092.0,-0.4023609652452528,0.4697252963371226,-0.16999999999999998,-0.010000000000000009,,1.02,WAIT,0,TIME_FILTER
2026-09-21 18:25:24,1790015123,btc-updown-5m-1790015100,277,85942.86,85937.59,5.2700000000040745,-27.569999999992433,5.259999999994761,,,0.31,0.32,0.315,0.7,0.71,0.705,1344.55,3787.4700000000003,3169.3900000000003,2825.25,-0.47601529222411443,0.05740795110298538,-0.16999999999999998,-0.010000000000000009,,1.03,WAIT,0,TIME_FILTER
2026-09-21 18:25:26,1790015125,btc-updown-5m-1790015100,275,85932.18,85937.59,-5.4100000000034925,-10.680000000007567,-5.4100000000034925,,,0.27,0.28,0.275,0.73,0.74,0.735,1908.58,3566.75,2784.89,3498.06,-0.3028438468548928,-0.11350878170286252,-0.06999999999999995,-0.04999999999999999,,1.02,WAIT,0,TIME_FILTER
2026-09-21 18:25:28,1790015127,btc-updown-5m-1790015100,273,85925.01,85937.59,-12.580000000001746,-17.85000000000582,-12.59000000001106,,,0.24,0.25,0.245,0.75,0.76,0.755,3545.41,3649.1099999999997,3713.99,3363.04,-0.014413748241717282,0.0495900116291721,-0.08000000000000002,-0.08000000000000002,,1.01,WAIT,0,TIME_FILTER
2026-09-21 18:25:30,1790015129,btc-updown-5m-1790015100,271,85925.0,85937.59,-12.589999999996508,-17.860000000000582,-39.720000000001164,,,0.24,0.25,0.245,0.75,0.76,0.755,4776.46,1675.59,1789.59,4781.46,0.480602289194907,-0.4553107950784121,-0.07,-0.21000000000000002,,1.01,WAIT,0,TIME_FILTER
2026-09-21 18:25:31,1790015131,btc-updown-5m-1790015100,269,85925.01,85937.59,-12.580000000001746,-7.169999999998254,-45.279999999998836,-12.59000000001106,,0.25,0.26,0.255,0.74,0.75,0.745,4807.700000000001,2125.22,2201.56,4391.360000000001,0.3869192201842803,-0.3321441789070701,-0.020000000000000018,-0.24,-0.06,1.01,WAIT,-2,"BTC15-,PM15-,UP_BOOK"
2026-09-21 18:25:33,1790015132,btc-updown-5m-1790015100,268,85925.01,85937.59,-12.580000000001746,0.0,-45.279999999998836,-12.59000000001106,,0.25,0.26,0.255,0.74,0.75,0.745,4843.410000000001,2580.2599999999998,2580.2599999999998,4778.070000000001,0.30485595399580007,-0.29868326101166986,0.010000000000000009,-0.24,-0.06,1.01,WAIT,-2,"BTC15-,PM15-,UP_BOOK"
2026-09-21 18:25:35,1790015134,btc-updown-5m-1790015100,266,85925.01,85937.59,-12.580000000001746,0.00999999999476131,-17.85000000000582,-12.59000000001106,,0.24,0.25,0.245,0.77,0.78,0.775,124.99000000000001,3953.05,3397.6200000000003,774.67,-0.9387009445714118,0.6286595610563983,0.0,-0.09999999999999998,-0.08000000000000002,1.03,WAIT,-5,"PM15-,PM30-,DOWN_BOOK"
2026-09-21 18:25:37,1790015136,btc-updown-5m-1790015100,264,85920.0,85937.59,-17.589999999996508,-5.009999999994761,-22.860000000000582,-17.60000000000582,,0.2,0.21,0.20500000000000002,0.79,0.8,0.795,2038.39,4439.530000000001,4404.530000000001,2559.3900000000003,-0.3706652752735446,0.2649570931314547,-0.04999999999999999,-0.12,-0.13,1.01,WAIT,-8,DOWN_TOO_EXPENSIVE
2026-09-21 18:25:39,1790015138,btc-updown-5m-1790015100,262,85916.14,85937.59,-21.44999999999709,-8.869999999995343,-26.720000000001164,-21.460000000006403,,0.19,0.2,0.195,0.8,0.81,0.805,4023.0,3573.07,3335.9700000000003,4104.97,0.05923194493994919,-0.1033471577515744,-0.06,-0.12,-0.13,1.01,WAIT,-8,DOWN_TOO_EXPENSIVE
2026-09-21 18:25:40,1790015140,btc-updown-5m-1790015100,260,85916.15,85937.59,-21.44000000000233,-8.860000000000582,-16.029999999998836,-21.44000000000233,,0.19,0.2,0.195,0.8,0.81,0.805,3820.1,3777.33,711.37,5317.46,0.005629535250736102,-0.7640105957540684,-0.04999999999999999,-0.08000000000000002,-0.13,1.01,WAIT,-5,"BTC_BELOW,PM5-,PM15-,PM30-"
