timestamp_utc,unix_time,slug,seconds_left,btc_price,btc_start,btc_delta,btc_change_5s,btc_change_15s,btc_change_30s,btc_change_60s,up_bid,up_ask,up_mid,down_bid,down_ask,down_mid,up_bid_depth,up_ask_depth,down_bid_depth,down_ask_depth,up_imbalance,down_imbalance,up_change_5s,up_change_15s,up_change_30s,pair_ask_cost,signal,score,reasons
2026-09-23 01:06:04,1790125563,btc-updown-5m-1790125500,237,86620.0,86568.09,51.91000000000349,5.789999999993597,23.05999999999767,35.88000000000466,51.91000000000349,0.61,0.62,0.615,0.38,0.39,0.385,1323.5800000000002,2609.14,2624.14,1354.2599999999998,-0.3268882605423218,0.31919364568670827,0.030000000000000027,0.12,0.19,1.01,UP WATCH,10,"BTC_ABOVE,BTC15+,BTC30+,BTC60+,PM5+,PM15+,PM30+,DOWN_BOOK"
2026-09-23 01:06:05,1790125565,btc-updown-5m-1790125500,235,86619.99,86568.09,51.90000000000873,5.790000000008149,23.05000000000291,44.43000000000757,45.470000000001164,0.61,0.62,0.615,0.38,0.39,0.385,1754.13,1717.6799999999998,1611.6799999999998,1658.95,0.010498846423047423,-0.014452872993888092,0.025000000000000022,0.13,0.295,1.01,UP WATCH,11,"BTC_ABOVE,BTC15+,BTC30+,BTC60+,PM15+,PM30+"
2026-09-23 01:06:07,1790125566,btc-updown-5m-1790125500,234,86620.0,86568.09,51.91000000000349,0.0,23.05999999999767,44.44000000000233,45.479999999995925,0.64,0.66,0.65,0.39,0.4,0.395,187.0,2846.21,1662.25,452.59000000000003,-0.876698283336795,0.5719865332601992,0.025000000000000022,0.18500000000000005,0.33,1.06,UP WATCH,9,"BTC_ABOVE,BTC15+,BTC30+,BTC60+,PM15+,PM30+,DOWN_BOOK"
2026-09-23 01:06:09,1790125568,btc-updown-5m-1790125500,232,86619.99,86568.09,51.90000000000873,-0.00999999999476131,23.05000000000291,44.43000000000757,45.4600000000064,0.56,0.57,0.565,0.43,0.44,0.435,1084.04,1638.44,1574.6399999999999,1264.04,-0.2036378595986013,0.10941705299646312,-0.050000000000000044,0.13999999999999996,0.22999999999999993,1.01,UP WATCH,10,"BTC_ABOVE,BTC15+,BTC30+,BTC60+,PM5-,PM15+,PM30+"
2026-09-23 01:06:11,1790125570,btc-updown-5m-1790125500,230,86612.49,86568.09,44.40000000000873,-7.5,15.540000000008149,36.94000000000233,37.970000000001164,0.5,0.51,0.505,0.49,0.5,0.495,458.58000000000004,1662.26,1573.6,452.0,-0.5675487071160482,0.5537124802527645,-0.10999999999999999,0.065,0.14,1.01,WAIT,4,"BTC_ABOVE,BTC30+,PM5-,PM15+,PM30+,DOWN_BOOK"
2026-09-23 01:06:13,1790125572,btc-updown-5m-1790125500,228,86611.97,86568.09,43.88000000000466,-8.029999999998836,7.2700000000040745,29.00999999999476,37.44999999999709,0.52,0.53,0.525,0.47,0.48,0.475,2330.27,950.5799999999999,933.8,2346.27,0.4205282167730924,-0.4306219074592921,-0.125,-0.030000000000000027,0.09000000000000002,1.01,WAIT,4,"BTC_ABOVE,PM5-,PM30+,UP_BOOK"
2026-09-23 01:06:14,1790125574,btc-updown-5m-1790125500,226,86611.96,86568.09,43.870000000009895,-8.029999999998836,-2.2399999999906868,24.49000000000524,37.44000000000233,0.53,0.54,0.535,0.46,0.47,0.46499999999999997,3137.53,1055.8,603.9,3071.53,0.4964383914454623,-0.67138538892048,-0.029999999999999916,-0.05499999999999994,0.08000000000000002,1.01,WAIT,3,"BTC_ABOVE,PM15-,PM30+,UP_BOOK"
2026-09-23 01:06:16,1790125575,btc-updown-5m-1790125500,225,86611.97,86568.09,43.88000000000466,-0.5200000000040745,-2.2299999999959255,24.5,26.839999999996508,0.53,0.54,0.535,0.46,0.47,0.46499999999999997,2310.91,1192.53,324.0,2493.91,0.31922339186628,-0.7700423363414729,0.030000000000000027,-0.05499999999999994,0.08000000000000002,1.01,WAIT,4,"BTC_ABOVE,PM5+,PM15-,PM30+,UP_BOOK"
2026-09-23 01:06:18,1790125577,btc-updown-5m-1790125500,223,86611.96,86568.09,43.870000000009895,-0.00999999999476131,-8.039999999993597,15.020000000004075,26.830000000001746,0.54,0.55,0.545,0.45,0.46,0.455,1308.0,1395.52,1071.8,1347.0,-0.03237261052257796,-0.11377542583099058,0.020000000000000018,-0.07999999999999996,0.050000000000000044,1.01,WAIT,0,"BTC_ABOVE,PM15-"
2026-09-23 01:06:19,1790125579,btc-updown-5m-1790125500,221,86611.97,86568.09,43.88000000000466,0.00999999999476131,-8.029999999998836,15.029999999998836,27.839999999996508,0.52,0.53,0.525,0.47,0.48,0.475,1139.99,1956.78,2051.7799999999997,1365.99,-0.2637554613355205,0.2006542277566951,-0.010000000000000009,-0.08999999999999997,0.040000000000000036,1.01,WAIT,-1,"BTC_ABOVE,PM15-"
2026-09-23 01:06:21,1790125580,btc-updown-5m-1790125500,220,86611.96,86568.09,43.870000000009895,-0.00999999999476131,-8.029999999998836,15.020000000004075,27.830000000001746,0.5,0.51,0.505,0.49,0.5,0.495,2182.96,1266.7,1271.7,2152.13,0.26560878463384796,-0.25714769716954405,-0.030000000000000027,-0.10999999999999999,0.020000000000000018,1.01,WAIT,1,"BTC_ABOVE,PM5-,PM15-,UP_BOOK"
2026-09-23 01:06:23,1790125582,btc-updown-5m-1790125500,218,86602.65,86568.09,34.55999999999767,-9.310000000012224,-17.35000000000582,5.709999999991851,18.529999999998836,0.44,0.45,0.445,0.55,0.56,0.555,1092.34,733.9,1217.9,2142.84,0.19627212195549323,-0.2752191481637973,-0.10000000000000003,-0.20500000000000002,-0.019999999999999962,1.01,WAIT,0,"BTC_ABOVE,PM5-,PM15-"
2026-09-23 01:06:25,1790125584,btc-updown-5m-1790125500,216,86602.65,86568.09,34.55999999999767,-9.320000000006985,-17.34000000001106,5.69999999999709,18.529999999998836,0.45,0.46,0.455,0.54,0.55,0.545,947.0799999999999,1641.71,1338.62,2049.5,-0.26832226638699935,-0.20981547288761912,-0.07,-0.10999999999999993,0.015000000000000013,1.01,WAIT,-2,"BTC_ABOVE,PM5-,PM15-"
2026-09-23 01:06:27,1790125586,btc-updown-5m-1790125500,214,86602.66,86568.09,34.570000000006985,-9.30000000000291,-9.830000000001746,-2.039999999993597,18.529999999998836,0.48,0.49,0.485,0.51,0.52,0.515,1711.1999999999998,2080.85,2551.2200000000003,1655.1,-0.09748025474347652,0.21304132828695876,-0.020000000000000018,-0.020000000000000018,-0.07000000000000006,1.01,WAIT,1,"BTC_ABOVE,PM30-"
2026-09-23 01:06:28,1790125588,btc-updown-5m-1790125500,212,86602.65,86568.09,34.55999999999767,0.0,-9.320000000006985,-11.560000000012224,18.529999999998836,0.48,0.49,0.485,0.5,0.51,0.505,2332.96,741.58,522.0,2798.5600000000004,0.5175993807203679,-0.6855952008095021,0.03999999999999998,-0.040000000000000036,-0.09999999999999998,1.0,WAIT,4,"BTC_ABOVE,PM5+,PM30-,UP_BOOK"
2026-09-23 01:06:30,1790125589,btc-updown-5m-1790125500,211,86602.65,86568.09,34.55999999999767,0.0,-9.310000000012224,-11.55000000000291,18.529999999998836,0.49,0.5,0.495,0.5,0.51,0.505,3072.5600000000004,506.0,506.0,3062.5600000000004,0.7172046856836269,-0.7164122222969489,0.03999999999999998,-0.040000000000000036,-0.09499999999999997,1.01,WAIT,4,"BTC_ABOVE,PM5+,PM30-,UP_BOOK"
2026-09-23 01:06:32,1790125591,btc-updown-5m-1790125500,209,86602.65,86568.09,34.55999999999767,-0.010000000009313226,-9.320000000006985,-17.35000000000582,18.519999999989523,0.49,0.5,0.495,0.5,0.51,0.505,1872.34,1696.0700000000002,1666.0700000000002,1831.34,0.049397350640761506,-0.04725496867682078,0.010000000000000009,-0.040000000000000036,-0.13,1.01,WAIT,1,"BTC_ABOVE,PM30-"
2026-09-23 01:06:33,1790125593,btc-updown-5m-1790125500,207,86602.66,86568.09,34.570000000006985,0.010000000009313226,-9.30000000000291,-17.339999999996508,18.54000000000815,0.5,0.51,0.505,0.49,0.5,0.495,2696.0,1089.38,932.4100000000001,2656.0,0.42442766644299906,-0.48032136795962554,0.020000000000000018,-0.040000000000000036,-0.10999999999999999,1.01,WAIT,3,"BTC_ABOVE,PM30-,UP_BOOK"
2026-09-23 01:06:35,1790125594,btc-updown-5m-1790125500,206,86602.66,86568.09,34.570000000006985,0.010000000009313226,-9.309999999997672,-17.339999999996508,18.54000000000815,0.5,0.51,0.505,0.46,0.47,0.46499999999999997,2673.0,1140.4,131.0,2875.35,0.4018985682068495,-0.9128511317710846,0.010000000000000009,-0.020000000000000018,-0.10999999999999999,0.98,WAIT,3,"BTC_ABOVE,PM30-,UP_BOOK"
2026-09-23 01:06:37,1790125596,btc-updown-5m-1790125500,204,86602.66,86568.09,34.570000000006985,0.010000000009313226,-9.30000000000291,-17.339999999996508,27.10000000000582,0.56,0.57,0.565,0.43,0.44,0.435,1535.02,1134.72,1446.52,1341.55,0.14993969450208633,0.03764970033033605,0.06999999999999995,0.05999999999999994,-0.08500000000000008,1.01,WAIT,4,"BTC_ABOVE,PM5+,PM15+,PM30-"
2026-09-23 01:06:39,1790125598,btc-updown-5m-1790125500,202,86602.65,86568.09,34.55999999999767,-0.010000000009313226,0.0,-17.34000000001106,27.089999999996508,0.45,0.46,0.455,0.55,0.56,0.555,319.07,2070.94,1910.97,602.99,-0.7329969330672257,0.52028671896132,-0.04999999999999999,0.010000000000000009,-0.10999999999999993,1.02,WAIT,-2,"BTC_ABOVE,PM5-,PM30-,DOWN_BOOK"
2026-09-23 01:06:40,1790125600,btc-updown-5m-1790125500,200,86590.01,86568.09,21.919999999998254,-12.650000000008731,-12.639999999999418,-22.480000000010477,14.459999999991851,0.49,0.5,0.495,0.5,0.51,0.505,830.5,347.36,443.36,700.9499999999999,0.4101845720204438,-0.22510508516048966,-0.010000000000000009,0.03999999999999998,-0.010000000000000009,1.01,WAIT,2,"BTC_ABOVE,BTC5-,UP_BOOK"
2026-09-23 01:06:42,1790125601,btc-updown-5m-1790125500,199,86590.65,86568.09,22.55999999999767,-12.010000000009313,-12.010000000009313,-21.84000000001106,15.099999999991269,0.47,0.48,0.475,0.52,0.53,0.525,1488.13,714.64,905.95,1654.03,0.3511442411145967,-0.2922210329768201,-0.08999999999999997,-0.010000000000000009,-0.030000000000000027,1.01,WAIT,2,"BTC_ABOVE,BTC5-,PM5-,UP_BOOK"
2026-09-23 01:06:44,1790125603,btc-updown-5m-1790125500,197,86590.65,86568.09,22.55999999999767,-12.0,-12.0,-21.320000000006985,7.689999999987776,0.45,0.46,0.455,0.54,0.55,0.545,1043.66,1334.95,1306.58,1283.03,-0.12246227838947955,0.009094033464498498,0.0,-0.02999999999999997,-0.07,1.01,WAIT,0,"BTC_ABOVE,BTC5-,PM30-"
2026-09-23 01:06:46,1790125605,btc-updown-5m-1790125500,195,86590.64,86568.09,22.55000000000291,0.6300000000046566,-12.009999999994761,-21.330000000001746,3.1699999999982538,0.46,0.47,0.46499999999999997,0.53,0.54,0.535,1478.12,1487.9499999999998,1595.87,1468.26,-0.0033141496997710533,0.041646405341809876,-0.030000000000000027,-0.030000000000000027,-0.07000000000000006,1.01,WAIT,0,"BTC_ABOVE,PM5-,PM30-"
2026-09-23 01:06:47,1790125607,btc-updown-5m-1790125500,193,86608.73,86568.09,40.63999999999942,18.080000000001746,6.080000000001746,-3.2300000000104774,11.789999999993597,0.59,0.6,0.595,0.4,0.41,0.405,1542.88,1113.29,1221.29,551.0,0.16173287101352704,0.3782055984065813,0.12,0.09999999999999998,0.04999999999999993,1.01,WAIT,5,"BTC_ABOVE,BTC5+,PM5+,PM15+,DOWN_BOOK"
2026-09-23 01:06:49,1790125608,btc-updown-5m-1790125500,192,86608.72,86568.09,40.63000000000466,18.070000000006985,6.059999999997672,-3.2400000000052387,11.779999999998836,0.59,0.6,0.595,0.4,0.41,0.405,1195.56,1729.2999999999997,1708.2999999999997,877.56,-0.1824839479496454,0.3212625586845382,0.13999999999999996,0.08999999999999997,0.04999999999999993,1.01,WAIT,5,"BTC_ABOVE,BTC5+,PM5+,PM15+,DOWN_BOOK"
2026-09-23 01:06:51,1790125610,btc-updown-5m-1790125500,190,86608.72,86568.09,40.63000000000466,18.080000000001746,6.059999999997672,-3.2400000000052387,11.779999999998836,0.54,0.56,0.55,0.45,0.46,0.455,953.95,3561.7799999999997,1537.53,1271.0,-0.5774990975988379,0.09490017909725017,0.08500000000000008,0.04500000000000004,0.04500000000000004,1.02,WAIT,3,"BTC_ABOVE,BTC5+,PM5+"
2026-09-23 01:06:53,1790125612,btc-updown-5m-1790125500,188,86608.73,86568.09,40.63999999999942,0.0,6.069999999992433,6.080000000001746,11.789999999993597,0.54,0.55,0.545,0.45,0.46,0.455,1257.0,1704.46,1307.54,1274.0,-0.1510943926306619,0.012992244939067364,-0.04999999999999993,-0.019999999999999907,0.10000000000000003,1.01,WAIT,2,"BTC_ABOVE,PM5-,PM30+"
2026-09-23 01:06:54,1790125614,btc-updown-5m-1790125500,186,86608.73,86568.09,40.63999999999942,0.00999999999476131,6.080000000001746,6.080000000001746,11.779999999998836,0.54,0.55,0.545,0.45,0.46,0.455,1583.09,1547.0900000000001,969.17,1638.09,0.011500936048406088,-0.25656052714343797,-0.04999999999999993,0.09000000000000002,0.09000000000000002,1.01,WAIT,5,"BTC_ABOVE,PM5-,PM15+,PM30+"
2026-09-23 01:06:56,1790125615,btc-updown-5m-1790125500,185,86617.08,86568.09,48.99000000000524,8.360000000000582,27.070000000006985,14.430000000007567,20.130000000004657,0.6,0.61,0.605,0.39,0.4,0.395,1946.35,985.99,966.99,2036.35,0.32750636010830936,-0.3560569232920681,0.05499999999999994,0.10999999999999999,0.14999999999999997,1.01,UP WATCH,10,"BTC_ABOVE,BTC15+,PM5+,PM15+,PM30+,UP_BOOK"
2026-09-23 01:06:58,1790125617,btc-updown-5m-1790125500,183,86624.9,86568.09,56.80999999999767,16.169999999998254,34.25,22.239999999990687,20.19999999999709,0.65,0.67,0.66,0.28,0.31,0.29500000000000004,129.0,35.0,629.3499999999999,327.0,0.573170731707317,0.3161499451037799,0.11499999999999999,0.18500000000000005,0.17500000000000004,0.98,UP WATCH,10,"BTC_ABOVE,BTC5+,BTC15+,PM5+,PM15+,PM30+,UP_BOOK,DOWN_BOOK"
2026-09-23 01:06:59,1790125619,btc-updown-5m-1790125500,181,86628.66,86568.09,60.570000000006985,19.930000000007567,38.01000000000931,26.010000000009313,14.460000000006403,0.67,0.68,0.675,0.32,0.33,0.325,1512.39,1184.2099999999998,870.4399999999999,1560.65,0.1217014017651859,-0.28390968660148336,0.13,0.22000000000000003,0.18000000000000005,1.01,UP WATCH,11,"BTC_ABOVE,BTC5+,BTC15+,PM5+,PM15+,PM30+"
2026-09-23 01:07:01,1790125620,btc-updown-5m-1790125500,180,86628.67,86568.09,60.580000000001746,11.589999999996508,38.029999999998836,26.020000000004075,14.470000000001164,0.67,0.68,0.675,0.32,0.33,0.325,1412.74,1693.8799999999999,891.51,1560.74,-0.09049706755251685,-0.2729044754817005,0.07000000000000006,0.21000000000000008,0.18000000000000005,1.01,UP WATCH,11,"BTC_ABOVE,BTC5+,BTC15+,PM5+,PM15+,PM30+"
2026-09-23 01:07:03,1790125622,btc-updown-5m-1790125500,178,86641.97,86568.09,73.88000000000466,17.070000000006985,33.24000000000524,39.320000000006985,21.970000000001164,0.75,0.76,0.755,0.23,0.24,0.235,856.38,2854.7000000000003,2632.02,2179.1600000000003,-0.5384739752309301,0.09412659680161616,0.09499999999999997,0.16000000000000003,0.26,1.0,WAIT,11,UP_TOO_EXPENSIVE
2026-09-23 01:07:05,1790125624,btc-updown-5m-1790125500,176,86657.18,86568.09,89.08999999999651,28.519999999989523,48.45999999999185,54.51999999998952,37.179999999993015,0.76,0.77,0.765,0.19,0.2,0.195,1346.3400000000001,302.95000000000005,248.82999999999998,723.01,0.6326297982768343,-0.4879198221929536,0.08999999999999997,0.17000000000000004,0.26,0.97,WAIT,14,UP_TOO_EXPENSIVE
2026-09-23 01:07:06,1790125626,btc-updown-5m-1790125500,174,86657.19,86568.09,89.10000000000582,28.520000000004075,48.470000000001164,54.529999999998836,37.19000000000233,0.82,0.83,0.825,0.17,0.18,0.175,2413.79,1257.37,1089.37,2435.37,0.31500125300994786,-0.3818721380867809,0.1499999999999999,0.2749999999999999,0.26,1.01,WAIT,14,UP_TOO_EXPENSIVE
2026-09-23 01:07:08,1790125628,btc-updown-5m-1790125500,172,86657.19,86568.09,89.10000000000582,15.220000000001164,48.4600000000064,54.54000000000815,37.19999999999709,0.78,0.79,0.785,0.21,0.22,0.215,761.6700000000001,1456.54,1673.42,1493.66,-0.31325708566817384,0.056758907258421004,0.030000000000000027,0.24,0.33,1.01,WAIT,11,UP_TOO_EXPENSIVE
2026-09-23 01:07:10,1790125629,btc-updown-5m-1790125500,171,86660.0,86568.09,91.91000000000349,2.820000000006985,51.270000000004075,57.35000000000582,40.00999999999476,0.79,0.8,0.795,0.13,0.15,0.14,3038.1000000000004,135.0,610.9,1016.1000000000001,0.9149097097475655,-0.24904732636754773,0.030000000000000027,0.25,0.34,0.9500000000000001,WAIT,13,UP_TOO_EXPENSIVE
2026-09-23 01:07:12,1790125631,btc-updown-5m-1790125500,169,86665.99,86568.09,97.90000000000873,8.80000000000291,48.91000000000349,75.34000000001106,53.5,0.88,0.89,0.885,0.1,0.11,0.10500000000000001,2131.95,970.94,946.3700000000001,3026.9700000000003,0.3741705313433605,-0.5236400610066091,0.06000000000000005,0.28,0.41000000000000003,1.0,WAIT,14,UP_TOO_EXPENSIVE
2026-09-23 01:07:14,1790125633,btc-updown-5m-1790125500,167,86690.0,86568.09,121.91000000000349,32.80999999999767,65.10000000000582,99.35000000000582,78.02999999999884,0.88,0.89,0.885,0.11,0.12,0.11499999999999999,3438.0,1035.2800000000002,963.51,3490.06,0.5371271192503039,-0.5673089229539449,0.09999999999999998,0.22499999999999998,0.43,1.01,WAIT,15,UP_TOO_EXPENSIVE
2026-09-23 01:07:15,1790125635,btc-updown-5m-1790125500,165,86690.0,86568.09,121.91000000000349,30.0,61.330000000001746,99.36000000000058,78.02999999999884,0.89,0.9,0.895,0.1,0.11,0.10500000000000001,2530.59,1722.3999999999999,2297.15,2085.1400000000003,0.19002866218824882,0.0483788156420501,0.09999999999999998,0.21999999999999997,0.43000000000000005,1.01,WAIT,13,UP_TOO_EXPENSIVE
2026-09-23 01:07:17,1790125636,btc-updown-5m-1790125500,164,86678.17,86568.09,110.08000000000175,12.179999999993015,49.5,87.52999999999884,66.19999999999709,0.86,0.87,0.865,0.13,0.14,0.135,2383.91,2062.38,1460.72,2696.91,0.07231422151951397,-0.2973304502805684,-0.020000000000000018,0.18999999999999995,0.4,1.01,WAIT,13,UP_TOO_EXPENSIVE
2026-09-23 01:07:19,1790125638,btc-updown-5m-1790125500,162,86678.17,86568.09,110.08000000000175,-11.830000000001746,36.19999999999709,69.44999999999709,66.20999999999185,0.87,0.88,0.875,0.12,0.13,0.125,3609.51,870.15,945.49,3169.51,0.6115106950081033,-0.5404665856622115,-0.010000000000000009,0.12,0.28,1.01,WAIT,12,UP_TOO_EXPENSIVE
2026-09-23 01:07:21,1790125640,btc-updown-5m-1790125500,160,86678.17,86568.09,110.08000000000175,-11.830000000001746,20.99000000000524,69.44999999999709,66.20999999999185,0.88,0.89,0.885,0.11,0.12,0.11499999999999999,2899.3599999999997,1331.91,1376.61,2940.02,0.37044433467965876,-0.36218299923783137,-0.010000000000000009,0.12,0.33499999999999996,1.01,WAIT,12,UP_TOO_EXPENSIVE
2026-09-23 01:07:22,1790125642,btc-updown-5m-1790125500,158,86690.13,86568.09,122.04000000000815,11.960000000006403,32.94000000000233,81.40000000000873,87.48000000001048,0.91,0.92,0.915,0.08,0.09,0.08499999999999999,3772.1600000000003,1535.5800000000002,1668.7,3984.2599999999998,0.421380851360466,-0.40961903144547274,0.050000000000000044,0.09000000000000008,0.37,1.01,WAIT,15,UP_TOO_EXPENSIVE
2026-09-23 01:07:24,1790125643,btc-updown-5m-1790125500,157,86690.14,86568.09,122.05000000000291,11.970000000001164,32.94999999999709,81.41000000000349,87.49000000000524,0.9,0.91,0.905,0.09,0.1,0.095,3150.5699999999997,2053.04,2033.04,3160.5699999999997,0.2109170364420085,-0.21709947416151767,0.030000000000000027,0.12,0.36,1.01,WAIT,13,UP_TOO_EXPENSIVE
2026-09-23 01:07:26,1790125645,btc-updown-5m-1790125500,155,86699.99,86568.09,131.90000000000873,21.820000000006985,39.99000000000524,82.91000000000349,97.34000000001106,0.92,0.93,0.925,0.07,0.08,0.07500000000000001,2143.38,2575.0,1812.29,2564.67,-0.09147631178497702,-0.17189556221669838,0.040000000000000036,0.13,0.32000000000000006,1.01,WAIT,13,UP_TOO_EXPENSIVE
2026-09-23 01:07:28,1790125647,btc-updown-5m-1790125500,153,86699.99,86568.09,131.90000000000873,9.860000000000582,34.0,75.09000000001106,97.33000000000175,0.92,0.93,0.925,0.07,0.08,0.07500000000000001,1199.58,2916.44,2477.9,507.0,-0.4171165349050782,0.660290126972428,0.010000000000000009,0.040000000000000036,0.265,1.01,WAIT,7,UP_TOO_EXPENSIVE
2026-09-23 01:07:29,1790125649,btc-updown-5m-1790125500,151,86678.17,86568.09,110.08000000000175,-11.970000000001164,-11.830000000001746,49.50999999999476,75.52000000000407,0.88,0.89,0.885,0.11,0.12,0.11499999999999999,2483.79,1679.6299999999999,1046.4699999999998,2636.79,0.19314890162414555,-0.4317696822923172,-0.020000000000000018,0.0,0.20999999999999996,1.01,WAIT,7,UP_TOO_EXPENSIVE
2026-09-23 01:07:31,1790125650,btc-updown-5m-1790125500,150,86678.18,86568.09,110.08999999999651,-21.810000000012224,-11.820000000006985,49.50999999999476,75.52999999999884,0.92,0.93,0.925,0.09,0.1,0.095,1973.87,2276.54,1365.89,1344.66,-0.07120960095614308,0.007832358746379893,0.0,0.030000000000000027,0.25,1.03,WAIT,6,UP_TOO_EXPENSIVE
2026-09-23 01:07:33,1790125652,btc-updown-5m-1790125500,148,86678.18,86568.09,110.08999999999651,-21.810000000012224,0.00999999999476131,36.20999999999185,75.52999999999884,0.9,0.91,0.905,0.09,0.1,0.095,1429.66,2198.39,1927.69,1703.3,-0.2118851724755722,0.06179857284101584,-0.020000000000000018,0.040000000000000036,0.15000000000000002,1.01,WAIT,6,UP_TOO_EXPENSIVE
2026-09-23 01:07:35,1790125654,btc-updown-5m-1790125500,146,86695.16,86568.09,127.07000000000698,16.99000000000524,16.99000000000524,37.98000000001048,92.5,0.93,0.94,0.935,0.06,0.07,0.065,2256.0,3020.0299999999997,3025.0299999999997,2203.85,-0.14481153443024392,0.15704701580453176,0.050000000000000044,0.06000000000000005,0.17000000000000004,1.01,WAIT,11,UP_TOO_EXPENSIVE
2026-09-23 01:07:36,1790125656,btc-updown-5m-1790125500,144,86697.03,86568.09,128.94000000000233,18.85000000000582,18.860000000000582,39.83999999999651,94.36999999999534,0.94,0.95,0.945,0.05,0.06,0.055,2989.7099999999996,6794.9,2252.45,2898.7099999999996,-0.3888954184172901,-0.12545911988755926,0.019999999999999907,0.05999999999999994,0.12,1.01,WAIT,9,UP_TOO_EXPENSIVE
2026-09-23 01:07:38,1790125658,btc-updown-5m-1790125500,142,86695.88,86568.09,127.79000000000815,17.70000000001164,5.740000000005239,38.69000000000233,93.23000000001048,0.93,0.94,0.935,0.06,0.07,0.065,2586.0299999999997,3872.7,3942.6299999999997,2737.29,-0.1992140869799481,0.18044228074587715,0.030000000000000027,0.030000000000000027,0.15000000000000002,1.01,WAIT,9,UP_TOO_EXPENSIVE
2026-09-23 01:07:40,1790125659,btc-updown-5m-1790125500,141,86695.88,86568.09,127.79000000000815,0.7200000000011642,5.740000000005239,35.88000000000466,93.23000000001048,0.92,0.93,0.925,0.07,0.08,0.07500000000000001,2405.0099999999998,2453.76,1860.1100000000001,2896.13,-0.010033403515704685,-0.21782332262459422,-0.010000000000000009,0.020000000000000018,0.13,1.01,WAIT,7,UP_TOO_EXPENSIVE
2026-09-23 01:07:42,1790125661,btc-updown-5m-1790125500,139,86686.2,86568.09,118.11000000000058,-10.830000000001746,-13.790000000008149,20.20999999999185,95.55000000000291,0.91,0.92,0.915,0.08,0.09,0.08499999999999999,1461.6,2214.2799999999997,2024.9700000000003,1538.1999999999998,-0.2047618529440569,0.1366115004336028,-0.029999999999999916,-0.010000000000000009,0.030000000000000027,1.01,WAIT,3,"BTC_ABOVE,BTC5-,BTC60+"
2026-09-23 01:07:43,1790125663,btc-updown-5m-1790125500,137,86686.2,86568.09,118.11000000000058,-9.680000000007567,-13.790000000008149,-3.8000000000029104,95.55000000000291,0.91,0.92,0.915,0.08,0.09,0.08499999999999999,1878.4499999999998,1725.97,1830.97,1846.85,0.04230361611576891,-0.00431777520378917,-0.020000000000000018,-0.010000000000000009,0.030000000000000027,1.01,WAIT,4,"BTC_ABOVE,BTC60+"
2026-09-23 01:07:45,1790125664,btc-updown-5m-1790125500,136,86686.21,86568.09,118.1200000000099,-9.669999999998254,8.040000000008149,-3.789999999993597,95.56000000001222,0.91,0.92,0.915,0.07,0.08,0.07500000000000001,2931.02,1399.38,1534.94,3048.64,0.35369480879364495,-0.3302440450477574,-0.010000000000000009,0.030000000000000027,0.030000000000000027,1.0,WAIT,6,UP_TOO_EXPENSIVE
2026-09-23 01:07:47,1790125666,btc-updown-5m-1790125500,134,86686.2,86568.09,118.11000000000058,0.0,8.020000000004075,8.029999999998836,95.55999999999767,0.92,0.93,0.925,0.07,0.08,0.07500000000000001,3085.58,1781.2200000000003,1245.75,3170.58,0.2680118352921837,-0.4358437888473008,0.010000000000000009,0.0,0.06000000000000005,1.01,WAIT,6,UP_TOO_EXPENSIVE
2026-09-23 01:07:49,1790125668,btc-updown-5m-1790125500,132,86686.21,86568.09,118.1200000000099,0.010000000009313226,8.030000000013388,8.040000000008149,77.49000000000524,0.92,0.93,0.925,0.07,0.08,0.07500000000000001,2942.6499999999996,2102.42,1403.85,2937.6499999999996,0.1665447654839278,-0.3532880340896003,0.010000000000000009,0.020000000000000018,0.050000000000000044,1.01,WAIT,5,"BTC_ABOVE,BTC60+"
2026-09-23 01:07:50,1790125670,btc-updown-5m-1790125500,130,86686.21,86568.09,118.1200000000099,0.0,-8.94999999999709,8.040000000008149,77.49000000000524,0.91,0.92,0.915,0.09,0.1,0.095,2360.22,1550.6999999999998,2592.1,2355.0,0.20698965972200917,0.04792706838349738,0.0,-0.020000000000000018,0.030000000000000027,1.02,WAIT,4,"BTC_ABOVE,BTC60+"
2026-09-23 01:07:52,1790125671,btc-updown-5m-1790125500,129,86678.82,86568.09,110.73000000001048,-7.379999999990105,-18.20999999999185,0.6500000000087311,70.10000000000582,0.9,0.91,0.905,0.09,0.1,0.095,2635.54,1358.64,1324.3700000000001,2672.4900000000002,0.319690149167038,-0.3372947763994736,-0.020000000000000018,-0.039999999999999925,0.020000000000000018,1.01,WAIT,6,UP_TOO_EXPENSIVE
2026-09-23 01:07:54,1790125673,btc-updown-5m-1790125500,127,86670.05,86568.09,101.9600000000064,-16.160000000003492,-25.830000000001746,-20.089999999996508,61.320000000006985,0.88,0.89,0.885,0.12,0.13,0.125,380.18,2127.54,2220.74,1003.9100000000001,-0.6967923053610451,0.3773525809002527,-0.040000000000000036,-0.050000000000000044,-0.020000000000000018,1.02,WAIT,-4,"BTC_ABOVE,BTC5-,BTC15-,BTC60+,PM5-,PM15-,DOWN_BOOK"
2026-09-23 01:07:56,1790125675,btc-updown-5m-1790125500,125,86666.0,86568.09,97.91000000000349,-20.210000000006403,-29.880000000004657,-33.99000000000524,48.919999999998254,0.87,0.88,0.875,0.12,0.13,0.125,1920.8700000000001,1197.99,1205.99,1890.8700000000001,0.2317769954406418,-0.2211530388845476,-0.040000000000000036,-0.050000000000000044,-0.050000000000000044,1.01,WAIT,-4,"BTC_ABOVE,BTC5-,BTC15-,BTC30-,BTC60+,PM5-,PM15-"
2026-09-23 01:07:57,1790125677,btc-updown-5m-1790125500,123,86666.0,86568.09,97.91000000000349,-12.820000000006985,-20.19999999999709,-33.99000000000524,41.10000000000582,0.88,0.89,0.885,0.11,0.12,0.11499999999999999,1808.53,1780.3799999999999,1466.5,1422.86,0.007843607111908655,0.01510369078273393,-0.020000000000000018,-0.030000000000000027,-0.040000000000000036,1.01,WAIT,-1,"BTC_ABOVE,BTC5-,BTC15-,BTC30-,BTC60+"
2026-09-23 01:07:59,1790125678,btc-updown-5m-1790125500,122,86674.96,86568.09,106.8700000000099,4.9100000000034925,-11.239999999990687,-25.029999999998836,50.060000000012224,0.94,0.95,0.945,0.04,0.05,0.045,2603.6800000000003,2524.11,2848.22,2020.3,0.015517406134026579,0.17005578697427554,0.05999999999999994,0.029999999999999916,0.019999999999999907,1.0,WAIT,5,"BTC_ABOVE,BTC60+,PM5+"
2026-09-23 01:08:01,1790125680,btc-updown-5m-1790125500,120,86681.33,86568.09,113.24000000000524,15.330000000001746,-4.880000000004657,3.150000000008731,52.66000000000349,0.95,0.96,0.955,0.04,0.05,0.045,1969.77,16400.19,3314.81,1889.77,-0.7855444432105458,0.27380499483147536,0.07999999999999996,0.039999999999999925,0.029999999999999916,1.01,WAIT,4,"BTC_ABOVE,BTC5+,BTC60+,PM5+,DOWN_BOOK"
2026-09-23 01:08:03,1790125682,btc-updown-5m-1790125500,118,86681.32,86568.09,113.23000000001048,15.320000000006985,-4.879999999990105,3.14000000001397,39.35000000000582,0.95,0.96,0.955,0.04,0.05,0.045,2140.2599999999998,16486.93,3567.02,1770.9099999999999,-0.7702004435451617,0.3364806207649782,0.06999999999999995,0.029999999999999916,0.04999999999999993,1.01,WAIT,3,"BTC_ABOVE,BTC5+,PM5+,DOWN_BOOK"
2026-09-23 01:08:04,1790125684,btc-updown-5m-1790125500,116,86681.33,86568.09,113.24000000000524,6.369999999995343,-4.880000000004657,-13.830000000001746,24.15000000000873,0.94,0.95,0.945,0.05,0.06,0.055,2800.6499999999996,3351.64,1661.2,2845.6499999999996,-0.08955852211127895,-0.26281105428403423,0.0,0.019999999999999907,0.009999999999999898,1.01,WAIT,4,BTC_ABOVE
2026-09-23 01:08:06,1790125685,btc-updown-5m-1790125500,115,86681.32,86568.09,113.23000000001048,-0.00999999999476131,-4.889999999999418,-13.839999999996508,24.14000000001397,0.94,0.95,0.945,0.05,0.06,0.055,2887.91,2963.3,1792.05,2887.91,-0.012884514485038193,-0.2341601210266754,-0.010000000000000009,0.029999999999999916,0.009999999999999898,1.01,WAIT,3,BTC_ABOVE
2026-09-23 01:08:08,1790125687,btc-updown-5m-1790125500,113,86681.33,86568.09,113.24000000000524,0.00999999999476131,2.5099999999947613,-15.69999999999709,24.139999999999418,0.94,0.95,0.945,0.05,0.06,0.055,2498.7000000000003,2925.48,1781.99,2498.7000000000003,-0.07868101722287972,-0.16742861548021468,-0.010000000000000009,0.039999999999999925,0.0,1.01,WAIT,3,BTC_ABOVE
2026-09-23 01:08:09,1790125689,btc-updown-5m-1790125500,111,86681.33,86568.09,113.24000000000524,0.0,11.279999999998836,-14.55000000000291,21.330000000001746,0.95,0.96,0.955,0.05,0.06,0.055,1574.6699999999998,16735.64,2140.33,2480.44,-0.8280018197398079,-0.07360461568093632,0.010000000000000009,0.06999999999999995,0.029999999999999916,1.02,WAIT,4,"BTC_ABOVE,PM15+"
2026-09-23 01:08:11,1790125690,btc-updown-5m-1790125500,110,86681.32,86568.09,113.23000000001048,0.0,15.320000000006985,-14.559999999997672,21.320000000006985,0.95,0.96,0.955,0.04,0.05,0.045,1798.19,16522.260000000002,3053.52,1753.19,-0.8036958699158591,0.27052391344599525,0.010000000000000009,0.07999999999999996,0.029999999999999916,1.01,WAIT,3,"BTC_ABOVE,PM15+,DOWN_BOOK"
2026-09-23 01:08:13,1790125692,btc-updown-5m-1790125500,108,86681.33,86568.09,113.24000000000524,0.0,15.330000000001746,-4.869999999995343,15.339999999996508,0.93,0.94,0.935,0.06,0.07,0.065,2740.04,2568.17,2702.36,961.9000000000001,0.032378146305440045,0.4749826704436912,-0.009999999999999898,0.050000000000000044,0.020000000000000018,1.01,WAIT,4,"BTC_ABOVE,PM15+,DOWN_BOOK"
2026-09-23 01:08:15,1790125694,btc-updown-5m-1790125500,106,86673.25,86568.09,105.16000000000349,-8.080000000001746,-1.7100000000064028,-12.960000000006403,-16.75,0.91,0.92,0.915,0.08,0.09,0.08499999999999999,2498.45,1315.86,3008.1600000000003,155.0,0.310040348057709,0.9019967374397754,-0.039999999999999925,-0.029999999999999916,0.0,1.01,WAIT,2,"BTC_ABOVE,PM5-,UP_BOOK,DOWN_BOOK"
2026-09-23 01:08:16,1790125696,btc-updown-5m-1790125500,104,86663.09,86568.09,95.0,-18.230000000010477,-18.24000000000524,-23.110000000000582,-15.080000000001746,0.88,0.89,0.885,0.11,0.12,0.11499999999999999,2111.72,1250.53,1209.62,2096.72,0.25613502862666365,-0.2683027153892219,-0.06999999999999995,-0.06999999999999995,-0.040000000000000036,1.01,WAIT,1,"BTC_ABOVE,BTC5-,PM5-,PM15-,UP_BOOK"
2026-09-23 01:08:18,1790125697,btc-updown-5m-1790125500,103,86663.08,86568.09,94.99000000000524,-18.25,-18.24000000000524,-23.119999999995343,-15.089999999996508,0.92,0.93,0.925,0.05,0.06,0.055,2947.91,1007.4,1688.8400000000001,1939.99,0.49060882712100945,-0.0692096350614385,-0.010000000000000009,-0.029999999999999916,0.0,0.99,WAIT,3,"BTC_ABOVE,BTC5-,UP_BOOK"
2026-09-23 01:08:20,1790125699,btc-updown-5m-1790125500,101,86663.08,86568.09,94.99000000000524,-10.169999999998254,-18.25,-23.130000000004657,-15.089999999996508,0.94,0.95,0.945,0.06,0.07,0.065,426.0,3947.0999999999995,2883.9000000000005,1068.1399999999999,-0.8051725320710709,0.45944879100413977,0.029999999999999916,0.0,0.019999999999999907,1.02,WAIT,0,"BTC_ABOVE,BTC5-,DOWN_BOOK"
2026-09-23 01:08:22,1790125701,btc-updown-5m-1790125500,99,86663.09,86568.09,95.0,0.0,-18.230000000010477,-15.730000000010477,-15.080000000001746,0.92,0.93,0.925,0.07,0.08,0.07500000000000001,1919.33,1527.8000000000002,1063.0,1987.33,0.11358144311354655,-0.3030262299488908,0.040000000000000036,-0.019999999999999907,0.020000000000000018,1.01,WAIT,5,"BTC_ABOVE,PM5+"
2026-09-23 01:08:23,1790125703,btc-updown-5m-1790125500,97,86663.09,86568.09,95.0,0.00999999999476131,-18.24000000000524,-6.960000000006403,-27.05000000000291,0.93,0.94,0.935,0.06,0.07,0.065,3238.1600000000003,1860.2,1860.2,3263.1600000000003,0.27027514730226976,-0.2738359201773836,0.010000000000000009,-0.009999999999999898,0.050000000000000044,1.01,WAIT,5,"BTC_ABOVE,UP_BOOK"
2026-09-23 01:08:25,1790125704,btc-updown-5m-1790125500,96,86663.09,86568.09,95.0,0.00999999999476131,-18.24000000000524,-6.960000000006403,-27.05000000000291,0.93,0.94,0.935,0.06,0.07,0.065,2969.37,2017.5900000000001,1990.5900000000001,3089.91,0.19085374657105728,-0.21638027753173894,-0.009999999999999898,-0.019999999999999907,0.050000000000000044,1.01,WAIT,3,BTC_ABOVE
2026-09-23 01:08:27,1790125706,btc-updown-5m-1790125500,94,86663.09,86568.09,95.0,0.0,-18.230000000010477,-2.9100000000034925,-36.90000000000873,0.93,0.94,0.935,0.06,0.07,0.065,3160.28,2047.39,2037.39,3094.54,0.21370209709908655,-0.20599462580354755,0.010000000000000009,-0.019999999999999907,0.06000000000000005,1.01,WAIT,3,BTC_ABOVE
2026-09-23 01:08:29,1790125708,btc-updown-5m-1790125500,92,86653.06,86568.09,84.97000000000116,-10.029999999998836,-28.270000000004075,-21.90000000000873,-46.93000000000757,0.89,0.9,0.895,0.1,0.11,0.10500000000000001,987.61,1298.81,1820.8500000000001,1840.58,-0.1361079766622055,-0.0053886049985933885,-0.040000000000000036,-0.040000000000000036,-0.04999999999999993,1.01,WAIT,-2,"BTC_ABOVE,BTC5-,BTC15-,BTC60-,PM5-"
2026-09-23 01:08:31,1790125710,btc-updown-5m-1790125500,90,86653.07,86568.09,84.98000000001048,-10.019999999989523,-20.179999999993015,-28.25999999999476,-25.10999999998603,0.89,0.9,0.895,0.1,0.11,0.10500000000000001,1334.6999999999998,1638.6000000000001,1486.67,1840.9299999999998,-0.10220966602764615,-0.10646111311455697,-0.040000000000000036,-0.020000000000000018,-0.05999999999999994,1.01,WAIT,-1,"BTC_ABOVE,BTC5-,BTC15-,PM5-"
2026-09-23 01:08:33,1790125712,btc-updown-5m-1790125500,88,86653.07,86568.09,84.98000000001048,-10.019999999989523,-10.009999999994761,-28.25,-25.10999999998603,0.95,0.96,0.955,0.04,0.05,0.045,1654.9099999999999,15997.269999999999,2644.8900000000003,1725.94,-0.8124979464292795,0.21024610886261882,0.019999999999999907,0.029999999999999916,0.0,1.01,WAIT,1,"BTC_ABOVE,BTC5-"
2026-09-23 01:08:34,1790125714,btc-updown-5m-1790125500,86,86665.83,86568.09,97.74000000000524,12.770000000004075,2.75,-15.5,-29.330000000001746,0.96,0.97,0.965,0.03,0.04,0.035,2597.08,11788.23,11707.23,2617.16,-0.638926098916186,0.6345868829318386,0.06999999999999995,0.020000000000000018,0.020000000000000018,1.01,WAIT,3,"BTC_ABOVE,BTC5+,PM5+,DOWN_BOOK"
2026-09-23 01:08:36,1790125715,btc-updown-5m-1790125500,85,86665.82,86568.09,97.73000000001048,12.75,2.7400000000052387,-15.5,-29.339999999996508,0.95,0.96,0.955,0.04,0.05,0.045,2758.25,12041.18,3222.44,1235.73,-0.6272491575689064,0.44563352227483477,0.05999999999999994,0.010000000000000009,0.010000000000000009,1.01,WAIT,3,"BTC_ABOVE,BTC5+,PM5+,DOWN_BOOK"
2026-09-23 01:08:38,1790125717,btc-updown-5m-1790125500,83,86665.82,86568.09,97.73000000001048,12.75,2.7300000000104774,-15.509999999994761,-31.20999999999185,0.96,0.97,0.965,0.03,0.04,0.035,2581.1400000000003,11727.19,11772.970000000001,2601.78,-0.6392115641727579,0.6380069218595106,0.010000000000000009,0.039999999999999925,0.020000000000000018,1.01,WAIT,2,"BTC_ABOVE,BTC5+,DOWN_BOOK"
2026-09-23 01:08:40,1790125719,btc-updown-5m-1790125500,81,86680.46,86568.09,112.3700000000099,14.630000000004657,17.370000000009895,-0.8699999999953434,-15.419999999998254,0.98,0.99,0.985,0.01,0.02,0.015,2962.3,443.86,635.0,3101.07,0.7393780679709702,-0.6600706089553997,0.020000000000000018,0.04999999999999993,0.030000000000000027,1.01,WAIT,6,UP_TOO_EXPENSIVE
2026-09-23 01:08:41,1790125721,btc-updown-5m-1790125500,79,86680.47,86568.09,112.38000000000466,14.64999999999418,17.380000000004657,-0.8500000000058208,-5.7299999999959255,0.98,0.99,0.985,,0.01,,3799.56,165.38,0,4955.139999999999,0.9165788132985618,-1.0,0.030000000000000027,0.04999999999999993,0.030000000000000027,1.0,WAIT,7,UP_TOO_EXPENSIVE
2026-09-23 01:08:43,1790125722,btc-updown-5m-1790125500,78,86680.47,86568.09,112.38000000000466,14.64999999999418,17.380000000004657,-0.8600000000005821,-5.7299999999959255,0.99,,,,0.01,,6576.74,0,0,6586.74,1.0,-1.0,,,,,WAIT,6,UP_TOO_EXPENSIVE
2026-09-23 01:08:45,1790125724,btc-updown-5m-1790125500,76,86680.47,86568.09,112.38000000000466,0.00999999999476131,27.410000000003492,7.220000000001164,-5.740000000005239,0.99,,,,0.01,,6351.9,0,0,6270.33,1.0,-1.0,,,,,WAIT,7,UP_TOO_EXPENSIVE
2026-09-23 01:08:46,1790125726,btc-updown-5m-1790125500,74,86680.47,86568.09,112.38000000000466,0.0,27.39999999999418,17.380000000004657,-5.7299999999959255,0.99,,,,0.01,,5112.32,0,0,5132.32,1.0,-1.0,,,,,WAIT,7,UP_TOO_EXPENSIVE
2026-09-23 01:08:49,1790125727,btc-updown-5m-1790125500,73,86680.46,86568.09,112.3700000000099,-0.00999999999476131,27.389999999999418,17.380000000004657,-5.739999999990687,0.99,,,,0.01,,4446.61,0,0,4446.31,1.0,-1.0,,,,,WAIT,7,UP_TOO_EXPENSIVE
2026-09-23 01:08:50,1790125730,btc-updown-5m-1790125500,70,86670.73,86568.09,102.63999999999942,-9.740000000005239,4.9099999999889405,7.649999999994179,-15.480000000010477,0.99,,,,0.01,,3877.9400000000005,0,0,3872.9400000000005,1.0,-1.0,,,,,WAIT,5,"BTC_ABOVE,UP_BOOK"
2026-09-23 01:08:52,1790125731,btc-updown-5m-1790125500,69,86670.74,86568.09,102.65000000000873,-9.729999999995925,4.919999999998254,7.650000000008731,-8.080000000001746,0.99,,,,0.01,,4058.9400000000005,0,0,4387.13,1.0,-1.0,,,,,WAIT,5,"BTC_ABOVE,UP_BOOK"
2026-09-23 01:08:54,1790125733,btc-updown-5m-1790125500,67,86670.74,86568.09,102.65000000000873,-9.720000000001164,4.919999999998254,7.650000000008731,0.6900000000023283,0.99,,,,0.01,,5427.13,0,0,5505.790000000001,1.0,-1.0,,,,,WAIT,5,"BTC_ABOVE,UP_BOOK"
2026-09-23 01:08:56,1790125735,btc-updown-5m-1790125500,65,86670.73,86568.09,102.63999999999942,0.0,-9.730000000010477,7.639999999999418,4.7299999999959255,0.99,,,,0.01,,5238.1,0,0,5471.22,1.0,-1.0,,,,,WAIT,5,"BTC_ABOVE,UP_BOOK"
2026-09-23 01:08:57,1790125737,btc-updown-5m-1790125500,63,86670.73,86568.09,102.63999999999942,-0.010000000009313226,-9.740000000005239,7.639999999999418,4.7299999999959255,0.99,,,,0.01,,5178.18,0,0,5178.18,1.0,-1.0,,,,,WAIT,5,"BTC_ABOVE,UP_BOOK"
2026-09-23 01:08:59,1790125738,btc-updown-5m-1790125500,62,86670.74,86568.09,102.65000000000873,0.0,-9.729999999995925,17.680000000007567,-4.220000000001164,0.99,,,,0.01,,5423.18,0,0,7101.179999999999,1.0,-1.0,,,,,WAIT,5,"BTC_ABOVE,UP_BOOK"
2026-09-23 01:09:01,1790125740,btc-updown-5m-1790125500,60,86670.74,86568.09,102.65000000000873,0.010000000009313226,-9.729999999995925,17.669999999998254,-10.589999999996508,0.99,,,,0.01,,10701.29,0,0,10711.29,1.0,-1.0,,,,,WAIT,5,"BTC_ABOVE,UP_BOOK"
2026-09-23 01:09:03,1790125742,btc-updown-5m-1790125500,58,86681.33,86568.09,113.24000000000524,10.60000000000582,0.8699999999953434,28.25999999999476,0.00999999999476131,0.99,,,,0.01,,14024.43,0,0,15053.48,1.0,-1.0,,,,,WAIT,6,UP_TOO_EXPENSIVE
2026-09-23 01:09:04,1790125744,btc-updown-5m-1790125500,56,86681.32,86568.09,113.23000000001048,10.580000000001746,0.8600000000005821,15.490000000005239,-0.00999999999476131,0.99,,,,0.01,,15169.91,0,0,15159.91,1.0,-1.0,,,,,WAIT,6,UP_TOO_EXPENSIVE
2026-09-23 01:09:06,1790125745,btc-updown-5m-1790125500,55,86681.33,86568.09,113.24000000000524,10.589999999996508,10.60000000000582,15.509999999994761,0.00999999999476131,0.99,,,,0.01,,18176.42,0,0,18277.42,1.0,-1.0,,,,,WAIT,6,UP_TOO_EXPENSIVE
2026-09-23 01:09:08,1790125747,btc-updown-5m-1790125500,53,86681.32,86568.09,113.23000000001048,-0.00999999999476131,10.580000000001746,15.5,-0.00999999999476131,0.99,,,,0.01,,18278.95,0,0,18238.95,1.0,-1.0,,,,,WAIT,5,"BTC_ABOVE,UP_BOOK"
2026-09-23 01:09:10,1790125749,btc-updown-5m-1790125500,51,86681.32,86568.09,113.23000000001048,0.0,10.580000000001746,0.8600000000005821,-0.00999999999476131,0.99,,,,0.01,,18253.95,0,0,18273.95,1.0,-1.0,,,,,WAIT,5,"BTC_ABOVE,UP_BOOK"
2026-09-23 01:09:11,1790125751,btc-updown-5m-1790125500,49,86681.32,86568.09,113.23000000001048,-0.00999999999476131,10.59000000001106,0.8500000000058208,0.0,0.99,,,,0.01,,18412.260000000002,0,0,18453.260000000002,1.0,-1.0,,,,,WAIT,5,"BTC_ABOVE,UP_BOOK"
2026-09-23 01:09:13,1790125752,btc-updown-5m-1790125500,48,86681.32,86568.09,113.23000000001048,0.0,10.59000000001106,0.8500000000058208,-0.00999999999476131,0.99,,,,0.01,,21681.7,0,0,21681.7,1.0,-1.0,,,,,WAIT,5,"BTC_ABOVE,UP_BOOK"
2026-09-23 01:09:15,1790125754,btc-updown-5m-1790125500,46,86681.32,86568.09,113.23000000001048,0.0,10.580000000001746,0.8500000000058208,8.070000000006985,0.99,,,,0.01,,29861.42,0,0,29911.42,1.0,-1.0,,,,,WAIT,5,"BTC_ABOVE,UP_BOOK"
2026-09-23 01:09:17,1790125756,btc-updown-5m-1790125500,44,86681.33,86568.09,113.24000000000524,0.00999999999476131,10.589999999996508,0.8600000000005821,18.24000000000524,0.99,,,,0.01,,30091.38,0,0,30091.38,1.0,-1.0,,,,,WAIT,5,"BTC_ABOVE,UP_BOOK"
2026-09-23 01:09:18,1790125758,btc-updown-5m-1790125500,42,86681.33,86568.09,113.24000000000524,0.00999999999476131,0.0,0.8699999999953434,18.25,0.99,,,,0.01,,30136.29,0,0,30086.29,1.0,-1.0,,,,,WAIT,5,"BTC_ABOVE,UP_BOOK"
2026-09-23 01:09:20,1790125759,btc-updown-5m-1790125500,41,86681.32,86568.09,113.23000000001048,0.0,0.0,0.8600000000005821,18.24000000000524,0.99,,,,0.01,,30133.59,0,0,30133.59,1.0,-1.0,,,,,WAIT,5,"BTC_ABOVE,UP_BOOK"
2026-09-23 01:09:22,1790125761,btc-updown-5m-1790125500,39,86681.33,86568.09,113.24000000000524,0.0,0.0,10.589999999996508,18.24000000000524,0.99,,,,0.01,,30133.19,0,0,30133.19,1.0,-1.0,,,,,WAIT,5,"BTC_ABOVE,UP_BOOK"
2026-09-23 01:09:24,1790125763,btc-updown-5m-1790125500,37,86674.9,86568.09,106.80999999999767,-6.430000000007567,-6.420000000012806,4.1599999999889405,11.809999999997672,0.99,,,,0.01,,30030.850000000002,0,0,30055.850000000002,1.0,-1.0,,,,,WAIT,5,"BTC_ABOVE,UP_BOOK"
2026-09-23 01:09:25,1790125765,btc-updown-5m-1790125500,35,86674.91,86568.09,106.82000000000698,-6.4100000000034925,-6.4100000000034925,4.180000000007567,11.820000000006985,0.99,,,,0.01,,30115.850000000002,0,0,30105.850000000002,1.0,-1.0,,,,,WAIT,5,"BTC_ABOVE,UP_BOOK"
2026-09-23 01:09:27,1790125766,btc-updown-5m-1790125500,34,86672.96,86568.09,104.8700000000099,-8.369999999995343,-8.360000000000582,2.2300000000104774,9.870000000009895,0.99,,,,0.01,,31195.28,0,0,31195.28,1.0,-1.0,,,,,WAIT,5,"BTC_ABOVE,UP_BOOK"
2026-09-23 01:09:29,1790125768,btc-updown-5m-1790125500,32,86670.2,86568.09,102.11000000000058,-4.69999999999709,-11.120000000009895,-0.5400000000081491,17.139999999999418,0.99,,,,0.01,,33162.28,0,0,33172.28,1.0,-1.0,,,,,WAIT,5,"BTC_ABOVE,UP_BOOK"
2026-09-23 01:09:31,1790125770,btc-updown-5m-1790125500,30,86667.37,86568.09,99.27999999999884,-7.540000000008149,-13.950000000011642,-3.3700000000098953,14.299999999988358,0.99,,,,0.01,,48669.38,0,0,48674.38,1.0,-1.0,,,,,WAIT,5,"BTC_ABOVE,UP_BOOK"
2026-09-23 01:09:32,1790125772,btc-updown-5m-1790125500,28,86667.37,86568.09,99.27999999999884,-5.5900000000110595,-13.960000000006403,-13.960000000006403,14.299999999988358,0.99,,,,0.01,,48692.43,0,0,48692.43,1.0,-1.0,,,,,WAIT,5,"BTC_ABOVE,UP_BOOK"
2026-09-23 01:09:34,1790125773,btc-updown-5m-1790125500,27,86655.99,86568.09,87.90000000000873,-14.209999999991851,-25.339999999996508,-25.339999999996508,2.9199999999982538,0.99,,,,0.01,,48472.43,0,0,48472.43,1.0,-1.0,,,,,WAIT,2,"BTC_ABOVE,BTC5-,BTC15-,UP_BOOK"
2026-09-23 01:09:36,1790125775,btc-updown-5m-1790125500,25,86652.4,86568.09,84.30999999999767,-14.970000000001164,-28.920000000012806,-28.930000000007567,-13.420000000012806,0.99,,,,0.01,,48537.43,0,0,48522.43,1.0,-1.0,,,,,WAIT,2,"BTC_ABOVE,BTC5-,BTC15-,UP_BOOK"
2026-09-23 01:09:38,1790125777,btc-updown-5m-1790125500,23,86652.39,86568.09,84.30000000000291,-14.979999999995925,-28.94000000000233,-28.930000000007567,-13.430000000007567,0.99,,,,0.01,,48696.1,0,0,48666.1,1.0,-1.0,,,,,WAIT,2,"BTC_ABOVE,BTC5-,BTC15-,UP_BOOK"
2026-09-23 01:09:39,1790125779,btc-updown-5m-1790125500,21,86650.38,86568.09,82.29000000000815,-5.610000000000582,-24.519999999989523,-30.94000000000233,-30.080000000001746,0.99,,,,0.01,,48971.1,0,0,48846.1,1.0,-1.0,,,,,WAIT,1,"BTC_ABOVE,BTC15-,BTC30-,UP_BOOK"
2026-09-23 01:09:41,1790125780,btc-updown-5m-1790125500,20,86634.54,86568.09,66.44999999999709,-17.860000000000582,-40.370000000009895,-46.78000000001339,-45.920000000012806,0.99,,,,0.01,,48760.1,0,0,48775.1,1.0,-1.0,,,,,WAIT,-1,"BTC_ABOVE,BTC5-,BTC15-,BTC30-,BTC60-,UP_BOOK"
2026-09-23 01:09:43,1790125782,btc-updown-5m-1790125500,18,86634.55,86568.09,66.4600000000064,-17.839999999996508,-38.41000000000349,-46.770000000004075,-45.919999999998254,0.99,,,,0.01,,48713.579999999994,0,0,48713.579999999994,1.0,-1.0,,,,,WAIT,0,TIME_FILTER
2026-09-23 01:09:45,1790125784,btc-updown-5m-1790125500,16,86634.54,86568.09,66.44999999999709,-15.84000000001106,-35.66000000000349,-46.78000000001339,-45.93000000000757,0.99,,,,0.01,,48773.579999999994,0,0,48773.579999999994,1.0,-1.0,,,,,WAIT,0,TIME_FILTER
2026-09-23 01:09:46,1790125786,btc-updown-5m-1790125500,14,86632.76,86568.09,64.66999999999825,-1.7799999999988358,-34.61000000000058,-48.570000000006985,-47.7100000000064,0.99,,,,0.01,,48883.579999999994,0,0,48873.579999999994,1.0,-1.0,,,,,WAIT,0,TIME_FILTER
2026-09-23 01:09:48,1790125787,btc-updown-5m-1790125500,13,86632.76,86568.09,64.66999999999825,-1.790000000008149,-34.61000000000058,-48.570000000006985,-47.70000000001164,0.99,,,,0.01,,49363.579999999994,0,0,49373.579999999994,1.0,-1.0,,,,,WAIT,0,TIME_FILTER
2026-09-23 01:09:50,1790125789,btc-updown-5m-1790125500,11,86626.4,86568.09,58.30999999999767,-8.139999999999418,-29.59000000001106,-54.920000000012806,-54.060000000012224,0.99,,,,0.01,,49218.579999999994,0,0,49249.63,1.0,-1.0,,,,,WAIT,0,TIME_FILTER
2026-09-23 01:09:52,1790125791,btc-updown-5m-1790125500,9,86626.39,86568.09,58.30000000000291,-6.369999999995343,-26.00999999999476,-54.94000000000233,-44.35000000000582,0.99,,,,0.01,,49289.63,0,0,49809.63,1.0,-1.0,,,,,WAIT,0,TIME_FILTER
2026-09-23 01:09:53,1790125793,btc-updown-5m-1790125500,7,86626.4,86568.09,58.30999999999767,-6.360000000000582,-25.99000000000524,-48.5,-44.34000000001106,0.99,,,,0.01,,58104.63,0,0,58119.63,1.0,-1.0,,,,,WAIT,0,TIME_FILTER
2026-09-23 01:09:55,1790125794,btc-updown-5m-1790125500,6,86626.39,86568.09,58.30000000000291,-0.00999999999476131,-23.99000000000524,-48.50999999999476,-44.35000000000582,0.99,,,,0.01,,58039.53,0,0,58289.53,1.0,-1.0,,,,,WAIT,0,TIME_FILTER
2026-09-23 01:09:57,1790125796,btc-updown-5m-1790125500,4,86615.4,86568.09,47.30999999999767,-10.990000000005239,-19.139999999999418,-57.560000000012224,-55.330000000001746,0.99,,,,0.01,,57925.6,0,0,57900.6,1.0,-1.0,,,,,WAIT,0,TIME_FILTER
2026-09-23 01:09:58,1790125798,btc-updown-5m-1790125500,2,86615.39,86568.09,47.30000000000291,-11.009999999994761,-19.160000000003492,-54.80999999999767,-55.35000000000582,0.99,,,,0.01,,69437.90000000001,0,0,69427.90000000001,1.0,-1.0,,,,,WAIT,0,TIME_FILTER
2026-09-23 01:10:00,1790125799,btc-updown-5m-1790125500,1,86615.39,86568.09,47.30000000000291,-11.0,-19.14999999999418,-54.80999999999767,-55.35000000000582,0.99,,,,0.01,,67478.15,0,0,67478.15,1.0,-1.0,,,,,WAIT,0,TIME_FILTER
2026-09-23 01:10:03,1790125801,btc-updown-5m-1790125800,299,86606.21,86606.21,0.0,,,,,0.25,0.26,0.255,0.75,0.76,0.755,1500.97,2478.77,2183.77,1634.0,-0.2456944423505053,0.14400291269510734,,,,1.02,WAIT,0,TIME_FILTER
2026-09-23 01:10:04,1790125804,btc-updown-5m-1790125800,296,86606.2,86606.21,-0.010000000009313226,,,,,0.24,0.25,0.245,0.75,0.76,0.755,2300.31,1295.44,1390.24,2248.65,0.27946047417089614,-0.23589885926752388,,,,1.01,WAIT,0,TIME_FILTER
2026-09-23 01:10:06,1790125805,btc-updown-5m-1790125800,295,86606.2,86606.21,-0.010000000009313226,,,,,0.23,0.24,0.235,0.76,0.77,0.765,2464.06,1171.63,1011.52,2401.54,0.3554841034301604,-0.40726503489537247,,,,1.01,WAIT,0,TIME_FILTER
2026-09-23 01:10:08,1790125807,btc-updown-5m-1790125800,293,86606.2,86606.21,-0.010000000009313226,-0.010000000009313226,,,,0.23,0.24,0.235,0.76,0.77,0.765,2091.4,2193.38,2193.38,1882.4,-0.023800521847096003,0.07629950586145474,-0.020000000000000018,,,1.01,WAIT,0,TIME_FILTER
2026-09-23 01:10:09,1790125809,btc-updown-5m-1790125800,291,86606.2,86606.21,-0.010000000009313226,0.0,,,,0.23,0.24,0.235,0.76,0.77,0.765,1984.1000000000001,2193.96,1912.04,2114.1,-0.05022905367562933,-0.05018702777350016,-0.010000000000000009,,,1.01,WAIT,0,TIME_FILTER
2026-09-23 01:10:11,1790125810,btc-updown-5m-1790125800,290,86606.2,86606.21,-0.010000000009313226,0.0,,,,0.22,0.23,0.225,0.77,0.78,0.775,1836.0499999999997,2802.87,2727.87,1851.0499999999997,-0.20841488967259625,0.19149056982869325,-0.009999999999999981,,,1.01,WAIT,0,TIME_FILTER
2026-09-23 01:10:13,1790125812,btc-updown-5m-1790125800,288,86602.3,86606.21,-3.9100000000034925,-3.8999999999941792,,,,0.22,0.23,0.225,0.77,0.78,0.775,2038.0499999999997,2787.08,2800.11,2013.0499999999997,-0.155235195735659,0.16352250912082716,-0.009999999999999981,,,1.01,WAIT,0,TIME_FILTER
2026-09-23 01:10:15,1790125814,btc-updown-5m-1790125800,286,86602.3,86606.21,-3.9100000000034925,-3.8999999999941792,,,,0.22,0.23,0.225,0.77,0.78,0.775,2911.1499999999996,1797.96,1789.8700000000001,2810.6099999999997,0.2363907405008589,-0.22187684763329035,-0.009999999999999981,,,1.01,WAIT,0,TIME_FILTER
2026-09-23 01:10:17,1790125816,btc-updown-5m-1790125800,284,86602.3,86606.21,-3.9100000000034925,-3.8999999999941792,-3.9100000000034925,,,0.22,0.23,0.225,0.77,0.78,0.775,2697.68,1832.91,1091.21,2679.37,0.1908735948298124,-0.42119779980798705,0.0,-0.03,,1.01,WAIT,0,TIME_FILTER
2026-09-23 01:10:18,1790125818,btc-updown-5m-1790125800,282,86602.31,86606.21,-3.900000000008731,0.00999999999476131,-3.900000000008731,,,0.22,0.23,0.225,0.77,0.78,0.775,2271.9,2329.4700000000003,2517.4700000000003,2271.9,-0.012511491142855314,0.05127396713972822,0.0,-0.03,,1.01,WAIT,0,TIME_FILTER
2026-09-23 01:10:20,1790125819,btc-updown-5m-1790125800,281,86602.3,86606.21,-3.9100000000034925,0.0,-3.8999999999941792,,,0.22,0.23,0.225,0.77,0.78,0.775,2804.9,1930.75,1940.75,2814.9,0.1845892327346827,-0.18381293829444978,0.0,-0.01999999999999999,,1.01,WAIT,0,TIME_FILTER
2026-09-23 01:10:22,1790125821,btc-updown-5m-1790125800,279,86602.3,86606.21,-3.9100000000034925,0.0,-3.8999999999941792,,,0.22,0.23,0.225,0.77,0.78,0.775,2275.35,2479.19,2417.31,2204.35,-0.0428727069285357,0.04607868168580122,0.0,-0.009999999999999981,,1.01,WAIT,0,TIME_FILTER
2026-09-23 01:10:24,1790125823,btc-updown-5m-1790125800,277,86602.31,86606.21,-3.900000000008731,0.0,-3.889999999999418,,,0.21,0.22,0.215,0.78,0.79,0.785,2977.25,1497.58,1487.59,2935.55,0.3306650755447693,-0.32736020112408837,-0.010000000000000009,-0.01999999999999999,,1.01,WAIT,0,TIME_FILTER
2026-09-23 01:10:25,1790125825,btc-updown-5m-1790125800,275,86602.3,86606.21,-3.9100000000034925,0.0,-3.8999999999941792,,,0.23,0.24,0.235,0.76,0.77,0.765,1939.0,2431.8199999999997,2417.6499999999996,1994.0,-0.11275229819576184,0.0960298301089161,0.009999999999999981,0.009999999999999981,,1.01,WAIT,0,TIME_FILTER
2026-09-23 01:10:27,1790125826,btc-updown-5m-1790125800,274,86602.31,86606.21,-3.900000000008731,0.00999999999476131,-3.889999999999418,,,0.24,0.25,0.245,0.75,0.76,0.755,1768.0,2485.52,2485.52,1727.0,-0.1686885215068931,0.18006324005583355,0.01999999999999999,0.01999999999999999,,1.01,WAIT,0,TIME_FILTER
2026-09-23 01:10:29,1790125828,btc-updown-5m-1790125800,272,86602.3,86606.21,-3.9100000000034925,-0.00999999999476131,0.0,,,0.24,0.25,0.245,0.75,0.76,0.755,1475.68,2570.46,2495.4300000000003,1494.68,-0.270573929720672,0.2508076218450118,0.03,0.01999999999999999,,1.01,WAIT,0,TIME_FILTER
2026-09-23 01:10:30,1790125830,btc-updown-5m-1790125800,270,86602.3,86606.21,-3.9100000000034925,0.0,0.0,,,0.24,0.25,0.245,0.75,0.76,0.755,2648.94,1927.3200000000002,1719.0,2868.04,0.15768771879220145,-0.2504970525654889,0.010000000000000009,0.01999999999999999,,1.01,WAIT,1,
2026-09-23 01:10:32,1790125831,btc-updown-5m-1790125800,269,86602.3,86606.21,-3.9100000000034925,-0.00999999999476131,0.0,-3.9100000000034925,,0.25,0.26,0.255,0.74,0.75,0.745,1827.76,2731.3599999999997,2736.3599999999997,1618.63,-0.19819614311533798,0.2566550095407796,0.010000000000000009,0.03,0.0,1.01,WAIT,-1,DOWN_BOOK
2026-09-23 01:10:34,1790125833,btc-updown-5m-1790125800,267,86602.3,86606.21,-3.9100000000034925,0.0,-0.00999999999476131,-3.9100000000034925,,0.25,0.26,0.255,0.74,0.75,0.745,1985.59,2561.24,2632.2299999999996,1865.63,-0.1266046894209812,0.1704366076311845,0.010000000000000009,0.03,0.0,1.01,WAIT,0,
2026-09-23 01:10:36,1790125835,btc-updown-5m-1790125800,265,86602.3,86606.21,-3.9100000000034925,0.0,0.0,-3.8999999999941792,,0.22,0.23,0.225,0.77,0.78,0.775,1645.49,2070.48,2155.48,1599.45,-0.11436852288904377,0.14807999083871068,-0.01999999999999999,0.0,-0.009999999999999981,1.01,WAIT,0,
2026-09-23 01:10:37,1790125837,btc-updown-5m-1790125800,263,86609.9,86606.21,3.6899999999877764,7.599999999991269,7.599999999991269,3.6999999999970896,,0.26,0.27,0.265,0.72,0.74,0.73,2348.37,930.53,1127.4500000000003,2473.43,0.4324133093415475,-0.3737919619648529,0.010000000000000009,0.04000000000000001,0.030000000000000027,1.01,WAIT,2,UP_BOOK
2026-09-23 01:10:39,1790125838,btc-updown-5m-1790125800,262,86609.9,86606.21,3.6899999999877764,7.599999999991269,7.5899999999965075,3.6999999999970896,,0.28,0.29,0.28500000000000003,0.71,0.72,0.715,1832.98,1713.7900000000002,2417.79,1832.98,0.033605223907949996,0.13757742714849308,0.030000000000000027,0.07000000000000003,0.050000000000000044,1.01,WAIT,3,"PM5+,PM15+"
2026-09-23 01:10:41,1790125840,btc-updown-5m-1790125800,260,86609.9,86606.21,3.6899999999877764,7.599999999991269,7.599999999991269,3.6999999999970896,,0.21,0.22,0.215,0.78,0.79,0.785,1423.51,1579.3999999999999,2073.5699999999997,1751.06,-0.05191297774492072,0.08432449674870506,-0.010000000000000009,-0.01999999999999999,-0.010000000000000009,1.01,WAIT,0,
2026-09-23 01:10:43,1790125842,btc-updown-5m-1790125800,258,86609.91,86606.21,3.6999999999970896,0.010000000009313226,7.600000000005821,7.610000000000582,,0.2,0.21,0.20500000000000002,0.79,0.8,0.795,444.0,2048.13,2865.3100000000004,836.92,-0.6436782992861528,0.5478833027661707,-0.06,-0.03999999999999998,-0.01999999999999999,1.01,WAIT,-3,"PM5-,DOWN_BOOK"
2026-09-23 01:10:45,1790125844,btc-updown-5m-1790125800,256,86600.01,86606.21,-6.2000000000116415,-9.889999999999418,-2.290000000008149,-2.290000000008149,,0.19,0.2,0.195,0.8,0.81,0.805,2484.51,2111.7799999999997,2138.7799999999997,2454.51,0.08109366467302988,-0.06873722321037871,-0.09000000000000002,-0.04999999999999999,-0.03,1.01,WAIT,-1,PM5-
2026-09-23 01:10:46,1790125846,btc-updown-5m-1790125800,254,86600.0,86606.21,-6.210000000006403,-9.89999999999418,-2.3000000000029104,-2.3000000000029104,,0.2,0.21,0.20500000000000002,0.79,0.8,0.795,1729.32,2255.31,2568.84,1211.32,-0.13200472816798547,0.3591170744095489,-0.009999999999999981,-0.04999999999999999,-0.01999999999999999,1.01,WAIT,-1,DOWN_BOOK
2026-09-23 01:10:48,1790125847,btc-updown-5m-1790125800,253,86600.01,86606.21,-6.2000000000116415,-9.900000000008731,-2.290000000008149,-2.290000000008149,,0.19,0.2,0.195,0.8,0.81,0.805,2218.04,2580.0299999999997,2560.0299999999997,2188.04,-0.07544491847763785,0.0783455172312118,-0.010000000000000009,-0.06,-0.03,1.01,WAIT,-2,PM15-
2026-09-23 01:10:50,1790125849,btc-updown-5m-1790125800,251,86585.15,86606.21,-21.060000000012224,-14.860000000000582,-17.15000000000873,-17.15000000000873,,0.14,0.15,0.14500000000000002,0.85,0.86,0.855,670.78,2963.8199999999997,3234.17,893.48,-0.6308919826115666,0.56707569682507,-0.04999999999999999,-0.10999999999999999,-0.07999999999999999,1.01,WAIT,-9,DOWN_TOO_EXPENSIVE
2026-09-23 01:10:52,1790125851,btc-updown-5m-1790125800,249,86584.68,86606.21,-21.530000000013388,-15.320000000006985,-17.620000000009895,-17.620000000009895,,0.14,0.15,0.14500000000000002,0.85,0.86,0.855,655.29,2695.62,2895.62,1308.99,-0.60888833182628,0.37735485574167404,-0.06,-0.07999999999999999,-0.07999999999999999,1.01,WAIT,-9,DOWN_TOO_EXPENSIVE
2026-09-23 01:10:53,1790125853,btc-updown-5m-1790125800,247,86576.15,86606.21,-30.060000000012224,-23.860000000000582,-33.75,-26.160000000003492,,0.13,0.14,0.135,0.86,0.87,0.865,1771.17,2921.8599999999997,2721.8599999999997,1793.19,-0.24519127301551444,0.2056832150253042,-0.06,-0.15000000000000002,-0.07999999999999999,1.01,WAIT,-9,DOWN_TOO_EXPENSIVE
2026-09-23 01:10:55,1790125854,btc-updown-5m-1790125800,246,86576.14,86606.21,-30.070000000006985,-9.009999999994761,-33.75999999999476,-26.169999999998254,,0.13,0.14,0.135,0.86,0.87,0.865,1775.88,2656.44,2751.44,1830.88,-0.19866796621182586,0.20089387035388187,-0.010000000000000009,-0.15000000000000002,-0.07999999999999999,1.01,WAIT,-7,DOWN_TOO_EXPENSIVE
2026-09-23 01:10:57,1790125856,btc-updown-5m-1790125800,244,86566.22,86606.21,-39.99000000000524,-18.45999999999185,-43.679999999993015,-36.08999999999651,,0.12,0.13,0.125,0.87,0.88,0.875,1774.85,2860.13,2940.13,1962.85,-0.23414987766937512,0.199323676621157,-0.020000000000000018,-0.09,-0.12,1.01,WAIT,-10,DOWN_TOO_EXPENSIVE
2026-09-23 01:10:59,1790125858,btc-updown-5m-1790125800,242,86566.22,86606.21,-39.99000000000524,-9.929999999993015,-43.69000000000233,-36.080000000001746,,0.11,0.12,0.11499999999999999,0.88,0.89,0.885,2540.9700000000003,2612.8,2621.7000000000003,2540.35,-0.013937370119349509,0.015759242936430364,-0.020000000000000018,-0.09000000000000002,-0.13,1.01,WAIT,-9,DOWN_TOO_EXPENSIVE
2026-09-23 01:11:00,1790125860,btc-updown-5m-1790125800,240,86566.22,86606.21,-39.99000000000524,-9.919999999998254,-33.7899999999936,-36.080000000001746,,0.12,0.14,0.13,0.86,0.87,0.865,3451.7200000000003,1758.0299999999997,1397.0,3517.75,0.3251000527856424,-0.43150719772114554,-0.0050000000000000044,-0.065,-0.11499999999999999,1.01,WAIT,-7,DOWN_TOO_EXPENSIVE
2026-09-23 01:11:02,1790125861,btc-updown-5m-1790125800,239,86582.18,86606.21,-24.030000000013388,15.959999999991851,-17.820000000006985,-20.120000000009895,-24.030000000013388,0.15,0.16,0.155,0.84,0.85,0.845,2215.41,2095.3,1916.52,2385.99,0.02786315943313275,-0.10911537683817116,0.03,-0.05000000000000002,-0.1,1.01,WAIT,-3,"BTC_BELOW,BTC5+,PM5+,PM15-,PM30-"
2026-09-23 01:11:04,1790125863,btc-updown-5m-1790125800,237,86582.18,86606.21,-24.030000000013388,15.959999999991851,-17.830000000001746,-20.120000000009895,-24.030000000013388,0.15,0.16,0.155,0.84,0.85,0.845,2623.65,743.0,97.0,2707.84,0.5586116762954272,-0.9308338443547582,0.04000000000000001,-0.04000000000000001,-0.1,1.01,WAIT,1,"BTC_BELOW,BTC5+,PM5+,PM30-,UP_BOOK"
2026-09-23 01:11:06,1790125865,btc-updown-5m-1790125800,235,86600.55,86606.21,-5.6600000000034925,34.330000000001746,15.400000000008731,-1.75,-5.649999999994179,0.21,0.22,0.215,0.78,0.79,0.785,1610.88,2565.4700000000003,2650.4700000000003,1367.88,-0.2285704023848576,0.31918324685505245,0.08499999999999999,0.06999999999999998,-0.010000000000000009,1.01,WAIT,3,"BTC5+,PM5+,PM15+,DOWN_BOOK"
2026-09-23 01:11:08,1790125867,btc-updown-5m-1790125800,233,86587.09,86606.21,-19.120000000009895,4.9100000000034925,2.4100000000034925,-22.80999999999767,-19.110000000000582,0.12,0.13,0.125,0.87,0.88,0.875,1854.8500000000001,2176.51,2183.67,2262.67,-0.07978945070646135,-0.017767422194434074,-0.03,-0.020000000000000018,-0.14,1.01,WAIT,-2,"PM5-,PM30-"
2026-09-23 01:11:09,1790125869,btc-updown-5m-1790125800,231,86583.07,86606.21,-23.139999999999418,0.8900000000139698,6.930000000007567,-26.829999999987194,-23.129999999990105,0.14,0.15,0.14500000000000002,0.84,0.85,0.845,1692.04,652.0,1004.49,2388.29,0.4436955000767905,-0.4078661156927358,-0.009999999999999981,0.010000000000000009,-0.14,1.0,WAIT,-1,"BTC_BELOW,PM30-,UP_BOOK"
2026-09-23 01:11:11,1790125870,btc-updown-5m-1790125800,230,86583.07,86606.21,-23.139999999999418,-17.479999999995925,6.930000000007567,-26.829999999987194,-23.129999999990105,0.15,0.16,0.155,0.84,0.85,0.845,1344.35,2597.26,2652.26,1389.35,-0.31786757188052606,0.31247695843982976,-0.06,0.01999999999999999,-0.06,1.01,WAIT,-6,DOWN_TOO_EXPENSIVE
2026-09-23 01:11:13,1790125872,btc-updown-5m-1790125800,228,86583.08,86606.21,-23.130000000004657,-4.009999999994761,16.860000000000582,-26.830000000001746,-19.220000000001164,0.17,0.18,0.175,0.82,0.83,0.825,1897.9,1813.79,1853.33,1765.3999999999999,0.022660836438387937,0.02429857988852445,0.04999999999999999,0.04999999999999999,-0.030000000000000027,1.01,WAIT,-1,"BTC_BELOW,PM5+"
2026-09-23 01:11:15,1790125874,btc-updown-5m-1790125800,226,86583.08,86606.21,-23.130000000004657,0.00999999999476131,16.860000000000582,-16.929999999993015,-19.220000000001164,0.16,0.17,0.165,0.83,0.84,0.835,1607.6,1954.6100000000001,2032.21,1329.6,-0.0974142456508741,0.20899753406647018,0.01999999999999999,0.05000000000000002,-0.03,1.01,WAIT,0,"BTC_BELOW,PM15+"
2026-09-23 01:11:16,1790125876,btc-updown-5m-1790125800,224,86583.07,86606.21,-23.139999999999418,0.0,0.8900000000139698,-16.929999999993015,-19.229999999995925,0.13,0.15,0.14,0.86,0.87,0.865,1205.97,1610.78,2007.8600000000001,1425.83,-0.1437152746960149,0.1695056921271286,-0.014999999999999986,-0.014999999999999986,-0.065,1.02,WAIT,-2,BTC_BELOW
2026-09-23 01:11:18,1790125877,btc-updown-5m-1790125800,223,86583.08,86606.21,-23.130000000004657,0.0,0.9000000000087311,-16.929999999993015,-19.220000000001164,0.13,0.14,0.135,0.86,0.87,0.865,2549.98,1278.09,1293.09,2584.98,0.33225358992912885,-0.3331270451539039,-0.03999999999999998,-0.01999999999999999,-0.06,1.01,WAIT,-1,"BTC_BELOW,PM5-,UP_BOOK"
2026-09-23 01:11:20,1790125879,btc-updown-5m-1790125800,221,86583.08,86606.21,-23.130000000004657,0.0,0.9000000000087311,-2.069999999992433,-19.220000000001164,0.13,0.14,0.135,0.86,0.87,0.865,1716.8899999999999,2241.63,1998.38,2140.0,-0.1325596435031275,-0.034221120341776226,-0.03,-0.01999999999999999,-0.010000000000000009,1.01,WAIT,-3,"BTC_BELOW,PM5-"
2026-09-23 01:11:22,1790125881,btc-updown-5m-1790125800,219,86583.07,86606.21,-23.139999999999418,0.0,-17.479999999995925,-1.6099999999860302,-19.229999999995925,0.13,0.14,0.135,0.86,0.87,0.865,2090.0,1927.85,1938.5500000000002,2100.0,0.04035740507983128,-0.03997721954661941,-0.0050000000000000044,-0.07999999999999999,-0.010000000000000009,1.01,WAIT,-4,"BTC_BELOW,PM15-"
2026-09-23 01:11:23,1790125883,btc-updown-5m-1790125800,217,86583.07,86606.21,-23.139999999999418,-0.00999999999476131,-4.019999999989523,6.920000000012806,-19.239999999990687,0.13,0.14,0.135,0.86,0.87,0.865,1630.59,2449.67,2439.67,1600.59,-0.20074210957144892,0.20767970378143982,0.0,0.010000000000000009,0.0,1.01,WAIT,-2,BTC_BELOW
2026-09-23 01:11:25,1790125884,btc-updown-5m-1790125800,216,86583.08,86606.21,-23.130000000004657,0.0,0.00999999999476131,6.940000000002328,-19.229999999995925,0.13,0.14,0.135,0.85,0.86,0.855,2389.42,1861.3400000000001,1920.65,1645.99,0.12423190205986692,0.07700805239665345,0.0,-0.010000000000000009,0.0,1.0,WAIT,-2,BTC_BELOW
2026-09-23 01:11:27,1790125886,btc-updown-5m-1790125800,214,86597.38,86606.21,-8.830000000001746,14.309999999997672,14.309999999997672,31.160000000003492,-4.929999999993015,0.21,0.22,0.215,0.78,0.79,0.785,1672.1,1225.37,1976.1499999999999,1493.0,0.15417933576534013,0.1392704264733436,0.07999999999999999,0.06,0.09,1.01,UP WATCH,7,"BTC5+,BTC30+,PM5+,PM15+,PM30+"
2026-09-23 01:11:29,1790125888,btc-updown-5m-1790125800,212,86597.38,86606.21,-8.830000000001746,14.309999999997672,14.30000000000291,31.160000000003492,-4.919999999998254,0.22,0.23,0.225,0.77,0.78,0.775,1617.2500000000002,2773.2,2753.95,1424.25,-0.2632873623432677,0.31824709204920776,0.09,0.05000000000000002,0.11000000000000001,1.01,WAIT,5,"BTC5+,BTC30+,PM5+,PM15+,PM30+,DOWN_BOOK"
2026-09-23 01:11:30,1790125890,btc-updown-5m-1790125800,210,86606.19,86606.21,-0.020000000004074536,23.110000000000582,23.110000000000582,39.970000000001164,3.889999999999418,0.24,0.25,0.245,0.75,0.76,0.755,1863.67,2210.0699999999997,2179.35,1802.67,-0.08503242720448523,0.09459520544849093,0.10999999999999999,0.07999999999999999,0.11499999999999999,1.01,UP WATCH,9,"BTC5+,BTC15+,BTC30+,PM5+,PM15+,PM30+"
2026-09-23 01:11:32,1790125891,btc-updown-5m-1790125800,209,86606.2,86606.21,-0.010000000009313226,8.819999999992433,23.129999999990105,24.020000000004075,3.8999999999941792,0.24,0.25,0.245,0.75,0.76,0.755,1188.46,2211.64,2196.64,1243.57,-0.3009264433399017,0.2770383203350958,0.03,0.10499999999999998,0.09,1.01,WAIT,4,"BTC15+,PM5+,PM15+,PM30+,DOWN_BOOK"
2026-09-23 01:11:34,1790125893,btc-updown-5m-1790125800,207,86606.2,86606.21,-0.010000000009313226,8.819999999992433,23.119999999995343,24.020000000004075,3.8999999999941792,0.25,0.26,0.255,0.74,0.75,0.745,1265.1100000000001,2583.26,2568.26,1060.0,-0.34252163903159,0.4156978827316676,0.03,0.12,0.1,1.01,WAIT,4,"BTC15+,PM5+,PM15+,PM30+,DOWN_BOOK"
2026-09-23 01:11:35,1790125895,btc-updown-5m-1790125800,205,86606.19,86606.21,-0.020000000004074536,0.0,23.110000000000582,5.639999999999418,3.889999999999418,0.23,0.24,0.235,0.76,0.77,0.765,1328.7,2359.7200000000003,2309.7200000000003,1323.7,-0.2795289039751439,0.27137517820675844,-0.010000000000000009,0.09999999999999998,0.01999999999999999,1.01,WAIT,2,"BTC15+,PM15+,DOWN_BOOK"
2026-09-23 01:11:37,1790125896,btc-updown-5m-1790125800,204,86609.55,86606.21,3.3399999999965075,3.3500000000058208,26.479999999995925,9.0,7.25,0.25,0.26,0.255,0.74,0.75,0.745,2433.5299999999997,1123.26,1228.06,2212.23,0.36838553864580137,-0.28607181371337886,0.010000000000000009,0.12,0.04000000000000001,1.01,UP WATCH,6,"BTC15+,PM15+,UP_BOOK"
2026-09-23 01:11:39,1790125898,btc-updown-5m-1790125800,202,86622.78,86606.21,16.569999999992433,16.580000000001746,39.70999999999185,35.69000000000233,12.880000000004657,0.24,0.26,0.25,0.7,0.73,0.715,1269.54,1484.86,343.14,565.1,-0.07817310485042113,-0.24438474412049682,-0.0050000000000000044,0.11499999999999999,0.125,0.99,UP WATCH,8,"BTC5+,BTC15+,BTC30+,PM15+,PM30+"
2026-09-23 01:11:41,1790125900,btc-updown-5m-1790125800,200,86622.79,86606.21,16.579999999987194,16.59999999999127,39.70999999999185,39.71999999998661,12.889999999999418,0.3,0.31,0.305,0.69,0.7,0.695,997.38,2471.98,2963.38,1096.95,-0.42503516498720223,0.4596744599576882,0.07,0.16999999999999998,0.15,1.01,UP WATCH,7,"BTC5+,BTC15+,BTC30+,PM5+,PM15+,PM30+,DOWN_BOOK"
2026-09-23 01:11:42,1790125902,btc-updown-5m-1790125800,198,86632.08,86606.21,25.869999999995343,22.529999999998836,34.69999999999709,49.0,22.169999999998254,0.34,0.35,0.345,0.65,0.66,0.655,970.48,2294.39,908.17,2190.2200000000003,-0.4055015973070903,-0.41377941447009575,0.08999999999999997,0.12999999999999998,0.16999999999999998,1.01,UP WATCH,11,"BTC_ABOVE,BTC5+,BTC15+,BTC30+,PM5+,PM15+,PM30+"
2026-09-23 01:11:44,1790125904,btc-updown-5m-1790125800,196,86643.47,86606.21,37.25999999999476,20.69000000000233,46.08999999999651,60.38999999999942,43.4600000000064,0.43,0.45,0.44,0.55,0.56,0.555,2550.22,1371.97,1693.78,1901.6599999999999,0.3004061506454302,-0.05781768017266312,0.19,0.215,0.275,1.01,UP WATCH,13,"BTC_ABOVE,BTC5+,BTC15+,BTC30+,BTC60+,PM5+,PM15+,PM30+,UP_BOOK"
2026-09-23 01:11:46,1790125905,btc-updown-5m-1790125800,195,86643.46,86606.21,37.25,20.670000000012806,37.270000000004075,60.38000000000466,43.45000000001164,0.43,0.44,0.435,0.56,0.57,0.565,1084.42,2749.21,2765.21,1011.4200000000001,-0.4342594355741164,0.4643796188665556,0.13,0.19,0.27,1.01,UP WATCH,10,"BTC_ABOVE,BTC5+,BTC15+,BTC30+,BTC60+,PM5+,PM15+,PM30+,DOWN_BOOK"
2026-09-23 01:11:48,1790125907,btc-updown-5m-1790125800,193,86643.47,86606.21,37.25999999999476,11.389999999999418,37.270000000004075,60.38999999999942,43.4600000000064,0.35,0.36,0.355,0.64,0.65,0.645,697.47,2143.17,2551.25,967.94,-0.5089346062859074,0.44990750712521915,0.010000000000000009,0.10999999999999999,0.21999999999999997,1.01,UP WATCH,9,"BTC_ABOVE,BTC5+,BTC15+,BTC30+,BTC60+,PM15+,PM30+,DOWN_BOOK"
2026-09-23 01:11:49,1790125909,btc-updown-5m-1790125800,191,86643.47,86606.21,37.25999999999476,0.0,37.270000000004075,60.38999999999942,58.320000000006985,0.39,0.4,0.395,0.6,0.61,0.605,723.0,1134.8899999999999,1406.8899999999999,317.0,-0.22169773237382187,0.6322271142590304,-0.044999999999999984,0.14,0.26,1.01,UP WATCH,8,"BTC_ABOVE,BTC15+,BTC30+,BTC60+,PM5-,PM15+,PM30+,DOWN_BOOK"
2026-09-23 01:11:51,1790125910,btc-updown-5m-1790125800,190,86643.47,86606.21,37.25999999999476,0.00999999999476131,37.279999999998836,60.38999999999942,58.320000000006985,0.34,0.35,0.345,0.65,0.66,0.655,1955.6,1077.08,1562.85,1741.38,0.2896843715789335,-0.054030742411999226,-0.09000000000000002,0.10999999999999999,0.20999999999999996,1.01,UP WATCH,10,"BTC_ABOVE,BTC15+,BTC30+,BTC60+,PM5-,PM15+,PM30+,UP_BOOK"
2026-09-23 01:11:53,1790125912,btc-updown-5m-1790125800,188,86643.46,86606.21,37.25,-0.00999999999476131,33.91000000000349,60.38999999999942,58.78000000001339,0.35,0.36,0.355,0.64,0.65,0.645,2001.98,1668.08,1678.08,1996.98,0.09097943902824479,-0.08677409348418803,0.0,0.09999999999999998,0.21999999999999997,1.01,UP WATCH,10,"BTC_ABOVE,BTC15+,BTC30+,BTC60+,PM15+,PM30+"
2026-09-23 01:11:55,1790125914,btc-updown-5m-1790125800,186,86643.47,86606.21,37.25999999999476,0.0,20.69000000000233,60.38999999999942,67.33000000000175,0.38,0.39,0.385,0.61,0.62,0.615,2792.96,735.0,670.0,2664.96,0.5833286091679044,-0.5981960803128074,-0.010000000000000009,0.135,0.25,1.01,UP WATCH,12,"BTC_ABOVE,BTC15+,BTC30+,BTC60+,PM15+,PM30+,UP_BOOK"
2026-09-23 01:11:56,1790125916,btc-updown-5m-1790125800,184,86643.47,86606.21,37.25999999999476,0.0,20.680000000007567,46.08999999999651,77.25,0.39,0.4,0.395,0.6,0.61,0.605,1794.88,1147.08,1844.3400000000001,299.94,0.22019334049409242,0.7202417594717108,0.050000000000000044,0.09000000000000002,0.18000000000000002,1.01,UP WATCH,10,"BTC_ABOVE,BTC15+,BTC30+,BTC60+,PM5+,PM15+,PM30+,DOWN_BOOK"
2026-09-23 01:11:58,1790125917,btc-updown-5m-1790125800,183,86680.04,86606.21,73.8299999999872,36.579999999987194,47.95999999999185,82.65999999998894,113.81999999999243,0.34,0.35,0.345,0.65,0.66,0.655,1130.18,1808.72,1808.72,1864.65,-0.23088230290244646,-0.015225800831389177,-0.010000000000000009,0.0,0.12999999999999998,1.01,UP WATCH,10,"BTC_ABOVE,BTC5+,BTC15+,BTC30+,BTC60+,PM30+"
2026-09-23 01:12:00,1790125919,btc-updown-5m-1790125800,181,86680.03,86606.21,73.81999999999243,36.55999999999767,36.55999999999767,82.64999999999418,113.80999999999767,0.64,0.65,0.645,0.35,0.36,0.355,732.09,704.09,684.06,732.9200000000001,0.019496163433552895,-0.034481785205154714,0.26,0.20500000000000002,0.42000000000000004,1.01,UP WATCH,13,"BTC_ABOVE,BTC5+,BTC15+,BTC30+,BTC60+,PM5+,PM15+,PM30+"
2026-09-23 01:12:02,1790125921,btc-updown-5m-1790125800,179,86680.04,86606.21,73.8299999999872,36.56999999999243,36.579999999987194,73.83999999999651,97.86000000000058,0.59,0.6,0.595,0.4,0.41,0.405,1766.81,1718.22,1685.07,1393.76,0.013942491169372982,0.09461711104542958,0.19999999999999996,0.15999999999999998,0.35,1.01,UP WATCH,13,"BTC_ABOVE,BTC5+,BTC15+,BTC30+,BTC60+,PM5+,PM15+,PM30+"
2026-09-23 01:12:03,1790125923,btc-updown-5m-1790125800,177,86680.03,86606.21,73.81999999999243,-0.00999999999476131,36.55999999999767,73.83000000000175,97.85000000000582,0.58,0.59,0.585,0.41,0.42,0.415,2491.69,1149.45,1372.45,2201.1,0.368631802127905,-0.23188426074911497,0.24,0.22999999999999998,0.32999999999999996,1.01,UP WATCH,13,"BTC_ABOVE,BTC15+,BTC30+,BTC60+,PM5+,PM15+,PM30+,UP_BOOK"
2026-09-23 01:12:05,1790125924,btc-updown-5m-1790125800,176,86680.04,86606.21,73.8299999999872,0.00999999999476131,36.56999999999243,73.83999999999651,97.86000000000058,0.66,0.67,0.665,0.33,0.34,0.335,1735.13,391.0,741.1099999999999,2014.81,0.6321955854063487,-0.46216871317019365,0.020000000000000018,0.27,0.41000000000000003,1.01,UP WATCH,13,"BTC_ABOVE,BTC15+,BTC30+,BTC60+,PM15+,PM30+,UP_BOOK"
2026-09-23 01:12:07,1790125926,btc-updown-5m-1790125800,174,86680.03,86606.21,73.81999999999243,-0.00999999999476131,36.55999999999767,70.47999999999593,79.47999999999593,0.66,0.67,0.665,0.33,0.34,0.335,887.1899999999999,1893.8899999999999,1435.33,877.1899999999999,-0.3619816761833532,0.24135575043675297,0.07000000000000006,0.32000000000000006,0.41000000000000003,1.01,UP WATCH,11,"BTC_ABOVE,BTC15+,BTC30+,BTC60+,PM5+,PM15+,PM30+"
2026-09-23 01:12:09,1790125928,btc-updown-5m-1790125800,172,86680.03,86606.21,73.81999999999243,0.0,36.56999999999243,57.25,92.94000000000233,0.65,0.66,0.655,0.34,0.35,0.345,1296.0300000000002,2113.89,965.64,1854.0300000000002,-0.23984726914414403,-0.3150687846450117,0.07000000000000006,0.30000000000000004,0.405,1.01,UP WATCH,13,"BTC_ABOVE,BTC15+,BTC30+,BTC60+,PM5+,PM15+,PM30+"
2026-09-23 01:12:10,1790125930,btc-updown-5m-1790125800,170,86680.04,86606.21,73.8299999999872,0.0,36.56999999999243,57.25,96.96999999998661,0.66,0.67,0.665,0.33,0.34,0.335,2218.35,1286.42,883.88,2089.72,0.2659033260385132,-0.4055152004304546,0.0,0.28,0.36000000000000004,1.01,UP WATCH,13,"BTC_ABOVE,BTC15+,BTC30+,BTC60+,PM15+,PM30+,UP_BOOK"
2026-09-23 01:12:12,1790125931,btc-updown-5m-1790125800,169,86678.64,86606.21,72.42999999999302,-1.389999999999418,35.169999999998254,55.85000000000582,95.56999999999243,0.55,0.56,0.555,0.48,0.49,0.485,102.93,651.98,1244.5,726.29,-0.7273052416844391,0.262945316345222,-0.10999999999999999,0.16000000000000003,0.25000000000000006,1.05,UP WATCH,8,"BTC_ABOVE,BTC15+,BTC30+,BTC60+,PM5-,PM15+,PM30+,DOWN_BOOK"
2026-09-23 01:12:14,1790125933,btc-updown-5m-1790125800,167,86674.39,86606.21,68.17999999999302,-5.639999999999418,-5.649999999994179,42.30999999999767,91.30999999999767,0.52,0.53,0.525,0.47,0.48,0.475,1160.13,2019.79,2004.79,1130.13,-0.2703401343430023,0.2790055248618784,-0.13,0.18000000000000005,0.18000000000000005,1.01,UP WATCH,6,"BTC_ABOVE,BTC30+,BTC60+,PM5-,PM15+,PM30+,DOWN_BOOK"
2026-09-23 01:12:16,1790125935,btc-updown-5m-1790125800,165,86674.39,86606.21,68.17999999999302,-5.649999999994179,-5.639999999999418,30.929999999993015,91.30999999999767,0.53,0.54,0.535,0.46,0.47,0.46499999999999997,1039.7,2132.7799999999997,1582.42,1177.94,-0.3445506354649989,0.14653161181874827,-0.13,-0.10999999999999999,0.10000000000000003,1.01,WAIT,3,"BTC_ABOVE,BTC30+,BTC60+,PM5-,PM15-,PM30+"
2026-09-23 01:12:18,1790125937,btc-updown-5m-1790125800,163,86672.45,86606.21,66.23999999999069,-6.190000000002328,-7.5899999999965075,28.979999999995925,89.36999999999534,0.49,0.5,0.495,0.49,0.5,0.495,1016.23,100.0,538.3000000000001,2140.24,0.8208254571190525,-0.5980646172915094,-0.06000000000000005,-0.09999999999999998,0.14,1.0,WAIT,4,"BTC_ABOVE,BTC60+,PM5-,PM15-,PM30+,UP_BOOK"
2026-09-23 01:12:19,1790125939,btc-updown-5m-1790125800,161,86672.44,86606.21,66.22999999999593,-1.9499999999970896,-7.599999999991269,28.970000000001164,89.36000000000058,0.51,0.52,0.515,0.48,0.5,0.49,1502.03,1023.21,923.04,624.82,0.189613660483756,0.192666003385319,-0.010000000000000009,-0.15000000000000002,0.12,1.02,WAIT,3,"BTC_ABOVE,BTC60+,PM15-,PM30+"
2026-09-23 01:12:21,1790125940,btc-updown-5m-1790125800,160,86672.44,86606.21,66.22999999999593,-1.9499999999970896,-7.599999999991269,28.970000000001164,89.36000000000058,0.48,0.49,0.485,0.51,0.52,0.515,2394.05,1073.52,1039.93,2503.62,0.38082288172985695,-0.41305752705620064,-0.050000000000000044,-0.18000000000000005,0.14,1.01,WAIT,4,"BTC_ABOVE,BTC60+,PM5-,PM15-,PM30+,UP_BOOK"
2026-09-23 01:12:23,1790125942,btc-updown-5m-1790125800,158,86672.45,86606.21,66.23999999999069,0.0,-7.580000000001746,28.989999999990687,89.3799999999901,0.51,0.52,0.515,0.47,0.48,0.475,2845.13,489.08,892.54,2531.49,0.7066291565318322,-0.4786611098617711,0.020000000000000018,-0.15000000000000002,0.16000000000000003,1.0,WAIT,5,"BTC_ABOVE,BTC60+,PM15-,PM30+,UP_BOOK"
2026-09-23 01:12:25,1790125944,btc-updown-5m-1790125800,156,86672.44,86606.21,66.22999999999593,0.0,-7.5899999999965075,28.970000000001164,89.36000000000058,0.52,0.53,0.525,0.47,0.48,0.475,2550.2799999999997,934.54,1013.87,2770.2799999999997,0.4636509202770875,-0.46414914842170635,0.010000000000000009,-0.13,0.14,1.01,WAIT,5,"BTC_ABOVE,BTC60+,PM15-,PM30+,UP_BOOK"
2026-09-23 01:12:26,1790125946,btc-updown-5m-1790125800,154,86672.44,86606.21,66.22999999999593,0.0,-6.19999999999709,28.970000000001164,75.05999999999767,0.52,0.53,0.525,0.47,0.48,0.475,2374.4900000000002,1147.6299999999999,1162.48,2238.81,0.3483299830783734,-0.31644758312287397,0.040000000000000036,-0.030000000000000027,0.13,1.01,UP WATCH,8,"BTC_ABOVE,BTC60+,PM5+,PM30+,UP_BOOK"
2026-09-23 01:12:28,1790125947,btc-updown-5m-1790125800,153,86712.4,86606.21,106.18999999998778,39.94999999999709,33.75999999999476,32.36000000000058,115.01999999998952,0.77,0.78,0.775,0.21,0.22,0.215,1404.87,2136.43,2062.5699999999997,1783.6599999999999,-0.20657950470166322,0.07251516419974882,0.26,0.21999999999999997,0.43000000000000005,1.0,WAIT,13,UP_TOO_EXPENSIVE
2026-09-23 01:12:30,1790125949,btc-updown-5m-1790125800,151,86712.4,86606.21,106.18999999998778,39.95999999999185,38.00999999999476,32.36999999999534,115.01999999998952,0.79,0.8,0.795,0.2,0.21,0.20500000000000002,1989.8999999999999,496.19,650.9999999999999,1919.2799999999997,0.6008270014359899,-0.4934404033801764,0.27,0.27,0.15000000000000002,1.01,WAIT,15,UP_TOO_EXPENSIVE
2026-09-23 01:12:32,1790125951,btc-updown-5m-1790125800,149,86712.41,86606.21,106.19999999999709,39.970000000001164,38.020000000004075,32.370000000009895,106.2100000000064,0.77,0.78,0.775,0.22,0.23,0.225,2254.01,1251.4299999999998,1231.9299999999998,2353.81,0.2860068921447808,-0.31287265669011144,0.25,0.24,0.18000000000000005,1.01,WAIT,15,UP_TOO_EXPENSIVE
2026-09-23 01:12:33,1790125953,btc-updown-5m-1790125800,147,86712.41,86606.21,106.19999999999709,0.010000000009313226,39.9600000000064,32.38000000000466,106.2100000000064,0.81,0.82,0.815,0.18,0.19,0.185,2468.27,2162.23,1592.28,1813.6,0.06609221466364323,-0.06498173746579443,0.039999999999999925,0.31999999999999995,0.22999999999999998,1.01,WAIT,12,UP_TOO_EXPENSIVE
2026-09-23 01:12:35,1790125954,btc-updown-5m-1790125800,146,86712.4,86606.21,106.18999999998778,0.0,39.95999999999185,32.36000000000058,106.19999999999709,0.79,0.8,0.795,0.2,0.21,0.20500000000000002,1179.85,3304.6400000000003,2867.54,1606.66,-0.47380861591842116,0.2818112735237584,0.0,0.28,0.13,1.01,WAIT,9,UP_TOO_EXPENSIVE
2026-09-23 01:12:37,1790125956,btc-updown-5m-1790125800,144,86712.4,86606.21,106.18999999998778,-0.010000000009313226,39.95999999999185,32.36999999999534,102.84999999999127,0.79,0.8,0.795,0.2,0.21,0.20500000000000002,2270.8900000000003,3061.5099999999998,3045.29,2297.2200000000003,-0.1482671967594328,0.14002219930332366,0.020000000000000018,0.31000000000000005,0.13,1.01,WAIT,11,UP_TOO_EXPENSIVE
2026-09-23 01:12:39,1790125958,btc-updown-5m-1790125800,142,86712.4,86606.21,106.18999999998778,-0.010000000009313226,39.94999999999709,32.36999999999534,89.61999999999534,0.79,0.8,0.795,0.2,0.21,0.20500000000000002,2828.1900000000005,2274.57,2305.8900000000003,2818.1900000000005,0.10849422665381094,-0.09997892304569798,-0.019999999999999907,0.28,0.14,1.01,WAIT,11,UP_TOO_EXPENSIVE
2026-09-23 01:12:40,1790125960,btc-updown-5m-1790125800,140,86712.4,86606.21,106.18999999998778,0.0,39.95999999999185,32.36000000000058,89.61000000000058,0.78,0.79,0.785,0.21,0.22,0.215,1697.1499999999999,3390.01,3302.9100000000003,1934.4799999999998,-0.33277113359910054,0.2612809051836889,-0.010000000000000009,0.26,0.12,1.01,WAIT,9,UP_TOO_EXPENSIVE
2026-09-23 01:12:42,1790125961,btc-updown-5m-1790125800,139,86711.02,86606.21,104.80999999999767,-1.3799999999901047,38.580000000001746,32.38000000000466,88.23000000001048,0.74,0.75,0.745,0.24,0.25,0.245,1959.68,1314.23,2889.57,1783.1400000000003,0.19714958566362548,0.23678550562735534,-0.050000000000000044,0.21999999999999997,0.18999999999999995,1.0,UP WATCH,10,"BTC_ABOVE,BTC15+,BTC30+,BTC60+,PM5-,PM15+,PM30+"
2026-09-23 01:12:44,1790125963,btc-updown-5m-1790125800,137,86709.8,86606.21,103.58999999999651,-2.599999999991269,-2.599999999991269,35.41000000000349,77.72000000000116,0.76,0.77,0.765,0.23,0.24,0.235,2897.15,2670.73,2993.73,2572.6,0.040665387903474945,0.0756566714513872,-0.030000000000000027,-0.010000000000000009,0.24,1.01,WAIT,6,UP_TOO_EXPENSIVE
2026-09-23 01:12:46,1790125965,btc-updown-5m-1790125800,135,86697.21,86606.21,91.0,-15.189999999987776,-15.189999999987776,22.820000000006985,53.75,0.71,0.72,0.715,0.29,0.3,0.295,1360.57,3212.91,2565.66,1491.24,-0.4050176233415255,0.26483768394587,-0.07000000000000006,-0.08000000000000007,0.17999999999999994,1.02,WAIT,-1,"BTC_ABOVE,BTC5-,BTC60+,PM5-,PM15-,PM30+,DOWN_BOOK"
2026-09-23 01:12:48,1790125967,btc-updown-5m-1790125800,133,86697.21,86606.21,91.0,-13.809999999997672,-15.19999999999709,24.760000000009313,53.74000000000524,0.68,0.69,0.685,0.31,0.32,0.315,2004.52,2752.25,1267.99,2472.05,-0.1571928009973154,-0.32193773328627506,-0.05999999999999994,-0.08999999999999997,0.19000000000000006,1.01,WAIT,2,"BTC_ABOVE,BTC5-,BTC60+,PM5-,PM15-,PM30+"
2026-09-23 01:12:50,1790125969,btc-updown-5m-1790125800,131,86697.2,86606.21,90.98999999999069,-12.60000000000582,-15.19999999999709,24.75999999999476,53.729999999995925,0.68,0.69,0.685,0.31,0.32,0.315,2614.14,2738.65,2807.2,2246.14,-0.02326076681506284,0.11102755801113717,-0.07999999999999996,-0.10999999999999999,0.17000000000000004,1.01,WAIT,1,"BTC_ABOVE,BTC5-,BTC60+,PM5-,PM15-,PM30+"
2026-09-23 01:12:51,1790125971,btc-updown-5m-1790125800,129,86697.2,86606.21,90.98999999999069,-0.010000000009313226,-15.19999999999709,24.75999999999476,53.729999999995925,0.7,0.71,0.705,0.29,0.3,0.295,2440.87,2070.0,2044.77,2011.8000000000002,0.08221695593089579,0.00812755603872232,-0.010000000000000009,-0.09000000000000008,0.21999999999999997,1.01,WAIT,3,"BTC_ABOVE,BTC60+,PM15-,PM30+"
2026-09-23 01:12:53,1790125972,btc-updown-5m-1790125800,128,86697.21,86606.21,91.0,0.0,-15.189999999987776,24.760000000009313,53.75,0.72,0.73,0.725,0.27,0.28,0.275,2348.66,2997.43,2195.49,2141.42,-0.12135411113542795,0.01246740190596524,0.039999999999999925,-0.07000000000000006,0.20999999999999996,1.01,WAIT,4,"BTC_ABOVE,BTC60+,PM5+,PM15-,PM30+"
2026-09-23 01:12:55,1790125974,btc-updown-5m-1790125800,126,86697.2,86606.21,90.98999999999069,0.0,-15.19999999999709,24.75999999999476,53.729999999995925,0.72,0.73,0.725,0.27,0.28,0.275,2612.24,1877.19,1773.19,2562.24,0.16372902573377904,-0.1820004013442726,0.039999999999999925,-0.07000000000000006,0.19999999999999996,1.01,WAIT,4,"BTC_ABOVE,BTC60+,PM5+,PM15-,PM30+"
2026-09-23 01:12:57,1790125976,btc-updown-5m-1790125800,124,86697.21,86606.21,91.0,0.010000000009313226,-13.809999999997672,24.770000000004075,53.74000000000524,0.73,0.74,0.735,0.26,0.27,0.265,1903.05,2783.04,2769.04,1710.05,-0.18778768653611005,0.23642972121569336,0.030000000000000027,-0.010000000000000009,0.20999999999999996,1.01,UP WATCH,6,"BTC_ABOVE,BTC60+,PM5+,PM30+"
2026-09-23 01:12:59,1790125978,btc-updown-5m-1790125800,122,86701.54,86606.21,95.3299999999872,4.329999999987194,-8.260000000009313,-10.860000000000582,21.5,0.82,0.83,0.825,0.17,0.18,0.175,1212.56,1273.2,1719.76,1500.0600000000002,-0.024394953656024756,0.06823362796678069,0.09999999999999998,0.05999999999999994,0.04999999999999993,1.01,WAIT,6,UP_TOO_EXPENSIVE
2026-09-23 01:13:00,1790125980,btc-updown-5m-1790125800,120,86701.54,86606.21,95.3299999999872,4.3399999999965075,4.329999999987194,-10.860000000000582,21.50999999999476,0.78,0.79,0.785,0.2,0.21,0.20500000000000002,1525.37,1427.8400000000001,499.18,1684.5400000000002,0.03302508118284841,-0.542816844650413,0.06000000000000005,0.07000000000000006,-0.010000000000000009,1.0,WAIT,7,UP_TOO_EXPENSIVE
2026-09-23 01:13:02,1790125981,btc-updown-5m-1790125800,119,86701.54,86606.21,95.3299999999872,4.329999999987194,4.329999999987194,-10.870000000009895,21.5,0.8,0.81,0.805,0.13,0.15,0.14,2494.26,20.0,20.0,597.53,0.9840907463826335,-0.9352258189885512,0.07000000000000006,0.09000000000000008,0.030000000000000027,0.9600000000000001,WAIT,8,UP_TOO_EXPENSIVE
2026-09-23 01:13:04,1790125983,btc-updown-5m-1790125800,117,86759.49,86606.21,153.27999999999884,57.95000000001164,62.279999999998836,47.080000000001746,79.4600000000064,0.95,0.96,0.955,0.03,0.04,0.035,3072.77,8064.929999999999,6888.929999999999,3290.88,-0.4482218052201083,0.35344962234069194,0.13,0.2699999999999999,0.14,1.0,WAIT,11,UP_TOO_EXPENSIVE
2026-09-23 01:13:06,1790125985,btc-updown-5m-1790125800,115,86766.56,86606.21,160.34999999999127,65.02000000000407,69.36000000000058,54.16000000000349,86.52000000000407,0.96,0.97,0.965,0.03,0.04,0.035,3698.19,8486.88,8739.71,2892.66,-0.39299651130440766,0.502653371582919,0.17999999999999994,0.2799999999999999,0.16999999999999993,1.01,WAIT,11,UP_TOO_EXPENSIVE
2026-09-23 01:13:07,1790125987,btc-updown-5m-1790125800,113,86760.2,86606.21,153.9899999999907,58.66000000000349,62.98999999999069,47.80000000000291,80.16999999999825,0.95,0.96,0.955,0.04,0.05,0.045,2655.56,10190.759999999998,3569.0499999999997,2606.5699999999997,-0.5865648683825407,0.15585155822411356,0.1499999999999999,0.22999999999999998,0.15999999999999992,1.01,WAIT,12,UP_TOO_EXPENSIVE
2026-09-23 01:13:09,1790125988,btc-updown-5m-1790125800,112,86760.2,86606.21,153.9899999999907,0.7099999999918509,62.98999999999069,47.80000000000291,80.16999999999825,0.96,0.97,0.965,0.03,0.04,0.035,3511.2300000000005,7738.4400000000005,7298.400000000001,4556.410000000001,-0.37576302238198983,0.23129767579573182,0.010000000000000009,0.24,0.16999999999999993,1.01,WAIT,10,UP_TOO_EXPENSIVE
2026-09-23 01:13:11,1790125990,btc-updown-5m-1790125800,110,86766.5,86606.21,160.2899999999936,-0.059999999997671694,69.30000000000291,54.10000000000582,86.4600000000064,0.96,0.97,0.965,0.03,0.04,0.035,4574.77,6634.87,6830.5199999999995,4574.77,-0.18377931851513515,0.19778102968008696,0.0,0.24,0.17999999999999994,1.01,WAIT,11,UP_TOO_EXPENSIVE
2026-09-23 01:13:12,1790125992,btc-updown-5m-1790125800,108,86766.5,86606.21,160.2899999999936,6.30000000000291,69.2899999999936,55.479999999995925,87.86000000000058,0.96,0.97,0.965,0.03,0.04,0.035,2706.54,8354.85,7551.320000000001,2475.1,-0.5106329313042937,0.5062843966241192,0.010000000000000009,0.22999999999999998,0.21999999999999997,1.01,WAIT,9,UP_TOO_EXPENSIVE
2026-09-23 01:13:14,1790125993,btc-updown-5m-1790125800,107,86766.5,86606.21,160.2899999999936,6.30000000000291,64.9600000000064,56.69999999999709,92.11000000000058,0.96,0.97,0.965,0.03,0.04,0.035,2877.4700000000003,8227.0,8292.58,2887.4700000000003,-0.48174563936865056,0.4834602707501308,0.0,0.14,0.19999999999999996,1.01,WAIT,9,UP_TOO_EXPENSIVE
2026-09-23 01:13:16,1790125995,btc-updown-5m-1790125800,105,86752.35,86606.21,146.13999999999942,-14.14999999999418,50.810000000012224,55.13999999999942,77.9600000000064,0.95,0.96,0.955,0.04,0.05,0.045,1645.4199999999998,10529.11,3792.34,1853.0900000000001,-0.7296946986865201,0.34350793473659225,-0.010000000000000009,0.16999999999999993,0.24,1.01,WAIT,8,UP_TOO_EXPENSIVE
2026-09-23 01:13:18,1790125997,btc-updown-5m-1790125800,103,86754.03,86606.21,147.81999999999243,-12.470000000001164,52.49000000000524,56.81999999999243,81.58000000000175,0.95,0.96,0.955,0.04,0.05,0.045,2293.32,8580.33,3616.29,2338.71,-0.5781876370859831,0.21453904282115868,-0.010000000000000009,0.1499999999999999,0.2699999999999999,1.01,WAIT,9,UP_TOO_EXPENSIVE
2026-09-23 01:13:20,1790125999,btc-updown-5m-1790125800,101,86746.08,86606.21,139.86999999999534,-20.419999999998254,-13.410000000003492,48.88000000000466,73.63999999999942,0.95,0.96,0.955,0.04,0.05,0.045,2520.32,8812.56,2265.03,3856.62,-0.5552198558530577,-0.25999362916860647,-0.010000000000000009,0.0,0.2699999999999999,1.01,WAIT,6,UP_TOO_EXPENSIVE
2026-09-23 01:13:21,1790126001,btc-updown-5m-1790125800,99,86746.08,86606.21,139.86999999999534,-6.2700000000040745,-20.479999999995925,48.88000000000466,73.63999999999942,0.95,0.96,0.955,0.02,0.04,0.03,3144.7,7212.18,5792.17,4333.88,-0.3927321741682823,0.1440137072204858,0.0,-0.010000000000000009,0.25,1.0,WAIT,4,"BTC_ABOVE,BTC15-,BTC30+,BTC60+,PM30+"
2026-09-23 01:13:23,1790126002,btc-updown-5m-1790125800,98,86766.56,86606.21,160.34999999999127,12.529999999998836,6.360000000000582,69.34999999999127,94.11000000000058,0.97,0.98,0.975,0.02,0.03,0.025,3894.05,6001.63,5117.03,5568.22,-0.21297980532919414,-0.04222549776561152,0.020000000000000018,0.020000000000000018,0.25,1.01,WAIT,8,UP_TOO_EXPENSIVE
2026-09-23 01:13:25,1790126004,btc-updown-5m-1790125800,96,86789.89,86606.21,183.67999999999302,43.80999999999767,29.69000000000233,92.69000000000233,117.44999999999709,0.98,0.99,0.985,0.01,0.02,0.015,5213.129999999999,4335.02,3930.02,5155.129999999999,0.09196650660075499,-0.1348475259076624,0.030000000000000027,0.020000000000000018,0.26,1.01,WAIT,11,UP_TOO_EXPENSIVE
2026-09-23 01:13:27,1790126006,btc-updown-5m-1790125800,94,86807.29,86606.21,201.0799999999872,61.20999999999185,40.7899999999936,110.0799999999872,134.84999999999127,0.98,0.99,0.985,0.01,0.02,0.015,5870.129999999999,2140.35,2066.35,5845.129999999999,0.4656125475626928,-0.4776325036529195,0.030000000000000027,0.020000000000000018,0.25,1.01,WAIT,13,UP_TOO_EXPENSIVE
2026-09-23 01:13:28,1790126008,btc-updown-5m-1790125800,92,86820.89,86606.21,214.67999999999302,54.330000000001746,54.38999999999942,119.35000000000582,108.49000000000524,0.98,0.99,0.985,0.01,0.02,0.015,6085.179999999999,1016.37,513.37,5734.459999999999,0.7137610803275342,-0.8356645427292356,0.010000000000000009,0.020000000000000018,0.16000000000000003,1.01,WAIT,12,UP_TOO_EXPENSIVE
2026-09-23 01:13:30,1790126009,btc-updown-5m-1790125800,91,86837.62,86606.21,231.40999999998894,47.729999999995925,71.11999999999534,136.08000000000175,125.22000000000116,0.99,,,,0.01,,8745.52,0,0,9077.36,1.0,-1.0,,,,,WAIT,11,UP_TOO_EXPENSIVE
2026-09-23 01:13:32,1790126011,btc-updown-5m-1790125800,89,86822.75,86606.21,216.5399999999936,15.460000000006403,70.39999999999418,121.2100000000064,110.33999999999651,0.99,,,,0.01,,7370.01,0,0,7400.77,1.0,-1.0,,,,,WAIT,11,UP_TOO_EXPENSIVE
2026-09-23 01:13:34,1790126013,btc-updown-5m-1790125800,87,86807.34,86606.21,201.1299999999901,-13.55000000000291,53.30999999999767,47.84999999999127,94.92999999999302,0.99,,,,0.01,,6509.34,0,0,6502.17,1.0,-1.0,,,,,WAIT,9,UP_TOO_EXPENSIVE
2026-09-23 01:13:35,1790126015,btc-updown-5m-1790125800,85,86796.06,86606.21,189.84999999999127,-41.55999999999767,49.979999999995925,29.5,83.66000000000349,0.99,,,,0.01,,7860.4800000000005,0,0,7956.7300000000005,1.0,-1.0,,,,,WAIT,7,UP_TOO_EXPENSIVE
2026-09-23 01:13:37,1790126016,btc-updown-5m-1790125800,84,86771.39,86606.21,165.17999999999302,-51.36000000000058,25.30999999999767,4.830000000001746,58.99000000000524,0.99,,,,0.01,,3464.75,0,0,3316.75,1.0,-1.0,,,,,WAIT,7,UP_TOO_EXPENSIVE
2026-09-23 01:13:39,1790126018,btc-updown-5m-1790125800,82,86747.91,86606.21,141.6999999999971,-59.429999999993015,-18.64999999999418,-12.289999999993597,35.51000000000931,0.99,,,,0.01,,1179.49,0,0,899.49,1.0,-1.0,,,,,WAIT,4,"BTC_ABOVE,BTC5-,UP_BOOK"
2026-09-23 01:13:41,1790126020,btc-updown-5m-1790125800,80,86764.18,86606.21,157.9699999999866,-31.880000000004657,-25.710000000006403,-2.320000000006985,51.779999999998836,0.99,,,,0.01,,1669.62,0,0,1839.62,1.0,-1.0,,,,,WAIT,3,"BTC_ABOVE,BTC5-,BTC15-,BTC60+,UP_BOOK"
2026-09-23 01:13:42,1790126022,btc-updown-5m-1790125800,78,86777.44,86606.21,171.22999999999593,6.05000000000291,-29.84999999999127,10.940000000002328,66.41999999999825,0.99,,,,0.01,,3392.9100000000003,0,0,3392.9100000000003,1.0,-1.0,,,,,WAIT,4,"BTC_ABOVE,BTC15-,BTC60+,UP_BOOK"
2026-09-23 01:13:44,1790126023,btc-updown-5m-1790125800,77,86777.44,86606.21,171.22999999999593,29.529999999998836,-43.44999999999709,10.940000000002328,67.63999999999942,0.99,,,,0.01,,3398.9600000000005,0,0,3398.9600000000005,1.0,-1.0,,,,,WAIT,5,"BTC_ABOVE,BTC5+,BTC15-,BTC60+,UP_BOOK"
2026-09-23 01:13:46,1790126025,btc-updown-5m-1790125800,75,86777.44,86606.21,171.22999999999593,13.260000000009313,-60.179999999993015,25.089999999996508,80.22999999999593,0.99,,,,0.01,,3375.9800000000005,0,0,3205.8,1.0,-1.0,,,,,WAIT,5,"BTC_ABOVE,BTC5+,BTC15-,BTC60+,UP_BOOK"
2026-09-23 01:13:48,1790126027,btc-updown-5m-1790125800,73,86777.43,86606.21,171.2199999999866,-0.010000000009313226,-45.320000000006985,23.39999999999418,80.21999999998661,0.99,,,,0.01,,3449.7300000000005,0,0,3440.3,1.0,-1.0,,,,,WAIT,4,"BTC_ABOVE,BTC15-,BTC60+,UP_BOOK"
2026-09-23 01:13:49,1790126029,btc-updown-5m-1790125800,71,86777.43,86606.21,171.2199999999866,-0.010000000009313226,-29.910000000003492,31.34999999999127,80.22999999999593,0.99,,,,0.01,,3403.2200000000003,0,0,3433.2200000000003,1.0,-1.0,,,,,WAIT,6,UP_TOO_EXPENSIVE
2026-09-23 01:13:51,1790126030,btc-updown-5m-1790125800,70,86756.04,86606.21,149.8299999999872,-21.40000000000873,-40.020000000004075,9.959999999991851,58.83999999999651,0.99,,,,0.01,,2592.49,0,0,2562.16,1.0,-1.0,,,,,WAIT,3,"BTC_ABOVE,BTC5-,BTC15-,BTC60+,UP_BOOK"
2026-09-23 01:13:53,1790126032,btc-updown-5m-1790125800,68,86776.44,86606.21,170.22999999999593,-0.9899999999906868,5.05000000000291,9.880000000004657,79.22999999999593,0.99,,,,0.01,,2996.35,0,0,2176.71,1.0,-1.0,,,,,WAIT,6,UP_TOO_EXPENSIVE
2026-09-23 01:13:55,1790126034,btc-updown-5m-1790125800,66,86750.17,86606.21,143.95999999999185,-27.25999999999476,2.2599999999947613,-39.720000000001164,52.970000000001164,0.99,,,,0.01,,2502.5699999999997,0,0,2353.3399999999997,1.0,-1.0,,,,,WAIT,3,"BTC_ABOVE,BTC5-,BTC30-,BTC60+,UP_BOOK"
2026-09-23 01:13:56,1790126036,btc-updown-5m-1790125800,64,86750.16,86606.21,143.9499999999971,-5.879999999990105,-14.019999999989523,-57.129999999990105,52.94999999999709,0.99,,,,0.01,,2429.8999999999996,0,0,2439.8999999999996,1.0,-1.0,,,,,WAIT,4,"BTC_ABOVE,BTC30-,BTC60+,UP_BOOK"
2026-09-23 01:13:58,1790126037,btc-updown-5m-1790125800,63,86750.16,86606.21,143.9499999999971,-26.279999999998836,-27.279999999998836,-57.129999999990105,52.94999999999709,0.99,,,,0.01,,3310.6499999999996,0,0,3295.6499999999996,1.0,-1.0,,,,,WAIT,1,"BTC_ABOVE,BTC5-,BTC15-,BTC30-,BTC60+,UP_BOOK"
2026-09-23 01:14:00,1790126039,btc-updown-5m-1790125800,61,86765.21,86606.21,159.0,15.040000000008149,-12.229999999995925,-72.40999999998894,63.670000000012806,0.99,,,,0.01,,8529.16,0,0,8701.16,1.0,-1.0,,,,,WAIT,5,"BTC_ABOVE,BTC5+,BTC30-,BTC60+,UP_BOOK"
2026-09-23 01:14:02,1790126041,btc-updown-5m-1790125800,59,86765.2,86606.21,158.9899999999907,15.039999999993597,-12.240000000005239,-57.55000000000291,63.66000000000349,0.99,,,,0.01,,8721.21,0,0,8966.21,1.0,-1.0,,,,,WAIT,5,"BTC_ABOVE,BTC5+,BTC30-,BTC60+,UP_BOOK"
2026-09-23 01:14:04,1790126043,btc-updown-5m-1790125800,57,86765.2,86606.21,158.9899999999907,15.039999999993597,-12.229999999995925,-42.13999999999942,5.709999999991851,0.99,,,,0.01,,10588.18,0,0,11592.84,1.0,-1.0,,,,,WAIT,4,"BTC_ABOVE,BTC5+,BTC30-,UP_BOOK"
2026-09-23 01:14:05,1790126045,btc-updown-5m-1790125800,55,86751.55,86606.21,145.3399999999965,-13.660000000003492,-4.489999999990687,-44.50999999999476,-15.009999999994761,0.99,,,,0.01,,10368.3,0,0,10368.3,1.0,-1.0,,,,,WAIT,2,"BTC_ABOVE,BTC5-,BTC30-,UP_BOOK"
2026-09-23 01:14:07,1790126046,btc-updown-5m-1790125800,54,86751.56,86606.21,145.34999999999127,-13.639999999999418,-4.4799999999959255,-19.830000000001746,-15.0,0.99,,,,0.01,,7583.29,0,0,7583.29,1.0,-1.0,,,,,WAIT,4,"BTC_ABOVE,BTC5-,UP_BOOK"
2026-09-23 01:14:09,1790126048,btc-updown-5m-1790125800,52,86742.04,86606.21,135.8299999999872,-23.160000000003492,-34.40000000000873,-5.870000000009895,-18.160000000003492,0.99,,,,0.01,,7338.53,0,0,7548.53,1.0,-1.0,,,,,WAIT,2,"BTC_ABOVE,BTC5-,BTC15-,UP_BOOK"
2026-09-23 01:14:11,1790126050,btc-updown-5m-1790125800,50,86742.04,86606.21,135.8299999999872,-9.510000000009313,-8.130000000004657,-22.139999999999418,-24.460000000006403,0.99,,,,0.01,,8732.529999999999,0,0,8732.529999999999,1.0,-1.0,,,,,WAIT,5,"BTC_ABOVE,UP_BOOK"
2026-09-23 01:14:12,1790126052,btc-updown-5m-1790125800,48,86742.04,86606.21,135.8299999999872,-9.520000000004075,-8.120000000009895,-35.40000000000873,-24.460000000006403,0.99,,,,0.01,,9048.84,0,0,9053.84,1.0,-1.0,,,,,WAIT,3,"BTC_ABOVE,BTC30-,UP_BOOK"
2026-09-23 01:14:14,1790126053,btc-updown-5m-1790125800,47,86742.04,86606.21,135.8299999999872,0.0,-8.120000000009895,-35.40000000000873,-24.460000000006403,0.99,,,,0.01,,9061.84,0,0,9061.84,1.0,-1.0,,,,,WAIT,3,"BTC_ABOVE,BTC30-,UP_BOOK"
2026-09-23 01:14:16,1790126055,btc-updown-5m-1790125800,45,86742.04,86606.21,135.8299999999872,0.0,-23.170000000012806,-35.40000000000873,-10.310000000012224,0.99,,,,0.01,,25614.85,0,0,25619.85,1.0,-1.0,,,,,WAIT,1,"BTC_ABOVE,BTC15-,BTC30-,UP_BOOK"
2026-09-23 01:14:17,1790126057,btc-updown-5m-1790125800,43,86751.55,86606.21,145.3399999999965,9.510000000009313,-13.64999999999418,-25.879999999990105,-2.4799999999959255,0.99,,,,0.01,,28837.85,0,0,28837.85,1.0,-1.0,,,,,WAIT,5,"BTC_ABOVE,UP_BOOK"
2026-09-23 01:14:19,1790126058,btc-updown-5m-1790125800,42,86751.55,86606.21,145.3399999999965,9.510000000009313,-13.64999999999418,-25.879999999990105,-2.4799999999959255,0.99,,,,0.01,,32660.33,0,0,34885.33,1.0,-1.0,,,,,WAIT,5,"BTC_ABOVE,UP_BOOK"
2026-09-23 01:14:21,1790126060,btc-updown-5m-1790125800,40,86745.11,86606.21,138.89999999999418,3.070000000006985,-6.440000000002328,-10.929999999993015,-0.9700000000011642,0.99,,,,0.01,,39735.44,0,0,39735.44,1.0,-1.0,,,,,WAIT,5,"BTC_ABOVE,UP_BOOK"
2026-09-23 01:14:23,1790126062,btc-updown-5m-1790125800,38,86735.52,86606.21,129.30999999999767,-16.029999999998836,-16.039999999993597,-40.919999999998254,-31.039999999993597,0.99,,,,0.01,,39205.59,0,0,39215.59,1.0,-1.0,,,,,WAIT,2,"BTC_ABOVE,BTC5-,BTC30-,UP_BOOK"
2026-09-23 01:14:24,1790126064,btc-updown-5m-1790125800,36,86735.52,86606.21,129.30999999999767,-16.029999999998836,-6.519999999989523,-14.64999999999418,-54.36999999999534,0.99,,,,0.01,,39230.59,0,0,39330.59,1.0,-1.0,,,,,WAIT,3,"BTC_ABOVE,BTC5-,BTC60-,UP_BOOK"
2026-09-23 01:14:26,1790126065,btc-updown-5m-1790125800,35,86735.52,86606.21,129.30999999999767,-9.589999999996508,-6.519999999989523,-14.64999999999418,-54.36999999999534,0.99,,,,0.01,,39390.59,0,0,39380.59,1.0,-1.0,,,,,WAIT,4,"BTC_ABOVE,BTC60-,UP_BOOK"
2026-09-23 01:14:28,1790126067,btc-updown-5m-1790125800,33,86724.63,86606.21,118.41999999999825,-10.889999999999418,-17.40999999998894,-25.529999999998836,-82.65999999998894,0.99,,,,0.01,,39270.59,0,0,39270.59,1.0,-1.0,,,,,WAIT,3,"BTC_ABOVE,BTC5-,BTC60-,UP_BOOK"
2026-09-23 01:14:30,1790126069,btc-updown-5m-1790125800,31,86724.63,86606.21,118.41999999999825,-10.889999999999418,-17.40999999998894,-40.580000000001746,-112.98999999999069,0.99,,,,0.01,,39303.479999999996,0,0,39303.479999999996,1.0,-1.0,,,,,WAIT,1,"BTC_ABOVE,BTC5-,BTC30-,BTC60-,UP_BOOK"
2026-09-23 01:14:31,1790126071,btc-updown-5m-1790125800,29,86724.63,86606.21,118.41999999999825,-10.889999999999418,-17.40999999998894,-40.56999999999243,-98.11999999999534,0.99,,,,0.01,,41332.81,0,0,41385.58,1.0,-1.0,,,,,WAIT,1,"BTC_ABOVE,BTC5-,BTC30-,BTC60-,UP_BOOK"
2026-09-23 01:14:33,1790126072,btc-updown-5m-1790125800,28,86724.62,86606.21,118.40999999998894,-0.010000000009313226,-26.930000000007567,-40.580000000001746,-98.13000000000466,0.99,,,,0.01,,41394.86,0,0,41384.86,1.0,-1.0,,,,,WAIT,0,"BTC_ABOVE,BTC15-,BTC30-,BTC60-,UP_BOOK"
2026-09-23 01:14:35,1790126074,btc-updown-5m-1790125800,26,86724.62,86606.21,118.40999999998894,-0.010000000009313226,-26.930000000007567,-40.580000000001746,-82.72000000000116,0.99,,,,0.01,,41745.189999999995,0,0,41745.189999999995,1.0,-1.0,,,,,WAIT,0,"BTC_ABOVE,BTC15-,BTC30-,BTC60-,UP_BOOK"
2026-09-23 01:14:36,1790126076,btc-updown-5m-1790125800,24,86719.86,86606.21,113.64999999999418,-4.7700000000040745,-25.25,-31.69999999999709,-51.529999999998836,0.99,,,,0.01,,41745.189999999995,0,0,41745.189999999995,1.0,-1.0,,,,,WAIT,0,"BTC_ABOVE,BTC15-,BTC30-,BTC60-,UP_BOOK"
2026-09-23 01:14:38,1790126078,btc-updown-5m-1790125800,22,86713.93,86606.21,107.71999999998661,-10.690000000002328,-21.59000000001106,-28.110000000000582,-33.98000000001048,0.99,,,,0.01,,41786.71,0,0,41786.71,1.0,-1.0,,,,,WAIT,2,"BTC_ABOVE,BTC5-,BTC15-,UP_BOOK"
2026-09-23 01:14:40,1790126079,btc-updown-5m-1790125800,21,86713.93,86606.21,107.71999999998661,-10.690000000002328,-21.59000000001106,-28.110000000000582,-33.98000000001048,0.99,,,,0.01,,55431.51,0,0,55431.51,1.0,-1.0,,,,,WAIT,2,"BTC_ABOVE,BTC5-,BTC15-,UP_BOOK"
2026-09-23 01:14:42,1790126081,btc-updown-5m-1790125800,19,86709.88,86606.21,103.66999999999825,-9.979999999995925,-25.639999999999418,-32.15999999998894,-54.29999999998836,0.99,,,,0.01,,55414.189999999995,0,0,55314.189999999995,1.0,-1.0,,,,,WAIT,0,TIME_FILTER
2026-09-23 01:14:44,1790126083,btc-updown-5m-1790125800,17,86705.45,86606.21,99.23999999999069,-8.479999999995925,-19.180000000007567,-36.58999999999651,-71.99000000000524,0.99,,,,0.01,,55314.189999999995,0,0,55338.189999999995,1.0,-1.0,,,,,WAIT,0,TIME_FILTER
2026-09-23 01:14:45,1790126085,btc-updown-5m-1790125800,15,86705.45,86606.21,99.23999999999069,-8.479999999995925,-19.180000000007567,-36.58999999999651,-71.99000000000524,0.99,,,,0.01,,55423.189999999995,0,0,55425.68,1.0,-1.0,,,,,WAIT,0,TIME_FILTER
2026-09-23 01:14:47,1790126086,btc-updown-5m-1790125800,14,86705.45,86606.21,99.23999999999069,-4.430000000007567,-19.180000000007567,-36.58999999999651,-71.99000000000524,0.99,,,,0.01,,56333.68,0,0,56333.68,1.0,-1.0,,,,,WAIT,0,TIME_FILTER
2026-09-23 01:14:49,1790126088,btc-updown-5m-1790125800,12,86700.14,86606.21,93.92999999999302,-5.309999999997672,-24.479999999995925,-51.41000000000349,-77.2899999999936,0.99,,,,0.01,,56593.68,0,0,56523.68,1.0,-1.0,,,,,WAIT,0,TIME_FILTER
2026-09-23 01:14:51,1790126090,btc-updown-5m-1790125800,10,86700.13,86606.21,93.91999999999825,-5.319999999992433,-24.489999999990687,-44.979999999995925,-55.90999999998894,0.99,,,,0.01,,56674.829999999994,0,0,56674.829999999994,1.0,-1.0,,,,,WAIT,0,TIME_FILTER
2026-09-23 01:14:52,1790126092,btc-updown-5m-1790125800,8,86700.14,86606.21,93.92999999999302,-5.309999999997672,-19.720000000001164,-35.38000000000466,-76.30000000000291,0.999,,,,0.001,,75242.15,0,0,75727.15,1.0,-1.0,,,,,WAIT,0,TIME_FILTER
2026-09-23 01:14:54,1790126093,btc-updown-5m-1790125800,7,86700.13,86606.21,93.91999999999825,-0.00999999999476131,-13.799999999988358,-35.38999999999942,-76.30999999999767,0.999,,,,0.001,,79812.15,0,0,79812.15,1.0,-1.0,,,,,WAIT,0,TIME_FILTER
2026-09-23 01:14:56,1790126095,btc-updown-5m-1790125800,5,86700.14,86606.21,93.92999999999302,0.00999999999476131,-13.789999999993597,-35.38000000000466,-50.029999999998836,0.999,,,,0.001,,80023.01999999999,0,0,79993.01999999999,1.0,-1.0,,,,,WAIT,0,TIME_FILTER
2026-09-23 01:14:58,1790126097,btc-updown-5m-1790125800,3,86700.14,86606.21,93.92999999999302,0.0,-9.740000000005239,-24.49000000000524,-50.020000000004075,0.999,,,,0.001,,81473.01999999999,0,0,81473.01999999999,1.0,-1.0,,,,,WAIT,0,TIME_FILTER
2026-09-23 01:15:00,1790126099,btc-updown-5m-1790125800,1,86721.43,86606.21,115.21999999998661,21.29999999998836,15.979999999995925,-3.2000000000116415,-43.78000000001339,0.999,,,,0.001,,81398.34999999999,0,0,81663.22,1.0,-1.0,,,,,WAIT,0,TIME_FILTER
2026-09-23 01:15:02,1790126101,btc-updown-5m-1790126100,299,86721.44,86729.95,-8.509999999994761,,,,,0.48,0.5,0.49,0.55,0.56,0.555,179.61,793.52,529.61,646.21,-0.630861241560737,-0.09916483815549999,,,,1.06,WAIT,0,TIME_FILTER
2026-09-23 01:15:04,1790126103,btc-updown-5m-1790126100,297,86729.55,86729.95,-0.39999999999417923,,,,,0.47,0.48,0.475,0.52,0.53,0.525,3634.7200000000003,1639.58,1689.58,3519.7200000000003,0.3782757901522477,-0.35132167469717623,,,,1.01,WAIT,0,TIME_FILTER
2026-09-23 01:15:06,1790126105,btc-updown-5m-1790126100,295,86729.55,86729.95,-0.39999999999417923,,,,,0.45,0.47,0.45999999999999996,0.56,0.57,0.565,71.0,2805.6099999999997,1427.9,3025.48,-0.9506363393021647,-0.3587342647606986,,,,1.04,WAIT,0,TIME_FILTER
2026-09-23 01:15:07,1790126107,btc-updown-5m-1790126100,293,86728.16,86729.95,-1.7899999999935972,6.720000000001164,,,,0.43,0.44,0.435,0.58,0.59,0.585,1954.66,1968.3200000000002,2200.63,1056.6599999999999,-0.003482046811352615,0.35120299389983706,-0.05499999999999999,,,1.03,WAIT,0,TIME_FILTER
2026-09-23 01:15:09,1790126108,btc-updown-5m-1790126100,292,86709.8,86729.95,-20.14999999999418,-19.75,,,,0.38,0.39,0.385,0.61,0.62,0.615,1174.0,3423.5,3380.5,400.0,-0.4892876563349647,0.78838777939426,-0.08999999999999997,,,1.01,WAIT,0,TIME_FILTER
2026-09-23 01:15:11,1790126110,btc-updown-5m-1790126100,290,86701.43,86729.95,-28.520000000004075,-28.120000000009895,,,,0.38,0.39,0.385,0.61,0.62,0.615,4906.67,1198.0,1220.75,5119.67,0.6075135920532969,-0.6149308720873381,-0.07499999999999996,,,1.01,WAIT,0,TIME_FILTER
2026-09-23 01:15:13,1790126112,btc-updown-5m-1790126100,288,86701.43,86729.95,-28.520000000004075,-26.730000000010477,,,,0.36,0.38,0.37,0.66,0.67,0.665,968.55,1130.77,1536.66,2571.16,-0.07727264066459617,-0.2518367406556275,-0.065,,,1.05,WAIT,0,TIME_FILTER
2026-09-23 01:15:14,1790126114,btc-updown-5m-1790126100,286,86688.24,86729.95,-41.70999999999185,-21.55999999999767,,,,0.32,0.33,0.325,0.67,0.68,0.675,3810.83,1260.61,825.5500000000001,4505.26,0.502859148486426,-0.6902722100393749,-0.06,,,1.01,WAIT,0,TIME_FILTER
2026-09-23 01:15:16,1790126115,btc-updown-5m-1790126100,285,86688.25,86729.95,-41.69999999999709,-13.179999999993015,,,,0.33,0.34,0.335,0.66,0.67,0.665,3366.1000000000004,1464.71,1554.71,4366.86,0.39359651901026954,-0.47489939323523994,-0.04999999999999999,,,1.01,WAIT,0,TIME_FILTER
2026-09-23 01:15:18,1790126117,btc-updown-5m-1790126100,283,86688.24,86729.95,-41.70999999999185,-13.189999999987776,-33.19999999999709,,,0.34,0.35,0.345,0.65,0.66,0.655,1751.43,2347.03,2287.03,3397.6900000000005,-0.1453228773734525,-0.19537637737654626,-0.025000000000000022,-0.14500000000000002,,1.01,WAIT,0,TIME_FILTER
2026-09-23 01:15:20,1790126119,btc-updown-5m-1790126100,281,86688.24,86729.95,-41.70999999999185,0.0,-41.30999999999767,,,0.33,0.34,0.335,0.66,0.67,0.665,2531.6,3296.25,3296.25,3368.3599999999997,-0.13120619096236177,-0.01081983791999827,0.010000000000000009,-0.13999999999999996,,1.01,WAIT,0,TIME_FILTER
2026-09-23 01:15:21,1790126121,btc-updown-5m-1790126100,279,86688.24,86729.95,-41.70999999999185,-0.00999999999476131,-41.30999999999767,,,0.33,0.34,0.335,0.66,0.67,0.665,2666.06,1963.6899999999998,2239.91,1704.02,0.15170797559263463,0.13587715806315018,0.0,-0.12499999999999994,,1.01,WAIT,0,TIME_FILTER
2026-09-23 01:15:23,1790126122,btc-updown-5m-1790126100,278,86688.25,86729.95,-41.69999999999709,0.00999999999476131,-39.91000000000349,,,0.34,0.35,0.345,0.65,0.66,0.655,3337.96,1025.25,1855.0100000000002,3948.06,0.5300478317568946,-0.3606797781174447,0.0,-0.09000000000000002,,1.01,WAIT,0,TIME_FILTER
2026-09-23 01:15:25,1790126124,btc-updown-5m-1790126100,276,86688.25,86729.95,-41.69999999999709,0.00999999999476131,-21.55000000000291,,,0.33,0.34,0.335,0.65,0.66,0.655,4212.42,1118.48,1702.0800000000002,4568.26,0.5803785477123938,-0.4571012098227529,0.0,-0.04999999999999999,,1.0,WAIT,0,TIME_FILTER
2026-09-23 01:15:27,1790126126,btc-updown-5m-1790126100,274,86688.25,86729.95,-41.69999999999709,0.00999999999476131,-13.179999999993015,,,0.36,0.37,0.365,0.63,0.64,0.635,3402.8,2202.46,2359.46,3448.23,0.21414528496447982,-0.1874704056173797,0.02999999999999997,-0.020000000000000018,,1.01,WAIT,0,TIME_FILTER
2026-09-23 01:15:28,1790126128,btc-updown-5m-1790126100,272,86698.63,86729.95,-31.319999999992433,10.380000000004657,-2.7999999999883585,,,0.38,0.39,0.385,0.62,0.63,0.625,2156.83,1644.8899999999999,2448.54,1827.3400000000001,0.13466010121734376,0.14528003592242997,0.040000000000000036,0.015000000000000013,,1.02,WAIT,0,TIME_FILTER
2026-09-23 01:15:30,1790126129,btc-updown-5m-1790126100,271,86698.63,86729.95,-31.319999999992433,10.380000000004657,10.389999999999418,,,0.38,0.39,0.385,0.61,0.62,0.615,4341.179999999999,1518.28,1564.76,4361.179999999999,0.481767944486352,-0.4718947542499585,0.04999999999999999,0.06,,1.01,WAIT,0,TIME_FILTER
2026-09-23 01:15:32,1790126131,btc-updown-5m-1790126100,269,86698.63,86729.95,-31.319999999992433,10.380000000004657,10.380000000004657,-22.80999999999767,,0.38,0.39,0.385,0.61,0.62,0.615,3571.4799999999996,2268.94,3400.24,3581.4799999999996,0.2230216320059173,-0.025959219218186894,0.020000000000000018,0.04999999999999999,-0.10499999999999998,1.01,WAIT,-2,"BTC_BELOW,BTC5+,PM30-"
2026-09-23 01:15:34,1790126133,btc-updown-5m-1790126100,267,86698.63,86729.95,-31.319999999992433,0.0,10.389999999999418,-30.919999999998254,,0.36,0.37,0.365,0.63,0.64,0.635,2477.44,2629.23,3147.0599999999995,1203.43,-0.02972387093742105,0.4467611694314892,-0.020000000000000018,0.020000000000000018,-0.10999999999999999,1.01,DOWN WATCH,-6,"BTC_BELOW,BTC30-,PM30-,DOWN_BOOK"
2026-09-23 01:15:35,1790126135,btc-updown-5m-1790126100,265,86698.62,86729.95,-31.330000000001746,-0.010000000009313226,10.379999999990105,-30.930000000007567,,0.35,0.36,0.355,0.64,0.65,0.645,2737.7299999999996,1820.21,1356.91,2823.7299999999996,0.20130146513556554,-0.3508601553829078,-0.030000000000000027,0.019999999999999962,-0.10499999999999998,1.01,WAIT,-5,"BTC_BELOW,BTC30-,PM5-,PM30-"
2026-09-23 01:15:37,1790126136,btc-updown-5m-1790126100,264,86698.63,86729.95,-31.319999999992433,0.0,10.389999999999418,-30.919999999998254,,0.4,0.41,0.405,0.59,0.6,0.595,2179.66,1413.06,1345.36,2121.66,0.21337593800797167,-0.2239098707247146,0.020000000000000018,0.07,-0.05499999999999994,1.01,WAIT,-2,"BTC_BELOW,BTC30-,PM15+"
2026-09-23 01:15:39,1790126138,btc-updown-5m-1790126100,262,86711.43,86729.95,-18.520000000004075,12.799999999988358,23.179999999993015,1.6299999999901047,,0.43,0.44,0.435,0.56,0.57,0.565,1875.8100000000002,2564.29,2594.29,1855.8100000000002,-0.1550595707303889,0.16594683265544588,0.07,0.09000000000000002,0.04999999999999999,1.01,UP WATCH,6,"BTC5+,BTC15+,PM5+,PM15+"
2026-09-23 01:15:41,1790126140,btc-updown-5m-1790126100,260,86711.43,86729.95,-18.520000000004075,12.809999999997672,23.179999999993015,10.0,,0.39,0.4,0.395,0.64,0.65,0.645,7.67,5751.28,2142.04,937.0,-0.9973363199888868,0.3913687383080441,0.040000000000000036,0.06,0.010000000000000009,1.05,WAIT,4,"BTC5+,BTC15+,PM5+,PM15+,DOWN_BOOK"
2026-09-23 01:15:43,1790126142,btc-updown-5m-1790126100,258,86699.3,86729.95,-30.64999999999418,0.6699999999982538,11.05000000000291,-2.1299999999901047,,0.34,0.35,0.345,0.66,0.67,0.665,711.44,2503.7799999999997,2218.16,2968.62,-0.5574548553442688,-0.14468706981981114,-0.06000000000000005,-0.020000000000000018,-0.025000000000000022,1.02,WAIT,-4,"BTC_BELOW,PM5-"
2026-09-23 01:15:44,1790126144,btc-updown-5m-1790126100,256,86699.31,86729.95,-30.639999999999418,-12.119999999995343,0.6799999999930151,11.069999999992433,,0.33,0.34,0.335,0.67,0.68,0.675,138.0,2336.72,3306.5600000000004,634.55,-0.8884722312019138,0.6779841212247311,-0.09999999999999998,-0.04999999999999999,0.010000000000000009,1.02,DOWN WATCH,-6,"BTC_BELOW,BTC5-,PM5-,DOWN_BOOK"
2026-09-23 01:15:46,1790126145,btc-updown-5m-1790126100,255,86688.26,86729.95,-41.69000000000233,-23.169999999998254,-10.370000000009895,0.00999999999476131,,0.31,0.32,0.315,0.68,0.69,0.685,3551.42,2275.01,2399.01,3586.42,0.21907239939379686,-0.19838340770838517,-0.08000000000000002,-0.07,-0.020000000000000018,1.01,DOWN WATCH,-6,"BTC_BELOW,BTC5-,PM5-,PM15-"
2026-09-23 01:15:48,1790126147,btc-updown-5m-1790126100,253,86688.26,86729.95,-41.69000000000233,-11.040000000008149,-10.370000000009895,0.01999999998952262,,0.32,0.33,0.325,0.66,0.67,0.665,2397.02,1326.74,1969.37,3021.27,0.2874191677229467,-0.21077456999503075,-0.019999999999999962,-0.06,-0.019999999999999962,1.0,WAIT,-4,"BTC_BELOW,BTC5-,PM15-,UP_BOOK"
2026-09-23 01:15:50,1790126149,btc-updown-5m-1790126100,251,86688.27,86729.95,-41.679999999993015,-11.039999999993597,-10.360000000000582,0.029999999998835847,,0.33,0.34,0.335,0.66,0.67,0.665,2493.08,1810.9499999999998,1878.1699999999998,3093.41,0.15848634884050533,-0.24443738207974125,0.0,-0.02999999999999997,0.0,1.01,WAIT,-3,"BTC_BELOW,BTC5-"
2026-09-23 01:15:51,1790126151,btc-updown-5m-1790126100,249,86688.26,86729.95,-41.69000000000233,0.0,-10.370000000009895,0.01999999998952262,,0.32,0.33,0.325,0.67,0.68,0.675,1247.69,2760.67,3227.42,2603.41,-0.37745611671606344,0.10701906932632237,0.010000000000000009,-0.08000000000000002,-0.010000000000000009,1.01,WAIT,-5,"BTC_BELOW,PM15-"
2026-09-23 01:15:53,1790126152,btc-updown-5m-1790126100,248,86688.26,86729.95,-41.69000000000233,0.0,-10.370000000009895,0.00999999999476131,,0.32,0.33,0.325,0.67,0.68,0.675,1014.03,3259.5,3244.5,2728.0699999999997,-0.5254368168703625,0.08646696480744476,0.0,-0.08000000000000002,-0.019999999999999962,1.01,WAIT,-5,"BTC_BELOW,PM15-"
2026-09-23 01:15:54,1790126154,btc-updown-5m-1790126100,246,86688.27,86729.95,-41.679999999993015,0.0,-23.15999999998894,0.020000000004074536,,0.33,0.34,0.335,0.66,0.67,0.665,2427.56,1868.33,1868.33,3178.0199999999995,0.13017791423895866,-0.2595321370891832,0.0,-0.09999999999999998,0.0,1.01,WAIT,-5,"BTC_BELOW,BTC15-,PM15-"
2026-09-23 01:15:56,1790126155,btc-updown-5m-1790126100,245,86688.27,86729.95,-41.679999999993015,0.0,-23.15999999998894,0.020000000004074536,,0.34,0.35,0.345,0.65,0.66,0.655,2487.7200000000003,1636.26,1336.44,3380.2,0.20646559876624043,-0.43330845686760067,0.009999999999999953,-0.050000000000000044,0.009999999999999953,1.01,WAIT,-5,"BTC_BELOW,BTC15-,PM15-"
2026-09-23 01:15:58,1790126157,btc-updown-5m-1790126100,243,86715.55,86729.95,-14.39999999999418,27.29000000000815,16.25,27.30000000000291,,0.44,0.45,0.445,0.55,0.56,0.555,1907.0900000000001,1444.83,1472.83,2273.16,0.13790901930833677,-0.21364979618205066,0.12,0.10000000000000003,0.08000000000000002,1.01,WAIT,5,"BTC5+,PM5+,PM15+,PM30+"
2026-09-23 01:16:00,1790126159,btc-updown-5m-1790126100,241,86715.56,86729.95,-14.389999999999418,27.289999999993597,16.25,16.929999999993015,,0.44,0.45,0.445,0.56,0.57,0.565,2481.52,2164.5299999999997,2709.37,654.7,0.06822784946352284,0.6107690981459959,0.10999999999999999,0.10999999999999999,0.06,1.02,WAIT,3,"BTC5+,PM5+,PM15+,DOWN_BOOK"
2026-09-23 01:16:02,1790126161,btc-updown-5m-1790126100,239,86715.56,86729.95,-14.389999999999418,27.289999999993597,27.30000000000291,16.929999999993015,-5.880000000004657,0.43,0.44,0.435,0.56,0.57,0.565,811.01,3605.5099999999998,1079.31,2928.9100000000003,-0.6327379928088178,-0.4614517167221361,0.09000000000000002,0.12,0.04999999999999999,1.01,UP WATCH,6,"BTC5+,BTC15+,PM5+,PM15+"
2026-09-23 01:16:03,1790126163,btc-updown-5m-1790126100,237,86718.3,86729.95,-11.64999999999418,2.75,30.04000000000815,19.669999999998254,-11.25,0.43,0.44,0.435,0.56,0.57,0.565,1486.4,2915.55,3109.67,1565.4,-0.3246629334726655,0.33032018771911437,-0.010000000000000009,0.10999999999999999,0.07,1.01,WAIT,3,"BTC15+,PM15+,PM30+,DOWN_BOOK"
2026-09-23 01:16:05,1790126164,btc-updown-5m-1790126100,236,86718.3,86729.95,-11.64999999999418,2.7400000000052387,30.029999999998836,19.669999999998254,-11.25,0.43,0.44,0.435,0.56,0.57,0.565,2355.91,1310.93,1294.93,2481.91,0.28498107362197417,-0.31427860327681334,-0.010000000000000009,0.09999999999999998,0.07,1.01,UP WATCH,7,"BTC15+,PM15+,PM30+,UP_BOOK"
2026-09-23 01:16:07,1790126166,btc-updown-5m-1790126100,234,86709.81,86729.95,-20.139999999999418,-5.75,21.55000000000291,11.179999999993015,-19.74000000000524,0.35,0.36,0.355,0.65,0.66,0.655,670.0600000000001,1081.82,529.44,1955.89,-0.23503892960705064,-0.5739479264323047,-0.08000000000000002,0.02999999999999997,-0.050000000000000044,1.02,WAIT,0,"BTC_BELOW,BTC15+,PM5-"
2026-09-23 01:16:09,1790126168,btc-updown-5m-1790126100,232,86696.16,86729.95,-33.7899999999936,-22.139999999999418,7.900000000008731,-15.269999999989523,-13.639999999999418,0.33,0.34,0.335,0.66,0.67,0.665,617.84,2805.58,2092.75,3626.1900000000005,-0.63905100747206,-0.2681336051785821,-0.09999999999999998,0.010000000000000009,-0.09999999999999998,1.01,WAIT,-5,"BTC_BELOW,BTC5-,PM5-,PM30-"
2026-09-23 01:16:10,1790126170,btc-updown-5m-1790126100,230,86696.17,86729.95,-33.779999999998836,-22.130000000004657,7.899999999994179,-15.259999999994761,-5.259999999994761,0.3,0.33,0.315,0.69,0.7,0.695,3437.2000000000003,2774.6,2407.3900000000003,3235.75,0.10666795453813716,-0.14679061657162495,-0.12,-0.02999999999999997,-0.08000000000000002,1.03,WAIT,-5,"BTC_BELOW,BTC5-,PM5-,PM30-"
2026-09-23 01:16:12,1790126171,btc-updown-5m-1790126100,229,86689.77,86729.95,-40.179999999993015,-20.039999999993597,1.5,-21.65999999998894,-11.65999999998894,0.3,0.31,0.305,0.69,0.7,0.695,4829.96,1110.44,1493.44,4790.54,0.6261396538953606,-0.5246834012838997,-0.04999999999999999,-0.03999999999999998,-0.09000000000000002,1.01,WAIT,-3,"BTC_BELOW,BTC5-,PM5-,PM30-,UP_BOOK"
2026-09-23 01:16:14,1790126173,btc-updown-5m-1790126100,227,86689.76,86729.95,-40.19000000000233,-6.400000000008731,-25.79000000000815,-9.540000000008149,-11.669999999998254,0.29,0.3,0.295,0.71,0.72,0.715,1686.64,2061.37,2914.34,3262.62,-0.09998105661404312,-0.05638372273739829,-0.040000000000000036,-0.15000000000000002,-0.04999999999999999,1.02,DOWN WATCH,-7,"BTC_BELOW,BTC15-,PM5-,PM15-"
2026-09-23 01:16:16,1790126175,btc-updown-5m-1790126100,225,86689.76,86729.95,-40.19000000000233,-6.4100000000034925,-25.80000000000291,1.5,1.5099999999947613,0.3,0.31,0.305,0.69,0.7,0.695,4370.96,737.6,1217.9099999999999,4458.96,0.7112297790375369,-0.5709220045553272,-0.010000000000000009,-0.14,-0.010000000000000009,1.01,WAIT,-4,"BTC_BELOW,BTC15-,PM15-,UP_BOOK"
2026-09-23 01:16:17,1790126177,btc-updown-5m-1790126100,223,86689.77,86729.95,-40.179999999993015,0.0,-25.789999999993597,1.5100000000093132,1.5299999999988358,0.3,0.31,0.305,0.69,0.7,0.695,4884.960000000001,948.1999999999999,1622.53,4835.530000000001,0.6748931968264201,-0.4975178304320494,0.0,-0.13,-0.020000000000000018,1.01,WAIT,-4,"BTC_BELOW,BTC15-,PM15-,UP_BOOK"
2026-09-23 01:16:19,1790126178,btc-updown-5m-1790126100,222,86689.77,86729.95,-40.179999999993015,0.010000000009313226,-28.529999999998836,1.5100000000093132,1.5299999999988358,0.3,0.31,0.305,0.7,0.71,0.705,3797.92,2371.88,2334.22,4460.04,0.23113228953936918,-0.31288469973183247,0.010000000000000009,-0.13,-0.020000000000000018,1.02,WAIT,-5,"BTC_BELOW,BTC15-,PM15-"
2026-09-23 01:16:21,1790126180,btc-updown-5m-1790126100,220,86692.21,86729.95,-37.73999999999069,2.4500000000116415,-26.089999999996508,3.9400000000023283,3.970000000001164,0.31,0.32,0.315,0.7,0.71,0.705,2155.65,2881.13,2689.04,1554.0,-0.1440364677432804,0.26750631622610205,0.010000000000000009,-0.12,-0.020000000000000018,1.03,DOWN WATCH,-7,"BTC_BELOW,BTC15-,PM15-,DOWN_BOOK"
2026-09-23 01:16:23,1790126182,btc-updown-5m-1790126100,218,86692.22,86729.95,-37.729999999995925,2.4499999999970896,-17.589999999996508,3.960000000006403,3.970000000001164,0.32,0.33,0.325,0.67,0.68,0.675,2627.15,1979.6599999999999,1594.1,3561.88,0.1405506196261622,-0.3816500451902452,0.020000000000000018,-0.02999999999999997,0.0,1.01,WAIT,-1,BTC_BELOW
2026-09-23 01:16:24,1790126184,btc-updown-5m-1790126100,216,86700.0,86729.95,-29.94999999999709,10.229999999995925,3.8399999999965075,11.729999999995925,11.75,0.37,0.38,0.375,0.62,0.63,0.625,4841.07,1092.9,1031.9,4012.8999999999996,0.6316462671702081,-0.5909054868379321,0.07,0.03999999999999998,0.03999999999999998,1.01,WAIT,2,"BTC_BELOW,BTC5+,PM5+,UP_BOOK"
2026-09-23 01:16:26,1790126185,btc-updown-5m-1790126100,215,86702.22,86729.95,-27.729999999995925,10.009999999994761,6.05000000000291,13.94999999999709,13.970000000001164,0.37,0.38,0.375,0.62,0.63,0.625,2793.57,1383.24,1127.24,2889.57,0.3376572072945621,-0.4387387006106836,0.06,0.06,0.030000000000000027,1.01,WAIT,4,"BTC_BELOW,BTC5+,PM5+,PM15+,UP_BOOK"
2026-09-23 01:16:28,1790126187,btc-updown-5m-1790126100,213,86702.22,86729.95,-27.729999999995925,10.0,12.44999999999709,-13.330000000001746,13.970000000001164,0.37,0.38,0.375,0.62,0.63,0.625,1707.1200000000001,2702.19,2582.19,1727.1200000000001,-0.2256747654394905,0.19842387760453525,0.04999999999999999,0.07,-0.07,1.01,WAIT,1,"BTC_BELOW,BTC5+,PM5+,PM15+,PM30-"
2026-09-23 01:16:30,1790126189,btc-updown-5m-1790126100,211,86702.23,86729.95,-27.720000000001164,2.2299999999959255,12.470000000001164,-13.330000000001746,3.599999999991269,0.35,0.36,0.355,0.64,0.65,0.645,1912.27,2834.27,2666.27,1897.27,-0.1942467565847965,0.16850953426506615,-0.020000000000000018,0.06,-0.09000000000000002,1.01,WAIT,-1,"BTC_BELOW,PM15+,PM30-"
2026-09-23 01:16:31,1790126191,btc-updown-5m-1790126100,209,86712.92,86729.95,-17.029999999998836,10.69999999999709,23.160000000003492,-2.639999999999418,14.289999999993597,0.41,0.42,0.415,0.57,0.59,0.58,1226.6200000000001,269.19,420.0,1548.42,0.6400746084061478,-0.5732618038833176,0.03999999999999998,0.10999999999999999,-0.020000000000000018,1.01,UP WATCH,8,"BTC5+,BTC15+,PM5+,PM15+,UP_BOOK"
2026-09-23 01:16:33,1790126192,btc-updown-5m-1790126100,208,86715.14,86729.95,-14.809999999997672,12.919999999998254,25.369999999995343,-0.41999999999825377,16.50999999999476,0.4,0.41,0.405,0.6,0.61,0.605,968.26,2799.07,2554.66,1742.08,-0.48597016985504327,0.18911546893691494,0.030000000000000027,0.10000000000000003,-0.02999999999999997,1.02,WAIT,5,"BTC5+,BTC15+,PM5+,PM15+"
2026-09-23 01:16:35,1790126194,btc-updown-5m-1790126100,206,86715.14,86729.95,-14.809999999997672,12.910000000003492,25.369999999995343,-3.1600000000034925,16.50999999999476,0.39,0.4,0.395,0.6,0.61,0.605,1975.68,2562.2799999999997,2457.2799999999997,2055.68,-0.12926513235021897,0.0889881585478267,0.040000000000000036,0.09000000000000002,-0.03999999999999998,1.01,UP WATCH,6,"BTC5+,BTC15+,PM5+,PM15+"
2026-09-23 01:16:37,1790126196,btc-updown-5m-1790126100,204,86715.14,86729.95,-14.809999999997672,2.220000000001164,22.929999999993015,5.330000000001746,16.50999999999476,0.36,0.37,0.365,0.63,0.64,0.635,1733.6,2250.62,2535.0,1147.76,-0.12976693054098418,0.37668487764611325,-0.04999999999999999,0.04999999999999999,0.010000000000000009,1.01,WAIT,0,"BTC15+,PM5-,DOWN_BOOK"
2026-09-23 01:16:38,1790126198,btc-updown-5m-1790126100,202,86715.14,86729.95,-14.809999999997672,0.0,22.919999999998254,18.979999999995925,3.710000000006403,0.35,0.36,0.355,0.64,0.65,0.645,2190.0,2560.65,2748.36,2161.02,-0.0780209024028291,0.11963628808525723,-0.050000000000000044,0.02999999999999997,0.019999999999999962,1.01,WAIT,1,"BTC15+,PM5-"
2026-09-23 01:16:40,1790126199,btc-updown-5m-1790126100,201,86712.91,86729.95,-17.039999999993597,-2.2299999999959255,12.910000000003492,16.75,1.4800000000104774,0.33,0.34,0.335,0.66,0.67,0.665,500.22,2615.0699999999997,3722.63,404.93,-0.6788613580116135,0.803792070860266,-0.06,-0.03999999999999998,0.0,1.01,WAIT,-3,"PM5-,DOWN_BOOK"
2026-09-23 01:16:42,1790126201,btc-updown-5m-1790126100,199,86703.01,86729.95,-26.94000000000233,-12.130000000004657,0.7899999999935972,13.239999999990687,-8.419999999998254,0.32,0.33,0.325,0.67,0.68,0.675,2458.33,896.84,911.84,3372.62,0.4653981765454507,-0.5743500931272552,-0.03999999999999998,-0.04999999999999999,0.020000000000000018,1.01,WAIT,-2,"BTC_BELOW,BTC5-,PM5-,UP_BOOK"
2026-09-23 01:16:44,1790126203,btc-updown-5m-1790126100,197,86703.01,86729.95,-26.94000000000233,-12.130000000004657,0.7899999999935972,13.25,3.709999999991851,0.31,0.32,0.315,0.67,0.68,0.675,4011.45,1063.46,1313.6499999999999,3340.73,0.5808950306507898,-0.4355209501587752,-0.03999999999999998,-0.06,0.020000000000000018,1.0,WAIT,-4,"BTC_BELOW,BTC5-,PM5-,PM15-,UP_BOOK"
2026-09-23 01:16:45,1790126205,btc-updown-5m-1790126100,195,86703.02,86729.95,-26.929999999993015,-9.889999999999418,0.7900000000081491,13.260000000009313,14.760000000009313,0.32,0.33,0.325,0.67,0.68,0.675,2691.2800000000007,1714.73,1714.73,3479.9300000000003,0.22164044112473658,-0.3398104977034109,-0.010000000000000009,-0.02999999999999997,0.020000000000000018,1.01,WAIT,-1,BTC_BELOW
2026-09-23 01:16:47,1790126206,btc-updown-5m-1790126100,194,86703.02,86729.95,-26.929999999993015,0.010000000009313226,-9.89999999999418,13.260000000009313,14.760000000009313,0.28,0.29,0.28500000000000003,0.71,0.72,0.715,2611.0,2190.82,2799.34,1999.0,0.08750432127818199,0.16679518333423646,-0.03999999999999998,-0.12999999999999995,-0.019999999999999962,1.01,WAIT,-5,"BTC_BELOW,PM5-,PM15-"
2026-09-23 01:16:49,1790126208,btc-updown-5m-1790126100,192,86688.24,86729.95,-41.70999999999185,-14.769999999989523,-26.89999999999418,-1.5299999999988358,-0.01999999998952262,0.23,0.24,0.235,0.76,0.77,0.765,3388.9700000000003,820.1700000000001,768.1700000000001,3403.9700000000003,0.6102909382914324,-0.6317621172827373,-0.08000000000000002,-0.17000000000000004,-0.07,1.01,WAIT,-7,DOWN_TOO_EXPENSIVE
2026-09-23 01:16:51,1790126210,btc-updown-5m-1790126100,190,86688.25,86729.95,-41.69999999999709,-14.770000000004075,-26.889999999999418,-3.960000000006403,-0.020000000004074536,0.29,0.3,0.295,0.7,0.71,0.705,1639.0,1731.8,1966.4099999999999,1695.13,-0.027530556544440473,0.07408904450040141,-0.030000000000000027,-0.10000000000000003,-0.020000000000000018,1.01,DOWN WATCH,-8,"BTC_BELOW,BTC5-,BTC15-,PM5-,PM15-"
2026-09-23 01:16:52,1790126212,btc-updown-5m-1790126100,188,86688.25,86729.95,-41.69999999999709,-14.770000000004075,-26.889999999999418,-3.970000000001164,-0.00999999999476131,0.28,0.29,0.28500000000000003,0.71,0.72,0.715,2962.94,1652.95,2227.76,2887.94,0.2838000905567507,-0.12904978790781316,0.0,-0.07999999999999996,-0.03999999999999998,1.01,DOWN WATCH,-6,"BTC_BELOW,BTC5-,BTC15-,PM15-,UP_BOOK"
2026-09-23 01:16:54,1790126213,btc-updown-5m-1790126100,187,86688.25,86729.95,-41.69999999999709,0.00999999999476131,-26.889999999999418,-3.970000000001164,-0.00999999999476131,0.27,0.28,0.275,0.72,0.73,0.725,1562.0,2995.15,3033.15,1992.0,-0.3144838330974403,0.2071878451389511,0.040000000000000036,-0.07999999999999996,-0.04999999999999999,1.01,DOWN WATCH,-6,"BTC_BELOW,BTC15-,PM5+,PM15-"
2026-09-23 01:16:56,1790126215,btc-updown-5m-1790126100,185,86688.25,86729.95,-41.69999999999709,0.0,-24.660000000003492,-13.970000000001164,-0.020000000004074536,0.23,0.24,0.235,0.76,0.77,0.765,2838.59,2447.12,2264.41,2807.19,0.07406195194212324,-0.10702342456029658,-0.06,-0.10000000000000003,-0.14,1.01,WAIT,-8,DOWN_TOO_EXPENSIVE
2026-09-23 01:16:57,1790126217,btc-updown-5m-1790126100,183,86688.24,86729.95,-41.70999999999185,-0.00999999999476131,-14.769999999989523,-13.979999999995925,-27.30999999999767,0.22,0.23,0.225,0.77,0.78,0.775,2537.96,2985.71,2741.71,2840.96,-0.08106023712495497,-0.01777823156303346,-0.060000000000000026,-0.1,-0.15,1.01,WAIT,-6,DOWN_TOO_EXPENSIVE
2026-09-23 01:17:00,1790126218,btc-updown-5m-1790126100,182,86688.25,86729.95,-41.69999999999709,0.0,-14.759999999994761,-13.970000000001164,-27.30000000000291,0.22,0.23,0.225,0.77,0.78,0.775,3322.91,1851.7,1792.47,3326.38,0.28431321394269327,-0.29965910311886457,-0.05000000000000002,-0.09,-0.15,1.01,WAIT,-4,"BTC_BELOW,PM5-,PM15-,PM30-,UP_BOOK"
2026-09-23 01:17:01,1790126221,btc-updown-5m-1790126100,179,86674.44,86729.95,-55.50999999999476,-13.809999999997672,-28.580000000001746,-38.479999999995925,-41.11999999999534,0.16,0.17,0.165,0.82,0.83,0.825,3641.96,907.23,1467.63,3555.3500000000004,0.6011465777424112,-0.4156337472974211,-0.06999999999999998,-0.12000000000000002,-0.24999999999999997,1.0,WAIT,-11,DOWN_TOO_EXPENSIVE
2026-09-23 01:17:03,1790126222,btc-updown-5m-1790126100,178,86666.18,86729.95,-63.770000000004075,-22.060000000012224,-36.84000000001106,-48.9600000000064,-49.38000000000466,0.17,0.18,0.175,0.82,0.83,0.825,3447.11,1603.0700000000002,1191.63,3603.11,0.3651434206305518,-0.5029428081606093,-0.05000000000000002,-0.11000000000000004,-0.23000000000000004,1.01,WAIT,-11,DOWN_TOO_EXPENSIVE
2026-09-23 01:17:05,1790126224,btc-updown-5m-1790126100,176,86666.18,86729.95,-63.770000000004075,-22.070000000006985,-22.060000000012224,-48.9600000000064,-52.120000000009895,0.17,0.18,0.175,0.82,0.83,0.825,1107.6,3004.58,3104.58,1081.6,-0.4613076275843956,0.4832520340740245,-0.05000000000000002,-0.06,-0.22000000000000003,1.01,WAIT,-15,DOWN_TOO_EXPENSIVE
2026-09-23 01:17:07,1790126226,btc-updown-5m-1790126100,174,86633.56,86729.95,-96.38999999999942,-40.88000000000466,-54.69000000000233,-81.58000000000175,-76.25,0.08,0.1,0.09,0.92,0.93,0.925,1453.5900000000001,948.9399999999999,2041.7799999999997,1907.2900000000002,0.21004940625091056,0.03405611954206929,-0.07500000000000001,-0.205,-0.275,1.03,WAIT,-13,DOWN_TOO_EXPENSIVE
2026-09-23 01:17:08,1790126228,btc-updown-5m-1790126100,172,86617.3,86729.95,-112.64999999999418,-48.879999999990105,-70.94999999999709,-97.83999999999651,-78.86000000000058,0.06,0.07,0.065,0.93,0.94,0.935,4777.69,2006.38,2021.38,4831.69,0.40850256556904624,-0.41008044569805935,-0.10999999999999999,-0.21000000000000002,-0.29,1.01,WAIT,-11,DOWN_TOO_EXPENSIVE
2026-09-23 01:17:10,1790126229,btc-updown-5m-1790126100,171,86617.29,86729.95,-112.66000000000349,-48.88999999999942,-70.9600000000064,-95.6200000000099,-78.8700000000099,0.06,0.07,0.065,0.93,0.94,0.935,5084.03,2210.49,1947.02,5134.86,0.3939313347554054,-0.45014035820996684,-0.10999999999999999,-0.21000000000000002,-0.27,1.01,WAIT,-11,DOWN_TOO_EXPENSIVE
2026-09-23 01:17:12,1790126231,btc-updown-5m-1790126100,169,86611.56,86729.95,-118.38999999999942,-22.0,-76.69000000000233,-91.44999999999709,-78.2100000000064,0.06,0.07,0.065,0.93,0.94,0.935,3304.23,2402.56,2287.56,3494.23,0.15799950585180111,-0.20870180342073996,-0.024999999999999994,-0.16999999999999998,-0.26,1.01,WAIT,-12,DOWN_TOO_EXPENSIVE
2026-09-23 01:17:13,1790126233,btc-updown-5m-1790126100,167,86611.56,86729.95,-118.38999999999942,-5.740000000005239,-76.69000000000233,-91.44999999999709,-78.19999999999709,0.07,0.08,0.07500000000000001,0.92,0.93,0.925,1253.79,3514.2,3491.13,2150.09,-0.4740802728193641,0.2377216275911948,0.010000000000000009,-0.15,-0.24,1.01,WAIT,-12,DOWN_TOO_EXPENSIVE
2026-09-23 01:17:15,1790126234,btc-updown-5m-1790126100,166,86611.56,86729.95,-118.38999999999942,-5.7299999999959255,-76.69000000000233,-91.44999999999709,-78.19999999999709,0.07,0.08,0.07500000000000001,0.92,0.93,0.925,1286.71,3088.42,3121.58,2113.01,-0.4118071920148658,0.1926741158333317,0.010000000000000009,-0.15,-0.24,1.01,WAIT,-12,DOWN_TOO_EXPENSIVE
2026-09-23 01:17:17,1790126236,btc-updown-5m-1790126100,164,86611.56,86729.95,-118.38999999999942,0.0,-62.88000000000466,-91.4600000000064,-78.19999999999709,0.07,0.08,0.07500000000000001,0.92,0.93,0.925,1143.49,3223.23,3237.23,1877.79,-0.4762705188333577,0.2657741318704521,0.010000000000000009,-0.09,-0.21000000000000002,1.01,WAIT,-13,DOWN_TOO_EXPENSIVE
2026-09-23 01:17:19,1790126238,btc-updown-5m-1790126100,162,86611.56,86729.95,-118.38999999999942,0.0,-54.61999999999534,-76.68000000000757,-78.2100000000064,0.06,0.07,0.065,0.93,0.94,0.935,3396.23,2485.76,2533.05,3376.23,0.15478945050909637,-0.1426874340021119,-0.010000000000000009,-0.10999999999999999,-0.16999999999999998,1.01,WAIT,-11,DOWN_TOO_EXPENSIVE
2026-09-23 01:17:21,1790126240,btc-updown-5m-1790126100,160,86618.94,86729.95,-111.00999999999476,7.380000000004657,-47.23999999999069,-69.30999999999767,-73.27000000000407,0.08,0.09,0.08499999999999999,0.91,0.92,0.915,3284.34,2916.97,2932.37,3299.34,0.05924070881797562,-0.05888752846329503,0.009999999999999981,-0.09,-0.21,1.01,WAIT,-11,DOWN_TOO_EXPENSIVE
2026-09-23 01:17:22,1790126242,btc-updown-5m-1790126100,158,86625.3,86729.95,-104.64999999999418,13.740000000005239,-8.259999999994761,-62.94999999999709,-66.91999999999825,0.08,0.09,0.08499999999999999,0.91,0.92,0.915,2767.19,3059.43,3282.06,2494.08,-0.050156008114481426,0.13641982361923363,0.009999999999999981,-0.0050000000000000044,-0.20000000000000004,1.01,WAIT,-6,DOWN_TOO_EXPENSIVE
2026-09-23 01:17:24,1790126243,btc-updown-5m-1790126100,157,86625.3,86729.95,-104.64999999999418,13.740000000005239,8.0,-62.94999999999709,-66.91999999999825,0.08,0.09,0.08499999999999999,0.91,0.92,0.915,2949.72,2669.0600000000004,2649.0600000000004,2954.72,0.04995034509270684,-0.05454532476292777,0.01999999999999999,0.01999999999999999,-0.19000000000000003,1.01,WAIT,-6,DOWN_TOO_EXPENSIVE
2026-09-23 01:17:26,1790126245,btc-updown-5m-1790126100,155,86635.73,86729.95,-94.22000000000116,16.789999999993597,18.44000000000233,-52.520000000004075,-66.49000000000524,0.09,0.1,0.095,0.9,0.91,0.905,2151.33,3297.94,3378.94,2170.27,-0.21041534003637186,0.21780938187597876,0.010000000000000009,0.03,-0.13999999999999999,1.01,WAIT,-6,DOWN_TOO_EXPENSIVE
2026-09-23 01:17:28,1790126247,btc-updown-5m-1790126100,153,86635.74,86729.95,-94.20999999999185,10.440000000002328,24.180000000007567,-52.5,-66.47999999999593,0.08,0.09,0.08499999999999999,0.91,0.92,0.915,3812.13,2350.85,2456.85,3811.5299999999997,0.23710607530772457,-0.21611325414221857,0.0,0.01999999999999999,-0.14,1.01,WAIT,-4,"BTC_BELOW,BTC5+,BTC15+,BTC30-,BTC60-,PM30-"
2026-09-23 01:17:29,1790126249,btc-updown-5m-1790126100,151,86635.73,86729.95,-94.22000000000116,10.429999999993015,24.169999999998254,-52.520000000004075,-66.5,0.06,0.07,0.065,0.93,0.94,0.935,7068.73,2718.1000000000004,2630.7700000000004,6909.74,0.4445392430439682,-0.44850537340247004,-0.01999999999999999,-0.010000000000000009,-0.16,1.01,WAIT,-2,"BTC_BELOW,BTC5+,BTC15+,BTC30-,BTC60-,PM30-,UP_BOOK"
2026-09-23 01:17:31,1790126250,btc-updown-5m-1790126100,150,86635.73,86729.95,-94.22000000000116,0.0,24.169999999998254,-52.520000000004075,-66.5,0.06,0.07,0.065,0.93,0.94,0.935,7618.12,1572.8799999999999,1637.8799999999999,7513.12,0.6577347405070177,-0.6420325647470222,-0.03,-0.010000000000000009,-0.16,1.01,WAIT,-4,"BTC_BELOW,BTC15+,BTC30-,BTC60-,PM5-,PM30-,UP_BOOK"
2026-09-23 01:17:33,1790126252,btc-updown-5m-1790126100,148,86660.79,86729.95,-69.16000000000349,25.04999999998836,49.229999999995925,-5.389999999999418,-54.35000000000582,0.12,0.13,0.125,0.87,0.88,0.875,2532.05,1505.8799999999999,1928.6999999999998,2283.36,0.2541326867974433,-0.0842010797566987,0.04000000000000001,0.04999999999999999,-0.04999999999999999,1.01,WAIT,1,"BTC_BELOW,BTC5+,BTC15+,BTC60-,PM5+,UP_BOOK"
2026-09-23 01:17:34,1790126254,btc-updown-5m-1790126100,146,86660.8,86729.95,-69.14999999999418,25.070000000006985,49.24000000000524,-5.379999999990105,-54.33999999999651,0.11,0.12,0.11499999999999999,0.88,0.89,0.885,1771.3,1748.26,1734.5,2269.47,0.00654627282955823,-0.1336098921820093,0.04999999999999999,0.04999999999999999,-0.06,1.01,WAIT,0,"BTC_BELOW,BTC5+,BTC15+,BTC60-,PM5+"
2026-09-23 01:17:36,1790126255,btc-updown-5m-1790126100,145,86660.79,86729.95,-69.16000000000349,25.05999999999767,41.84999999999127,-5.389999999999418,-54.35000000000582,0.08,0.1,0.09,0.91,0.92,0.915,970.5699999999999,3183.5,4036.1099999999997,1300.42,-0.5327137000580155,0.5126346146278574,0.024999999999999994,0.0050000000000000044,-0.08499999999999999,1.02,WAIT,-4,"BTC_BELOW,BTC5+,BTC15+,BTC60-,PM30-,DOWN_BOOK"
2026-09-23 01:17:38,1790126257,btc-updown-5m-1790126100,143,86656.04,86729.95,-73.91000000000349,-4.75,30.739999999990687,22.479999999995925,-59.10000000000582,0.12,0.13,0.125,0.86,0.87,0.865,2031.99,1001.78,1443.01,1950.5,0.33958078562316857,-0.14954722396574638,0.0,0.04000000000000001,0.035,1.0,WAIT,-1,"BTC_BELOW,BTC15+,BTC60-,UP_BOOK"
2026-09-23 01:17:40,1790126259,btc-updown-5m-1790126100,141,86660.79,86729.95,-69.16000000000349,-0.010000000009313226,35.48999999999069,43.5,-52.120000000009895,0.12,0.13,0.125,0.87,0.88,0.875,1535.3,2709.2000000000003,2684.2000000000003,1517.86,-0.27656967840735075,0.27756386153458074,0.010000000000000009,0.04000000000000001,0.06,1.01,WAIT,-2,"BTC_BELOW,BTC15+,BTC30+,BTC60-,DOWN_BOOK"
2026-09-23 01:17:41,1790126261,btc-updown-5m-1790126100,139,86668.45,86729.95,-61.5,7.6600000000034925,32.720000000001164,56.88999999999942,-34.55999999999767,0.14,0.15,0.14500000000000002,0.85,0.86,0.855,1863.93,1802.36,1218.31,3290.0299999999997,0.016793543336724635,-0.459530558919691,0.05500000000000002,0.05000000000000002,0.08000000000000002,1.01,UP WATCH,6,"BTC_BELOW,BTC15+,BTC30+,PM5+,PM15+,PM30+"
2026-09-23 01:17:43,1790126262,btc-updown-5m-1790126100,138,86668.44,86729.95,-61.50999999999476,12.400000000008731,32.69999999999709,56.88000000000466,-34.56999999999243,0.14,0.15,0.14500000000000002,0.86,0.87,0.865,722.0,3283.66,2059.96,2242.51,-0.6395100932180964,-0.042429116298312405,0.020000000000000018,0.060000000000000026,0.08000000000000002,1.02,WAIT,4,"BTC_BELOW,BTC5+,BTC15+,BTC30+,PM15+,PM30+"
2026-09-23 01:17:45,1790126264,btc-updown-5m-1790126100,136,86668.45,86729.95,-61.5,7.6600000000034925,32.720000000001164,56.88999999999942,-34.55999999999767,0.13,0.14,0.135,0.86,0.87,0.865,2069.04,1967.42,2348.49,2119.04,0.02517552508881542,0.05135947604157103,0.010000000000000009,0.07,0.06,1.01,WAIT,3,"BTC_BELOW,BTC15+,BTC30+,PM15+"
2026-09-23 01:17:47,1790126266,btc-updown-5m-1790126100,134,86660.01,86729.95,-69.94000000000233,-8.440000000002328,24.279999999998836,48.44999999999709,-43.01000000000931,0.08,0.09,0.08499999999999999,0.91,0.92,0.915,2139.5600000000004,2845.63,2956.13,2782.5600000000004,-0.14163351848174285,0.030245578694789176,-0.060000000000000026,0.01999999999999999,0.009999999999999981,1.01,WAIT,-1,"BTC_BELOW,BTC15+,BTC30+,BTC60-,PM5-"
2026-09-23 01:17:49,1790126268,btc-updown-5m-1790126100,132,86660.01,86729.95,-69.94000000000233,-8.430000000007567,-0.7799999999988358,48.44999999999709,-28.230000000010477,0.08,0.09,0.08499999999999999,0.91,0.92,0.915,2548.4300000000003,2804.4900000000002,488.07,3836.26,-0.04783557385501744,-0.7742679212733533,-0.060000000000000026,-0.04000000000000001,0.01999999999999999,1.01,WAIT,-1,"BTC_BELOW,BTC30+,PM5-"
2026-09-23 01:17:50,1790126270,btc-updown-5m-1790126100,130,86660.01,86729.95,-69.94000000000233,-8.440000000002328,-0.7799999999988358,41.06999999999243,-28.24000000000524,0.12,0.13,0.125,0.87,0.88,0.875,1883.63,2077.29,1840.22,1876.0,-0.04889268149823774,-0.009628062924154105,-0.010000000000000009,0.035,0.04000000000000001,1.01,WAIT,-1,"BTC_BELOW,BTC30+"
2026-09-23 01:17:52,1790126271,btc-updown-5m-1790126100,129,86663.92,86729.95,-66.02999999999884,3.9100000000034925,3.1300000000046566,44.979999999995925,-24.330000000001746,0.14,0.15,0.14500000000000002,0.85,0.86,0.855,1085.0,2208.5299999999997,2181.32,1535.07,-0.34113246273754905,0.1738918681839097,0.060000000000000026,0.05500000000000002,0.060000000000000026,1.01,WAIT,1,"BTC_BELOW,BTC30+,PM5+,PM15+"
2026-09-23 01:17:54,1790126273,btc-updown-5m-1790126100,127,86663.92,86729.95,-66.02999999999884,3.9100000000034925,7.880000000004657,38.61999999999534,-24.330000000001746,0.12,0.13,0.125,0.87,0.88,0.875,2367.7,2492.17,2492.17,2346.0,-0.025611796200309938,0.030211836293474615,0.04000000000000001,0.0,0.04000000000000001,1.01,WAIT,0,"BTC_BELOW,BTC30+,PM5+"
2026-09-23 01:17:55,1790126275,btc-updown-5m-1790126100,125,86660.0,86729.95,-69.94999999999709,-0.00999999999476131,-0.7899999999935972,24.270000000004075,-28.25,0.07,0.08,0.07500000000000001,0.92,0.93,0.925,2747.16,1821.5,2585.0299999999997,2575.67,0.20261083118463616,0.0018137074427887056,-0.04999999999999999,-0.04999999999999999,-0.01999999999999999,1.01,WAIT,-4,"BTC_BELOW,PM5-"
2026-09-23 01:17:57,1790126276,btc-updown-5m-1790126100,124,86660.01,86729.95,-69.94000000000233,-3.9100000000034925,-8.440000000002328,24.279999999998836,-28.24000000000524,0.07,0.08,0.07500000000000001,0.92,0.93,0.925,2134.2599999999998,2398.81,2416.25,2843.43,-0.05836000767691657,-0.08121786876768165,-0.07,-0.07,-0.01999999999999999,1.01,WAIT,-6,DOWN_TOO_EXPENSIVE
2026-09-23 01:17:59,1790126278,btc-updown-5m-1790126100,122,86660.01,86729.95,-69.94000000000233,-3.9100000000034925,-8.430000000007567,24.269999999989523,-28.24000000000524,0.07,0.08,0.07500000000000001,0.92,0.93,0.925,1905.4599999999998,2775.2,2827.96,2792.1600000000003,-0.1858156755671209,0.00636997074795551,-0.04999999999999999,-0.07,-0.009999999999999981,1.01,WAIT,-6,DOWN_TOO_EXPENSIVE
2026-09-23 01:18:01,1790126280,btc-updown-5m-1790126100,120,86660.0,86729.95,-69.94999999999709,0.0,-8.44999999999709,24.270000000004075,-28.25,0.09,0.1,0.095,0.91,0.92,0.915,924.15,2408.2200000000003,2016.54,2527.72,-0.4453497060650528,-0.11248916215181345,0.01999999999999999,-0.04000000000000001,0.03,1.02,WAIT,-4,BTC_BELOW
2026-09-23 01:18:02,1790126282,btc-updown-5m-1790126100,118,86671.39,86729.95,-58.55999999999767,11.380000000004657,11.380000000004657,10.60000000000582,5.210000000006403,0.12,0.13,0.125,0.87,0.88,0.875,2300.1,2213.78,2183.78,2235.05,0.019123237658067938,-0.011602618792757355,0.04999999999999999,0.04000000000000001,0.0,1.01,WAIT,-1,"BTC_BELOW,BTC5+,PM5+"
2026-09-23 01:18:04,1790126283,btc-updown-5m-1790126100,117,86671.39,86729.95,-58.55999999999767,11.380000000004657,11.380000000004657,10.60000000000582,5.210000000006403,0.12,0.13,0.125,0.87,0.88,0.875,3422.73,1101.21,85.52,3808.79,0.5131633045531108,-0.9560795108761244,0.04999999999999999,0.04000000000000001,0.0,1.01,WAIT,1,"BTC_BELOW,BTC5+,PM5+,UP_BOOK"
2026-09-23 01:18:06,1790126285,btc-updown-5m-1790126100,115,86696.64,86729.95,-33.30999999999767,36.63999999999942,36.63000000000466,35.85000000000582,30.460000000006403,0.23,0.24,0.235,0.76,0.77,0.765,1527.18,940.25,1378.25,1552.18,0.2378709831687221,-0.05935306422606923,0.13999999999999999,0.10999999999999999,0.145,1.01,UP WATCH,7,"BTC_BELOW,BTC5+,BTC15+,BTC30+,PM5+,PM15+,PM30+"
2026-09-23 01:18:08,1790126287,btc-updown-5m-1790126100,113,86696.64,86729.95,-33.30999999999767,25.25,32.720000000001164,40.60000000000582,63.080000000001746,0.2,0.21,0.20500000000000002,0.79,0.8,0.795,1278.15,1361.1,1994.5500000000002,832.9,-0.03142938334754185,0.41084722983607136,0.08000000000000002,0.06,0.08000000000000002,1.01,UP WATCH,7,"BTC_BELOW,BTC5+,BTC15+,BTC30+,BTC60+,PM5+,PM15+,PM30+,DOWN_BOOK"
2026-09-23 01:18:09,1790126289,btc-updown-5m-1790126100,111,86671.81,86729.95,-58.13999999999942,0.41999999999825377,7.889999999999418,11.020000000004075,54.520000000004075,0.13,0.14,0.135,0.86,0.87,0.865,2590.6,830.0,920.0,2767.5,0.5147050225106706,-0.5010169491525424,0.010000000000000009,0.010000000000000009,0.010000000000000009,1.01,WAIT,0,"BTC_BELOW,BTC60+,UP_BOOK"
2026-09-23 01:18:11,1790126290,btc-updown-5m-1790126100,110,86666.01,86729.95,-63.94000000000233,-30.630000000004657,6.009999999994761,5.220000000001164,48.720000000001164,0.1,0.11,0.10500000000000001,0.89,0.9,0.895,512.5799999999999,3322.09,3428.69,563.78,-0.7326601767557573,0.7175783412273604,-0.12999999999999998,0.03,-0.01999999999999999,1.01,WAIT,-6,DOWN_TOO_EXPENSIVE
2026-09-23 01:18:13,1790126292,btc-updown-5m-1790126100,108,86666.01,86729.95,-63.94000000000233,-30.630000000004657,6.0,-2.430000000007567,54.44999999999709,0.12,0.13,0.125,0.87,0.88,0.875,1559.54,1398.7,1580.45,1760.4,0.05437016604467519,-0.05386353772243591,-0.08000000000000002,0.04999999999999999,-0.020000000000000018,1.01,WAIT,-4,"BTC_BELOW,BTC5-,BTC60+,PM5-"
2026-09-23 01:18:15,1790126294,btc-updown-5m-1790126100,106,86666.0,86729.95,-63.94999999999709,-5.809999999997672,5.990000000005239,-2.4499999999970896,54.44000000000233,0.11,0.12,0.11499999999999999,0.88,0.89,0.885,863.94,3034.96,2755.96,1259.23,-0.5568288491625843,0.37276691763029896,-0.020000000000000018,0.03999999999999998,-0.020000000000000018,1.01,WAIT,-4,"BTC_BELOW,BTC60+,DOWN_BOOK"
2026-09-23 01:18:17,1790126296,btc-updown-5m-1790126100,104,86666.01,86729.95,-63.94000000000233,0.0,6.009999999994761,6.0,54.44999999999709,0.09,0.1,0.095,0.9,0.91,0.905,2362.14,2328.14,2126.48,2335.46,0.007249034172799918,-0.046836129575924375,-0.010000000000000009,0.0,0.010000000000000009,1.01,WAIT,-2,"BTC_BELOW,BTC60+"
2026-09-23 01:18:18,1790126298,btc-updown-5m-1790126100,102,86666.01,86729.95,-63.94000000000233,0.0,-5.380000000004657,6.0,54.44999999999709,0.1,0.11,0.10500000000000001,0.89,0.9,0.895,2081.51,2065.85,2088.43,2025.39,0.0037758959916670623,0.015323956808999844,-0.01999999999999999,-0.01999999999999999,0.020000000000000018,1.01,WAIT,-2,"BTC_BELOW,BTC60+"
2026-09-23 01:18:20,1790126299,btc-updown-5m-1790126100,101,86666.01,86729.95,-63.94000000000233,0.00999999999476131,-5.380000000004657,6.0,54.44999999999709,0.09,0.1,0.095,0.9,0.91,0.905,2778.24,1788.92,1753.92,2966.72,0.21661601520419685,-0.25691431670281994,-0.01999999999999999,-0.03,0.010000000000000009,1.01,WAIT,-1,"BTC_BELOW,BTC60+"
2026-09-23 01:18:22,1790126301,btc-updown-5m-1790126100,99,86666.01,86729.95,-63.94000000000233,0.0,-30.630000000004657,2.0899999999965075,47.06999999999243,0.09,0.1,0.095,0.9,0.91,0.905,2133.3,3279.2599999999998,3302.2599999999998,2133.3,-0.21172236427864075,0.2150578781211135,0.0,-0.13999999999999999,-0.05000000000000002,1.01,WAIT,-6,DOWN_TOO_EXPENSIVE
2026-09-23 01:18:23,1790126303,btc-updown-5m-1790126100,97,86666.01,86729.95,-63.94000000000233,0.0,-30.630000000004657,2.0899999999965075,40.70999999999185,0.09,0.1,0.095,0.9,0.91,0.905,2064.1,3708.1099999999997,3703.1099999999997,1993.1,-0.2848146550454679,0.30020136195821434,-0.010000000000000009,-0.11000000000000001,-0.03,1.01,WAIT,-8,DOWN_TOO_EXPENSIVE
2026-09-23 01:18:25,1790126304,btc-updown-5m-1790126100,96,86666.01,86729.95,-63.94000000000233,0.0,-5.80000000000291,2.0899999999965075,40.70999999999185,0.08,0.09,0.08499999999999999,0.91,0.92,0.915,1573.1999999999998,2977.4,2977.4,1573.1999999999998,-0.308574693447018,0.308574693447018,-0.010000000000000009,-0.05000000000000002,-0.04000000000000001,1.01,WAIT,-6,DOWN_TOO_EXPENSIVE
2026-09-23 01:18:27,1790126306,btc-updown-5m-1790126100,94,86666.01,86729.95,-63.94000000000233,0.0,0.0,6.0,30.279999999998836,0.09,0.1,0.095,0.9,0.91,0.905,1265.68,3560.6899999999996,3674.6900000000005,1142.68,-0.4755147243166188,0.5256000680869437,0.0,-0.010000000000000009,0.01999999999999999,1.01,WAIT,-5,"BTC_BELOW,DOWN_BOOK"
2026-09-23 01:18:29,1790126308,btc-updown-5m-1790126100,92,86666.01,86729.95,-63.94000000000233,0.0,0.0,6.0,30.269999999989523,0.08,0.09,0.08499999999999999,0.91,0.92,0.915,1912.99,2794.08,2980.2299999999996,1605.28,-0.18718438434100193,0.2998466909896609,-0.010000000000000009,-0.04000000000000001,0.009999999999999981,1.01,WAIT,-4,"BTC_BELOW,DOWN_BOOK"
2026-09-23 01:18:31,1790126310,btc-updown-5m-1790126100,90,86666.01,86729.95,-63.94000000000233,0.0,0.00999999999476131,6.009999999994761,30.279999999998836,0.05,0.08,0.065,0.94,0.95,0.945,1897.94,2593.54,1664.59,4072.7299999999996,-0.15487100020483224,-0.41973255805846627,-0.01999999999999999,-0.04999999999999999,-0.03,1.03,WAIT,-2,BTC_BELOW
2026-09-23 01:18:32,1790126312,btc-updown-5m-1790126100,88,86666.01,86729.95,-63.94000000000233,0.0,0.0,-5.380000000004657,5.220000000001164,0.06,0.07,0.065,0.94,0.95,0.945,2500.94,3007.3999999999996,2850.83,3207.23,-0.0919442154986801,-0.058830714783280474,-0.03,-0.03,-0.06,1.02,WAIT,-4,"BTC_BELOW,PM5-"
2026-09-23 01:18:34,1790126313,btc-updown-5m-1790126100,87,86666.0,86729.95,-63.94999999999709,-0.00999999999476131,-0.00999999999476131,-5.389999999999418,5.210000000006403,0.05,0.06,0.055,0.94,0.95,0.945,1340.3200000000002,3783.0,3600.0,3131.91,-0.47677677755830206,0.06953301514726135,-0.029999999999999992,-0.05000000000000001,-0.07,1.01,WAIT,-7,DOWN_TOO_EXPENSIVE
2026-09-23 01:18:36,1790126315,btc-updown-5m-1790126100,85,86666.01,86729.95,-63.94000000000233,0.0,0.0,-30.630000000004657,5.220000000001164,0.05,0.06,0.055,0.92,0.93,0.925,3828.0,708.0,1717.9,2687.6499999999996,0.6878306878306878,-0.2201200758134625,-0.010000000000000002,-0.04,-0.18,0.99,WAIT,-5,"BTC_BELOW,BTC30-,PM30-,UP_BOOK"
2026-09-23 01:18:38,1790126317,btc-updown-5m-1790126100,83,86668.0,86729.95,-61.94999999999709,1.9900000000052387,1.9900000000052387,-28.639999999999418,11.960000000006403,0.06,0.07,0.065,0.93,0.94,0.935,3424.5200000000004,2469.8500000000004,2318.67,3542.3,0.1619630257347265,-0.2087760217165418,0.0,-0.03,-0.14,1.01,WAIT,-4,"BTC_BELOW,PM30-"
2026-09-23 01:18:39,1790126319,btc-updown-5m-1790126100,81,86668.0,86729.95,-61.94999999999709,2.0,1.9900000000052387,-3.8099999999976717,7.210000000006403,0.05,0.06,0.055,0.94,0.95,0.945,3534.6900000000005,2225.2000000000003,2248.2000000000003,5170.28,0.22734635557276267,-0.3938920102231184,0.0,-0.029999999999999992,-0.08000000000000002,1.01,WAIT,-3,"BTC_BELOW,PM30-"
2026-09-23 01:18:41,1790126320,btc-updown-5m-1790126100,80,86668.0,86729.95,-61.94999999999709,1.9900000000052387,1.9900000000052387,1.9900000000052387,7.210000000006403,0.05,0.06,0.055,0.94,0.95,0.945,1932.98,2916.9500000000003,2965.9500000000003,3390.5699999999997,-0.20288334058429713,-0.06680070227105388,0.0,-0.029999999999999992,-0.05000000000000001,1.01,WAIT,-3,BTC_BELOW
2026-09-23 01:18:43,1790126322,btc-updown-5m-1790126100,78,86668.01,86729.95,-61.94000000000233,0.00999999999476131,2.0,2.0,-0.430000000007567,0.04,0.05,0.045,0.95,0.96,0.955,3865.39,2727.9,2667.9,14956.910000000002,0.17252236743719748,-0.6972563108481737,-0.020000000000000004,-0.05,-0.08,1.01,WAIT,-5,"BTC_BELOW,PM15-,PM30-"
2026-09-23 01:18:45,1790126324,btc-updown-5m-1790126100,76,86668.0,86729.95,-61.94999999999709,0.0,1.9900000000052387,2.0,-0.4499999999970896,0.03,0.04,0.035,0.96,0.97,0.965,12737.18,3882.3799999999997,1909.26,13400.02,0.5327938886468715,-0.7505748147528819,-0.019999999999999997,-0.04999999999999999,-0.07999999999999999,1.01,WAIT,-2,"BTC_BELOW,PM30-,UP_BOOK"
2026-09-23 01:18:46,1790126326,btc-updown-5m-1790126100,74,86668.01,86729.95,-61.94000000000233,0.00999999999476131,2.0,2.0,8.0,0.04,0.05,0.045,0.95,0.96,0.955,3422.37,2410.5400000000004,2455.4400000000005,13466.650000000001,0.17346916033334983,-0.6915681295608805,-0.010000000000000002,-0.020000000000000004,-0.05,1.01,WAIT,-2,BTC_BELOW
2026-09-23 01:18:48,1790126327,btc-updown-5m-1790126100,73,86668.0,86729.95,-61.94999999999709,-0.00999999999476131,1.9900000000052387,1.9900000000052387,7.990000000005239,0.03,0.04,0.035,0.96,0.97,0.965,12269.16,3130.75,3256.75,11991.16,0.5934067147145665,-0.5728267021513113,-0.009999999999999995,-0.03,-0.06,1.01,WAIT,-1,"BTC_BELOW,UP_BOOK"
2026-09-23 01:18:50,1790126329,btc-updown-5m-1790126100,71,86668.0,86729.95,-61.94999999999709,0.0,2.0,1.9900000000052387,7.990000000005239,0.03,0.04,0.035,0.96,0.97,0.965,12281.460000000001,3051.9,3069.61,11835.32,0.6019267792577753,-0.5881080957777057,0.0,-0.019999999999999997,-0.06,1.01,WAIT,-1,"BTC_BELOW,UP_BOOK"
2026-09-23 01:18:51,1790126331,btc-updown-5m-1790126100,69,86668.01,86729.95,-61.94000000000233,0.0,2.0,2.0,4.0899999999965075,0.03,0.04,0.035,0.96,0.97,0.965,11732.16,3288.46,3907.75,11666.16,0.562140577419574,-0.49816712694499965,-0.009999999999999995,-0.019999999999999997,-0.06,1.01,WAIT,-1,"BTC_BELOW,UP_BOOK"
2026-09-23 01:18:53,1790126332,btc-updown-5m-1790126100,68,86668.01,86729.95,-61.94000000000233,0.00999999999476131,0.00999999999476131,2.0,4.0899999999965075,0.02,0.03,0.025,0.97,0.98,0.975,7098.32,3381.46,3381.46,7098.32,0.35466965909589704,-0.35466965909589704,-0.010000000000000002,-0.04,-0.07,1.01,WAIT,-2,"BTC_BELOW,PM30-,UP_BOOK"
2026-09-23 01:18:55,1790126334,btc-updown-5m-1790126100,66,86668.01,86729.95,-61.94000000000233,0.00999999999476131,0.00999999999476131,2.0,4.0899999999965075,0.02,0.03,0.025,0.97,0.98,0.975,5536.92,3934.4700000000003,4069.4700000000003,5516.92,0.16918847180825622,-0.1509901015919444,-0.010000000000000002,-0.03,-0.05999999999999999,1.01,WAIT,-3,BTC_BELOW
2026-09-23 01:18:57,1790126336,btc-updown-5m-1790126100,64,86668.01,86729.95,-61.94000000000233,0.0,0.00999999999476131,2.0,8.0,0.02,0.03,0.025,0.97,0.98,0.975,5271.97,4131.25,4156.25,5181.97,0.12131163580135317,-0.10984106178693585,-0.010000000000000002,-0.03,-0.07,1.01,WAIT,-4,"BTC_BELOW,PM30-"
2026-09-23 01:18:58,1790126338,btc-updown-5m-1790126100,62,86668.0,86729.95,-61.94999999999709,-0.00999999999476131,-0.00999999999476131,1.9900000000052387,7.990000000005239,0.02,0.03,0.025,0.97,0.98,0.975,5057.84,4055.37,4037.9700000000003,5041.84,0.11000185445084666,-0.11056068353853217,0.0,-0.019999999999999997,-0.05999999999999999,1.01,WAIT,-3,BTC_BELOW
2026-09-23 01:19:00,1790126339,btc-updown-5m-1790126100,61,86668.01,86729.95,-61.94000000000233,0.0,0.00999999999476131,2.0,8.0,0.01,0.02,0.015,0.98,0.99,0.985,3697.04,3112.0299999999997,2986.0299999999997,2759.42,0.08591628519019488,0.03944164512788375,-0.010000000000000002,-0.020000000000000004,-0.06999999999999999,1.01,WAIT,-3,BTC_BELOW
2026-09-23 01:19:02,1790126341,btc-updown-5m-1790126100,59,86668.0,86729.95,-61.94999999999709,-0.00999999999476131,-0.00999999999476131,1.9900000000052387,8.0,,0.02,,0.99,,,0,4302.65,7874.7699999999995,0,-1.0,1.0,,,,,WAIT,-5,"BTC_BELOW,DOWN_BOOK"
2026-09-23 01:19:04,1790126343,btc-updown-5m-1790126100,57,86668.0,86729.95,-61.94999999999709,0.0,0.0,2.0,-3.389999999999418,,0.01,,0.99,,,0,9257.06,10272.06,0,-1.0,1.0,,,,,WAIT,-5,"BTC_BELOW,DOWN_BOOK"
2026-09-23 01:19:05,1790126345,btc-updown-5m-1790126100,55,86666.0,86729.95,-63.94999999999709,-2.0099999999947613,-2.0,-0.00999999999476131,-30.639999999999418,,0.01,,0.99,,,0,13128.06,13128.06,0,-1.0,1.0,,,,,WAIT,-5,"BTC_BELOW,DOWN_BOOK"
2026-09-23 01:19:07,1790126346,btc-updown-5m-1790126100,54,86666.01,86729.95,-63.94000000000233,-1.9900000000052387,-2.0,0.0,-30.630000000004657,,0.01,,0.99,,,0,12801.17,12837.1,0,-1.0,1.0,,,,,WAIT,-5,"BTC_BELOW,DOWN_BOOK"
2026-09-23 01:19:09,1790126348,btc-updown-5m-1790126100,52,86666.01,86729.95,-63.94000000000233,-1.9900000000052387,-2.0,-1.9900000000052387,-30.630000000004657,,0.01,,0.99,,,0,13173.789999999999,13073.789999999999,0,-1.0,1.0,,,,,WAIT,-5,"BTC_BELOW,DOWN_BOOK"
2026-09-23 01:19:11,1790126350,btc-updown-5m-1790126100,50,86670.01,86729.95,-59.94000000000233,4.009999999994761,2.0,2.0099999999947613,4.0,,0.01,,0.99,,,0,13008.48,13083.33,0,-1.0,1.0,,,,,WAIT,-5,"BTC_BELOW,DOWN_BOOK"
2026-09-23 01:19:12,1790126352,btc-updown-5m-1790126100,48,86677.13,86729.95,-52.81999999999243,11.120000000009895,9.120000000009895,9.120000000009895,11.120000000009895,,0.01,,0.99,,,0,13351.64,13002.869999999999,0,-1.0,1.0,,,,,WAIT,-4,"BTC_BELOW,BTC5+,DOWN_BOOK"
2026-09-23 01:19:14,1790126353,btc-updown-5m-1790126100,47,86688.76,86729.95,-41.19000000000233,22.75,20.75999999999476,20.75,22.75,,0.01,,0.99,,,0,9981.74,10996.74,0,-1.0,1.0,,,,,WAIT,-1,"BTC_BELOW,BTC5+,BTC15+,DOWN_BOOK"
2026-09-23 01:19:16,1790126355,btc-updown-5m-1790126100,45,86688.76,86729.95,-41.19000000000233,18.75,20.75,20.75999999999476,22.75999999999476,,0.01,,0.99,,,0,12396.74,12396.74,0,-1.0,1.0,,,,,WAIT,-1,"BTC_BELOW,BTC5+,BTC15+,DOWN_BOOK"
2026-09-23 01:19:18,1790126357,btc-updown-5m-1790126100,43,86688.75,86729.95,-41.19999999999709,11.619999999995343,20.75,20.75,22.74000000000524,,0.01,,0.99,,,0,12654.84,12662.84,0,-1.0,1.0,,,,,WAIT,-1,"BTC_BELOW,BTC5+,BTC15+,DOWN_BOOK"
2026-09-23 01:19:19,1790126359,btc-updown-5m-1790126100,41,86688.75,86729.95,-41.19999999999709,-0.00999999999476131,20.75,20.75,22.74000000000524,,0.01,,0.99,,,0,19567.850000000002,19572.850000000002,0,-1.0,1.0,,,,,WAIT,-2,"BTC_BELOW,BTC15+,DOWN_BOOK"
2026-09-23 01:19:21,1790126360,btc-updown-5m-1790126100,40,86688.76,86729.95,-41.19000000000233,0.0,22.75999999999476,20.75999999999476,22.75,,0.01,,0.99,,,0,26571.56,30021.56,0,-1.0,1.0,,,,,WAIT,-2,"BTC_BELOW,BTC15+,DOWN_BOOK"
2026-09-23 01:19:23,1790126362,btc-updown-5m-1790126100,38,86687.37,86729.95,-42.580000000001746,-1.3800000000046566,21.360000000000582,19.360000000000582,21.360000000000582,,0.01,,0.99,,,0,29951.8,32966.799999999996,0,-1.0,1.0,,,,,WAIT,-2,"BTC_BELOW,BTC15+,DOWN_BOOK"
2026-09-23 01:19:25,1790126364,btc-updown-5m-1790126100,36,86688.74,86729.95,-41.20999999999185,-0.00999999999476131,22.730000000010477,20.730000000010477,22.730000000010477,,0.01,,0.99,,,0,32619.120000000003,32614.120000000003,0,-1.0,1.0,,,,,WAIT,-2,"BTC_BELOW,BTC15+,DOWN_BOOK"
2026-09-23 01:19:26,1790126366,btc-updown-5m-1790126100,34,86690.0,86729.95,-39.94999999999709,1.2400000000052387,19.99000000000524,21.99000000000524,23.99000000000524,,0.01,,0.99,,,0,29389.120000000003,29397.120000000003,0,-1.0,1.0,,,,,WAIT,-4,"BTC_BELOW,DOWN_BOOK"
2026-09-23 01:19:28,1790126367,btc-updown-5m-1790126100,33,86700.0,86729.95,-29.94999999999709,12.630000000004657,22.869999999995343,31.99000000000524,33.99000000000524,,0.01,,0.99,,,0,32447.120000000003,32447.120000000003,0,-1.0,1.0,,,,,WAIT,1,"BTC_BELOW,BTC5+,BTC15+,BTC30+,DOWN_BOOK"
2026-09-23 01:19:30,1790126369,btc-updown-5m-1790126100,31,86700.0,86729.95,-29.94999999999709,11.259999999994761,11.240000000005239,31.99000000000524,33.99000000000524,,0.01,,0.99,,,0,48159.92,48174.35,0,-1.0,1.0,,,,,WAIT,-1,"BTC_BELOW,BTC5+,BTC30+,DOWN_BOOK"
2026-09-23 01:19:32,1790126371,btc-updown-5m-1790126100,29,86700.0,86729.95,-29.94999999999709,10.0,11.240000000005239,32.0,33.99000000000524,,0.01,,0.99,,,0,48157.649999999994,48167.649999999994,0,-1.0,1.0,,,,,WAIT,-1,"BTC_BELOW,BTC5+,BTC30+,DOWN_BOOK"
2026-09-23 01:19:33,1790126373,btc-updown-5m-1790126100,27,86700.01,86729.95,-29.94000000000233,0.00999999999476131,11.259999999994761,32.00999999999476,34.00999999999476,,0.01,,0.99,,,0,49082.42,49037.42,0,-1.0,1.0,,,,,WAIT,-2,"BTC_BELOW,BTC30+,DOWN_BOOK"
2026-09-23 01:19:35,1790126374,btc-updown-5m-1790126100,26,86701.76,86729.95,-28.19000000000233,1.7599999999947613,13.009999999994761,33.75999999999476,35.75999999999476,,0.01,,0.99,,,0,49596.63,49596.63,0,-1.0,1.0,,,,,WAIT,-2,"BTC_BELOW,BTC30+,DOWN_BOOK"
2026-09-23 01:19:37,1790126376,btc-updown-5m-1790126100,24,86701.75,86729.95,-28.19999999999709,1.75,12.990000000005239,35.74000000000524,35.74000000000524,,0.01,,0.99,,,0,51034.05,51035.8,0,-1.0,1.0,,,,,WAIT,-2,"BTC_BELOW,BTC30+,DOWN_BOOK"
2026-09-23 01:19:39,1790126378,btc-updown-5m-1790126100,22,86701.76,86729.95,-28.19000000000233,1.75,14.389999999999418,35.75,33.75999999999476,,0.01,,0.99,,,0,51040.8,51490.8,0,-1.0,1.0,,,,,WAIT,-2,"BTC_BELOW,BTC30+,DOWN_BOOK"
2026-09-23 01:19:40,1790126380,btc-updown-5m-1790126100,20,86701.76,86729.95,-28.19000000000233,0.0,13.019999999989523,31.75,33.75999999999476,,0.01,,0.99,,,0,51475.8,51395.8,0,-1.0,1.0,,,,,WAIT,-2,"BTC_BELOW,BTC30+,DOWN_BOOK"
2026-09-23 01:19:42,1790126381,btc-updown-5m-1790126100,19,86708.24,86729.95,-21.70999999999185,6.490000000005239,18.24000000000524,38.23000000001048,40.24000000000524,,0.01,,0.99,,,0,51543.649999999994,52003.649999999994,0,-1.0,1.0,,,,,WAIT,0,TIME_FILTER
2026-09-23 01:19:44,1790126383,btc-updown-5m-1790126100,17,86708.24,86729.95,-21.70999999999185,6.480000000010477,8.240000000005239,19.480000000010477,40.23000000001048,,0.01,,0.99,,,0,55000.479999999996,54985.479999999996,0,-1.0,1.0,,,,,WAIT,0,TIME_FILTER
2026-09-23 01:19:46,1790126385,btc-updown-5m-1790126100,15,86703.42,86729.95,-26.529999999998836,1.6600000000034925,3.4199999999982538,14.660000000003492,35.419999999998254,,0.01,,0.99,,,0,55115.28999999999,55715.28999999999,0,-1.0,1.0,,,,,WAIT,0,TIME_FILTER
2026-09-23 01:19:47,1790126387,btc-updown-5m-1790126100,13,86703.42,86729.95,-26.529999999998836,-4.820000000006985,3.4199999999982538,14.669999999998254,35.419999999998254,,0.01,,0.99,,,0,56324.08,56324.08,0,-1.0,1.0,,,,,WAIT,0,TIME_FILTER
2026-09-23 01:19:49,1790126388,btc-updown-5m-1790126100,12,86703.41,86729.95,-26.539999999993597,-4.830000000001746,3.400000000008731,14.660000000003492,35.41000000000349,,0.01,,0.99,,,0,56330.759999999995,56330.759999999995,0,-1.0,1.0,,,,,WAIT,0,TIME_FILTER
2026-09-23 01:19:51,1790126390,btc-updown-5m-1790126100,10,86703.41,86729.95,-26.539999999993597,-0.00999999999476131,1.6500000000087311,14.650000000008731,35.41000000000349,,0.01,,0.99,,,0,56380.130000000005,56380.130000000005,0,-1.0,1.0,,,,,WAIT,0,TIME_FILTER
2026-09-23 01:19:52,1790126392,btc-updown-5m-1790126100,8,86719.77,86729.95,-10.179999999993015,16.35000000000582,18.020000000004075,32.40000000000873,51.76000000000931,,0.01,,0.99,,,0,56536.130000000005,56556.130000000005,0,-1.0,1.0,,,,,WAIT,0,TIME_FILTER
2026-09-23 01:19:54,1790126393,btc-updown-5m-1790126100,7,86722.0,86729.95,-7.94999999999709,18.589999999996508,20.24000000000524,34.63000000000466,53.99000000000524,,0.01,,0.99,,,0,64643.93,64451.93,0,-1.0,1.0,,,,,WAIT,0,TIME_FILTER
2026-09-23 01:19:56,1790126395,btc-updown-5m-1790126100,5,86722.0,86729.95,-7.94999999999709,18.589999999996508,20.24000000000524,33.25999999999476,53.99000000000524,,0.01,,0.99,,,0,64317.03,64307.03,0,-1.0,1.0,,,,,WAIT,0,TIME_FILTER
2026-09-23 01:19:58,1790126397,btc-updown-5m-1790126100,3,86725.62,86729.95,-4.330000000001746,5.849999999991269,17.379999999990105,25.619999999995343,57.61000000000058,,0.01,,0.99,,,0,63832.38,63732.38,0,-1.0,1.0,,,,,WAIT,0,TIME_FILTER
2026-09-23 01:19:59,1790126399,btc-updown-5m-1790126100,1,86725.62,86729.95,-4.330000000001746,3.6199999999953434,17.379999999990105,25.619999999995343,57.61000000000058,,0.01,,0.99,,,0,75421.98000000001,75721.98000000001,0,-1.0,1.0,,,,,WAIT,0,TIME_FILTER
2026-09-23 01:20:02,1790126400,btc-updown-5m-1790126400,300,86719.78,86719.77,0.00999999999476131,,,,,0.58,0.59,0.585,0.41,0.42,0.415,2435.85,1400.51,1711.51,1430.1100000000001,0.26987561125650356,0.0895716222840445,,,,1.01,WAIT,0,TIME_FILTER
2026-09-23 01:20:03,1790126403,btc-updown-5m-1790126400,297,86719.78,86719.77,0.00999999999476131,,,,,0.58,0.59,0.585,0.41,0.42,0.415,2968.7799999999997,1349.44,1477.44,2476.19,0.37500173682674803,-0.2526159504050708,,,,1.01,WAIT,0,TIME_FILTER
2026-09-23 01:20:05,1790126404,btc-updown-5m-1790126400,296,86719.78,86719.77,0.00999999999476131,,,,,0.58,0.59,0.585,0.48,0.54,0.51,50.82,2435.18,340.0,1017.0,-0.9591150442477875,-0.498894620486367,,,,1.13,WAIT,0,TIME_FILTER
2026-09-23 01:20:07,1790126406,btc-updown-5m-1790126400,294,86683.25,86719.77,-36.520000000004075,-36.529999999998836,,,,0.43,0.44,0.435,0.56,0.57,0.565,3822.3199999999997,1318.25,1428.88,3065.3199999999997,0.4871191327031827,-0.3641226469672021,-0.14999999999999997,,,1.01,WAIT,0,TIME_FILTER
2026-09-23 01:20:09,1790126408,btc-updown-5m-1790126400,292,86683.26,86719.77,-36.51000000000931,-36.520000000004075,,,,0.48,0.49,0.485,0.51,0.52,0.515,1149.77,3172.54,3157.54,1155.78,-0.4679835550897553,0.46408798790722694,-0.09999999999999998,,,1.01,WAIT,0,TIME_FILTER
2026-09-23 01:20:10,1790126410,btc-updown-5m-1790126400,290,86683.25,86719.77,-36.520000000004075,-36.529999999998836,,,,0.48,0.49,0.485,0.51,0.52,0.515,1350.65,3172.2799999999997,3152.2799999999997,1486.65,-0.40275440919934635,0.35905478202947655,-0.09999999999999998,,,1.01,WAIT,0,TIME_FILTER
2026-09-23 01:20:12,1790126411,btc-updown-5m-1790126400,289,86691.08,86719.77,-28.69000000000233,7.830000000001746,,,,0.51,0.52,0.515,0.47,0.48,0.475,1770.36,1195.33,2311.87,1280.5600000000002,0.1938941696536051,0.2870786626322572,0.08000000000000002,,,1.0,WAIT,0,TIME_FILTER
2026-09-23 01:20:14,1790126413,btc-updown-5m-1790126400,287,86692.0,86719.77,-27.770000000004075,8.740000000005239,,,,0.52,0.53,0.525,0.47,0.48,0.475,2560.73,1609.33,2234.45,2307.47,0.22815019448161422,-0.01607690139852749,0.040000000000000036,,,1.01,WAIT,0,TIME_FILTER
2026-09-23 01:20:16,1790126415,btc-updown-5m-1790126400,285,86692.0,86719.77,-27.770000000004075,8.75,-27.779999999998836,,,0.52,0.53,0.525,0.47,0.48,0.475,1774.47,2650.56,2569.67,1764.47,-0.1979850984061125,0.18578080080477327,0.040000000000000036,-0.05999999999999994,,1.01,WAIT,0,TIME_FILTER
2026-09-23 01:20:17,1790126417,btc-updown-5m-1790126400,283,86692.01,86719.77,-27.760000000009313,0.9299999999930151,-27.770000000004075,,,0.48,0.49,0.485,0.51,0.52,0.515,3321.3999999999996,1850.1299999999999,1830.1299999999999,3327.4199999999996,0.2844941438993876,-0.2903103217613014,-0.030000000000000027,-0.09999999999999998,,1.01,WAIT,0,TIME_FILTER
2026-09-23 01:20:19,1790126418,btc-updown-5m-1790126400,282,86692.0,86719.77,-27.770000000004075,0.0,-27.779999999998836,,,0.48,0.49,0.485,0.51,0.52,0.515,3123.8599999999997,1671.33,1318.33,3370.93,0.30291396169911927,-0.43772364936045344,-0.040000000000000036,-0.09999999999999998,,1.01,WAIT,0,TIME_FILTER
2026-09-23 01:20:21,1790126420,btc-updown-5m-1790126400,280,86692.01,86719.77,-27.760000000009313,0.00999999999476131,-27.770000000004075,,,0.49,0.5,0.495,0.48,0.49,0.485,4517.66,441.73,1085.73,2940.37,0.8218611563115625,-0.4606542311417997,-0.030000000000000027,-0.08999999999999997,,0.99,WAIT,0,TIME_FILTER
2026-09-23 01:20:23,1790126422,btc-updown-5m-1790126400,278,86692.01,86719.77,-27.760000000009313,0.0,8.759999999994761,,,0.51,0.52,0.515,0.48,0.49,0.485,3032.23,1607.74,2708.75,2635.34,0.30700414011297483,0.01373666985398821,0.030000000000000027,0.08000000000000002,,1.01,WAIT,0,TIME_FILTER
2026-09-23 01:20:24,1790126424,btc-updown-5m-1790126400,276,86692.0,86719.77,-27.770000000004075,0.0,8.740000000005239,,,0.5,0.51,0.505,0.49,0.5,0.495,2803.97,2024.2600000000002,1999.2600000000002,2818.97,0.1614898213216851,-0.17012678929814468,0.020000000000000018,0.020000000000000018,,1.01,WAIT,0,TIME_FILTER
2026-09-23 01:20:26,1790126425,btc-updown-5m-1790126400,275,86692.0,86719.77,-27.770000000004075,-0.00999999999476131,8.75,,,0.49,0.5,0.495,0.5,0.51,0.505,1548.12,3345.6,3330.6,1563.12,-0.3673034010936466,0.36117309531399433,0.0,0.010000000000000009,,1.01,WAIT,0,TIME_FILTER
2026-09-23 01:20:28,1790126427,btc-updown-5m-1790126400,273,86692.01,86719.77,-27.760000000009313,0.0,0.9299999999930151,,,0.49,0.5,0.495,0.5,0.51,0.505,2839.4,2668.42,2387.42,3017.42,0.03104313503346152,-0.11656219240532559,-0.020000000000000018,-0.020000000000000018,,1.01,WAIT,0,TIME_FILTER
2026-09-23 01:20:30,1790126429,btc-updown-5m-1790126400,271,86692.0,86719.77,-27.770000000004075,0.0,0.0,,,0.5,0.51,0.505,0.49,0.5,0.495,3144.1499999999996,1496.8,1702.03,2827.1500000000005,0.35495965265732227,-0.24841582803068116,0.0,-0.020000000000000018,,1.01,WAIT,0,TIME_FILTER
2026-09-23 01:20:31,1790126431,btc-updown-5m-1790126400,269,86692.0,86719.77,-27.770000000004075,0.0,0.0,-27.779999999998836,,0.5,0.51,0.505,0.49,0.5,0.495,2816.09,1598.93,1569.32,2861.09,0.2756861803570539,-0.2915689518577288,0.010000000000000009,-0.020000000000000018,-0.07999999999999996,1.01,WAIT,-1,"BTC_BELOW,PM30-,UP_BOOK"
2026-09-23 01:20:33,1790126432,btc-updown-5m-1790126400,268,86692.01,86719.77,-27.760000000009313,0.0,0.0,-27.770000000004075,,0.5,0.51,0.505,0.49,0.5,0.495,2622.28,1682.77,1642.77,2642.28,0.21823439913589857,-0.23325515454895512,0.010000000000000009,0.020000000000000018,-0.07999999999999996,1.01,WAIT,-3,"BTC_BELOW,PM30-"
2026-09-23 01:20:35,1790126434,btc-updown-5m-1790126400,266,86692.0,86719.77,-27.770000000004075,0.0,0.0,-27.779999999998836,,0.52,0.53,0.525,0.47,0.48,0.475,2384.0299999999997,1464.75,1429.75,2349.29,0.23884971341567973,-0.24332634743215206,0.020000000000000018,0.040000000000000036,-0.05999999999999994,1.01,WAIT,-2,BTC_BELOW
2026-09-23 01:20:36,1790126436,btc-updown-5m-1790126400,264,86692.0,86719.77,-27.770000000004075,0.0,-0.00999999999476131,8.75,,0.5,0.51,0.505,0.5,0.51,0.505,964.0699999999999,3658.31,2357.04,1261.68,-0.5828685655441569,0.3026926648096564,0.0,0.010000000000000009,0.07,1.02,WAIT,-3,"BTC_BELOW,PM30+,DOWN_BOOK"
2026-09-23 01:20:38,1790126437,btc-updown-5m-1790126400,263,86692.01,86719.77,-27.760000000009313,0.0,0.0,8.759999999994761,,0.49,0.5,0.495,0.5,0.51,0.505,1974.0900000000001,1806.04,1806.04,1974.0900000000001,0.04445614304269964,-0.04445614304269964,-0.010000000000000009,-0.020000000000000018,0.06,1.01,WAIT,-2,BTC_BELOW
2026-09-23 01:20:40,1790126439,btc-updown-5m-1790126400,261,86692.01,86719.77,-27.760000000009313,0.00999999999476131,0.00999999999476131,8.75,,0.51,0.52,0.515,0.48,0.49,0.485,2890.65,1455.35,2140.5299999999997,2100.97,0.33025770823745976,0.009326889072262158,-0.010000000000000009,0.010000000000000009,0.030000000000000027,1.01,WAIT,-1,"BTC_BELOW,UP_BOOK"
2026-09-23 01:20:41,1790126441,btc-updown-5m-1790126400,259,86692.0,86719.77,-27.770000000004075,0.0,0.0,0.9199999999982538,,0.51,0.52,0.515,0.48,0.49,0.485,2364.15,1680.27,1507.51,2414.15,0.169092230777219,-0.23118781332394958,0.010000000000000009,0.020000000000000018,0.0,1.01,WAIT,-2,BTC_BELOW
2026-09-23 01:20:43,1790126442,btc-updown-5m-1790126400,258,86692.01,86719.77,-27.760000000009313,0.0,0.0,0.9299999999930151,,0.51,0.52,0.515,0.48,0.49,0.485,2510.1,1298.27,1353.27,2505.1,0.3182017503551388,-0.29852761658420524,0.020000000000000018,0.020000000000000018,0.0,1.01,WAIT,0,"BTC_BELOW,UP_BOOK"
2026-09-23 01:20:45,1790126444,btc-updown-5m-1790126400,256,86692.01,86719.77,-27.760000000009313,0.0,0.00999999999476131,0.00999999999476131,,0.51,0.52,0.515,0.48,0.49,0.485,2439.11,1620.77,1503.53,2292.09,0.20156753401578376,-0.207755254740991,0.0,0.010000000000000009,-0.010000000000000009,1.01,WAIT,-2,BTC_BELOW
2026-09-23 01:20:47,1790126446,btc-updown-5m-1790126400,254,86692.01,86719.77,-27.760000000009313,0.00999999999476131,0.00999999999476131,0.00999999999476131,,0.51,0.52,0.515,0.48,0.49,0.485,2438.79,1421.27,552.75,3089.06,0.2636021201742978,-0.6964421537641997,0.0,0.010000000000000009,-0.010000000000000009,1.01,WAIT,0,"BTC_BELOW,UP_BOOK"
2026-09-23 01:20:48,1790126448,btc-updown-5m-1790126400,252,86693.34,86719.77,-26.430000000007567,1.3300000000017462,1.3300000000017462,1.3399999999965075,,0.52,0.53,0.525,0.47,0.48,0.475,2607.77,1273.25,1244.25,2598.77,0.3438580579332237,-0.35246238635239996,0.010000000000000009,0.020000000000000018,0.040000000000000036,1.01,WAIT,0,"BTC_BELOW,UP_BOOK"
2026-09-23 01:20:50,1790126449,btc-updown-5m-1790126400,251,86693.35,86719.77,-26.419999999998254,1.3400000000110595,1.3500000000058208,1.3500000000058208,,0.52,0.53,0.525,0.47,0.48,0.475,2513.16,1462.27,1258.25,2535.16,0.2643462468210986,-0.3366127046641412,0.010000000000000009,0.0,0.040000000000000036,1.01,WAIT,0,"BTC_BELOW,UP_BOOK"
2026-09-23 01:20:52,1790126451,btc-updown-5m-1790126400,249,86701.73,86719.77,-18.04000000000815,9.720000000001164,9.729999999995925,9.720000000001164,,0.57,0.58,0.575,0.4,0.41,0.405,2477.7,288.57,1163.88,1527.26,0.7913652680324045,-0.13502827797884906,0.05999999999999994,0.06999999999999995,0.07999999999999996,0.99,WAIT,5,"PM5+,PM15+,PM30+,UP_BOOK"
2026-09-23 01:20:54,1790126453,btc-updown-5m-1790126400,247,86701.75,86719.77,-18.020000000004075,8.410000000003492,9.740000000005239,9.740000000005239,,0.58,0.59,0.585,0.41,0.42,0.415,1726.25,2138.92,2101.42,1240.26,-0.10676632593133033,0.25770271240813003,0.05999999999999994,0.08999999999999997,0.06999999999999995,1.01,WAIT,2,"PM5+,PM15+,DOWN_BOOK"
2026-09-23 01:20:55,1790126455,btc-updown-5m-1790126400,245,86701.75,86719.77,-18.020000000004075,8.39999999999418,9.740000000005239,9.75,,0.58,0.59,0.585,0.41,0.42,0.415,1732.25,2384.47,2419.47,1146.26,-0.15843195553741812,0.35706853856012655,0.05999999999999994,0.06999999999999995,0.08999999999999997,1.01,WAIT,3,"PM5+,PM15+,PM30+,DOWN_BOOK"
2026-09-23 01:20:57,1790126456,btc-updown-5m-1790126400,244,86701.74,86719.77,-18.029999999998836,0.010000000009313226,9.740000000005239,9.740000000005239,,0.59,0.6,0.595,0.4,0.41,0.405,1233.26,2218.39,3017.3900000000003,773.25,-0.28540842785334547,0.5920214000801975,0.020000000000000018,0.07999999999999996,0.09999999999999998,1.01,WAIT,1,"PM15+,PM30+,DOWN_BOOK"
2026-09-23 01:20:59,1790126458,btc-updown-5m-1790126400,242,86701.75,86719.77,-18.020000000004075,0.0,9.740000000005239,9.740000000005239,,0.59,0.6,0.595,0.4,0.41,0.405,1052.95,3241.3900000000003,3115.01,126.94999999999999,-0.5096103242873178,0.921683179311281,0.010000000000000009,0.07999999999999996,0.09999999999999998,1.01,WAIT,1,"PM15+,PM30+,DOWN_BOOK"
2026-09-23 01:21:01,1790126460,btc-updown-5m-1790126400,240,86696.01,86719.77,-23.760000000009313,-5.740000000005239,4.0,4.009999999994761,-23.770000000004075,0.49,0.5,0.495,0.5,0.51,0.505,977.0,756.17,1456.17,1243.75,0.1274139293895002,0.07867640522682157,-0.08999999999999997,-0.020000000000000018,-0.010000000000000009,1.01,WAIT,-3,"BTC_BELOW,PM5-"
2026-09-23 01:21:02,1790126462,btc-updown-5m-1790126400,238,86696.0,86719.77,-23.770000000004075,-5.740000000005239,3.9900000000052387,3.9900000000052387,-23.779999999998836,0.49,0.5,0.495,0.5,0.51,0.505,1821.66,1917.3200000000002,1902.3200000000002,1736.66,-0.025584517702688988,0.04552374566499405,-0.09999999999999998,-0.020000000000000018,-0.010000000000000009,1.01,WAIT,-3,"BTC_BELOW,PM5-"
2026-09-23 01:21:04,1790126463,btc-updown-5m-1790126400,237,86696.01,86719.77,-23.760000000009313,-5.740000000005239,2.6699999999982538,4.0,-23.770000000004075,0.47,0.48,0.475,0.52,0.53,0.525,2731.33,1203.02,1202.6,2791.33,0.3884529846099101,-0.39778614046816047,-0.12,-0.050000000000000044,-0.030000000000000027,1.01,WAIT,-3,"BTC_BELOW,PM5-,PM15-,UP_BOOK"
2026-09-23 01:21:06,1790126465,btc-updown-5m-1790126400,235,86696.0,86719.77,-23.770000000004075,-0.00999999999476131,2.6499999999941792,4.0,-23.779999999998836,0.47,0.48,0.475,0.52,0.53,0.525,2789.59,1219.02,1209.02,2814.84,0.39179915232462126,-0.3990745204853052,-0.020000000000000018,-0.050000000000000044,-0.050000000000000044,1.01,WAIT,-2,"BTC_BELOW,PM15-,UP_BOOK"
2026-09-23 01:21:08,1790126467,btc-updown-5m-1790126400,233,86696.0,86719.77,-23.770000000004075,0.0,-5.7299999999959255,3.9900000000052387,12.75,0.47,0.48,0.475,0.52,0.53,0.525,2919.98,1404.85,1243.02,2964.98,0.3503328454528849,-0.4092110266159696,-0.020000000000000018,-0.09999999999999998,-0.020000000000000018,1.01,WAIT,-2,"BTC_BELOW,PM15-,UP_BOOK"
2026-09-23 01:21:09,1790126469,btc-updown-5m-1790126400,231,86696.0,86719.77,-23.770000000004075,-0.00999999999476131,-5.75,3.9900000000052387,12.740000000005239,0.47,0.48,0.475,0.52,0.53,0.525,2882.7000000000003,1279.04,1428.59,2808.76,0.3853340189439995,-0.3257153645556775,0.0,-0.10999999999999999,-0.040000000000000036,1.01,WAIT,-2,"BTC_BELOW,PM15-,UP_BOOK"
2026-09-23 01:21:11,1790126470,btc-updown-5m-1790126400,230,86696.0,86719.77,-23.770000000004075,0.0,-5.75,3.9900000000052387,12.75,0.47,0.48,0.475,0.51,0.52,0.515,3007.4,1088.04,1296.04,3459.81,0.46865782431191766,-0.454970194602437,0.0,-0.10999999999999999,-0.040000000000000036,1.0,WAIT,-2,"BTC_BELOW,PM15-,UP_BOOK"
2026-09-23 01:21:13,1790126472,btc-updown-5m-1790126400,228,86696.0,86719.77,-23.770000000004075,0.0,-5.740000000005239,3.9900000000052387,4.919999999998254,0.52,0.53,0.525,0.47,0.48,0.475,1969.28,1649.23,1622.8999999999999,1894.28,0.0884480076053403,-0.07715840531334767,0.050000000000000044,-0.06999999999999995,0.010000000000000009,1.01,WAIT,-3,"BTC_BELOW,PM5+,PM15-"
2026-09-23 01:21:15,1790126474,btc-updown-5m-1790126400,226,86696.0,86719.77,-23.770000000004075,0.0,-5.75,3.9900000000052387,4.0,0.52,0.53,0.525,0.47,0.48,0.475,2986.7,1023.0,871.0,2726.7,0.4897373868369204,-0.5158017622369847,0.050000000000000044,-0.06999999999999995,0.010000000000000009,1.01,WAIT,-1,"BTC_BELOW,PM5+,PM15-,UP_BOOK"
2026-09-23 01:21:17,1790126476,btc-updown-5m-1790126400,224,86696.01,86719.77,-23.760000000009313,0.00999999999476131,0.0,4.0,4.009999999994761,0.55,0.56,0.555,0.44,0.45,0.445,2042.46,1414.04,1086.02,1484.05,0.18180818747287722,-0.1548712680977561,0.08000000000000007,0.06000000000000005,0.040000000000000036,1.01,WAIT,1,"BTC_BELOW,PM5+,PM15+"
2026-09-23 01:21:18,1790126478,btc-updown-5m-1790126400,222,86682.01,86719.77,-37.76000000000931,-13.990000000005239,-14.0,-11.330000000001746,-9.990000000005239,0.41,0.42,0.415,0.61,0.62,0.615,48.349999999999994,171.0,980.3700000000001,569.31,-0.559152040118532,0.26525476227350175,-0.11000000000000004,-0.06,-0.11000000000000004,1.04,DOWN WATCH,-9,"BTC_BELOW,BTC5-,PM5-,PM15-,PM30-,DOWN_BOOK"
2026-09-23 01:21:20,1790126479,btc-updown-5m-1790126400,221,86677.94,86719.77,-41.830000000001746,-18.05999999999767,-18.069999999992433,-15.410000000003492,-14.059999999997672,0.48,0.49,0.485,0.5,0.51,0.505,867.26,505.0,522.0,586.3199999999999,0.26398787401804324,-0.05803378085751402,-0.040000000000000036,0.010000000000000009,-0.040000000000000036,1.0,WAIT,-3,"BTC_BELOW,BTC5-,PM5-,UP_BOOK"
2026-09-23 01:21:22,1790126481,btc-updown-5m-1790126400,219,86682.0,86719.77,-37.770000000004075,-14.009999999994761,-14.0,-19.729999999995925,-10.009999999994761,0.49,0.5,0.495,0.5,0.51,0.505,851.27,861.3299999999999,861.3299999999999,851.27,-0.0058741095410486666,0.0058741095410486666,-0.06000000000000005,0.020000000000000018,-0.07999999999999996,1.01,WAIT,-5,"BTC_BELOW,BTC5-,PM5-,PM30-"
2026-09-23 01:21:24,1790126483,btc-updown-5m-1790126400,217,86682.01,86719.77,-37.76000000000931,0.0,-13.990000000005239,-19.74000000000524,-10.0,0.48,0.49,0.485,0.51,0.52,0.515,1815.0,2151.59,1809.12,1645.0,-0.08485626192775157,0.047514272810440836,0.07,0.010000000000000009,-0.09999999999999998,1.01,WAIT,-2,"BTC_BELOW,PM5+,PM30-"
2026-09-23 01:21:25,1790126485,btc-updown-5m-1790126400,215,86682.0,86719.77,-37.770000000004075,4.059999999997672,-14.0,-19.75,-10.0,0.48,0.49,0.485,0.51,0.52,0.515,2042.0,2051.53,1566.5300000000002,2103.21,-0.002328064042525693,-0.14624469308452365,0.0,0.010000000000000009,-0.09999999999999998,1.01,WAIT,-3,"BTC_BELOW,PM30-"
2026-09-23 01:21:27,1790126486,btc-updown-5m-1790126400,214,86682.0,86719.77,-37.770000000004075,0.0,-14.0,-19.74000000000524,-10.0,0.48,0.49,0.485,0.51,0.52,0.515,2343.49,1379.8000000000002,1326.8000000000002,2351.49,0.2588275423080124,-0.27857781740972015,-0.010000000000000009,0.010000000000000009,-0.10999999999999999,1.01,WAIT,-1,"BTC_BELOW,PM30-,UP_BOOK"
2026-09-23 01:21:29,1790126488,btc-updown-5m-1790126400,212,86682.01,86719.77,-37.76000000000931,0.0,-13.990000000005239,-19.74000000000524,-10.0,0.43,0.44,0.435,0.58,0.59,0.585,196.0,1595.66,1932.74,296.0,-0.7812084882176306,0.7343790661988389,-0.04999999999999999,-0.09000000000000002,-0.15999999999999998,1.03,DOWN WATCH,-8,"BTC_BELOW,PM5-,PM15-,PM30-,DOWN_BOOK"
2026-09-23 01:21:31,1790126490,btc-updown-5m-1790126400,210,86682.01,86719.77,-37.76000000000931,0.00999999999476131,-13.990000000005239,-14.0,-9.990000000005239,0.41,0.42,0.415,0.58,0.59,0.585,1780.1399999999999,637.95,1051.9,1844.1399999999999,0.4723521457017728,-0.2735597574619134,-0.07,-0.11000000000000004,-0.08000000000000002,1.01,WAIT,-4,"BTC_BELOW,PM5-,PM15-,PM30-,UP_BOOK"
2026-09-23 01:21:32,1790126492,btc-updown-5m-1790126400,208,86682.01,86719.77,-37.76000000000931,0.00999999999476131,-14.0,-13.990000000005239,-10.0,0.43,0.44,0.435,0.54,0.55,0.545,3331.26,826.0,352.0,2914.83,0.6026228814170872,-0.7845005708898228,-0.04999999999999999,-0.12000000000000005,-0.06,0.99,WAIT,-3,"BTC_BELOW,PM5-,PM15-,UP_BOOK"
2026-09-23 01:21:34,1790126493,btc-updown-5m-1790126400,207,86688.01,86719.77,-31.760000000009313,6.0,6.0,-8.0,-4.0,0.49,0.5,0.495,0.5,0.51,0.505,2237.14,1320.9,1412.85,2218.92,0.25751256309653625,-0.22194962786740355,0.06,0.08000000000000002,0.020000000000000018,1.01,WAIT,2,"BTC_BELOW,PM5+,PM15+,UP_BOOK"
2026-09-23 01:21:36,1790126495,btc-updown-5m-1790126400,205,86688.0,86719.77,-31.770000000004075,5.990000000005239,10.059999999997672,-8.0,-4.0,0.48,0.49,0.485,0.51,0.52,0.515,1798.65,1302.9,1342.9,1688.65,0.1598394351211491,-0.11405056819118932,0.07,0.0,0.010000000000000009,1.01,WAIT,-1,"BTC_BELOW,PM5+"
2026-09-23 01:21:38,1790126497,btc-updown-5m-1790126400,203,86688.0,86719.77,-31.770000000004075,5.990000000005239,6.0,-8.0,-4.009999999994761,0.48,0.49,0.485,0.49,0.5,0.495,1744.42,823.0,1192.87,2269.23,0.3588894688052598,-0.31089800987839755,0.04999999999999999,-0.010000000000000009,0.010000000000000009,0.99,WAIT,1,"BTC_BELOW,PM5+,UP_BOOK"
2026-09-23 01:21:40,1790126499,btc-updown-5m-1790126400,201,86691.78,86719.77,-27.99000000000524,3.7700000000040745,9.770000000004075,-4.220000000001164,-0.22999999999592546,0.52,0.53,0.525,0.47,0.48,0.475,1047.26,2140.7200000000003,1616.5700000000002,1184.96,-0.3429946235547275,0.15406224455922304,0.030000000000000027,0.040000000000000036,0.050000000000000044,1.01,WAIT,-2,"BTC_BELOW,PM5+"
2026-09-23 01:21:41,1790126501,btc-updown-5m-1790126400,199,86691.79,86719.77,-27.980000000010477,3.789999999993597,9.789999999993597,-4.210000000006403,-0.21000000000640284,0.54,0.55,0.545,0.44,0.45,0.445,1437.47,1384.8000000000002,549.0,2527.7200000000003,0.018662282488918436,-0.6431264463454588,0.06000000000000005,0.06000000000000005,0.07000000000000006,1.0,WAIT,3,"BTC_BELOW,PM5+,PM15+,PM30+"
2026-09-23 01:21:43,1790126502,btc-updown-5m-1790126400,198,86699.34,86719.77,-20.430000000007567,11.339999999996508,17.339999999996508,3.3399999999965075,7.330000000001746,0.6,0.61,0.605,0.39,0.4,0.395,1070.49,1677.19,1325.12,786.49,-0.22080446049030453,0.25508024682588165,0.12,0.12,0.07999999999999996,1.01,WAIT,2,"BTC_BELOW,BTC5+,PM5+,PM15+,PM30+,DOWN_BOOK"
2026-09-23 01:21:45,1790126504,btc-updown-5m-1790126400,196,86699.36,86719.77,-20.410000000003492,7.580000000001746,17.35000000000582,3.360000000000582,7.350000000005821,0.59,0.6,0.595,0.4,0.41,0.405,1428.0700000000002,1111.9,1201.9,1124.0700000000002,0.124477848163561,0.033461308615330344,0.06999999999999995,0.15999999999999998,0.06999999999999995,1.01,WAIT,1,"BTC_BELOW,PM5+,PM15+"
2026-09-23 01:21:47,1790126506,btc-updown-5m-1790126400,194,86701.75,86719.77,-18.020000000004075,9.960000000006403,19.74000000000524,5.740000000005239,9.740000000005239,0.61,0.62,0.615,0.38,0.39,0.385,1726.46,1679.56,1277.56,1656.29,0.013769737112524322,-0.1290897625986332,0.06999999999999995,0.2,0.05999999999999994,1.01,WAIT,3,"PM5+,PM15+"
2026-09-23 01:21:48,1790126508,btc-updown-5m-1790126400,192,86701.75,86719.77,-18.020000000004075,2.4100000000034925,13.740000000005239,19.74000000000524,8.410000000003492,0.62,0.63,0.625,0.37,0.38,0.375,2169.76,1405.1999999999998,1852.1499999999999,1537.8300000000002,0.21386532996173394,0.0927203110342833,0.020000000000000018,0.13,0.21000000000000002,1.01,WAIT,3,"PM15+,PM30+"
2026-09-23 01:21:50,1790126509,btc-updown-5m-1790126400,191,86701.75,86719.77,-18.020000000004075,2.389999999999418,13.740000000005239,23.80999999999767,8.39999999999418,0.63,0.64,0.635,0.36,0.37,0.365,1480.47,1498.82,1476.82,1475.47,-0.006159185577771855,0.00045727215144850575,0.040000000000000036,0.14,0.15000000000000002,1.01,WAIT,4,"PM5+,PM15+,PM30+"
2026-09-23 01:21:52,1790126511,btc-updown-5m-1790126400,189,86717.48,86719.77,-2.290000000008149,15.729999999995925,29.479999999995925,35.479999999995925,15.75,0.7,0.71,0.705,0.3,0.31,0.305,942.35,1932.6,2231.6800000000003,834.02,-0.3444407728830066,0.4559024040186581,0.08999999999999997,0.21999999999999997,0.20999999999999996,1.02,UP WATCH,7,"BTC5+,BTC15+,BTC30+,PM5+,PM15+,PM30+,DOWN_BOOK"
2026-09-23 01:21:53,1790126513,btc-updown-5m-1790126400,187,86719.49,86719.77,-0.27999999999883585,17.74000000000524,31.49000000000524,37.48000000001048,17.74000000000524,0.71,0.72,0.715,0.28,0.29,0.28500000000000003,2520.3900000000003,1743.29,1994.41,1373.67,0.1822603947763435,0.18430084796085605,0.08999999999999997,0.22999999999999998,0.22999999999999998,1.01,UP WATCH,9,"BTC5+,BTC15+,BTC30+,PM5+,PM15+,PM30+"
2026-09-23 01:21:55,1790126514,btc-updown-5m-1790126400,186,86730.01,86719.77,10.239999999990687,28.25999999999476,38.229999999995925,48.0,28.25999999999476,0.74,0.75,0.745,0.25,0.26,0.255,2294.72,964.3,1104.15,2374.22,0.40822701302845643,-0.3651336689311372,0.10999999999999999,0.21999999999999997,0.26,1.01,UP WATCH,11,"BTC5+,BTC15+,BTC30+,PM5+,PM15+,PM30+,UP_BOOK"
2026-09-23 01:21:57,1790126516,btc-updown-5m-1790126400,184,86716.94,86719.77,-2.8300000000017462,-0.5399999999935972,25.15000000000873,34.94000000000233,15.19999999999709,0.66,0.67,0.665,0.32,0.33,0.325,1565.34,787.84,577.85,1816.24,0.3304039639976542,-0.517269609747336,-0.039999999999999925,0.12,0.18000000000000005,1.0,UP WATCH,8,"BTC15+,BTC30+,PM5-,PM15+,PM30+,UP_BOOK"
2026-09-23 01:21:59,1790126518,btc-updown-5m-1790126400,182,86720.13,86719.77,0.3600000000005821,0.6399999999994179,20.79000000000815,38.120000000009895,18.380000000004657,0.68,0.69,0.685,0.31,0.32,0.315,720.98,2137.76,893.7,1465.99,-0.4955959618573218,-0.24252762015349472,-0.029999999999999916,0.08000000000000007,0.25000000000000006,1.01,UP WATCH,6,"BTC15+,BTC30+,PM15+,PM30+"
2026-09-23 01:22:01,1790126520,btc-updown-5m-1790126400,180,86725.82,86719.77,6.05000000000291,-4.189999999987776,26.460000000006403,43.810000000012224,29.810000000012224,0.72,0.73,0.725,0.27,0.28,0.275,1216.15,990.6000000000001,1286.98,1038.3700000000001,0.10220913107511044,0.10691293783731476,-0.020000000000000018,0.13,0.31,1.01,UP WATCH,7,"BTC15+,BTC30+,PM15+,PM30+"
2026-09-23 01:22:02,1790126522,btc-updown-5m-1790126400,178,86725.82,86719.77,6.05000000000291,8.880000000004657,24.070000000006985,43.810000000012224,29.820000000006985,0.7,0.71,0.705,0.29,0.3,0.295,1315.1100000000001,1203.51,1125.85,1161.46,0.044309979274364586,-0.015568506236583641,0.039999999999999925,0.08999999999999997,0.26999999999999996,1.01,UP WATCH,8,"BTC15+,BTC30+,PM5+,PM15+,PM30+"
2026-09-23 01:22:04,1790126523,btc-updown-5m-1790126400,177,86725.82,86719.77,6.05000000000291,5.690000000002328,24.070000000006985,37.810000000012224,29.810000000012224,0.7,0.71,0.705,0.29,0.3,0.295,1243.07,1927.77,1842.96,1001.2,-0.21593647109283345,0.2959608460846085,0.019999999999999907,0.07999999999999996,0.20999999999999996,1.01,UP WATCH,6,"BTC15+,BTC30+,PM15+,PM30+,DOWN_BOOK"
2026-09-23 01:22:06,1790126525,btc-updown-5m-1790126400,175,86716.95,86719.77,-2.820000000006985,-8.870000000009895,15.19999999999709,28.94999999999709,20.94999999999709,0.65,0.66,0.655,0.34,0.35,0.345,495.22,1533.98,454.32,429.0,-0.5119061699191799,0.028664583616356466,-0.06999999999999995,0.020000000000000018,0.17000000000000004,1.01,WAIT,-1,"PM5-,PM30+"
2026-09-23 01:22:08,1790126527,btc-updown-5m-1790126400,173,86726.22,86719.77,6.44999999999709,0.39999999999417923,8.740000000005239,38.220000000001164,30.220000000001164,0.73,0.74,0.735,0.25,0.26,0.255,2086.56,1705.0,1923.54,1484.56,0.10063403981474642,0.1288049059593322,0.030000000000000027,0.030000000000000027,0.25,1.0,WAIT,4,"BTC30+,PM5+,PM30+"
2026-09-23 01:22:09,1790126529,btc-updown-5m-1790126400,171,86726.21,86719.77,6.440000000002328,0.3899999999994179,-3.7999999999883585,34.43000000000757,30.210000000006403,0.73,0.74,0.735,0.27,0.28,0.275,365.0,2864.96,2218.03,844.61,-0.7739910091765843,0.448443173210041,0.030000000000000027,-0.010000000000000009,0.20999999999999996,1.02,WAIT,2,"BTC30+,PM5+,PM30+,DOWN_BOOK"
2026-09-23 01:22:11,1790126530,btc-updown-5m-1790126400,170,86726.21,86719.77,6.440000000002328,9.260000000009313,-3.7999999999883585,34.43000000000757,30.210000000006403,0.72,0.73,0.725,0.27,0.28,0.275,1769.2200000000003,2318.44,1753.52,1834.2200000000003,-0.13436048986461685,-0.02249326874299706,0.06999999999999995,-0.020000000000000018,0.19999999999999996,1.01,WAIT,4,"BTC30+,PM5+,PM30+"
2026-09-23 01:22:13,1790126532,btc-updown-5m-1790126400,168,86726.22,86719.77,6.44999999999709,0.0,9.279999999998836,26.880000000004657,30.220000000001164,0.7,0.71,0.705,0.29,0.3,0.295,960.49,2824.48,2829.48,540.61,-0.49247153874403227,0.6791717728606654,-0.030000000000000027,0.039999999999999925,0.09999999999999998,1.01,WAIT,-2,"PM5-,PM30+,DOWN_BOOK"
2026-09-23 01:22:15,1790126534,btc-updown-5m-1790126400,166,86724.78,86719.77,5.009999999994761,-1.430000000007567,4.649999999994179,25.419999999998254,28.779999999998836,0.67,0.68,0.675,0.32,0.33,0.325,1200.03,2121.91,1402.66,1298.75,-0.2775125378543863,0.038465097856304704,-0.05999999999999994,-0.010000000000000009,0.08000000000000007,1.01,WAIT,-1,"PM5-,PM30+"
2026-09-23 01:22:16,1790126536,btc-updown-5m-1790126400,164,86724.78,86719.77,5.009999999994761,-1.430000000007567,-1.040000000008149,23.029999999998836,28.770000000004075,0.68,0.69,0.685,0.31,0.32,0.315,2588.4,967.25,675.25,2701.4,0.4559363266913223,-0.6000473842417781,-0.039999999999999925,-0.039999999999999925,0.07000000000000006,1.01,WAIT,2,"PM5-,PM30+,UP_BOOK"
2026-09-23 01:22:18,1790126537,btc-updown-5m-1790126400,163,86724.78,86719.77,5.009999999994761,-1.4400000000023283,-1.040000000008149,23.029999999998836,28.770000000004075,0.71,0.72,0.715,0.28,0.29,0.28500000000000003,2614.1,1179.7,909.7,2439.1,0.3780905688228161,-0.45670090778786426,0.010000000000000009,0.010000000000000009,0.09999999999999998,1.01,WAIT,3,"PM30+,UP_BOOK"
2026-09-23 01:22:20,1790126539,btc-updown-5m-1790126400,161,86724.77,86719.77,5.0,-0.00999999999476131,-1.0500000000029104,23.020000000004075,46.830000000001746,0.72,0.73,0.725,0.27,0.28,0.275,1429.02,2572.28,2041.8100000000002,1347.71,-0.28572214030440113,0.20477825768840427,0.04999999999999993,0.020000000000000018,0.08999999999999997,1.01,WAIT,2,"BTC60+,PM5+,PM30+"
2026-09-23 01:22:22,1790126541,btc-updown-5m-1790126400,159,86724.78,86719.77,5.009999999994761,0.0,7.830000000001746,7.30000000000291,42.779999999998836,0.72,0.73,0.725,0.32,0.33,0.325,1073.02,2550.41,148.12,310.53,-0.40773245240007394,-0.35410443693448157,0.039999999999999925,0.06999999999999995,0.020000000000000018,1.06,WAIT,4,"BTC60+,PM5+,PM15+"
2026-09-23 01:22:23,1790126543,btc-updown-5m-1790126400,157,86724.78,86719.77,5.009999999994761,0.0,-1.4400000000023283,5.289999999993597,42.770000000004075,0.73,0.74,0.735,0.26,0.27,0.265,1320.49,2767.06,2837.0600000000004,1353.49,-0.35389658842093674,0.3540275142881007,0.020000000000000018,0.0,0.020000000000000018,1.01,WAIT,-1,"BTC60+,DOWN_BOOK"
2026-09-23 01:22:25,1790126544,btc-updown-5m-1790126400,156,86724.78,86719.77,5.009999999994761,0.00999999999476131,-1.430000000007567,-5.2299999999959255,42.770000000004075,0.73,0.74,0.735,0.26,0.27,0.265,2029.04,1940.8000000000002,1945.8000000000002,2004.04,0.02222759607440093,-0.014744901059283359,0.010000000000000009,0.0,-0.010000000000000009,1.01,WAIT,1,BTC60+
2026-09-23 01:22:27,1790126546,btc-updown-5m-1790126400,154,86724.78,86719.77,5.009999999994761,0.0,-1.430000000007567,7.8399999999965075,42.779999999998836,0.73,0.74,0.735,0.26,0.27,0.265,2679.9700000000003,1532.15,1677.31,2272.38,0.2725041071954265,-0.15066245705359158,0.010000000000000009,0.010000000000000009,0.06999999999999995,1.01,WAIT,2,"BTC60+,UP_BOOK"
2026-09-23 01:22:29,1790126548,btc-updown-5m-1790126400,152,86711.64,86719.77,-8.130000000004657,-13.139999999999418,-14.580000000001746,-8.490000000005239,29.630000000004657,0.63,0.66,0.645,0.35,0.36,0.355,683.0,655.6600000000001,1025.4,884.41,0.020423408483109914,0.0738240976851101,-0.08999999999999997,-0.05999999999999994,-0.040000000000000036,1.02,WAIT,-4,"BTC5-,PM5-,PM15-"
2026-09-23 01:22:30,1790126550,btc-updown-5m-1790126400,150,86711.65,86719.77,-8.120000000009895,-13.130000000004657,-13.130000000004657,-14.170000000012806,29.639999999999418,0.63,0.64,0.635,0.35,0.36,0.355,2238.24,278.0,362.0,2412.1099999999997,0.7790353861316885,-0.7390153959287843,-0.09999999999999998,-0.040000000000000036,-0.08999999999999997,1.0,WAIT,-1,"BTC5-,PM5-,PM30-,UP_BOOK"
2026-09-23 01:22:32,1790126551,btc-updown-5m-1790126400,149,86711.65,86719.77,-8.120000000009895,-13.130000000004657,-13.130000000004657,-14.170000000012806,29.639999999999418,0.65,0.66,0.655,0.34,0.35,0.345,1233.47,2149.26,1815.1799999999998,1283.47,-0.2707251243817863,0.17159408129346645,-0.07999999999999996,-0.030000000000000027,-0.06999999999999995,1.01,WAIT,-3,"BTC5-,PM5-"
2026-09-23 01:22:34,1790126553,btc-updown-5m-1790126400,147,86711.64,86719.77,-8.130000000004657,0.0,-13.139999999999418,-14.180000000007567,23.630000000004657,0.65,0.66,0.655,0.34,0.35,0.345,1858.51,2268.4,1463.55,2060.72,-0.09932128396306197,-0.16944501981970733,0.010000000000000009,-0.05999999999999994,-0.04999999999999993,1.01,WAIT,-2,PM15-
2026-09-23 01:22:36,1790126555,btc-updown-5m-1790126400,145,86711.65,86719.77,-8.120000000009895,0.0,-13.120000000009895,-5.30000000000291,23.64999999999418,0.64,0.65,0.645,0.35,0.36,0.355,2168.67,1918.28,1185.62,2455.69,0.061265736062344804,-0.34879480187075534,0.010000000000000009,-0.07999999999999996,-0.010000000000000009,1.01,WAIT,-1,PM15-
2026-09-23 01:22:38,1790126557,btc-updown-5m-1790126400,143,86711.65,86719.77,-8.120000000009895,0.0,-13.130000000004657,-14.570000000006985,23.64999999999418,0.66,0.67,0.665,0.33,0.34,0.335,2368.2799999999997,1184.7700000000002,700.6800000000001,2479.13,0.3330969167335105,-0.5592944232517036,0.010000000000000009,-0.05999999999999994,-0.06999999999999995,1.01,WAIT,0,"PM15-,UP_BOOK"
2026-09-23 01:22:39,1790126559,btc-updown-5m-1790126400,141,86711.65,86719.77,-8.120000000009895,0.00999999999476131,-13.130000000004657,-14.560000000012224,19.869999999995343,0.65,0.66,0.655,0.34,0.35,0.345,1221.53,2366.05,1757.45,1054.53,-0.3190228510583737,0.24997332840205125,0.0,-0.07999999999999996,-0.07999999999999996,1.01,WAIT,-4,"PM15-,PM30-"
2026-09-23 01:22:41,1790126560,btc-updown-5m-1790126400,140,86711.64,86719.77,-8.130000000004657,-0.00999999999476131,-13.139999999999418,-14.570000000006985,19.860000000000582,0.65,0.66,0.655,0.34,0.35,0.345,1227.0,2159.83,1239.92,1405.19,-0.275428645665711,-0.06248133347951502,0.010000000000000009,-0.07999999999999996,-0.06999999999999995,1.01,WAIT,-3,PM15-
2026-09-23 01:22:43,1790126562,btc-updown-5m-1790126400,138,86711.64,86719.77,-8.130000000004657,-0.00999999999476131,-13.139999999999418,-14.580000000001746,12.30000000000291,0.69,0.7,0.695,0.3,0.31,0.305,2193.79,1767.22,1882.22,1895.9499999999998,0.10769223001204237,-0.003634034466421519,0.029999999999999916,-0.040000000000000036,-0.010000000000000009,1.01,WAIT,0,
2026-09-23 01:22:44,1790126564,btc-updown-5m-1790126400,136,86711.65,86719.77,-8.120000000009895,0.0,0.00999999999476131,-13.130000000004657,12.289999999993597,0.68,0.69,0.685,0.33,0.34,0.335,1196.0,2624.33,1249.1,1894.35,-0.3738760787680645,-0.20526809715440042,0.030000000000000027,0.040000000000000036,0.010000000000000009,1.03,WAIT,0,PM5+
2026-09-23 01:22:46,1790126565,btc-updown-5m-1790126400,135,86711.65,86719.77,-8.120000000009895,0.00999999999476131,0.0,-13.130000000004657,12.289999999993597,0.67,0.68,0.675,0.3,0.31,0.305,2690.25,926.06,75.0,1800.01,0.4878425798673233,-0.9200004266643911,0.020000000000000018,0.040000000000000036,0.0,0.99,WAIT,2,UP_BOOK
2026-09-23 01:22:48,1790126567,btc-updown-5m-1790126400,133,86711.65,86719.77,-8.120000000009895,0.00999999999476131,0.0,-13.130000000004657,9.89999999999418,0.71,0.72,0.715,0.28,0.29,0.28500000000000003,1649.6,1220.0,1360.54,1434.21,0.14970727627543906,-0.026360139547365623,0.020000000000000018,0.05999999999999994,0.0,1.01,WAIT,2,PM15+
2026-09-23 01:22:50,1790126569,btc-updown-5m-1790126400,131,86711.66,86719.77,-8.110000000000582,0.010000000009313226,0.020000000004074536,-13.110000000000582,9.910000000003492,0.71,0.72,0.715,0.28,0.29,0.28500000000000003,2037.6,1239.58,1349.58,1527.21,0.24350813809433722,-0.06174590428915566,0.029999999999999916,0.05999999999999994,-0.010000000000000009,1.01,WAIT,2,PM15+
2026-09-23 01:22:52,1790126571,btc-updown-5m-1790126400,129,86711.65,86719.77,-8.120000000009895,0.0,0.0,-13.130000000004657,-5.830000000001746,0.73,0.74,0.735,0.26,0.27,0.265,1626.13,2325.04,2234.04,1615.13,-0.17688684617467734,0.16079050808356082,0.05999999999999994,0.08999999999999997,0.010000000000000009,1.01,WAIT,3,"PM5+,PM15+"
2026-09-23 01:22:53,1790126573,btc-updown-5m-1790126400,127,86711.66,86719.77,-8.110000000000582,0.010000000009313226,0.010000000009313226,-13.119999999995343,-7.830000000001746,0.73,0.74,0.735,0.26,0.27,0.265,2060.73,2128.31,2088.31,2086.23,-0.016132574527815424,0.0004982584907558502,0.020000000000000018,0.06999999999999995,0.0,1.01,WAIT,2,PM15+
2026-09-23 01:22:55,1790126574,btc-updown-5m-1790126400,126,86711.66,86719.77,-8.110000000000582,0.0,0.010000000009313226,-13.119999999995343,-18.34999999999127,0.74,0.75,0.745,0.25,0.26,0.255,2449.09,2063.4399999999996,2158.4399999999996,2186.09,0.08546203570945801,-0.006364324794626932,0.030000000000000027,0.08999999999999997,0.010000000000000009,1.01,WAIT,3,"PM5+,PM15+"
2026-09-23 01:22:57,1790126576,btc-updown-5m-1790126400,124,86711.65,86719.77,-8.120000000009895,0.0,0.00999999999476131,-13.130000000004657,-5.290000000008149,0.72,0.73,0.725,0.28,0.3,0.29000000000000004,1281.3899999999999,2442.79,2797.1,226.0,-0.3118538846135257,0.8504846018987132,-0.010000000000000009,0.06999999999999995,-0.010000000000000009,1.03,WAIT,0,"PM15+,DOWN_BOOK"
2026-09-23 01:22:59,1790126578,btc-updown-5m-1790126400,122,86711.66,86719.77,-8.110000000000582,0.0,0.020000000004074536,0.020000000004074536,-8.470000000001164,0.69,0.7,0.695,0.3,0.31,0.305,1672.0,2059.9,2072.17,739.0,-0.1039416918995686,0.4742402629510133,-0.040000000000000036,0.0,0.04999999999999993,1.01,WAIT,-2,"PM5-,DOWN_BOOK"
2026-09-23 01:23:00,1790126580,btc-updown-5m-1790126400,120,86711.65,86719.77,-8.120000000009895,-0.010000000009313226,0.0,0.0,-14.170000000012806,0.7,0.71,0.705,0.29,0.3,0.295,991.91,1717.4799999999998,492.0,1499.73,-0.26779828669922007,-0.505957132743896,-0.040000000000000036,0.029999999999999916,0.06999999999999995,1.01,WAIT,-1,PM5-
2026-09-23 01:23:02,1790126581,btc-updown-5m-1790126400,119,86711.66,86719.77,-8.110000000000582,0.010000000009313226,0.010000000009313226,0.010000000009313226,-14.160000000003492,0.73,0.74,0.735,0.26,0.27,0.265,1954.68,1312.38,1312.38,1988.48,0.19659877688196722,-0.20482540913580094,0.010000000000000009,0.05999999999999994,0.07999999999999996,1.01,WAIT,3,"PM15+,PM30+"
2026-09-23 01:23:04,1790126583,btc-updown-5m-1790126400,117,86711.66,86719.77,-8.110000000000582,0.0,0.010000000009313226,0.020000000004074536,-14.160000000003492,0.71,0.72,0.715,0.34,0.35,0.345,940.86,1865.42,545.66,10.0,-0.3294610658950639,0.9640067667278551,0.020000000000000018,0.0,0.05999999999999994,1.0699999999999998,WAIT,-2,DOWN_BOOK
2026-09-23 01:23:05,1790126585,btc-updown-5m-1790126400,115,86709.81,86719.77,-9.960000000006403,-1.8399999999965075,-1.8500000000058208,-1.8399999999965075,-7.139999999999418,0.63,0.64,0.635,0.36,0.37,0.365,1871.1100000000001,641.1600000000001,315.0,2343.13,0.4895771553216811,-0.7629912758217243,-0.06999999999999995,-0.07999999999999996,-0.010000000000000009,1.01,WAIT,-1,"PM5-,PM15-,UP_BOOK"
2026-09-23 01:23:07,1790126586,btc-updown-5m-1790126400,114,86698.06,86719.77,-21.710000000006403,-13.60000000000582,-13.589999999996508,-13.589999999996508,-18.889999999999418,0.54,0.55,0.545,0.44,0.45,0.445,1566.52,426.1,631.32,1851.62,0.5723218676917827,-0.4914738173294561,-0.18999999999999995,-0.18999999999999995,-0.09999999999999998,1.0,WAIT,-5,"BTC_BELOW,BTC5-,PM5-,PM15-,PM30-,UP_BOOK"
2026-09-23 01:23:09,1790126588,btc-updown-5m-1790126400,112,86698.06,86719.77,-21.710000000006403,-13.60000000000582,-13.60000000000582,-13.589999999996508,-28.160000000003492,0.53,0.54,0.535,0.46,0.47,0.46499999999999997,1762.19,822.4799999999999,481.02000000000004,2084.21,0.36357059121667373,-0.624969300998351,-0.17999999999999994,-0.19999999999999996,-0.13,1.01,WAIT,-5,"BTC_BELOW,BTC5-,PM5-,PM15-,PM30-,UP_BOOK"
2026-09-23 01:23:11,1790126590,btc-updown-5m-1790126400,110,86698.06,86719.77,-21.710000000006403,-11.75,-13.60000000000582,-13.580000000001746,-28.15000000000873,0.53,0.54,0.535,0.46,0.47,0.46499999999999997,1766.87,1215.78,797.62,1741.87,0.1847652255544566,-0.3718266266061296,-0.09999999999999998,-0.20999999999999996,-0.12,1.01,DOWN WATCH,-6,"BTC_BELOW,BTC5-,PM5-,PM15-,PM30-"
2026-09-23 01:23:12,1790126592,btc-updown-5m-1790126400,108,86692.26,86719.77,-27.510000000009313,-5.80000000000291,-19.389999999999418,-19.380000000004657,-33.9600000000064,0.48,0.49,0.485,0.51,0.52,0.515,1331.3200000000002,1713.1099999999997,106.28999999999999,2444.49,-0.12540606944485488,-0.9166607861124833,-0.06000000000000005,-0.24,-0.20999999999999996,1.01,WAIT,-5,"BTC_BELOW,PM5-,PM15-,PM30-"
2026-09-23 01:23:14,1790126593,btc-updown-5m-1790126400,107,86692.26,86719.77,-27.510000000009313,-5.80000000000291,-19.40000000000873,-19.380000000004657,-33.9600000000064,0.55,0.56,0.555,0.44,0.45,0.445,1032.67,2002.6100000000001,1407.64,1193.5700000000002,-0.3195553622730028,0.08229631594527159,0.020000000000000018,-0.1399999999999999,-0.1399999999999999,1.01,DOWN WATCH,-6,"BTC_BELOW,PM15-,PM30-"
2026-09-23 01:23:16,1790126595,btc-updown-5m-1790126400,105,86692.27,86719.77,-27.5,-5.789999999993597,-19.379999999990105,-19.379999999990105,-32.50999999999476,0.55,0.56,0.555,0.42,0.43,0.425,1788.59,585.52,1295.1100000000001,1277.69,0.5067456857517133,0.006770833333333361,0.020000000000000018,-0.1499999999999999,-0.12,0.99,WAIT,-4,"BTC_BELOW,PM15-,PM30-,UP_BOOK"
2026-09-23 01:23:18,1790126597,btc-updown-5m-1790126400,103,86692.27,86719.77,-27.5,0.010000000009313226,-19.389999999999418,-19.379999999990105,-32.50999999999476,0.54,0.55,0.545,0.45,0.46,0.455,1297.8400000000001,1379.34,978.6,1412.51,-0.03044248052054765,-0.18146802112826257,0.06000000000000005,-0.18999999999999995,-0.16999999999999993,1.01,WAIT,-4,"BTC_BELOW,PM5+,PM15-,PM30-"
2026-09-23 01:23:19,1790126599,btc-updown-5m-1790126400,101,86692.27,86719.77,-27.5,0.010000000009313226,-19.389999999999418,-19.389999999999418,-32.5,0.55,0.56,0.555,0.37,0.4,0.385,1094.73,676.8,264.97,332.0,0.23591471778632034,-0.11228369934837591,0.0,-0.15999999999999992,-0.15999999999999992,0.9600000000000001,WAIT,-5,"BTC_BELOW,PM15-,PM30-"
2026-09-23 01:23:21,1790126600,btc-updown-5m-1790126400,100,86693.66,86719.77,-26.110000000000582,1.389999999999418,-16.14999999999418,-18.0,-31.110000000000582,0.62,0.63,0.625,0.37,0.38,0.375,956.77,984.4599999999999,940.4599999999999,1213.43,-0.014264152109744821,-0.12673349149678031,0.06999999999999995,-0.010000000000000009,-0.08999999999999997,1.01,WAIT,-2,"BTC_BELOW,PM5+,PM30-"
2026-09-23 01:23:23,1790126602,btc-updown-5m-1790126400,98,86693.66,86719.77,-26.110000000000582,1.389999999999418,-4.399999999994179,-17.989999999990687,-31.119999999995343,0.66,0.67,0.665,0.32,0.33,0.325,1636.17,305.0,576.04,1633.69,0.6857565282793368,-0.47863313617500786,0.12,0.12,-0.06999999999999995,1.0,WAIT,3,"BTC_BELOW,PM5+,PM15+,UP_BOOK"
2026-09-23 01:23:25,1790126604,btc-updown-5m-1790126400,96,86698.06,86719.77,-21.710000000006403,5.789999999993597,0.0,-13.60000000000582,-26.720000000001164,0.68,0.69,0.685,0.3,0.31,0.305,1260.32,324.69,593.0,1334.79,0.590299114832083,-0.3847877621525166,0.13,0.15000000000000002,-0.05999999999999994,1.0,WAIT,3,"BTC_BELOW,PM5+,PM15+,UP_BOOK"
2026-09-23 01:23:27,1790126606,btc-updown-5m-1790126400,94,86698.06,86719.77,-21.710000000006403,4.399999999994179,0.0,-13.589999999996508,-26.720000000001164,0.69,0.7,0.695,0.31,0.32,0.315,277.49,2286.29,2026.75,995.3,-0.7835305681454727,0.3413080524809318,0.06999999999999995,0.15999999999999992,-0.030000000000000027,1.02,WAIT,-1,"BTC_BELOW,PM5+,PM15+,DOWN_BOOK"
2026-09-23 01:23:29,1790126608,btc-updown-5m-1790126400,92,86698.06,86719.77,-21.710000000006403,4.399999999994179,5.80000000000291,-13.60000000000582,-13.580000000001746,0.73,0.74,0.735,0.22,0.23,0.225,1986.4499999999998,365.94,218.82,573.76,0.6888781196995396,-0.4478286103610992,0.06999999999999995,0.17999999999999994,0.040000000000000036,0.97,WAIT,3,"BTC_BELOW,PM5+,PM15+,UP_BOOK"
2026-09-23 01:23:30,1790126610,btc-updown-5m-1790126400,90,86709.52,86719.77,-10.25,11.460000000006403,17.25,-2.1299999999901047,-2.1299999999901047,0.73,0.77,0.75,0.28,0.29,0.28500000000000003,223.0,1555.8899999999999,1434.68,74.0,-0.7492818555391283,0.9019009995492748,0.06499999999999995,0.19499999999999995,0.04500000000000004,1.06,WAIT,2,"BTC5+,PM5+,PM15+,DOWN_BOOK"
2026-09-23 01:23:32,1790126611,btc-updown-5m-1790126400,89,86704.0,86719.77,-15.770000000004075,5.940000000002328,11.729999999995925,-7.6600000000034925,-7.649999999994179,0.63,0.64,0.635,0.36,0.37,0.365,1420.62,307.23,379.23,1359.62,0.6443788523309315,-0.5638151651953877,-0.05999999999999994,0.07999999999999996,-0.09999999999999998,1.01,WAIT,2,"PM5-,PM15+,PM30-,UP_BOOK"
2026-09-23 01:23:34,1790126613,btc-updown-5m-1790126400,87,86704.0,86719.77,-15.770000000004075,5.940000000002328,11.729999999995925,-7.6600000000034925,-7.639999999999418,0.65,0.66,0.655,0.34,0.35,0.345,1107.19,921.29,967.26,924.4200000000001,0.09164497554819377,0.02264653641207811,-0.07999999999999996,0.10999999999999999,-0.05999999999999994,1.01,WAIT,1,"PM5-,PM15+"
2026-09-23 01:23:36,1790126615,btc-updown-5m-1790126400,85,86704.0,86719.77,-15.770000000004075,-5.5200000000040745,10.339999999996508,-5.809999999997672,-7.649999999994179,0.63,0.64,0.635,0.42,0.43,0.425,5.0,2065.73,399.97,146.05,-0.9951707851820373,0.46503791069924183,-0.11499999999999999,0.010000000000000009,0.0,1.07,WAIT,-3,"PM5-,DOWN_BOOK"
2026-09-23 01:23:38,1790126617,btc-updown-5m-1790126400,83,86703.97,86719.77,-15.80000000000291,-0.029999999998835847,10.309999999997672,5.9100000000034925,-7.679999999993015,0.51,0.52,0.515,0.55,0.56,0.555,5.0,1194.74,385.92,676.8299999999999,-0.9916648607198226,-0.27373323923782633,-0.12,-0.15000000000000002,-0.030000000000000027,1.08,WAIT,-3,"PM5-,PM15-"
2026-09-23 01:23:39,1790126619,btc-updown-5m-1790126400,81,86688.0,86719.77,-31.770000000004075,-16.0,-10.059999999997672,-10.059999999997672,-23.64999999999418,0.37,0.39,0.38,0.61,0.63,0.62,20.66,342.65999999999997,338.65999999999997,447.18,-0.886271055818562,-0.13809426855339516,-0.275,-0.30500000000000005,-0.15500000000000003,1.02,DOWN WATCH,-8,"BTC_BELOW,BTC5-,PM5-,PM15-,PM30-"
2026-09-23 01:23:41,1790126620,btc-updown-5m-1790126400,80,86688.01,86719.77,-31.760000000009313,-15.990000000005239,-10.05000000000291,-10.05000000000291,-23.630000000004657,0.43,0.44,0.435,0.55,0.56,0.555,1284.19,1061.49,979.63,1201.05,0.09494048634084787,-0.1015371352055322,-0.2,-0.25000000000000006,-0.10000000000000003,1.0,DOWN WATCH,-7,"BTC_BELOW,BTC5-,PM5-,PM15-,PM30-"
2026-09-23 01:23:43,1790126622,btc-updown-5m-1790126400,78,86688.01,86719.77,-31.760000000009313,-15.960000000006403,-10.05000000000291,-4.25,-23.630000000004657,0.44,0.45,0.445,0.55,0.56,0.555,1675.75,1124.3000000000002,1207.96,1610.9099999999999,0.19694291173371897,-0.14294735124358338,-0.07,-0.24999999999999994,-0.03999999999999998,1.01,DOWN WATCH,-6,"BTC_BELOW,BTC5-,PM5-,PM15-"
2026-09-23 01:23:45,1790126624,btc-updown-5m-1790126400,76,86688.01,86719.77,-31.760000000009313,0.00999999999476131,-10.05000000000291,-4.25,-23.639999999999418,0.41,0.43,0.42,0.64,0.7,0.6699999999999999,362.33,1507.53,71.0,188.42000000000002,-0.6124522691538404,-0.4526250867319405,0.03999999999999998,-0.315,-0.13500000000000006,1.13,WAIT,-4,"BTC_BELOW,PM5+,PM15-,PM30-"
2026-09-23 01:23:46,1790126626,btc-updown-5m-1790126400,74,86666.01,86719.77,-53.76000000000931,-22.0,-37.99000000000524,-26.260000000009313,-45.63999999999942,0.17,0.18,0.175,0.81,0.82,0.815,1950.6100000000001,271.21,455.11,1947.62,0.7558668118929526,-0.6211725828536705,-0.26,-0.46,-0.38000000000000006,1.0,WAIT,-9,DOWN_TOO_EXPENSIVE
2026-09-23 01:23:48,1790126628,btc-updown-5m-1790126400,72,86666.01,86719.77,-53.76000000000931,-22.0,-37.99000000000524,-26.260000000009313,-45.63999999999942,0.2,0.21,0.20500000000000002,0.77,0.78,0.775,2012.46,692.2,256.05,1279.7199999999998,0.4881426870660268,-0.6665516320803245,-0.24,-0.45,-0.34,0.99,WAIT,-9,DOWN_TOO_EXPENSIVE
2026-09-23 01:23:50,1790126629,btc-updown-5m-1790126400,71,86666.01,86719.77,-53.76000000000931,-22.0,-37.99000000000524,-26.260000000009313,-45.65000000000873,0.23,0.24,0.235,0.76,0.77,0.765,1150.6399999999999,605.9200000000001,739.94,1306.04,0.31010611650043257,-0.27668892169033904,-0.185,-0.42000000000000004,-0.32000000000000006,1.01,WAIT,-9,DOWN_TOO_EXPENSIVE
2026-09-23 01:23:52,1790126631,btc-updown-5m-1790126400,69,86666.01,86719.77,-53.76000000000931,0.0,-37.99000000000524,-27.65000000000873,-45.63999999999942,0.22,0.23,0.225,0.77,0.78,0.775,1018.53,2096.8,2129.8,933.11,-0.3461174257622789,0.3907036119246076,0.05000000000000002,-0.41000000000000003,-0.4,1.01,WAIT,-10,DOWN_TOO_EXPENSIVE
2026-09-23 01:23:54,1790126633,btc-updown-5m-1790126400,67,86666.01,86719.77,-53.76000000000931,0.0,-37.9600000000064,-27.65000000000873,-45.65000000000873,0.21,0.22,0.215,0.79,0.8,0.795,1114.0,2060.45,1142.4199999999998,1401.54,-0.2981461355510403,-0.10185694743628049,0.009999999999999981,-0.30000000000000004,-0.45000000000000007,1.02,WAIT,-10,DOWN_TOO_EXPENSIVE
2026-09-23 01:23:55,1790126635,btc-updown-5m-1790126400,65,86666.0,86719.77,-53.770000000004075,-0.00999999999476131,-22.00999999999476,-32.05999999999767,-45.66000000000349,0.14,0.15,0.14500000000000002,0.85,0.86,0.855,806.41,738.28,768.28,1217.41,0.0441059371135956,-0.22618334181065528,-0.08999999999999997,-0.29,-0.54,1.01,WAIT,-12,DOWN_TOO_EXPENSIVE
2026-09-23 01:23:57,1790126636,btc-updown-5m-1790126400,64,86666.01,86719.77,-53.76000000000931,0.0,-22.0,-32.05000000000291,-45.63999999999942,0.16,0.17,0.165,0.84,0.85,0.845,308.44,796.12,782.25,536.04,-0.44151517346273633,0.18676467241653963,-0.06,-0.27,-0.5299999999999999,1.02,WAIT,-13,DOWN_TOO_EXPENSIVE
2026-09-23 01:23:59,1790126638,btc-updown-5m-1790126400,62,86666.01,86719.77,-53.76000000000931,0.0,-22.0,-32.05000000000291,-45.65000000000873,0.15,0.16,0.155,0.85,0.86,0.855,536.08,1464.4499999999998,1216.1100000000001,336.08,-0.46406202356375553,0.566960230384167,-0.06,-0.29000000000000004,-0.58,1.02,WAIT,-14,DOWN_TOO_EXPENSIVE
2026-09-23 01:24:01,1790126640,btc-updown-5m-1790126400,60,86666.0,86719.77,-53.770000000004075,0.0,-22.00999999999476,-43.520000000004075,-45.64999999999418,0.11,0.12,0.11499999999999999,0.88,0.89,0.885,925.5,1365.68,2017.22,822.26,-0.19211934461718416,0.4208376181554369,-0.030000000000000027,-0.305,-0.635,1.01,WAIT,-13,DOWN_TOO_EXPENSIVE
2026-09-23 01:24:03,1790126642,btc-updown-5m-1790126400,58,86666.01,86719.77,-53.76000000000931,0.0,0.0,-37.99000000000524,-45.65000000000873,0.09,0.1,0.095,0.91,0.92,0.915,1063.44,1797.52,1579.37,1399.19,-0.256585202169901,0.06049231843575414,-0.07,-0.07999999999999999,-0.54,1.02,WAIT,-11,DOWN_TOO_EXPENSIVE
2026-09-23 01:24:04,1790126644,btc-updown-5m-1790126400,56,86653.8,86719.77,-65.97000000000116,-12.209999999991851,-12.209999999991851,-50.19999999999709,-57.86000000000058,0.03,0.04,0.035,0.96,0.97,0.965,6026.57,2072.98,2651.34,6040.39,0.48812464890024754,-0.3899166218923046,-0.12,-0.19999999999999998,-0.62,1.01,WAIT,-9,DOWN_TOO_EXPENSIVE
2026-09-23 01:24:06,1790126645,btc-updown-5m-1790126400,55,86653.81,86719.77,-65.9600000000064,-12.190000000002328,-12.19999999999709,-50.19000000000233,-56.0,0.02,0.03,0.025,0.97,0.98,0.975,5880.77,2042.9499999999998,2089.1099999999997,5378.26,0.4843457365984664,-0.44046967004447357,-0.09,-0.21,-0.61,1.01,WAIT,-9,DOWN_TOO_EXPENSIVE
2026-09-23 01:24:08,1790126647,btc-updown-5m-1790126400,53,86653.8,86719.77,-65.97000000000116,-12.209999999991851,-12.209999999991851,-50.169999999998254,-44.25999999999476,0.02,0.03,0.025,0.97,0.98,0.975,4939.51,2685.71,2710.71,4679.51,0.2955717998956096,-0.26640614217168096,-0.07,-0.2,-0.49,1.01,WAIT,-9,DOWN_TOO_EXPENSIVE
2026-09-23 01:24:10,1790126649,btc-updown-5m-1790126400,51,86652.01,86719.77,-67.76000000000931,-1.790000000008149,-14.0,-35.99000000000524,-46.05000000000291,0.01,0.02,0.015,0.98,0.99,0.985,4622.84,2410.44,2450.44,4597.79,0.31456162700759815,-0.3046651428798436,-0.020000000000000004,-0.2,-0.365,1.01,WAIT,-7,DOWN_TOO_EXPENSIVE
2026-09-23 01:24:11,1790126651,btc-updown-5m-1790126400,49,86650.01,86719.77,-69.76000000000931,-3.8000000000029104,-16.0,-38.0,-48.05000000000291,0.01,0.02,0.015,0.98,0.99,0.985,4495.74,2859.0499999999997,2541.68,4151.68,0.22253388607968416,-0.24053689029127379,-0.010000000000000002,-0.15000000000000002,-0.42,1.01,WAIT,-9,DOWN_TOO_EXPENSIVE
2026-09-23 01:24:13,1790126652,btc-updown-5m-1790126400,48,86650.0,86719.77,-69.77000000000407,-3.8000000000029104,-16.00999999999476,-38.00999999999476,-42.25999999999476,0.01,0.02,0.015,0.98,0.99,0.985,3879.26,2006.68,2055.68,3809.26,0.3181445954257094,-0.2989936810947768,-0.010000000000000002,-0.15000000000000002,-0.43,1.01,WAIT,-7,DOWN_TOO_EXPENSIVE
2026-09-23 01:24:15,1790126654,btc-updown-5m-1790126400,46,86650.0,86719.77,-69.77000000000407,-2.0099999999947613,-16.00999999999476,-38.00999999999476,-42.25999999999476,0.01,0.02,0.015,0.99,,,521.65,2655.43,7202.469999999999,0,-0.6716167046470343,1.0,0.0,-0.14,-0.40499999999999997,,WAIT,-11,DOWN_TOO_EXPENSIVE
2026-09-23 01:24:17,1790126656,btc-updown-5m-1790126400,44,86650.0,86719.77,-69.77000000000407,-0.00999999999476131,-16.0,-16.00999999999476,-42.270000000004075,,0.01,,0.99,,,0,12384.720000000001,12384.720000000001,0,-1.0,1.0,,,,,WAIT,-6,DOWN_TOO_EXPENSIVE
2026-09-23 01:24:19,1790126658,btc-updown-5m-1790126400,42,86635.74,86719.77,-84.02999999999884,-14.259999999994761,-30.269999999989523,-30.269999999989523,-56.529999999998836,,0.01,,0.99,,,0,21531.21,21583.26,0,-1.0,1.0,,,,,WAIT,-11,DOWN_TOO_EXPENSIVE
2026-09-23 01:24:20,1790126660,btc-updown-5m-1790126400,40,86635.73,86719.77,-84.04000000000815,-14.270000000004075,-18.080000000001746,-30.279999999998836,-57.93000000000757,,0.01,,0.99,,,0,21598.31,21668.31,0,-1.0,1.0,,,,,WAIT,-9,DOWN_TOO_EXPENSIVE
2026-09-23 01:24:22,1790126661,btc-updown-5m-1790126400,39,86635.73,86719.77,-84.04000000000815,-14.270000000004075,-18.080000000001746,-30.279999999998836,-57.93000000000757,,0.01,,0.99,,,0,24692.9,24677.9,0,-1.0,1.0,,,,,WAIT,-9,DOWN_TOO_EXPENSIVE
2026-09-23 01:24:24,1790126663,btc-updown-5m-1790126400,37,86635.73,86719.77,-84.04000000000815,-0.010000000009313226,-18.070000000006985,-30.279999999998836,-57.93000000000757,,0.01,,0.99,,,0,27663.620000000003,27548.620000000003,0,-1.0,1.0,,,,,WAIT,-8,DOWN_TOO_EXPENSIVE
2026-09-23 01:24:26,1790126665,btc-updown-5m-1790126400,35,86635.74,86719.77,-84.02999999999884,0.010000000009313226,-16.269999999989523,-30.25999999999476,-62.31999999999243,,0.01,,0.99,,,0,30775.25,30775.25,0,-1.0,1.0,,,,,WAIT,-8,DOWN_TOO_EXPENSIVE
2026-09-23 01:24:28,1790126667,btc-updown-5m-1790126400,33,86635.74,86719.77,-84.02999999999884,0.010000000009313226,-14.259999999994761,-30.269999999989523,-62.31999999999243,,0.01,,0.99,,,0,31232.649999999998,32741.21,0,-1.0,1.0,,,,,WAIT,-8,DOWN_TOO_EXPENSIVE
2026-09-23 01:24:29,1790126669,btc-updown-5m-1790126400,31,86635.74,86719.77,-84.02999999999884,0.010000000009313226,-14.259999999994761,-30.269999999989523,-62.31999999999243,,0.01,,0.99,,,0,34885.3,34874.44,0,-1.0,1.0,,,,,WAIT,-8,DOWN_TOO_EXPENSIVE
2026-09-23 01:24:32,1790126670,btc-updown-5m-1790126400,30,86635.74,86719.77,-84.02999999999884,0.0,-14.259999999994761,-30.25999999999476,-73.77999999999884,,0.01,,0.99,,,0,50371.82,50371.82,0,-1.0,1.0,,,,,WAIT,-8,DOWN_TOO_EXPENSIVE
2026-09-23 01:24:33,1790126673,btc-updown-5m-1790126400,27,86635.73,86719.77,-84.04000000000815,-0.010000000009313226,-0.010000000009313226,-30.279999999998836,-68.27000000000407,,0.01,,0.99,,,0,50871.36,50871.36,0,-1.0,1.0,,,,,WAIT,-8,DOWN_TOO_EXPENSIVE
2026-09-23 01:24:35,1790126674,btc-updown-5m-1790126400,26,86635.73,86719.77,-84.04000000000815,-0.010000000009313226,-0.010000000009313226,-18.070000000006985,-68.27000000000407,,0.01,,0.99,,,0,50890.58,50890.58,0,-1.0,1.0,,,,,WAIT,-6,DOWN_TOO_EXPENSIVE
2026-09-23 01:24:37,1790126676,btc-updown-5m-1790126400,24,86635.74,86719.77,-84.02999999999884,0.0,0.010000000009313226,-18.069999999992433,-68.25999999999476,,0.01,,0.99,,,0,51911.41,51911.41,0,-1.0,1.0,,,,,WAIT,-6,DOWN_TOO_EXPENSIVE
2026-09-23 01:24:39,1790126678,btc-updown-5m-1790126400,22,86635.73,86719.77,-84.04000000000815,0.0,0.0,-18.070000000006985,-68.24000000000524,,0.01,,0.99,,,0,54921.420000000006,54921.420000000006,0,-1.0,1.0,,,,,WAIT,-6,DOWN_TOO_EXPENSIVE
2026-09-23 01:24:41,1790126680,btc-updown-5m-1790126400,20,86635.73,86719.77,-84.04000000000815,0.0,-0.010000000009313226,-16.279999999998836,-52.279999999998836,,0.01,,0.99,,,0,55085.0,55445.0,0,-1.0,1.0,,,,,WAIT,-6,DOWN_TOO_EXPENSIVE
2026-09-23 01:24:42,1790126682,btc-updown-5m-1790126400,18,86635.74,86719.77,-84.02999999999884,0.0,0.0,-14.259999999994761,-52.26999999998952,,0.01,,0.99,,,0,55585.0,55580.0,0,-1.0,1.0,,,,,WAIT,0,TIME_FILTER
2026-09-23 01:24:44,1790126683,btc-updown-5m-1790126400,17,86642.01,86719.77,-77.76000000000931,6.279999999998836,6.269999999989523,-7.990000000005239,-46.0,,0.01,,0.99,,,0,55442.9,55412.9,0,-1.0,1.0,,,,,WAIT,0,TIME_FILTER
2026-09-23 01:24:46,1790126685,btc-updown-5m-1790126400,15,86642.01,86719.77,-77.76000000000931,6.279999999998836,6.269999999989523,-7.990000000005239,-46.0,,0.01,,0.99,,,0,55391.53,55484.51,0,-1.0,1.0,,,,,WAIT,0,TIME_FILTER
2026-09-23 01:24:48,1790126687,btc-updown-5m-1790126400,13,86651.48,86719.77,-68.29000000000815,15.739999999990687,15.739999999990687,1.4799999999959255,-14.529999999998836,,0.01,,0.99,,,0,56151.51,56431.51,0,-1.0,1.0,,,,,WAIT,0,TIME_FILTER
2026-09-23 01:24:49,1790126689,btc-updown-5m-1790126400,11,86659.27,86719.77,-60.5,17.260000000009313,23.54000000000815,23.529999999998836,-6.739999999990687,,0.01,,0.99,,,0,56965.21,56718.869999999995,0,-1.0,1.0,,,,,WAIT,0,TIME_FILTER
2026-09-23 01:24:51,1790126690,btc-updown-5m-1790126400,10,86659.27,86719.77,-60.5,17.260000000009313,23.54000000000815,23.54000000000815,-6.739999999990687,,0.01,,0.99,,,0,57062.09,57062.09,0,-1.0,1.0,,,,,WAIT,0,TIME_FILTER
2026-09-23 01:24:53,1790126692,btc-updown-5m-1790126400,8,86659.27,86719.77,-60.5,7.790000000008149,23.529999999998836,23.54000000000815,-6.739999999990687,,0.01,,0.99,,,0,65347.09,65587.09,0,-1.0,1.0,,,,,WAIT,0,TIME_FILTER
2026-09-23 01:24:55,1790126694,btc-updown-5m-1790126400,6,86659.27,86719.77,-60.5,0.0,23.54000000000815,23.54000000000815,-6.739999999990687,,0.01,,0.99,,,0,65495.09,65460.09,0,-1.0,1.0,,,,,WAIT,0,TIME_FILTER
2026-09-23 01:24:56,1790126696,btc-updown-5m-1790126400,4,86659.27,86719.77,-60.5,0.0,23.54000000000815,23.529999999998836,-6.739999999990687,,0.01,,0.99,,,0,65584.86,65589.86,0,-1.0,1.0,,,,,WAIT,0,TIME_FILTER
2026-09-23 01:24:58,1790126697,btc-updown-5m-1790126400,3,86659.27,86719.77,-60.5,0.0,23.529999999998836,23.529999999998836,-6.739999999990687,,0.01,,0.99,,,0,76648.48,76653.48,0,-1.0,1.0,,,,,WAIT,0,TIME_FILTER
2026-09-23 01:25:00,1790126699,btc-updown-5m-1790126400,1,86661.74,86719.77,-58.029999999998836,2.470000000001164,19.730000000010477,26.0,-4.269999999989523,,0.01,,0.99,,,0,75023.92,75018.92,0,-1.0,1.0,,,,,WAIT,0,TIME_FILTER
2026-09-23 01:25:02,1790126701,btc-updown-5m-1790126700,299,86670.66,86670.67,-0.00999999999476131,,,,,0.63,0.64,0.635,0.35,0.36,0.355,2337.16,817.33,1214.01,2348.98,0.481798959578252,-0.31854425636894856,,,,1.0,WAIT,0,TIME_FILTER
2026-09-23 01:25:04,1790126703,btc-updown-5m-1790126700,297,86660.63,86670.67,-10.039999999993597,,,,,0.56,0.57,0.565,0.43,0.44,0.435,444.12,3128.58,3239.88,725.12,-0.7513813082542615,0.6342395964691048,,,,1.01,WAIT,0,TIME_FILTER
2026-09-23 01:25:06,1790126705,btc-updown-5m-1790126700,295,86660.63,86670.67,-10.039999999993597,,,,,0.55,0.56,0.555,0.44,0.45,0.445,776.29,2462.42,1912.67,858.2,-0.5206177768308987,0.3805555655804856,,,,1.01,WAIT,0,TIME_FILTER
2026-09-23 01:25:07,1790126707,btc-updown-5m-1790126700,293,86660.59,86670.67,-10.080000000001746,-10.070000000006985,,,,0.51,0.52,0.515,0.48,0.49,0.485,1209.22,2274.11,2303.36,1635.22,-0.30571034039267025,0.16963981942730633,-0.12,,,1.01,WAIT,0,TIME_FILTER
2026-09-23 01:25:09,1790126708,btc-updown-5m-1790126700,292,86649.05,86670.67,-21.619999999995343,-11.580000000001746,,,,0.47,0.48,0.475,0.52,0.53,0.525,1436.9900000000002,1895.2500000000002,2197.3500000000004,1255.2800000000002,-0.13752310757928599,0.2728557650255023,-0.08999999999999997,,,1.01,WAIT,0,TIME_FILTER
2026-09-23 01:25:11,1790126710,btc-updown-5m-1790126700,290,86649.05,86670.67,-21.619999999995343,-11.580000000001746,,,,0.46,0.47,0.46499999999999997,0.53,0.54,0.535,2457.55,1291.98,1161.98,2914.58,0.310857627489312,-0.42992130619934454,-0.09000000000000008,,,1.01,WAIT,0,TIME_FILTER
2026-09-23 01:25:13,1790126712,btc-updown-5m-1790126700,288,86649.06,86670.67,-21.610000000000582,-11.529999999998836,,,,0.48,0.49,0.485,0.51,0.52,0.515,2055.0,2743.85,2433.17,2071.0,-0.14354480761015656,0.08040771107662456,-0.030000000000000027,,,1.01,WAIT,0,TIME_FILTER
2026-09-23 01:25:15,1790126714,btc-updown-5m-1790126700,286,86649.05,86670.67,-21.619999999995343,0.0,,,,0.48,0.49,0.485,0.51,0.52,0.515,3088.3,2252.23,1706.8200000000002,3459.33,0.1565518778098803,-0.33922940681164887,0.010000000000000009,,,1.01,WAIT,0,TIME_FILTER
2026-09-23 01:25:16,1790126716,btc-updown-5m-1790126700,284,86649.06,86670.67,-21.610000000000582,0.00999999999476131,-21.60000000000582,,,0.49,0.5,0.495,0.5,0.51,0.505,2712.67,1737.53,2561.2400000000002,2020.48,0.21912273605680646,0.11802554499183716,0.030000000000000027,-0.14,,1.01,WAIT,0,TIME_FILTER
2026-09-23 01:25:18,1790126717,btc-updown-5m-1790126700,283,86649.05,86670.67,-21.619999999995343,-0.00999999999476131,-21.610000000000582,,,0.47,0.48,0.475,0.52,0.53,0.525,3370.86,2255.45,1635.45,3238.12,0.19824894113548674,-0.3288492829691581,-0.010000000000000009,-0.16000000000000003,,1.01,WAIT,0,TIME_FILTER
2026-09-23 01:25:20,1790126719,btc-updown-5m-1790126700,281,86649.06,86670.67,-21.610000000000582,0.00999999999476131,-11.570000000006985,,,0.49,0.5,0.495,0.5,0.51,0.505,2537.9500000000003,2378.2700000000004,2602.38,2527.9500000000003,0.032480238882718795,0.014507838677044135,0.010000000000000009,-0.06999999999999995,,1.01,WAIT,0,TIME_FILTER
2026-09-23 01:25:22,1790126721,btc-updown-5m-1790126700,279,86649.03,86670.67,-21.639999999999418,-0.029999999998835847,-11.60000000000582,,,0.47,0.48,0.475,0.51,0.52,0.515,982.7,2413.58,335.0,2589.24,-0.4213080193623612,-0.7708806390720324,-0.020000000000000018,-0.08000000000000007,,1.0,WAIT,0,TIME_FILTER
2026-09-23 01:25:24,1790126723,btc-updown-5m-1790126700,277,86648.01,86670.67,-22.660000000003492,-1.040000000008149,-1.040000000008149,,,0.5,0.51,0.505,0.49,0.5,0.495,1541.0900000000001,2447.19,2490.3399999999997,1541.0900000000001,-0.22719066865917134,0.23546235454913012,0.030000000000000027,0.030000000000000027,,1.01,WAIT,0,TIME_FILTER
2026-09-23 01:25:25,1790126725,btc-updown-5m-1790126700,275,86648.01,86670.67,-22.660000000003492,-1.0500000000029104,-1.040000000008149,,,0.48,0.49,0.485,0.51,0.52,0.515,597.0,3016.0699999999997,3218.89,681.42,-0.6695331117304674,0.6505816204352987,-0.010000000000000009,0.020000000000000018,,1.01,WAIT,0,TIME_FILTER
2026-09-23 01:25:27,1790126726,btc-updown-5m-1790126700,274,86648.01,86670.67,-22.660000000003492,-1.0200000000040745,-1.040000000008149,,,0.47,0.48,0.475,0.52,0.53,0.525,1362.0900000000001,2634.2400000000002,2659.2400000000002,1371.0900000000001,-0.3183295673780694,0.3196140266429796,0.0,0.010000000000000009,,1.01,WAIT,0,TIME_FILTER
2026-09-23 01:25:29,1790126728,btc-updown-5m-1790126700,272,86648.01,86670.67,-22.660000000003492,0.0,-1.0500000000029104,,,0.47,0.48,0.475,0.52,0.53,0.525,1866.2200000000003,2376.9300000000003,2466.9300000000003,1863.2200000000003,-0.1203610525199439,0.13942011246723554,-0.030000000000000027,-0.010000000000000009,,1.01,WAIT,0,TIME_FILTER
2026-09-23 01:25:30,1790126730,btc-updown-5m-1790126700,270,86648.0,86670.67,-22.669999999998254,-0.00999999999476131,-1.0500000000029104,,,0.47,0.48,0.475,0.53,0.55,0.54,1149.09,2324.29,2163.26,1601.09,-0.33834478231578463,0.1493405235963713,-0.010000000000000009,-0.010000000000000009,,1.03,WAIT,-3,BTC_BELOW
2026-09-23 01:25:32,1790126731,btc-updown-5m-1790126700,269,86648.01,86670.67,-22.660000000003492,0.0,-1.0500000000029104,-22.65000000000873,,0.45,0.46,0.455,0.54,0.55,0.545,1859.4099999999999,1757.93,1732.93,2317.59,0.02805376326250775,-0.14434196103216376,-0.019999999999999962,-0.03999999999999998,-0.18,1.01,WAIT,-3,"BTC_BELOW,PM30-"
2026-09-23 01:25:34,1790126733,btc-updown-5m-1790126700,267,86648.0,86670.67,-22.669999999998254,-0.00999999999476131,-1.0500000000029104,-12.630000000004657,,0.45,0.46,0.455,0.54,0.55,0.545,754.09,2044.46,2059.46,1263.09,-0.46108520483821974,0.23968638545695325,-0.019999999999999962,-0.019999999999999962,-0.10999999999999993,1.01,WAIT,-4,"BTC_BELOW,PM30-"
2026-09-23 01:25:36,1790126735,btc-updown-5m-1790126700,265,86648.01,86670.67,-22.660000000003492,0.00999999999476131,-1.0500000000029104,-12.620000000009895,,0.49,0.5,0.495,0.49,0.5,0.495,2352.27,760.15,2403.37,1667.6799999999998,0.5115376459475263,0.18071259257439728,0.020000000000000018,0.0,-0.06000000000000005,1.0,WAIT,-1,"BTC_BELOW,UP_BOOK"
2026-09-23 01:25:38,1790126737,btc-updown-5m-1790126700,263,86648.0,86670.67,-22.669999999998254,-0.00999999999476131,-1.0299999999988358,-12.589999999996508,,0.48,0.49,0.485,0.51,0.52,0.515,2349.62,1329.26,1326.81,2279.62,0.27735615187230894,-0.2641975582501255,0.02999999999999997,0.010000000000000009,-0.030000000000000027,1.01,WAIT,0,"BTC_BELOW,UP_BOOK"
2026-09-23 01:25:39,1790126739,btc-updown-5m-1790126700,261,86648.01,86670.67,-22.660000000003492,0.00999999999476131,0.0,-1.040000000008149,,0.49,0.5,0.495,0.5,0.51,0.505,1094.44,1696.9,1995.3,863.44,-0.21583182270880652,0.39592967531150086,0.03999999999999998,-0.010000000000000009,0.020000000000000018,1.01,WAIT,-2,"BTC_BELOW,PM5+,DOWN_BOOK"
2026-09-23 01:25:41,1790126740,btc-updown-5m-1790126700,260,86648.0,86670.67,-22.669999999998254,-0.00999999999476131,-0.00999999999476131,-1.0500000000029104,,0.5,0.51,0.505,0.49,0.5,0.495,1153.5,2090.12,2120.12,1153.5,-0.2887576226561681,0.2952755664982496,0.010000000000000009,0.020000000000000018,0.040000000000000036,1.01,WAIT,-4,"BTC_BELOW,DOWN_BOOK"
2026-09-23 01:25:43,1790126742,btc-updown-5m-1790126700,258,86648.01,86670.67,-22.660000000003492,0.00999999999476131,0.0,-1.0500000000029104,,0.49,0.5,0.495,0.5,0.51,0.505,505.0,2515.74,3236.74,636.0,-0.6656448419923595,0.6715503751865604,0.010000000000000009,0.020000000000000018,0.010000000000000009,1.01,WAIT,-4,"BTC_BELOW,DOWN_BOOK"
2026-09-23 01:25:44,1790126744,btc-updown-5m-1790126700,256,86648.01,86670.67,-22.660000000003492,0.0,0.0,-1.040000000008149,,0.47,0.48,0.475,0.52,0.53,0.525,1605.0300000000002,1841.9299999999998,1905.9299999999998,1607.0300000000002,-0.06872722630955962,0.08508494261249762,-0.020000000000000018,0.0,-0.010000000000000009,1.01,WAIT,-2,BTC_BELOW
2026-09-23 01:25:46,1790126746,btc-updown-5m-1790126700,254,86648.01,86670.67,-22.660000000003492,0.00999999999476131,0.0,-1.0500000000029104,,0.47,0.48,0.475,0.52,0.53,0.525,1833.85,1217.06,1281.95,1808.28,0.20216591115437688,-0.1703206557440708,-0.030000000000000027,0.019999999999999962,-0.020000000000000018,1.01,WAIT,-3,"BTC_BELOW,PM5-"
2026-09-23 01:25:48,1790126747,btc-updown-5m-1790126700,253,86638.96,86670.67,-31.70999999999185,-9.049999999988358,-9.049999999988358,-10.089999999996508,,0.43,0.44,0.435,0.56,0.57,0.565,1005.39,1442.93,1622.68,1072.3899999999999,-0.1787102993072801,0.20418393585324324,-0.06,-0.020000000000000018,-0.03999999999999998,1.01,WAIT,-3,"BTC_BELOW,PM5-"
2026-09-23 01:25:50,1790126749,btc-updown-5m-1790126700,251,86638.95,86670.67,-31.720000000001164,-9.059999999997672,-9.05000000000291,-10.110000000000582,,0.43,0.44,0.435,0.57,0.58,0.575,1856.52,1514.77,2408.35,115.91,0.10137069193098192,0.9081631844580195,-0.03999999999999998,-0.020000000000000018,-0.06,1.02,WAIT,-4,"BTC_BELOW,PM5-,DOWN_BOOK"
2026-09-23 01:25:52,1790126751,btc-updown-5m-1790126700,249,86638.96,86670.67,-31.70999999999185,-9.049999999988358,-9.049999999988358,-10.069999999992433,,0.42,0.43,0.425,0.58,0.59,0.585,875.13,1498.52,1938.7800000000002,845.13,-0.26262928401407115,0.3928467515113635,-0.04999999999999999,-0.07,-0.04999999999999999,1.02,DOWN WATCH,-7,"BTC_BELOW,PM5-,PM15-,DOWN_BOOK"
2026-09-23 01:25:53,1790126753,btc-updown-5m-1790126700,247,86638.96,86670.67,-31.70999999999185,0.0,-9.039999999993597,-9.049999999988358,,0.4,0.41,0.405,0.59,0.6,0.595,2447.13,613.0,1036.1100000000001,2452.13,0.5993634257368151,-0.4059411049698415,-0.02999999999999997,-0.07999999999999996,-0.09999999999999998,1.01,WAIT,-3,"BTC_BELOW,PM15-,PM30-,UP_BOOK"
2026-09-23 01:25:55,1790126754,btc-updown-5m-1790126700,246,86638.95,86670.67,-31.720000000001164,0.0,-9.059999999997672,-9.059999999997672,,0.4,0.41,0.405,0.59,0.6,0.595,1854.1200000000001,921.71,1423.57,1900.38,0.3359031352784573,-0.1434468027497406,-0.02999999999999997,-0.08999999999999997,-0.09999999999999998,1.01,WAIT,-4,"BTC_BELOW,PM15-,PM30-,UP_BOOK"
2026-09-23 01:25:57,1790126756,btc-updown-5m-1790126700,244,86628.81,86670.67,-41.86000000000058,-10.150000000008731,-19.19000000000233,-19.19999999999709,,0.36,0.37,0.365,0.63,0.64,0.635,1651.37,1458.05,1266.85,1760.19,0.062172366550675026,-0.16297769438130985,-0.06,-0.14,-0.10999999999999999,1.01,DOWN WATCH,-7,"BTC_BELOW,BTC5-,PM5-,PM15-,PM30-"
2026-09-23 01:25:58,1790126758,btc-updown-5m-1790126700,242,86628.8,86670.67,-41.86999999999534,-10.160000000003492,-19.20999999999185,-19.20999999999185,,0.37,0.38,0.375,0.62,0.63,0.625,1938.02,1319.85,1179.85,2056.43,0.18974667497475348,-0.27086037054890183,-0.030000000000000027,-0.12,-0.09999999999999998,1.01,DOWN WATCH,-6,"BTC_BELOW,BTC5-,PM5-,PM15-,PM30-"
2026-09-23 01:26:00,1790126759,btc-updown-5m-1790126700,241,86628.81,86670.67,-41.86000000000058,-10.139999999999418,-19.19999999999709,-19.19999999999709,,0.37,0.38,0.375,0.62,0.63,0.625,2563.11,1712.46,1840.46,2423.11,0.19895592868319315,-0.13665777740250545,-0.030000000000000027,-0.09999999999999998,-0.09999999999999998,1.01,DOWN WATCH,-7,"BTC_BELOW,BTC5-,PM5-,PM15-,PM30-"
2026-09-23 01:26:02,1790126761,btc-updown-5m-1790126700,239,86628.81,86670.67,-41.86000000000058,0.0,-19.19999999999709,-19.19999999999709,-41.85000000000582,0.37,0.38,0.375,0.62,0.63,0.625,2730.1099999999997,1603.6100000000001,1488.6100000000001,2833.02,0.259938343963154,-0.3110886401658633,0.010000000000000009,-0.09999999999999998,-0.08000000000000002,1.01,WAIT,-4,"BTC_BELOW,BTC60-,PM15-,PM30-,UP_BOOK"
2026-09-23 01:26:04,1790126763,btc-updown-5m-1790126700,237,86628.8,86670.67,-41.86999999999534,0.0,-10.160000000003492,-19.19999999999709,-31.830000000001746,0.35,0.36,0.355,0.64,0.65,0.645,2266.21,1388.89,1222.77,2463.32,0.2400262646712812,-0.336549026203918,-0.020000000000000018,-0.08000000000000002,-0.10000000000000003,1.01,WAIT,-4,"BTC_BELOW,PM15-,PM30-"
2026-09-23 01:26:06,1790126765,btc-updown-5m-1790126700,235,86628.81,86670.67,-41.86000000000058,0.0,-10.139999999999418,-19.19999999999709,-31.820000000006985,0.36,0.37,0.365,0.62,0.63,0.625,2043.04,631.2900000000001,861.21,1955.42,0.5278892283300864,-0.388481980238796,-0.010000000000000009,-0.07,-0.13,1.0,WAIT,-3,"BTC_BELOW,PM15-,PM30-,UP_BOOK"
2026-09-23 01:26:07,1790126767,btc-updown-5m-1790126700,233,86628.81,86670.67,-41.86000000000058,0.0,-10.150000000008731,-19.19000000000233,-31.779999999998836,0.42,0.43,0.425,0.57,0.58,0.575,779.0,1134.68,1590.8600000000001,749.0,-0.18586179507545675,0.35979075671194005,0.04999999999999999,0.0,-0.06,1.01,WAIT,-2,"BTC_BELOW,PM5+,DOWN_BOOK"
2026-09-23 01:26:09,1790126768,btc-updown-5m-1790126700,232,86628.81,86670.67,-41.86000000000058,0.00999999999476131,-10.150000000008731,-19.19000000000233,-20.24000000000524,0.35,0.36,0.355,0.64,0.65,0.645,1491.66,1144.22,870.3100000000001,2635.33,0.1318117668482632,-0.5034801063429217,0.0,-0.050000000000000044,-0.13,1.01,WAIT,-4,"BTC_BELOW,PM15-,PM30-"
2026-09-23 01:26:11,1790126770,btc-updown-5m-1790126700,230,86628.81,86670.67,-41.86000000000058,0.0,-10.139999999999418,-19.19000000000233,-20.24000000000524,0.37,0.38,0.375,0.62,0.63,0.625,1985.29,1094.56,1109.56,2025.29,0.2892121369547218,-0.2921128602644465,0.010000000000000009,-0.030000000000000027,-0.13,1.01,WAIT,-1,"BTC_BELOW,PM30-,UP_BOOK"
2026-09-23 01:26:12,1790126772,btc-updown-5m-1790126700,228,86628.81,86670.67,-41.86000000000058,0.0,0.0,-19.19999999999709,-20.25,0.37,0.38,0.375,0.62,0.63,0.625,1208.71,1852.1200000000001,1696.67,1333.03,-0.21020768876415877,0.12002508499191343,-0.04999999999999999,0.010000000000000009,-0.12,1.01,WAIT,-4,"BTC_BELOW,PM5-,PM30-"
2026-09-23 01:26:14,1790126773,btc-updown-5m-1790126700,227,86628.8,86670.67,-41.86999999999534,-0.00999999999476131,0.0,-19.20999999999185,-20.25999999999476,0.35,0.36,0.355,0.64,0.65,0.645,2498.88,1499.52,1602.3000000000002,1677.48,0.2499399759903962,-0.02292226917659106,0.0,-0.020000000000000018,-0.14,1.01,WAIT,-3,"BTC_BELOW,PM30-"
2026-09-23 01:26:16,1790126775,btc-updown-5m-1790126700,225,86628.8,86670.67,-41.86999999999534,-0.00999999999476131,-0.00999999999476131,-19.20999999999185,-20.25,0.35,0.36,0.355,0.64,0.65,0.645,1470.33,1596.74,1570.26,1528.43,-0.04121523147499082,0.013499252910100696,-0.020000000000000018,-0.020000000000000018,-0.12,1.01,WAIT,-3,"BTC_BELOW,PM30-"
2026-09-23 01:26:18,1790126777,btc-updown-5m-1790126700,223,86628.81,86670.67,-41.86000000000058,0.0,0.0,-10.150000000008731,-20.24000000000524,0.34,0.35,0.345,0.65,0.66,0.655,1186.44,1215.6599999999999,1237.54,1508.0800000000002,-0.012164356188335125,-0.09853512139334657,-0.030000000000000027,-0.030000000000000027,-0.09000000000000002,1.01,WAIT,-4,"BTC_BELOW,PM5-,PM30-"
2026-09-23 01:26:20,1790126779,btc-updown-5m-1790126700,221,86628.8,86670.67,-41.86999999999534,0.0,0.0,-10.14999999999418,-20.25999999999476,0.34,0.35,0.345,0.65,0.66,0.655,1023.4699999999999,1439.53,1319.53,1389.41,-0.1689240763296793,-0.025796067834651232,-0.010000000000000009,-0.010000000000000009,-0.09000000000000002,1.01,WAIT,-3,"BTC_BELOW,PM30-"
2026-09-23 01:26:21,1790126781,btc-updown-5m-1790126700,219,86628.8,86670.67,-41.86999999999534,0.0,-0.00999999999476131,-10.160000000003492,-20.229999999995925,0.33,0.34,0.335,0.66,0.67,0.665,746.2900000000001,2399.7,1714.33,1197.9,-0.5255611111287702,0.17733146077061215,-0.019999999999999962,-0.02999999999999997,-0.08999999999999997,1.01,WAIT,-4,"BTC_BELOW,PM30-"
2026-09-23 01:26:23,1790126782,btc-updown-5m-1790126700,218,86628.8,86670.67,-41.86999999999534,-0.00999999999476131,-0.00999999999476131,-10.160000000003492,-20.229999999995925,0.34,0.35,0.345,0.65,0.66,0.655,888.08,1621.06,1976.06,467.0,-0.29212399467546646,0.6176925658804941,0.0,-0.08000000000000002,-0.08000000000000002,1.01,DOWN WATCH,-7,"BTC_BELOW,PM15-,PM30-,DOWN_BOOK"
2026-09-23 01:26:25,1790126784,btc-updown-5m-1790126700,216,86628.8,86670.67,-41.86999999999534,0.0,-0.00999999999476131,-10.14999999999418,-19.20999999999185,0.33,0.34,0.335,0.66,0.67,0.665,1192.49,1668.54,1686.6499999999999,1551.7199999999998,-0.16639112487460808,0.041666023338902,-0.009999999999999953,-0.019999999999999962,-0.07,1.01,WAIT,-3,"BTC_BELOW,PM30-"
2026-09-23 01:26:27,1790126786,btc-updown-5m-1790126700,214,86628.8,86670.67,-41.86999999999534,0.0,-0.00999999999476131,-0.00999999999476131,-19.20999999999185,0.33,0.34,0.335,0.66,0.67,0.665,1129.31,1197.1,1325.93,1017.29,-0.02913931766111733,0.13171618542006303,0.0,-0.03999999999999998,-0.02999999999999997,1.01,WAIT,-2,BTC_BELOW
2026-09-23 01:26:28,1790126788,btc-updown-5m-1790126700,212,86628.8,86670.67,-41.86999999999534,0.0,0.0,0.0,-19.20999999999185,0.32,0.34,0.33,0.67,0.68,0.675,437.14000000000004,1415.9499999999998,1254.5700000000002,654.14,-0.5282042426433685,0.3145737173274097,-0.014999999999999958,-0.024999999999999967,-0.044999999999999984,1.02,WAIT,-4,"BTC_BELOW,DOWN_BOOK"
2026-09-23 01:26:30,1790126789,btc-updown-5m-1790126700,211,86628.8,86670.67,-41.86999999999534,0.0,0.0,-0.00999999999476131,-19.20999999999185,0.31,0.32,0.315,0.68,0.69,0.685,1151.38,1531.64,1566.64,1181.3000000000002,-0.14172835088817823,0.14022868039331277,-0.020000000000000018,-0.03999999999999998,-0.06,1.01,WAIT,-2,BTC_BELOW
2026-09-23 01:26:32,1790126791,btc-updown-5m-1790126700,209,86628.8,86670.67,-41.86999999999534,0.0,0.0,-0.00999999999476131,-19.20999999999185,0.29,0.3,0.295,0.7,0.71,0.705,717.38,1342.79,1642.79,747.79,-0.3035720353174738,0.3743861322356918,-0.040000000000000036,-0.06,-0.08000000000000002,1.01,DOWN WATCH,-8,"BTC_BELOW,PM5-,PM15-,PM30-,DOWN_BOOK"
2026-09-23 01:26:34,1790126793,btc-updown-5m-1790126700,207,86644.16,86670.67,-26.50999999999476,15.360000000000582,15.35000000000582,15.360000000000582,-3.8399999999965075,0.46,0.47,0.46499999999999997,0.53,0.54,0.535,613.24,587.53,415.41,1067.56,0.02141126110745608,-0.4397594017411005,0.13499999999999995,0.12,0.10999999999999999,1.01,WAIT,4,"BTC_BELOW,BTC5+,PM5+,PM15+,PM30+"
2026-09-23 01:26:35,1790126795,btc-updown-5m-1790126700,205,86644.16,86670.67,-26.50999999999476,15.360000000000582,15.360000000000582,15.35000000000582,-3.849999999991269,0.47,0.48,0.475,0.52,0.53,0.525,1500.17,691.12,692.72,1585.17,0.36921174285466557,-0.3917880143466102,0.15999999999999998,0.13,0.10999999999999999,1.01,WAIT,5,"BTC_BELOW,BTC5+,PM5+,PM15+,PM30+,UP_BOOK"
2026-09-23 01:26:37,1790126797,btc-updown-5m-1790126700,203,86644.16,86670.67,-26.50999999999476,15.360000000000582,15.360000000000582,15.35000000000582,-3.8399999999965075,0.47,0.48,0.475,0.55,0.56,0.555,672.8599999999999,1338.3899999999999,1624.01,431.0,-0.3309036668738347,0.5805373209862725,0.18,0.13,0.04999999999999999,1.04,WAIT,0,"BTC_BELOW,BTC5+,PM5+,PM15+,DOWN_BOOK"
2026-09-23 01:26:39,1790126798,btc-updown-5m-1790126700,202,86644.16,86670.67,-26.50999999999476,0.0,15.360000000000582,15.35000000000582,-3.8399999999965075,0.37,0.39,0.38,0.61,0.63,0.62,695.0,1247.24,1440.9,605.0,-0.28433149353324,0.4085732440490738,-0.08499999999999996,0.03500000000000003,0.025000000000000022,1.02,WAIT,-5,"BTC_BELOW,PM5-,DOWN_BOOK"
2026-09-23 01:26:41,1790126800,btc-updown-5m-1790126700,200,86631.74,86670.67,-38.929999999993015,-12.419999999998254,2.9400000000023283,2.930000000007567,-16.25999999999476,0.32,0.33,0.325,0.67,0.68,0.675,243.98,867.34,867.34,517.59,-0.5609185473131052,0.25253983955867804,-0.14999999999999997,-0.010000000000000009,-0.04999999999999999,1.01,DOWN WATCH,-6,"BTC_BELOW,BTC5-,PM5-,DOWN_BOOK"
2026-09-23 01:26:43,1790126802,btc-updown-5m-1790126700,198,86631.74,86670.67,-38.929999999993015,-12.419999999998254,2.9400000000023283,2.930000000007567,-16.269999999989523,0.3,0.31,0.305,0.69,0.7,0.695,1445.16,1531.94,1519.21,1663.72,-0.029149172013032805,-0.04540156396779068,-0.16999999999999998,-0.030000000000000027,-0.07,1.01,WAIT,-5,"BTC_BELOW,BTC5-,PM5-,PM30-"
2026-09-23 01:26:45,1790126804,btc-updown-5m-1790126700,196,86631.75,86670.67,-38.919999999998254,-12.410000000003492,2.9499999999970896,2.9499999999970896,-16.25999999999476,0.32,0.33,0.325,0.66,0.67,0.665,1951.95,804.9,920.66,1896.65,0.41607269165895866,-0.3464262008795625,-0.05499999999999999,0.010000000000000009,-0.02999999999999997,1.0,WAIT,-2,"BTC_BELOW,BTC5-,PM5-,UP_BOOK"
2026-09-23 01:26:46,1790126806,btc-updown-5m-1790126700,194,86631.74,86670.67,-38.929999999993015,0.0,2.9400000000023283,2.9400000000023283,-16.269999999989523,0.34,0.35,0.345,0.65,0.66,0.655,997.4000000000001,1126.8600000000001,1256.6200000000001,1386.18,-0.06094357564516586,-0.049023762675949725,0.019999999999999962,0.04999999999999999,-0.010000000000000009,1.01,WAIT,-2,BTC_BELOW
2026-09-23 01:26:48,1790126807,btc-updown-5m-1790126700,193,86631.74,86670.67,-38.929999999993015,0.0,2.9400000000023283,2.930000000007567,-7.220000000001164,0.35,0.36,0.355,0.64,0.65,0.645,1518.96,1164.21,1139.21,1518.96,0.13221301669294155,-0.14286144227043418,0.04999999999999999,0.06,0.010000000000000009,1.01,WAIT,1,"BTC_BELOW,PM5+,PM15+"
2026-09-23 01:26:50,1790126809,btc-updown-5m-1790126700,191,86631.74,86670.67,-38.929999999993015,-0.00999999999476131,-12.419999999998254,2.9400000000023283,-7.209999999991851,0.35,0.36,0.355,0.64,0.65,0.645,1613.8400000000001,941.8100000000001,962.8100000000001,1958.3000000000002,0.2629585428364604,-0.3407916853524859,0.02999999999999997,-0.10999999999999999,0.010000000000000009,1.01,WAIT,-2,"BTC_BELOW,PM15-,UP_BOOK"
2026-09-23 01:26:52,1790126811,btc-updown-5m-1790126700,189,86634.01,86670.67,-36.66000000000349,2.2699999999895226,-10.150000000008731,5.209999999991851,-4.9500000000116415,0.4,0.41,0.405,0.59,0.6,0.595,777.22,1173.8200000000002,1658.56,802.22,-0.20327620141052982,0.3479953510675477,0.06000000000000005,-0.06999999999999995,0.07,1.01,WAIT,-3,"BTC_BELOW,PM5+,PM15-,PM30+,DOWN_BOOK"
2026-09-23 01:26:53,1790126813,btc-updown-5m-1790126700,187,86634.0,86670.67,-36.669999999998254,2.2599999999947613,-10.160000000003492,5.19999999999709,-4.960000000006403,0.39,0.4,0.395,0.6,0.61,0.605,1089.22,1681.23,1775.23,1094.22,-0.21368730711617248,0.23733119587377374,0.040000000000000036,0.015000000000000013,0.050000000000000044,1.01,WAIT,-1,"BTC_BELOW,PM5+"
2026-09-23 01:26:55,1790126814,btc-updown-5m-1790126700,186,86634.01,86670.67,-36.66000000000349,2.2699999999895226,-10.150000000008731,5.209999999991851,-4.940000000002328,0.38,0.39,0.385,0.61,0.62,0.615,731.22,1653.04,1702.2299999999998,1306.22,-0.3866272973585095,0.13163256826605055,0.030000000000000027,0.0050000000000000044,0.04999999999999999,1.01,WAIT,-2,"BTC_BELOW,PM5+"
2026-09-23 01:26:57,1790126816,btc-updown-5m-1790126700,184,86650.01,86670.67,-20.660000000003492,16.0,18.269999999989523,21.20999999999185,21.19999999999709,0.56,0.57,0.565,0.42,0.43,0.425,1197.42,463.1,1007.1,802.6700000000001,0.44222291812203407,0.11295910530067355,0.15999999999999992,0.23999999999999994,0.22999999999999993,1.0,WAIT,4,"BTC_BELOW,BTC5+,PM5+,PM15+,PM30+,UP_BOOK"
2026-09-23 01:26:59,1790126818,btc-updown-5m-1790126700,182,86652.01,86670.67,-18.660000000003492,18.00999999999476,20.269999999989523,23.20999999999185,23.20999999999185,0.57,0.58,0.575,0.41,0.42,0.415,1759.63,870.75,1218.84,985.59,0.33792836016088934,0.10580966508349093,0.17999999999999994,0.26999999999999996,0.24499999999999994,1.0,UP WATCH,8,"BTC5+,BTC15+,PM5+,PM15+,PM30+,UP_BOOK"
2026-09-23 01:27:00,1790126820,btc-updown-5m-1790126700,180,86652.01,86670.67,-18.660000000003492,18.0,20.25999999999476,23.20999999999185,23.19999999999709,0.58,0.59,0.585,0.41,0.42,0.415,1724.48,1227.25,1454.6399999999999,1114.97,0.1684537542390395,0.13218737473780062,0.19999999999999996,0.25999999999999995,0.26999999999999996,1.01,UP WATCH,7,"BTC5+,BTC15+,PM5+,PM15+,PM30+"
2026-09-23 01:27:02,1790126821,btc-updown-5m-1790126700,179,86652.01,86670.67,-18.660000000003492,2.0,20.269999999989523,23.20999999999185,23.19999999999709,0.58,0.59,0.585,0.41,0.42,0.415,1200.77,1609.8999999999999,1689.1899999999998,820.61,-0.14556315753894974,0.34607538449278824,0.020000000000000018,0.24,0.29,1.01,WAIT,4,"BTC15+,PM15+,PM30+,DOWN_BOOK"
2026-09-23 01:27:04,1790126823,btc-updown-5m-1790126700,177,86658.01,86670.67,-12.660000000003492,6.0,26.269999999989523,13.849999999991269,29.20999999999185,0.6,0.61,0.605,0.39,0.4,0.395,596.46,1430.03,1624.77,579.16,-0.41133684350773997,0.4744297686405649,0.030000000000000027,0.25,0.14,1.01,WAIT,4,"BTC15+,PM5+,PM15+,PM30+,DOWN_BOOK"
2026-09-23 01:27:05,1790126825,btc-updown-5m-1790126700,175,86658.01,86670.67,-12.660000000003492,6.0,26.269999999989523,13.849999999991269,29.19999999999709,0.58,0.59,0.585,0.41,0.42,0.415,1496.1100000000001,544.52,554.52,1127.62,0.46632167516894296,-0.34069696933667826,0.0,0.22999999999999998,0.10999999999999999,1.01,UP WATCH,7,"BTC15+,PM15+,PM30+,UP_BOOK"
2026-09-23 01:27:07,1790126827,btc-updown-5m-1790126700,173,86658.01,86670.67,-12.660000000003492,6.0,24.0,13.849999999991269,29.19999999999709,0.59,0.6,0.595,0.4,0.41,0.405,1451.78,940.9499999999999,850.9499999999999,1131.17,0.21349253781245692,-0.14137388250963623,0.010000000000000009,0.18999999999999995,0.12,1.01,WAIT,5,"BTC15+,PM15+,PM30+"
2026-09-23 01:27:09,1790126828,btc-updown-5m-1790126700,172,86658.0,86670.67,-12.669999999998254,-0.00999999999476131,24.0,13.839999999996508,29.19000000000233,0.59,0.6,0.595,0.4,0.41,0.405,1780.55,1333.7,326.0,1801.8899999999999,0.1434855904310829,-0.6935931838581881,-0.010000000000000009,0.19999999999999996,0.21499999999999997,1.01,UP WATCH,6,"BTC15+,PM15+,PM30+"
2026-09-23 01:27:11,1790126830,btc-updown-5m-1790126700,170,86664.17,86670.67,-6.5,6.1600000000034925,30.160000000003492,32.429999999993015,35.36000000000058,0.6,0.61,0.605,0.4,0.41,0.405,1159.38,1965.3999999999999,1879.8300000000002,743.0,-0.25794455929697446,0.4334364026642978,0.020000000000000018,0.21999999999999997,0.27999999999999997,1.02,WAIT,5,"BTC15+,BTC30+,PM15+,PM30+,DOWN_BOOK"
2026-09-23 01:27:12,1790126832,btc-updown-5m-1790126700,168,86664.17,86670.67,-6.5,6.1600000000034925,14.160000000003492,32.429999999993015,35.36000000000058,0.54,0.55,0.545,0.45,0.46,0.455,1163.41,1654.8400000000001,1279.65,1246.85,-0.17437416836689437,0.012982386700969793,-0.04999999999999993,-0.019999999999999907,0.24000000000000005,1.01,WAIT,2,"BTC30+,PM5-,PM30+"
2026-09-23 01:27:14,1790126833,btc-updown-5m-1790126700,167,86664.16,86670.67,-6.509999999994761,6.1600000000034925,12.150000000008731,32.419999999998254,35.36000000000058,0.54,0.55,0.545,0.45,0.46,0.455,1306.9299999999998,1821.1100000000001,1439.15,1290.82,-0.16437769337988015,0.05433393040949173,-0.04999999999999993,-0.029999999999999916,0.24000000000000005,1.01,WAIT,2,"BTC30+,PM5-,PM30+"
2026-09-23 01:27:16,1790126835,btc-updown-5m-1790126700,165,86649.05,86670.67,-21.619999999995343,-15.119999999995343,-2.959999999991851,17.30000000000291,20.25,0.44,0.45,0.445,0.55,0.56,0.555,1446.1399999999999,883.3299999999999,1033.33,1593.29,0.24160431342751784,-0.21318652869467225,-0.15999999999999998,-0.13999999999999996,0.12,1.01,WAIT,-5,"BTC_BELOW,BTC5-,PM5-,PM15-,PM30+"
2026-09-23 01:27:18,1790126837,btc-updown-5m-1790126700,163,86649.06,86670.67,-21.610000000000582,-15.110000000000582,-2.9499999999970896,17.319999999992433,20.25,0.44,0.45,0.445,0.55,0.56,0.555,935.03,1219.12,984.1199999999999,1766.06,-0.13188032402571778,-0.2843232079354806,-0.10000000000000003,-0.13999999999999996,0.09000000000000002,1.01,WAIT,-4,"BTC_BELOW,BTC5-,PM5-,PM15-,PM30+"
2026-09-23 01:27:19,1790126839,btc-updown-5m-1790126700,161,86649.06,86670.67,-21.610000000000582,-15.10000000000582,-8.94999999999709,17.319999999992433,20.25999999999476,0.44,0.45,0.445,0.55,0.56,0.555,850.03,1301.7199999999998,1405.6999999999998,1298.18,-0.20991750900429876,0.03976507833187854,-0.10000000000000003,-0.15999999999999998,0.09000000000000002,1.01,WAIT,-5,"BTC_BELOW,BTC5-,PM5-,PM15-,PM30+"
2026-09-23 01:27:21,1790126840,btc-updown-5m-1790126700,160,86649.06,86670.67,-21.610000000000582,0.00999999999476131,-8.94999999999709,17.319999999992433,20.25999999999476,0.44,0.45,0.445,0.59,0.61,0.6,30.11,1483.51,1227.79,745.22,-0.9602145849024195,0.24458568380292037,0.0,-0.13999999999999996,0.09000000000000002,1.06,WAIT,-4,"BTC_BELOW,PM15-,PM30+"
2026-09-23 01:27:23,1790126842,btc-updown-5m-1790126700,158,86640.0,86670.67,-30.669999999998254,-9.059999999997672,-18.00999999999476,5.990000000005239,11.19999999999709,0.33,0.34,0.335,0.63,0.64,0.635,875.1400000000001,624.16,199.26,668.27,0.16739811912225713,-0.5406268371122612,-0.10999999999999999,-0.25999999999999995,-0.07,0.98,WAIT,-5,"BTC_BELOW,PM5-,PM15-,PM30-"
2026-09-23 01:27:25,1790126844,btc-updown-5m-1790126700,156,86640.01,86670.67,-30.660000000003492,-9.05000000000291,-17.99000000000524,6.0,11.209999999991851,0.42,0.43,0.425,0.57,0.58,0.575,497.24,1450.88,1814.32,526.24,-0.48951809950105746,0.5503298355949003,-0.020000000000000018,-0.16999999999999998,0.03999999999999998,1.01,DOWN WATCH,-6,"BTC_BELOW,PM15-,DOWN_BOOK"
2026-09-23 01:27:26,1790126846,btc-updown-5m-1790126700,154,86640.01,86670.67,-30.660000000003492,-9.05000000000291,-24.160000000003492,-10.0,11.209999999991851,0.41,0.42,0.415,0.58,0.59,0.585,1547.27,280.0,623.9300000000001,1517.27,0.6935318808933546,-0.4172146459929012,-0.030000000000000027,-0.19,-0.14999999999999997,1.01,DOWN WATCH,-6,"BTC_BELOW,BTC15-,PM5-,PM15-,PM30-,UP_BOOK"
2026-09-23 01:27:28,1790126847,btc-updown-5m-1790126700,153,86640.01,86670.67,-30.660000000003492,0.00999999999476131,-24.160000000003492,-10.0,11.209999999991851,0.42,0.43,0.425,0.57,0.58,0.575,1755.81,835.94,994.13,1753.9399999999998,0.35492234976367315,-0.27648859017419497,0.08999999999999997,-0.12000000000000005,-0.13999999999999996,1.01,WAIT,-4,"BTC_BELOW,BTC15-,PM5+,PM15-,PM30-,UP_BOOK"
2026-09-23 01:27:30,1790126849,btc-updown-5m-1790126700,151,86640.01,86670.67,-30.660000000003492,0.0,-24.15000000000873,-12.0,11.209999999991851,0.42,0.43,0.425,0.57,0.58,0.575,1010.91,1130.09,1749.09,1356.9099999999999,-0.055665576833255466,0.1262652929813265,0.0,-0.12000000000000005,-0.14999999999999997,1.01,DOWN WATCH,-7,"BTC_BELOW,BTC15-,PM15-,PM30-"
2026-09-23 01:27:32,1790126851,btc-updown-5m-1790126700,149,86640.01,86670.67,-30.660000000003492,0.0,-9.040000000008149,-12.0,11.209999999991851,0.43,0.44,0.435,0.56,0.57,0.565,2179.09,775.0,655.0,2019.09,0.4753037314367538,-0.5101137209293628,0.020000000000000018,-0.010000000000000009,-0.14999999999999997,1.01,WAIT,-1,"BTC_BELOW,PM30-,UP_BOOK"
2026-09-23 01:27:33,1790126853,btc-updown-5m-1790126700,147,86640.01,86670.67,-30.660000000003492,0.0,-9.05000000000291,-18.0,-4.150000000008731,0.49,0.5,0.495,0.49,0.51,0.5,1582.5400000000002,887.9300000000001,500.09000000000003,2007.18,0.2811651224260971,-0.6010880359913372,0.07,0.04999999999999999,-0.10999999999999999,1.01,WAIT,0,"BTC_BELOW,PM5+,PM30-,UP_BOOK"
2026-09-23 01:27:35,1790126854,btc-updown-5m-1790126700,146,86648.65,86670.67,-22.020000000004075,8.639999999999418,-0.41000000000349246,-9.360000000000582,4.489999999990687,0.55,0.56,0.555,0.45,0.46,0.455,646.0,1768.58,1575.2800000000002,850.08,-0.4649172941049789,0.29900715770030023,0.13000000000000006,0.11000000000000004,-0.04999999999999993,1.02,WAIT,-1,"BTC_BELOW,PM5+,PM15+,DOWN_BOOK"
2026-09-23 01:27:37,1790126856,btc-updown-5m-1790126700,144,86648.65,86670.67,-22.020000000004075,8.639999999999418,-0.41000000000349246,-9.360000000000582,4.489999999990687,0.53,0.54,0.535,0.46,0.47,0.46499999999999997,1122.02,1744.31,1520.06,1112.02,-0.21710340400442377,0.15502568310993586,0.10000000000000003,0.09000000000000002,-0.04999999999999993,1.01,WAIT,1,"BTC_BELOW,PM5+,PM15+"
2026-09-23 01:27:39,1790126858,btc-updown-5m-1790126700,142,86648.65,86670.67,-22.020000000004075,8.639999999999418,8.64999999999418,-9.35000000000582,4.489999999990687,0.52,0.53,0.525,0.46,0.47,0.46499999999999997,1536.12,1332.27,1298.82,1370.73,0.07106774183426937,-0.026937124234421562,0.030000000000000027,0.19,-0.06999999999999995,1.0,WAIT,1,"BTC_BELOW,PM5+,PM15+"
2026-09-23 01:27:40,1790126860,btc-updown-5m-1790126700,140,86648.66,86670.67,-22.00999999999476,0.010000000009313226,8.650000000008731,-15.509999999994761,16.919999999998254,0.54,0.55,0.545,0.45,0.46,0.455,913.01,1830.49,1508.67,733.01,-0.33441953708766176,0.34601727275971594,-0.010000000000000009,0.12000000000000005,-0.05999999999999994,1.01,WAIT,-2,"BTC_BELOW,PM15+,DOWN_BOOK"
2026-09-23 01:27:42,1790126861,btc-updown-5m-1790126700,139,86648.66,86670.67,-22.00999999999476,0.010000000009313226,8.650000000008731,-15.509999999994761,16.919999999998254,0.53,0.54,0.535,0.46,0.47,0.46499999999999997,1119.11,2014.4,1582.4,1197.1899999999998,-0.2857147416156324,0.13858518702398565,0.0,0.12000000000000005,-0.06999999999999995,1.01,WAIT,-1,"BTC_BELOW,PM15+"
2026-09-23 01:27:44,1790126863,btc-updown-5m-1790126700,137,86648.65,86670.67,-22.020000000004075,0.0,8.639999999999418,-15.510000000009313,16.90999999998894,0.46,0.47,0.46499999999999997,0.55,0.57,0.56,88.12,1596.66,1271.0,100.0,-0.8953928702857346,0.8541210795040116,-0.06000000000000005,0.03999999999999998,-0.08000000000000007,1.04,DOWN WATCH,-6,"BTC_BELOW,PM5-,PM30-,DOWN_BOOK"
2026-09-23 01:27:46,1790126865,btc-updown-5m-1790126700,135,86647.96,86670.67,-22.70999999999185,-0.6999999999970896,7.9500000000116415,-1.0899999999965075,16.210000000006403,0.37,0.38,0.375,0.62,0.63,0.625,1124.16,982.79,1009.79,1097.8400000000001,0.06709698853793404,-0.041776782452328055,-0.17000000000000004,-0.04999999999999999,-0.07,1.01,WAIT,-4,"BTC_BELOW,PM5-,PM30-"
2026-09-23 01:27:48,1790126867,btc-updown-5m-1790126700,133,86647.97,86670.67,-22.69999999999709,-0.6900000000023283,7.960000000006403,-1.0899999999965075,16.229999999995925,0.38,0.39,0.385,0.6,0.61,0.605,1587.97,861.46,1164.52,1302.3,0.29660369963624184,-0.05585328479580998,-0.15000000000000002,-0.04999999999999999,-0.06,1.0,WAIT,-2,"BTC_BELOW,PM5-,UP_BOOK"
2026-09-23 01:27:49,1790126869,btc-updown-5m-1790126700,131,86644.0,86670.67,-26.669999999998254,-4.649999999994179,-4.649999999994179,-5.059999999997672,12.259999999994761,0.35,0.36,0.355,0.64,0.65,0.645,1391.11,1301.74,2083.4,6.0,0.03318788644001704,0.9942567244184933,-0.10999999999999999,-0.20000000000000007,-0.09000000000000002,1.01,DOWN WATCH,-7,"BTC_BELOW,PM5-,PM15-,PM30-,DOWN_BOOK"
2026-09-23 01:27:51,1790126870,btc-updown-5m-1790126700,130,86626.52,86670.67,-44.14999999999418,-21.44000000000233,-22.129999999990105,-22.539999999993597,-5.220000000001164,0.3,0.31,0.305,0.69,0.7,0.695,1381.53,217.32999999999998,519.33,1775.33,0.7281438024592523,-0.5473577784944175,-0.07,-0.25000000000000006,-0.14,1.01,DOWN WATCH,-7,"BTC_BELOW,BTC5-,BTC15-,PM5-,PM15-,PM30-,UP_BOOK"
2026-09-23 01:27:53,1790126872,btc-updown-5m-1790126700,128,86626.52,86670.67,-44.14999999999418,-21.44999999999709,-22.129999999990105,-13.479999999995925,-7.489999999990687,0.31,0.32,0.315,0.68,0.69,0.685,1999.56,790.66,561.4200000000001,2093.56,0.4332633269061222,-0.5770815599364213,-0.07,-0.22000000000000003,-0.020000000000000018,1.01,DOWN WATCH,-6,"BTC_BELOW,BTC5-,BTC15-,PM5-,PM15-,UP_BOOK"
2026-09-23 01:27:55,1790126874,btc-updown-5m-1790126700,126,86626.52,86670.67,-44.14999999999418,-17.479999999995925,-22.129999999990105,-13.489999999990687,-7.489999999990687,0.32,0.33,0.325,0.67,0.68,0.675,1354.2,532.63,1565.78,858.21,0.43542343507364206,0.2919030194018952,-0.02999999999999997,-0.2,-0.09999999999999998,1.01,DOWN WATCH,-8,"BTC_BELOW,BTC5-,BTC15-,PM15-,PM30-,UP_BOOK,DOWN_BOOK"
2026-09-23 01:27:57,1790126876,btc-updown-5m-1790126700,124,86626.51,86670.67,-44.16000000000349,-0.010000000009313226,-22.15000000000873,-13.5,-23.5,0.3,0.31,0.305,0.69,0.7,0.695,1248.44,1025.59,1042.25,1569.52,0.09799782764519385,-0.2018822484368838,0.0,-0.23000000000000004,-0.10999999999999999,1.01,DOWN WATCH,-7,"BTC_BELOW,BTC15-,PM15-,PM30-"
2026-09-23 01:27:58,1790126878,btc-updown-5m-1790126700,122,86626.52,86670.67,-44.14999999999418,0.0,-22.129999999990105,-13.489999999990687,-25.489999999990687,0.31,0.32,0.315,0.68,0.69,0.685,1792.99,1259.2099999999998,1258.2099999999998,1773.6000000000001,0.17488369045278823,-0.16999416190328562,0.0,-0.14999999999999997,-0.10999999999999999,1.01,DOWN WATCH,-7,"BTC_BELOW,BTC15-,PM15-,PM30-"
2026-09-23 01:28:00,1790126879,btc-updown-5m-1790126700,121,86626.51,86670.67,-44.16000000000349,-0.010000000009313226,-22.139999999999418,-13.5,-25.5,0.31,0.32,0.315,0.68,0.69,0.685,1084.35,1313.0,1465.42,1043.34,-0.0953761444928776,0.1682424783558412,-0.010000000000000009,-0.14999999999999997,-0.10999999999999999,1.01,DOWN WATCH,-7,"BTC_BELOW,BTC15-,PM15-,PM30-"
2026-09-23 01:28:02,1790126881,btc-updown-5m-1790126700,119,86626.52,86670.67,-44.14999999999418,0.010000000009313226,-21.44000000000233,-13.489999999990687,-25.489999999990687,0.31,0.32,0.315,0.68,0.69,0.685,2073.65,544.85,628.8499999999999,2169.65,0.5838457131945771,-0.5505806682151153,0.010000000000000009,-0.06,-0.12,1.01,WAIT,-5,"BTC_BELOW,BTC15-,PM15-,PM30-,UP_BOOK"
2026-09-23 01:28:04,1790126883,btc-updown-5m-1790126700,117,86626.51,86670.67,-44.16000000000349,-0.010000000009313226,-21.460000000006403,-13.5,-31.5,0.31,0.32,0.315,0.68,0.69,0.685,1626.22,846.27,1203.92,1225.48,0.31545122528301434,-0.008874619247550813,0.0,-0.07,-0.18,1.01,DOWN WATCH,-6,"BTC_BELOW,BTC15-,PM15-,PM30-,UP_BOOK"
2026-09-23 01:28:05,1790126885,btc-updown-5m-1790126700,115,86626.52,86670.67,-44.14999999999418,0.010000000009313226,0.0,-22.129999999990105,-31.489999999990687,0.26,0.27,0.265,0.73,0.74,0.735,1133.54,1586.4399999999998,1516.44,1130.47,-0.1665085772689505,0.14581908716201158,-0.04999999999999999,-0.03999999999999998,-0.29000000000000004,1.01,WAIT,-4,"BTC_BELOW,PM5-,PM30-"
2026-09-23 01:28:07,1790126886,btc-updown-5m-1790126700,114,86626.51,86670.67,-44.16000000000349,-0.010000000009313226,-0.010000000009313226,-22.139999999999418,-31.5,0.23,0.24,0.235,0.79,0.8,0.795,81.0,1987.78,1857.5800000000002,81.04,-0.921692978470403,0.9163941360349115,-0.08000000000000002,-0.07,-0.30000000000000004,1.04,WAIT,-8,DOWN_TOO_EXPENSIVE
2026-09-23 01:28:09,1790126888,btc-updown-5m-1790126700,112,86622.01,86670.67,-48.66000000000349,-4.5,-4.510000000009313,-26.639999999999418,-35.99000000000524,0.19,0.2,0.195,0.8,0.81,0.805,1812.4199999999998,926.7299999999999,1024.4299999999998,1854.29,0.32334483325119107,-0.28827395509115167,-0.12,-0.12,-0.33,1.01,WAIT,-4,"BTC_BELOW,PM5-,PM15-,PM30-,UP_BOOK"
2026-09-23 01:28:11,1790126890,btc-updown-5m-1790126700,110,86622.01,86670.67,-48.66000000000349,-4.510000000009313,-4.510000000009313,-26.65000000000873,-42.16000000000349,0.19,0.2,0.195,0.8,0.81,0.805,1295.77,1396.8,1391.8,1195.18,-0.037521772878699525,0.07600367996660194,-0.07,-0.13,-0.35000000000000003,1.01,WAIT,-7,DOWN_TOO_EXPENSIVE
2026-09-23 01:28:13,1790126892,btc-updown-5m-1790126700,108,86601.27,86670.67,-69.39999999999418,-25.239999999990687,-25.239999999990687,-47.38999999999942,-62.89999999999418,0.06,0.07,0.065,0.92,0.93,0.925,2662.74,1223.9299999999998,1057.15,1920.64,0.3701909346561453,-0.28997679487136435,-0.16999999999999998,-0.24,-0.47000000000000003,1.0,WAIT,-11,DOWN_TOO_EXPENSIVE
2026-09-23 01:28:14,1790126894,btc-updown-5m-1790126700,106,86601.28,86670.67,-69.38999999999942,-20.729999999995925,-25.229999999995925,-47.36999999999534,-62.88000000000466,0.08,0.09,0.08499999999999999,0.91,0.92,0.915,1642.93,1140.71,882.88,2118.77,0.18041844491385378,-0.41173687805040554,-0.11000000000000001,-0.23,-0.38,1.01,WAIT,-12,DOWN_TOO_EXPENSIVE
2026-09-23 01:28:16,1790126895,btc-updown-5m-1790126700,105,86586.01,86670.67,-84.66000000000349,-36.0,-40.5,-61.95000000001164,-63.04000000000815,0.06,0.07,0.065,0.93,0.94,0.935,2890.13,972.99,1017.0,2667.35,0.49626726583694014,-0.4479351853108418,-0.13,-0.25,-0.31,1.01,WAIT,-11,DOWN_TOO_EXPENSIVE
2026-09-23 01:28:18,1790126897,btc-updown-5m-1790126700,103,86586.0,86670.67,-84.66999999999825,-15.270000000004075,-40.520000000004075,-61.970000000001164,-63.05999999999767,0.07,0.08,0.07500000000000001,0.92,0.93,0.925,1255.05,1700.0200000000002,1725.8000000000002,1805.0,-0.15057849729448042,-0.022431177070352276,0.010000000000000009,-0.24,-0.31,1.01,WAIT,-12,DOWN_TOO_EXPENSIVE
2026-09-23 01:28:20,1790126899,btc-updown-5m-1790126700,101,86592.01,86670.67,-78.66000000000349,-9.270000000004075,-34.5,-51.99000000000524,-57.05000000000291,0.11,0.12,0.11499999999999999,0.9,0.91,0.905,535.1700000000001,2263.57,2384.14,802.3299999999999,-0.6175636179137755,0.49641452767482513,0.03,-0.2,-0.24,1.03,WAIT,-12,DOWN_TOO_EXPENSIVE
2026-09-23 01:28:22,1790126901,btc-updown-5m-1790126700,99,86592.0,86670.67,-78.66999999999825,5.990000000005239,-34.50999999999476,-34.520000000004075,-57.05999999999767,0.07,0.08,0.07500000000000001,0.92,0.93,0.925,1248.2,2004.36,1819.53,1837.83,-0.23248149150207834,-0.005003609160706071,0.010000000000000009,-0.15999999999999998,-0.22999999999999998,1.01,WAIT,-11,DOWN_TOO_EXPENSIVE
2026-09-23 01:28:23,1790126903,btc-updown-5m-1790126700,97,86592.01,86670.67,-78.66000000000349,6.009999999994761,-30.0,-34.51000000000931,-47.99000000000524,0.07,0.08,0.07500000000000001,0.92,0.93,0.925,1000.96,2293.2,2293.2,1587.79,-0.3922820992301527,0.18176032404103074,0.0,-0.12,-0.24,1.01,WAIT,-12,DOWN_TOO_EXPENSIVE
2026-09-23 01:28:25,1790126904,btc-updown-5m-1790126700,96,86592.01,86670.67,-78.66000000000349,0.0,-30.0,-34.51000000000931,-48.0,0.07,0.08,0.07500000000000001,0.89,0.9,0.895,1702.3500000000001,962.0,1065.6,1589.71,0.2778726518663089,-0.19738184995348948,-0.03999999999999998,-0.12,-0.25,0.98,WAIT,-11,DOWN_TOO_EXPENSIVE
2026-09-23 01:28:27,1790126906,btc-updown-5m-1790126700,94,86595.07,86670.67,-75.59999999999127,3.070000000006985,-26.939999999987776,-31.439999999987776,-44.939999999987776,0.09,0.1,0.095,0.9,0.91,0.905,1532.91,1356.1299999999999,107.78,2245.28,0.061189876221859237,-0.9083916262228756,0.01999999999999999,-0.1,-0.21,1.01,WAIT,-10,DOWN_TOO_EXPENSIVE
2026-09-23 01:28:29,1790126908,btc-updown-5m-1790126700,92,86600.0,86670.67,-70.66999999999825,7.990000000005239,-1.2700000000040745,-26.520000000004075,-40.00999999999476,0.13,0.14,0.135,0.86,0.87,0.865,1332.27,1324.4099999999999,1911.2600000000002,953.2699999999999,0.002958579881656853,0.3344318265125519,0.06,0.07,-0.18,1.01,WAIT,-3,"BTC_BELOW,BTC60-,PM5+,PM15+,PM30-,DOWN_BOOK"
2026-09-23 01:28:30,1790126910,btc-updown-5m-1790126700,90,86599.99,86670.67,-70.67999999999302,7.980000000010477,13.980000000010477,-26.519999999989523,-40.01999999998952,0.11,0.12,0.11499999999999999,0.88,0.89,0.885,1407.28,1448.37,1392.53,1546.12,-0.01438901826204189,-0.052265496061116475,0.03999999999999998,0.04999999999999999,-0.2,1.01,WAIT,-4,"BTC_BELOW,BTC60-,PM5+,PM30-"
2026-09-23 01:28:32,1790126911,btc-updown-5m-1790126700,89,86600.0,86670.67,-70.66999999999825,4.929999999993015,13.990000000005239,-26.520000000004075,-40.00999999999476,0.09,0.1,0.095,0.9,0.91,0.905,1460.77,1685.18,1700.18,1445.27,-0.07133298367742656,0.08104086855616846,0.0,0.03,-0.22,1.01,WAIT,-5,"BTC_BELOW,BTC60-,PM30-"
2026-09-23 01:28:34,1790126913,btc-updown-5m-1790126700,87,86600.0,86670.67,-70.66999999999825,0.0,14.0,-26.50999999999476,-40.00999999999476,0.09,0.1,0.095,0.9,0.91,0.905,1107.99,1872.17,1892.17,1050.77,-0.25642247396112966,0.28590457161885735,-0.04000000000000001,0.01999999999999999,-0.22,1.01,WAIT,-8,DOWN_TOO_EXPENSIVE
2026-09-23 01:28:36,1790126915,btc-updown-5m-1790126700,85,86600.0,86670.67,-70.66999999999825,0.00999999999476131,7.990000000005239,-26.520000000004075,-48.64999999999418,0.08,0.09,0.08499999999999999,0.91,0.92,0.915,1327.57,1605.17,1795.17,1284.06,-0.09465550986449538,0.16598630177024778,-0.03,-0.03,-0.18000000000000002,1.01,WAIT,-6,DOWN_TOO_EXPENSIVE
2026-09-23 01:28:38,1790126917,btc-updown-5m-1790126700,83,86600.0,86670.67,-70.66999999999825,0.0,8.0,-26.50999999999476,-48.64999999999418,0.08,0.09,0.08499999999999999,0.91,0.92,0.915,1148.63,1944.92,1944.92,1148.63,-0.25740330688044477,0.25740330688044477,-0.010000000000000009,0.009999999999999981,-0.15,1.01,WAIT,-7,DOWN_TOO_EXPENSIVE
2026-09-23 01:28:39,1790126919,btc-updown-5m-1790126700,81,86621.2,86670.67,-49.470000000001164,21.19999999999709,29.19000000000233,-0.8099999999976717,-27.44999999999709,0.21,0.22,0.215,0.73,0.75,0.74,645.67,919.45,448.29,1107.5,-0.17492588427724398,-0.42371399739039334,0.12,0.13999999999999999,0.01999999999999999,0.97,WAIT,5,"BTC_BELOW,BTC5+,BTC15+,PM5+,PM15+"
2026-09-23 01:28:41,1790126920,btc-updown-5m-1790126700,80,86621.2,86670.67,-49.470000000001164,21.19999999999709,29.19000000000233,-0.8099999999976717,-27.460000000006403,0.22,0.23,0.225,0.77,0.78,0.775,1457.8799999999999,1949.06,1509.15,1193.17,-0.14417042859574872,0.11692915716865508,0.14,0.15,0.03,1.01,WAIT,4,"BTC_BELOW,BTC5+,BTC15+,PM5+,PM15+"
2026-09-23 01:28:43,1790126922,btc-updown-5m-1790126700,78,86621.2,86670.67,-49.470000000001164,21.19999999999709,26.129999999990105,19.929999999993015,-27.460000000006403,0.22,0.23,0.225,0.75,0.76,0.755,1181.86,1221.46,522.23,1279.81,-0.016477206530965557,-0.4204013229451066,0.14,0.13,0.16,0.99,UP WATCH,6,"BTC_BELOW,BTC5+,BTC15+,PM5+,PM15+,PM30+"
2026-09-23 01:28:45,1790126924,btc-updown-5m-1790126700,76,86630.25,86670.67,-40.419999999998254,9.05000000000291,30.25,28.970000000001164,-18.39999999999418,0.34,0.35,0.345,0.65,0.66,0.655,390.63,675.96,1208.48,500.73,-0.267516102719883,0.4140801890932068,0.12999999999999998,0.20999999999999996,0.26,1.01,WAIT,2,"BTC_BELOW,BTC15+,PM5+,PM15+,PM30+,DOWN_BOOK"
2026-09-23 01:28:47,1790126926,btc-updown-5m-1790126700,74,86630.24,86670.67,-40.429999999993015,9.040000000008149,30.24000000000524,44.23000000001048,-17.720000000001164,0.31,0.32,0.315,0.68,0.69,0.685,893.47,1409.92,2096.49,312.0,-0.22421300778417896,0.7409165078534683,0.09,0.22,0.25,1.01,WAIT,5,"BTC_BELOW,BTC15+,BTC30+,PM5+,PM15+,PM30+,DOWN_BOOK"
2026-09-23 01:28:48,1790126928,btc-updown-5m-1790126700,72,86630.24,86670.67,-40.429999999993015,9.040000000008149,30.24000000000524,44.24000000000524,-17.729999999995925,0.09,0.1,0.095,0.9,0.91,0.905,909.0,1597.81,1817.81,1017.0,-0.27477551150665586,0.2824915955566687,-0.13,0.0,0.01999999999999999,1.01,WAIT,-1,"BTC_BELOW,BTC15+,BTC30+,PM5-,DOWN_BOOK"
2026-09-23 01:28:50,1790126929,btc-updown-5m-1790126700,71,86630.24,86670.67,-40.429999999993015,-0.00999999999476131,30.24000000000524,38.23000000001048,-13.759999999994761,0.1,0.12,0.11,0.83,0.84,0.835,2198.31,18.41,186.0,1000.69,0.9833898733263562,-0.6865230178058297,-0.235,0.015,-0.0049999999999999906,0.96,WAIT,3,"BTC_BELOW,BTC15+,BTC30+,PM5-,UP_BOOK"
2026-09-23 01:28:52,1790126931,btc-updown-5m-1790126700,69,86630.25,86670.67,-40.419999999998254,0.00999999999476131,30.25,38.25,3.7299999999959255,0.15,0.16,0.155,0.84,0.85,0.845,933.6,1315.02,1259.87,880.6,-0.16962403607545962,0.1771900563894845,-0.16,0.07,0.07999999999999999,1.01,WAIT,4,"BTC_BELOW,BTC15+,BTC30+,PM5-,PM15+,PM30+"
2026-09-23 01:28:54,1790126933,btc-updown-5m-1790126700,67,86630.25,86670.67,-40.419999999998254,0.00999999999476131,30.25,38.24000000000524,3.7299999999959255,0.17,0.18,0.175,0.82,0.83,0.825,5474.25,742.0,1152.6399999999999,542.0,0.7612708626583551,0.3603361185856583,0.07999999999999999,0.09,0.09999999999999998,1.01,UP WATCH,6,"BTC_BELOW,BTC15+,BTC30+,PM5+,PM15+,PM30+,UP_BOOK,DOWN_BOOK"
2026-09-23 01:28:55,1790126935,btc-updown-5m-1790126700,65,86630.25,86670.67,-40.419999999998254,0.00999999999476131,9.05000000000291,38.24000000000524,3.7299999999959255,0.13,0.14,0.135,0.85,0.86,0.855,1127.0,1118.97,802.22,1416.18,0.0035752926352533524,-0.2767580238009376,0.02500000000000001,-0.09,0.06,1.0,WAIT,-1,"BTC_BELOW,BTC30+,PM15-"
2026-09-23 01:28:57,1790126936,btc-updown-5m-1790126700,64,86630.25,86670.67,-40.419999999998254,0.0,9.05000000000291,35.179999999993015,3.7400000000052387,0.37,0.38,0.375,0.66,0.67,0.665,233.28,807.06,331.0,500.85,-0.5515312301747506,-0.20418344653483203,0.22,0.15,0.28,1.05,WAIT,3,"BTC_BELOW,BTC30+,PM5+,PM15+,PM30+"
2026-09-23 01:28:59,1790126938,btc-updown-5m-1790126700,62,86630.24,86670.67,-40.429999999993015,-0.00999999999476131,9.040000000008149,30.24000000000524,3.720000000001164,0.36,0.37,0.365,0.66,0.67,0.665,280.0,1985.4699999999998,1790.6599999999999,361.6,-0.7528106750475618,0.663981117522976,0.19,0.13999999999999999,0.22999999999999998,1.04,WAIT,2,"BTC_BELOW,BTC30+,PM5+,PM15+,PM30+,DOWN_BOOK"
2026-09-23 01:29:01,1790126940,btc-updown-5m-1790126700,60,86632.01,86670.67,-38.66000000000349,1.7599999999947613,1.7599999999947613,32.01999999998952,5.5,0.34,0.35,0.345,0.65,0.66,0.655,529.72,517.97,928.61,572.53,0.011215149519418911,0.2372063898104108,0.20999999999999996,0.0,0.22999999999999998,1.01,WAIT,2,"BTC_BELOW,BTC30+,PM5+,PM30+"
2026-09-23 01:29:02,1790126942,btc-updown-5m-1790126700,58,86632.01,86670.67,-38.66000000000349,1.7599999999947613,1.7699999999895226,32.00999999999476,5.489999999990687,0.37,0.38,0.375,0.62,0.63,0.625,998.5799999999999,423.0,601.44,372.58,0.4048875195205335,0.23496437444816337,0.0,0.06,0.28,1.01,WAIT,4,"BTC_BELOW,BTC30+,PM15+,PM30+,UP_BOOK"
2026-09-23 01:29:04,1790126943,btc-updown-5m-1790126700,57,86638.59,86670.67,-32.080000000001746,8.349999999991269,8.349999999991269,38.58999999999651,12.080000000001746,0.29,0.32,0.305,0.73,0.75,0.74,55.0,1781.03,869.39,282.0,-0.9400881249217061,0.5101572881473697,-0.06,0.21,0.21,1.07,WAIT,0,"BTC_BELOW,BTC30+,PM5-,PM15+,PM30+,DOWN_BOOK"
2026-09-23 01:29:06,1790126945,btc-updown-5m-1790126700,55,86632.24,86670.67,-38.429999999993015,0.23000000001047738,2.0,32.24000000000524,5.720000000001164,0.08,0.09,0.08499999999999999,0.9,0.91,0.905,925.55,290.4,164.4,892.46,0.5223487807886839,-0.6888897299547716,-0.26,-0.02500000000000001,0.0,1.0,WAIT,1,"BTC_BELOW,BTC30+,PM5-,UP_BOOK"
2026-09-23 01:29:08,1790126947,btc-updown-5m-1790126700,53,86632.24,86670.67,-38.429999999993015,0.23000000001047738,1.9900000000052387,32.24000000000524,5.730000000010477,0.12,0.13,0.125,0.73,0.74,0.735,894.05,663.15,15.0,33.0,0.1482789622399178,-0.375,-0.25,-0.03,0.04000000000000001,0.87,WAIT,0,"BTC_BELOW,BTC30+,PM5-"
2026-09-23 01:29:09,1790126949,btc-updown-5m-1790126700,51,86632.42,86670.67,-38.25,-6.169999999998254,2.1699999999982538,11.220000000001164,10.410000000003492,0.16,0.17,0.165,0.84,0.85,0.845,364.8,668.9000000000001,792.9000000000001,464.0,-0.2941859340234111,0.261675550958708,-0.13999999999999999,-0.009999999999999981,-0.04999999999999999,1.02,WAIT,-5,"BTC_BELOW,PM5-,DOWN_BOOK"
2026-09-23 01:29:11,1790126950,btc-updown-5m-1790126700,50,86632.41,86670.67,-38.25999999999476,0.16999999999825377,2.1600000000034925,11.210000000006403,10.400000000008731,0.14,0.15,0.14500000000000002,0.85,0.86,0.855,361.31,787.7,869.33,517.0,-0.3710933760367621,0.2541458382924701,0.060000000000000026,0.010000000000000009,-0.07999999999999999,1.01,WAIT,-4,"BTC_BELOW,PM5+,PM30-,DOWN_BOOK"
2026-09-23 01:29:13,1790126952,btc-updown-5m-1790126700,48,86632.41,86670.67,-38.25999999999476,0.16999999999825377,2.1600000000034925,11.210000000006403,31.139999999999418,0.07,0.08,0.07500000000000001,0.92,0.93,0.925,505.0,1512.0,1687.0,925.25,-0.4992563212692117,0.29160685233036654,-0.04999999999999999,-0.3,-0.15,1.01,WAIT,-8,DOWN_TOO_EXPENSIVE
2026-09-23 01:29:14,1790126954,btc-updown-5m-1790126700,46,86632.41,86670.67,-38.25999999999476,-0.00999999999476131,2.1699999999982538,2.1600000000034925,31.130000000004657,0.06,0.07,0.065,0.93,0.94,0.935,1625.97,1207.87,1218.87,1537.97,0.14753832255878951,-0.11574846563456716,-0.1,-0.3,-0.27999999999999997,1.01,WAIT,-6,DOWN_TOO_EXPENSIVE
2026-09-23 01:29:16,1790126955,btc-updown-5m-1790126700,45,86632.41,86670.67,-38.25999999999476,0.0,0.40000000000873115,2.1600000000034925,46.40000000000873,0.04,0.05,0.045,0.95,0.96,0.955,2137.82,1241.69,1328.6100000000001,6437.44,0.2651656601104894,-0.6578415024368888,-0.10000000000000002,-0.3,-0.3,1.01,WAIT,-3,"BTC_BELOW,BTC60+,PM5-,PM15-,PM30-,UP_BOOK"
2026-09-23 01:29:18,1790126957,btc-updown-5m-1790126700,43,86632.41,86670.67,-38.25999999999476,0.0,0.40000000000873115,2.1699999999982538,46.41000000000349,0.04,0.05,0.045,0.95,0.96,0.955,1845.5700000000002,1144.1,1154.1,6370.58,0.23463124692691845,-0.6932494139285656,-0.030000000000000013,-0.33,-0.27,1.01,WAIT,-4,"BTC_BELOW,BTC60+,PM5-,PM15-,PM30-"
2026-09-23 01:29:20,1790126959,btc-updown-5m-1790126700,41,86632.41,86670.67,-38.25999999999476,0.0,-6.179999999993015,2.1699999999982538,40.40000000000873,0.04,0.05,0.045,0.96,0.97,0.965,1994.58,1376.3899999999999,1694.3,6053.6900000000005,0.18338638433447943,-0.5626478609290926,-0.020000000000000004,-0.26,-0.065,1.02,WAIT,-2,"BTC_BELOW,BTC60+,PM15-"
2026-09-23 01:29:21,1790126961,btc-updown-5m-1790126700,39,86632.0,86670.67,-38.669999999998254,-0.41000000000349246,-0.2400000000052387,1.75,40.0,0.03,0.04,0.035,0.96,0.97,0.965,5487.450000000001,2393.0,2335.38,5347.14,0.3926742762151908,-0.3920276159385202,-0.009999999999999995,-0.04999999999999999,-0.12,1.01,WAIT,0,"BTC_BELOW,BTC60+,PM30-,UP_BOOK"
2026-09-23 01:29:23,1790126962,btc-updown-5m-1790126700,38,86622.8,86670.67,-47.86999999999534,-9.610000000000582,-9.440000000002328,-7.44999999999709,30.80000000000291,0.02,0.03,0.025,0.97,0.98,0.975,5229.93,2215.12,1885.9,5132.889999999999,0.4049415383375532,-0.4626139263320316,-0.019999999999999997,-0.1,-0.13,1.01,WAIT,-3,"BTC_BELOW,PM15-,PM30-,UP_BOOK"
2026-09-23 01:29:25,1790126964,btc-updown-5m-1790126700,36,86622.81,86670.67,-47.86000000000058,-9.60000000000582,-9.610000000000582,-7.440000000002328,30.80000000000291,0.02,0.03,0.025,0.97,0.98,0.975,4959.13,2310.12,2285.12,4883.17,0.3644131100182275,-0.36243650856759424,-0.019999999999999997,-0.14,-0.15,1.01,WAIT,-3,"BTC_BELOW,PM15-,PM30-,UP_BOOK"
2026-09-23 01:29:27,1790126966,btc-updown-5m-1790126700,34,86622.8,86670.67,-47.86999999999534,-9.19999999999709,-9.610000000000582,-7.44999999999709,27.729999999995925,0.02,0.03,0.025,0.97,0.99,0.98,4734.88,2190.59,2290.59,4627.49,0.3673815639949346,-0.33779603589435214,-0.010000000000000002,-0.12000000000000002,-0.35,1.02,WAIT,-3,"BTC_BELOW,PM15-,PM30-,UP_BOOK"
2026-09-23 01:29:28,1790126968,btc-updown-5m-1790126700,32,86622.8,86670.67,-47.86999999999534,0.0,-9.610000000000582,-7.440000000002328,22.80000000000291,0.01,0.02,0.015,0.98,0.99,0.985,1384.44,2553.59,2543.59,1364.38,-0.2968870221912987,0.3017448956875309,-0.010000000000000002,-0.06000000000000001,-0.35,1.01,WAIT,-7,DOWN_TOO_EXPENSIVE
2026-09-23 01:29:30,1790126969,btc-updown-5m-1790126700,31,86622.8,86670.67,-47.86999999999534,-0.00999999999476131,-9.610000000000582,-7.440000000002328,22.80000000000291,,0.01,,0.99,,,0,6388.51,6405.8099999999995,0,-1.0,1.0,,,,,WAIT,-4,"BTC_BELOW,DOWN_BOOK"
2026-09-23 01:29:32,1790126971,btc-updown-5m-1790126700,29,86622.81,86670.67,-47.86000000000058,0.00999999999476131,-9.60000000000582,-9.19999999999709,22.80999999999767,,0.01,,0.99,,,0,10752.900000000001,10761.900000000001,0,-1.0,1.0,,,,,WAIT,-4,"BTC_BELOW,DOWN_BOOK"
2026-09-23 01:29:34,1790126973,btc-updown-5m-1790126700,27,86622.8,86670.67,-47.86999999999534,0.0,-9.610000000000582,-15.789999999993597,22.80000000000291,,0.01,,0.99,,,0,16781.42,16691.42,0,-1.0,1.0,,,,,WAIT,-4,"BTC_BELOW,DOWN_BOOK"
2026-09-23 01:29:36,1790126975,btc-updown-5m-1790126700,25,86622.81,86670.67,-47.86000000000058,0.00999999999476131,-9.60000000000582,-9.430000000007567,22.80999999999767,,0.01,,0.99,,,0,20346.52,20466.52,0,-1.0,1.0,,,,,WAIT,-4,"BTC_BELOW,DOWN_BOOK"
2026-09-23 01:29:37,1790126977,btc-updown-5m-1790126700,23,86622.81,86670.67,-47.86000000000058,0.0,0.00999999999476131,-9.430000000007567,22.80999999999767,,0.01,,0.99,,,0,20442.66,20442.66,0,-1.0,1.0,,,,,WAIT,-4,"BTC_BELOW,DOWN_BOOK"
2026-09-23 01:29:39,1790126978,btc-updown-5m-1790126700,22,86622.81,86670.67,-47.86000000000058,0.00999999999476131,0.00999999999476131,-9.430000000007567,22.80999999999767,,0.01,,0.99,,,0,21893.36,21893.36,0,-1.0,1.0,,,,,WAIT,-4,"BTC_BELOW,DOWN_BOOK"
2026-09-23 01:29:41,1790126980,btc-updown-5m-1790126700,20,86622.81,86670.67,-47.86000000000058,0.0,0.0,-9.60000000000582,1.610000000000582,,0.01,,0.99,,,0,21917.21,35677.21,0,-1.0,1.0,,,,,WAIT,-4,"BTC_BELOW,DOWN_BOOK"
2026-09-23 01:29:43,1790126982,btc-updown-5m-1790126700,18,86622.81,86670.67,-47.86000000000058,0.0,0.00999999999476131,-9.60000000000582,1.610000000000582,,0.01,,0.99,,,0,41326.130000000005,41331.130000000005,0,-1.0,1.0,,,,,WAIT,0,TIME_FILTER
2026-09-23 01:29:44,1790126984,btc-updown-5m-1790126700,16,86622.81,86670.67,-47.86000000000058,0.0,0.00999999999476131,-9.60000000000582,-7.440000000002328,,0.01,,0.99,,,0,41356.8,41361.8,0,-1.0,1.0,,,,,WAIT,0,TIME_FILTER
2026-09-23 01:29:46,1790126985,btc-updown-5m-1790126700,15,86622.81,86670.67,-47.86000000000058,0.0,0.00999999999476131,-9.60000000000582,-7.440000000002328,,0.01,,0.99,,,0,43020.310000000005,43020.310000000005,0,-1.0,1.0,,,,,WAIT,0,TIME_FILTER
2026-09-23 01:29:48,1790126987,btc-updown-5m-1790126700,13,86622.81,86670.67,-47.86000000000058,0.0,0.0,-9.60000000000582,-7.430000000007567,,0.01,,0.99,,,0,43972.18,43972.18,0,-1.0,1.0,,,,,WAIT,0,TIME_FILTER
2026-09-23 01:29:50,1790126989,btc-updown-5m-1790126700,11,86622.81,86670.67,-47.86000000000058,0.0,0.00999999999476131,-9.60000000000582,-7.430000000007567,,0.01,,0.99,,,0,46354.18,46725.18,0,-1.0,1.0,,,,,WAIT,0,TIME_FILTER
2026-09-23 01:29:51,1790126991,btc-updown-5m-1790126700,9,86622.8,86670.67,-47.86999999999534,-0.00999999999476131,-0.00999999999476131,-9.19999999999709,-7.44999999999709,,0.01,,0.99,,,0,47185.23,47635.23,0,-1.0,1.0,,,,,WAIT,0,TIME_FILTER
2026-09-23 01:29:53,1790126993,btc-updown-5m-1790126700,7,86632.01,86670.67,-38.66000000000349,9.19999999999709,9.19999999999709,9.209999999991851,1.7599999999947613,,0.01,,0.99,,,0,57212.23,57212.23,0,-1.0,1.0,,,,,WAIT,0,TIME_FILTER
2026-09-23 01:29:55,1790126994,btc-updown-5m-1790126700,6,86632.01,86670.67,-38.66000000000349,9.19999999999709,9.19999999999709,9.19999999999709,1.7599999999947613,,0.01,,0.99,,,0,57032.130000000005,57038.23,0,-1.0,1.0,,,,,WAIT,0,TIME_FILTER
2026-09-23 01:29:57,1790126996,btc-updown-5m-1790126700,4,86632.68,86670.67,-37.99000000000524,9.879999999990105,9.869999999995343,9.879999999990105,2.429999999993015,,0.01,,0.99,,,0,56713.100000000006,57054.100000000006,0,-1.0,1.0,,,,,WAIT,0,TIME_FILTER
2026-09-23 01:29:59,1790126998,btc-updown-5m-1790126700,2,86632.69,86670.67,-37.979999999995925,0.680000000007567,9.880000000004657,9.889999999999418,2.4499999999970896,,0.01,,0.99,,,0,68546.40000000001,68546.40000000001,0,-1.0,1.0,,,,,WAIT,0,TIME_FILTER
2026-09-23 01:30:01,1790127000,btc-updown-5m-1790127000,300,86632.69,86632.69,0.0,,,,,0.53,0.54,0.535,0.46,0.47,0.46499999999999997,275.0,689.72,1363.72,679.0,-0.42988639190645994,0.3352001253230986,,,,1.01,WAIT,0,TIME_FILTER
2026-09-23 01:30:03,1790127002,btc-updown-5m-1790127000,298,86632.69,86632.69,0.0,,,,,0.52,0.53,0.525,0.47,0.48,0.475,1571.25,2395.21,2430.21,1341.25,-0.2077318314063422,0.28873698779782897,,,,1.01,WAIT,0,TIME_FILTER
2026-09-23 01:30:05,1790127004,btc-updown-5m-1790127000,296,86632.68,86632.69,-0.010000000009313226,,,,,0.47,0.49,0.48,0.52,0.53,0.525,1314.71,1566.6699999999998,2233.9,1868.34,-0.08744421076012182,0.08911228987089985,,,,1.02,WAIT,0,TIME_FILTER
2026-09-23 01:30:06,1790127006,btc-updown-5m-1790127000,294,86632.68,86632.69,-0.010000000009313226,-0.010000000009313226,,,,0.47,0.48,0.475,0.53,0.54,0.535,55.0,2563.19,2981.59,158.0,-0.9579862424041036,0.899349915116305,-0.06000000000000005,,,1.02,WAIT,0,TIME_FILTER
2026-09-23 01:30:08,1790127007,btc-updown-5m-1790127000,293,86624.92,86632.69,-7.7700000000040745,-7.7700000000040745,,,,0.44,0.45,0.445,0.55,0.56,0.555,3385.3199999999997,1408.1399999999999,1438.1399999999999,3936.3199999999997,0.4124744965014833,-0.4648243730532928,-0.08000000000000002,,,1.01,WAIT,0,TIME_FILTER
2026-09-23 01:30:10,1790127009,btc-updown-5m-1790127000,291,86624.93,86632.69,-7.760000000009313,-7.75,,,,0.44,0.45,0.445,0.55,0.56,0.555,3629.3199999999997,1630.78,1974.78,3747.89,0.37994334708465616,-0.30983963779145046,-0.034999999999999976,,,1.01,WAIT,0,TIME_FILTER
2026-09-23 01:30:12,1790127011,btc-updown-5m-1790127000,289,86624.93,86632.69,-7.760000000009313,-7.75,,,,0.45,0.46,0.455,0.54,0.55,0.545,2050.88,1668.07,1776.74,3619.88,0.10293496820339079,-0.3415359984582943,-0.019999999999999962,,,1.01,WAIT,0,TIME_FILTER
2026-09-23 01:30:13,1790127013,btc-updown-5m-1790127000,287,86624.93,86632.69,-7.760000000009313,0.00999999999476131,,,,0.45,0.46,0.455,0.54,0.55,0.545,2474.8999999999996,1998.3899999999999,1983.3899999999999,3935.8999999999996,0.10652338659018304,-0.329855438743498,0.010000000000000009,,,1.01,WAIT,0,TIME_FILTER
2026-09-23 01:30:15,1790127014,btc-updown-5m-1790127000,286,86624.92,86632.69,-7.7700000000040745,-0.00999999999476131,,,,0.44,0.45,0.445,0.55,0.56,0.555,706.0,3530.6899999999996,3378.6899999999996,1913.0,-0.6667209543299132,0.27697956607435426,0.0,,,1.01,WAIT,0,TIME_FILTER
2026-09-23 01:30:17,1790127016,btc-updown-5m-1790127000,284,86624.92,86632.69,-7.7700000000040745,-0.00999999999476131,-7.7700000000040745,,,0.45,0.46,0.455,0.53,0.54,0.535,2479.21,1096.07,1405.75,3283.13,0.3868620080105615,-0.4003898585589736,0.0,-0.08000000000000002,,1.0,WAIT,0,TIME_FILTER
2026-09-23 01:30:19,1790127018,btc-updown-5m-1790127000,282,86624.92,86632.69,-7.7700000000040745,-0.00999999999476131,-7.7700000000040745,,,0.5,0.51,0.505,0.51,0.52,0.515,851.17,3530.32,2493.7400000000002,2459.7200000000003,-0.6114700706837173,0.006867926661363971,0.04999999999999999,-0.020000000000000018,,1.03,WAIT,0,TIME_FILTER
2026-09-23 01:30:20,1790127020,btc-updown-5m-1790127000,280,86624.92,86632.69,-7.7700000000040745,0.0,-7.759999999994761,,,0.48,0.49,0.485,0.51,0.52,0.515,2613.26,1828.74,1868.89,2341.21,0.17661413777577673,-0.1121873589700957,0.03999999999999998,0.0050000000000000044,,1.01,WAIT,0,TIME_FILTER
2026-09-23 01:30:22,1790127021,btc-updown-5m-1790127000,279,86624.92,86632.69,-7.7700000000040745,0.0,-7.759999999994761,,,0.46,0.47,0.46499999999999997,0.53,0.54,0.535,1898.15,1812.27,1605.29,2888.49,0.02314562771869495,-0.2855502494559146,0.009999999999999953,-0.010000000000000009,,1.01,WAIT,0,TIME_FILTER
2026-09-23 01:30:24,1790127023,btc-updown-5m-1790127000,277,86624.93,86632.69,-7.760000000009313,0.00999999999476131,0.00999999999476131,,,0.47,0.48,0.475,0.52,0.53,0.525,2232.99,2185.45,2195.45,2097.36,0.010759453562795911,0.022849834956590136,-0.030000000000000027,0.02999999999999997,,1.01,WAIT,0,TIME_FILTER
2026-09-23 01:30:26,1790127025,btc-updown-5m-1790127000,275,86624.93,86632.69,-7.760000000009313,0.00999999999476131,0.0,,,0.47,0.48,0.475,0.52,0.53,0.525,2191.79,1805.73,1827.8899999999999,2123.99,0.09657487642338249,-0.07492636416085507,-0.010000000000000009,0.02999999999999997,,1.01,WAIT,0,TIME_FILTER
2026-09-23 01:30:27,1790127027,btc-updown-5m-1790127000,273,86624.93,86632.69,-7.760000000009313,0.00999999999476131,0.0,,,0.47,0.48,0.475,0.52,0.53,0.525,2163.42,2001.8,2009.71,2163.42,0.03880227214889012,-0.03683326424051013,0.010000000000000009,0.019999999999999962,,1.01,WAIT,0,TIME_FILTER
2026-09-23 01:30:29,1790127028,btc-updown-5m-1790127000,272,86624.93,86632.69,-7.760000000009313,0.0,0.0,,,0.47,0.48,0.475,0.52,0.53,0.525,2333.04,1753.04,1341.3000000000002,2498.04,0.1419453363615005,-0.30128615855850216,0.0,0.019999999999999962,,1.01,WAIT,0,TIME_FILTER
2026-09-23 01:30:31,1790127030,btc-updown-5m-1790127000,270,86624.93,86632.69,-7.760000000009313,0.0,0.00999999999476131,-7.760000000009313,,0.52,0.53,0.525,0.47,0.48,0.475,1153.05,2014.2099999999998,1913.9399999999998,1238.05,-0.27189431874869757,0.2144327869060498,0.050000000000000044,0.08000000000000002,-0.010000000000000009,1.01,WAIT,2,"PM5+,PM15+"
2026-09-23 01:30:33,1790127032,btc-updown-5m-1790127000,268,86624.92,86632.69,-7.7700000000040745,-0.00999999999476131,0.0,-7.7700000000040745,,0.51,0.52,0.515,0.48,0.49,0.485,2243.66,1134.15,1067.15,2187.66,0.32847022183012065,-0.3442627987501574,0.040000000000000036,0.06,-0.010000000000000009,1.01,WAIT,5,"PM5+,PM15+,UP_BOOK"
2026-09-23 01:30:34,1790127034,btc-updown-5m-1790127000,266,86624.92,86632.69,-7.7700000000040745,-0.00999999999476131,0.0,-7.759999999994761,,0.52,0.53,0.525,0.47,0.48,0.475,1655.1499999999999,740.87,1108.49,1541.82,0.3815827914625086,-0.16350162811142846,0.050000000000000044,0.020000000000000018,0.04500000000000004,1.01,WAIT,2,"PM5+,UP_BOOK"
2026-09-23 01:30:36,1790127035,btc-updown-5m-1790127000,265,86624.93,86632.69,-7.760000000009313,0.0,0.00999999999476131,-7.75,,0.53,0.54,0.535,0.46,0.47,0.46499999999999997,1506.64,1597.05,1676.62,1250.49,-0.029129842220067034,0.14558045307487588,0.010000000000000009,0.050000000000000044,0.05500000000000005,1.01,WAIT,2,PM15+
2026-09-23 01:30:38,1790127037,btc-updown-5m-1790127000,263,86634.01,86632.69,1.319999999992433,9.089999999996508,9.089999999996508,9.089999999996508,,0.61,0.62,0.615,0.38,0.39,0.385,2008.73,1614.3200000000002,1618.3200000000002,1993.73,0.10886131850236674,-0.10393266981354074,0.09999999999999998,0.15000000000000002,0.16999999999999998,1.01,WAIT,4,"PM5+,PM15+,PM30+"
2026-09-23 01:30:40,1790127039,btc-updown-5m-1790127000,261,86640.01,86632.69,7.319999999992433,15.089999999996508,15.080000000001746,15.080000000001746,,0.64,0.65,0.645,0.35,0.36,0.355,1514.66,2480.09,2999.29,962.67,-0.24167469804117905,0.5140435542004462,0.12,0.17000000000000004,0.2,1.01,WAIT,4,"BTC5+,PM5+,PM15+,PM30+,DOWN_BOOK"
2026-09-23 01:30:41,1790127041,btc-updown-5m-1790127000,259,86640.01,86632.69,7.319999999992433,15.080000000001746,15.080000000001746,15.080000000001746,,0.62,0.63,0.625,0.37,0.38,0.375,1215.36,2615.91,2028.5,1529.66,-0.3655576349356741,0.14019605638869526,0.08999999999999997,0.15000000000000002,0.16999999999999998,1.01,WAIT,4,"BTC5+,PM5+,PM15+,PM30+"
2026-09-23 01:30:43,1790127042,btc-updown-5m-1790127000,258,86640.01,86632.69,7.319999999992433,6.0,15.080000000001746,15.080000000001746,,0.6,0.61,0.605,0.39,0.4,0.395,1600.0,2955.25,3086.25,1712.67,-0.2975138576367927,0.28622690105273685,-0.010000000000000009,0.13,0.14999999999999997,1.01,WAIT,1,"PM15+,PM30+,DOWN_BOOK"
2026-09-23 01:30:45,1790127044,btc-updown-5m-1790127000,256,86640.0,86632.69,7.309999999997672,-0.00999999999476131,15.070000000006985,15.080000000001746,,0.6,0.61,0.605,0.39,0.4,0.395,1911.09,2220.74,2111.4900000000002,1974.35,-0.0749425799222136,0.033564701505688015,-0.040000000000000036,0.13,0.15999999999999998,1.01,WAIT,2,"PM5-,PM15+,PM30+"
2026-09-23 01:30:47,1790127046,btc-updown-5m-1790127000,254,86640.0,86632.69,7.309999999997672,-0.00999999999476131,15.070000000006985,15.080000000001746,,0.62,0.63,0.625,0.37,0.38,0.375,1626.0,2495.5099999999998,2669.81,1467.0,-0.21096879541721353,0.2907578544820768,0.0,0.09999999999999998,0.16999999999999998,1.01,WAIT,2,"PM15+,PM30+,DOWN_BOOK"
2026-09-23 01:30:48,1790127048,btc-updown-5m-1790127000,252,86640.01,86632.69,7.319999999992433,0.0,15.089999999996508,15.089999999996508,,0.59,0.6,0.595,0.4,0.41,0.405,615.0,4822.33,3156.67,391.0,-0.7737860310115443,0.7795736356538235,-0.010000000000000009,0.07999999999999996,0.08999999999999997,1.01,WAIT,1,"PM15+,PM30+,DOWN_BOOK"
2026-09-23 01:30:50,1790127049,btc-updown-5m-1790127000,251,86640.0,86632.69,7.309999999997672,0.0,15.080000000001746,15.080000000001746,,0.54,0.55,0.545,0.45,0.46,0.455,1652.9,1694.2500000000002,1331.65,1647.9,-0.012353793525835452,-0.10614018895470792,-0.05999999999999994,0.020000000000000018,0.040000000000000036,1.01,WAIT,-1,PM5-
2026-09-23 01:30:52,1790127051,btc-updown-5m-1790127000,249,86640.0,86632.69,7.309999999997672,0.0,15.070000000006985,15.080000000001746,,0.52,0.53,0.525,0.47,0.48,0.475,932.75,1807.38,1754.63,937.75,-0.3191928850091054,0.3034044228526434,-0.09999999999999998,-0.010000000000000009,0.06000000000000005,1.01,WAIT,-3,"PM5-,DOWN_BOOK"
2026-09-23 01:30:54,1790127053,btc-updown-5m-1790127000,247,86640.0,86632.69,7.309999999997672,-0.00999999999476131,5.990000000005239,15.070000000006985,,0.52,0.53,0.525,0.47,0.48,0.475,1252.75,1730.46,1776.46,1224.75,-0.16013287700161907,0.18382918889381283,-0.06999999999999995,-0.08999999999999997,0.050000000000000044,1.01,WAIT,-3,"PM5-,PM15-"
2026-09-23 01:30:55,1790127055,btc-updown-5m-1790127000,245,86640.0,86632.69,7.309999999997672,0.0,-0.00999999999476131,15.070000000006985,,0.51,0.52,0.515,0.48,0.49,0.485,1836.0,1761.21,1696.21,1875.0,0.020791113112662303,-0.050064263932952685,-0.030000000000000027,-0.13,0.040000000000000036,1.01,WAIT,-3,"PM5-,PM15-"
2026-09-23 01:30:57,1790127056,btc-updown-5m-1790127000,244,86634.01,86632.69,1.319999999992433,-5.990000000005239,-6.0,9.080000000001746,,0.46,0.47,0.46499999999999997,0.53,0.54,0.535,792.55,1823.79,1754.79,1573.55,-0.39415366504353405,0.05445357145003215,-0.06000000000000005,-0.16000000000000003,-0.010000000000000009,1.01,WAIT,-4,"PM5-,PM15-"
2026-09-23 01:30:59,1790127058,btc-updown-5m-1790127000,242,86633.97,86632.69,1.2799999999988358,-6.029999999998836,-6.039999999993597,9.040000000008149,,0.47,0.48,0.475,0.52,0.53,0.525,2310.11,1569.38,1629.38,2305.11,0.19093489092638466,-0.1717452579622772,-0.050000000000000044,-0.13,0.0,1.01,WAIT,-3,"PM5-,PM15-"
2026-09-23 01:31:01,1790127060,btc-updown-5m-1790127000,240,86633.92,86632.69,1.2299999999959255,-6.080000000001746,-6.080000000001746,8.990000000005239,1.2299999999959255,0.47,0.48,0.475,0.52,0.53,0.525,1824.13,2553.02,2877.59,1677.24,-0.16652159510183565,0.2635334359350404,-0.040000000000000036,-0.13,-0.050000000000000044,1.01,WAIT,-4,"PM5-,PM15-,DOWN_BOOK"
2026-09-23 01:31:02,1790127062,btc-updown-5m-1790127000,238,86633.65,86632.69,0.9599999999918509,-0.3600000000005821,-6.350000000005821,8.729999999995925,0.9599999999918509,0.48,0.49,0.485,0.51,0.52,0.515,1656.35,1952.1599999999999,1997.1599999999999,1157.35,-0.08197566308531776,0.26622518235795734,0.020000000000000018,-0.14,-0.030000000000000027,1.01,WAIT,-3,"PM15-,DOWN_BOOK"
2026-09-23 01:31:04,1790127063,btc-updown-5m-1790127000,237,86630.0,86632.69,-2.6900000000023283,-3.970000000001164,-10.009999999994761,5.080000000001746,-2.6900000000023283,0.47,0.48,0.475,0.53,0.54,0.535,1409.13,1889.69,2169.51,1238.13,-0.1456763327492861,0.27332112547100046,0.0,-0.12,-0.040000000000000036,1.02,WAIT,-3,"PM15-,DOWN_BOOK"
2026-09-23 01:31:06,1790127065,btc-updown-5m-1790127000,235,86624.92,86632.69,-7.7700000000040745,-9.0,-15.080000000001746,-0.00999999999476131,-7.759999999994761,0.39,0.4,0.395,0.61,0.62,0.615,899.21,1057.35,992.61,1948.7400000000002,-0.0808255305229586,-0.32506502116375136,-0.07999999999999996,-0.15000000000000002,-0.14,1.02,WAIT,-3,"PM5-,PM15-,PM30-"
2026-09-23 01:31:08,1790127067,btc-updown-5m-1790127000,233,86624.92,86632.69,-7.7700000000040745,-8.729999999995925,-15.080000000001746,-9.089999999996508,0.0,0.44,0.45,0.445,0.55,0.56,0.555,1319.8400000000001,637.0,751.0,1967.6599999999999,0.3489503485210851,-0.44752194095620634,-0.03999999999999998,-0.08000000000000002,-0.16999999999999998,1.01,WAIT,-2,"PM5-,PM15-,PM30-,UP_BOOK"
2026-09-23 01:31:09,1790127069,btc-updown-5m-1790127000,231,86624.92,86632.69,-7.7700000000040745,-5.080000000001746,-15.080000000001746,-15.089999999996508,-0.00999999999476131,0.45,0.46,0.455,0.53,0.54,0.535,1664.39,875.0,669.78,2795.0699999999997,0.31085811946963643,-0.6133858608597775,-0.019999999999999962,-0.07,-0.19,1.0,WAIT,-1,"PM15-,PM30-,UP_BOOK"
2026-09-23 01:31:11,1790127070,btc-updown-5m-1790127000,230,86624.92,86632.69,-7.7700000000040745,0.0,-15.080000000001746,-15.089999999996508,-0.00999999999476131,0.5,0.51,0.505,0.49,0.5,0.495,2109.48,612.0,1669.2600000000002,649.19,0.5502447197848229,0.4399792965127564,0.10999999999999999,-0.010000000000000009,-0.14,1.01,WAIT,0,"PM5+,PM30-,UP_BOOK,DOWN_BOOK"
2026-09-23 01:31:13,1790127072,btc-updown-5m-1790127000,228,86624.93,86632.69,-7.760000000009313,0.00999999999476131,-9.080000000001746,-15.080000000001746,0.0,0.49,0.5,0.495,0.49,0.5,0.495,1683.4699999999998,1125.92,1742.54,524.84,0.19845945205186882,0.5370515749455318,0.04999999999999999,0.030000000000000027,-0.10999999999999999,1.0,WAIT,-1,"PM5+,PM30-,DOWN_BOOK"
2026-09-23 01:31:14,1790127074,btc-updown-5m-1790127000,226,86624.92,86632.69,-7.7700000000040745,0.0,-9.05000000000291,-15.080000000001746,0.0,0.46,0.47,0.46499999999999997,0.53,0.54,0.535,1020.62,1949.5,1972.78,1448.52,-0.3127415727310681,0.15323415076140648,0.009999999999999953,-0.010000000000000009,-0.14,1.01,WAIT,-2,PM30-
2026-09-23 01:31:16,1790127075,btc-updown-5m-1790127000,225,86624.92,86632.69,-7.7700000000040745,0.0,-9.0,-15.080000000001746,0.0,0.46,0.47,0.46499999999999997,0.53,0.54,0.535,458.06,2098.88,2130.75,1178.74,-0.6417123593044812,0.28766063653312146,-0.040000000000000036,-0.010000000000000009,-0.14,1.01,WAIT,-4,"PM5-,PM30-,DOWN_BOOK"
2026-09-23 01:31:18,1790127077,btc-updown-5m-1790127000,223,86624.92,86632.69,-7.7700000000040745,-0.00999999999476131,-8.729999999995925,-15.080000000001746,0.0,0.49,0.5,0.495,0.51,0.52,0.515,2029.3400000000001,1568.08,1537.83,2141.19,0.12821966854023167,-0.16400019570429086,0.0,0.010000000000000009,-0.13,1.02,WAIT,-1,PM30-
2026-09-23 01:31:20,1790127079,btc-updown-5m-1790127000,221,86624.92,86632.69,-7.7700000000040745,0.0,-5.080000000001746,-15.080000000001746,0.0,0.48,0.49,0.485,0.51,0.52,0.515,952.35,2719.76,3116.7599999999998,597.35,-0.4813063878805374,0.6783347827608768,0.020000000000000018,0.010000000000000009,-0.06000000000000005,1.01,WAIT,-2,DOWN_BOOK
2026-09-23 01:31:21,1790127081,btc-updown-5m-1790127000,219,86624.93,86632.69,-7.760000000009313,0.00999999999476131,0.00999999999476131,-15.070000000006985,0.00999999999476131,0.5,0.51,0.505,0.49,0.5,0.495,2517.08,1231.1,1226.1,2567.08,0.3430945152047127,-0.35352395615288496,0.040000000000000036,0.10999999999999999,-0.020000000000000018,1.01,WAIT,5,"PM5+,PM15+,UP_BOOK"
2026-09-23 01:31:23,1790127082,btc-updown-5m-1790127000,218,86630.0,86632.69,-2.6900000000023283,5.080000000001746,5.080000000001746,-10.0,5.080000000001746,0.5,0.51,0.505,0.48,0.49,0.485,2304.3,1187.1,327.89,1951.22,0.3199862519333219,-0.7122648753241396,0.010000000000000009,0.06,-0.020000000000000018,1.0,WAIT,4,"PM15+,UP_BOOK"
2026-09-23 01:31:25,1790127084,btc-updown-5m-1790127000,216,86629.99,86632.69,-2.6999999999970896,5.070000000006985,5.070000000006985,-10.009999999994761,5.060000000012224,0.55,0.56,0.555,0.44,0.45,0.445,1515.3999999999999,1733.1200000000001,1350.1200000000001,1502.4099999999999,-0.06702128969499965,-0.05338769443266145,0.07000000000000006,0.10000000000000003,0.030000000000000027,1.01,WAIT,3,"PM5+,PM15+"
2026-09-23 01:31:27,1790127086,btc-updown-5m-1790127000,214,86630.0,86632.69,-2.6900000000023283,5.070000000006985,5.080000000001746,-4.009999999994761,5.070000000006985,0.52,0.53,0.525,0.47,0.48,0.475,642.0,2338.22,2223.22,732.0,-0.5691593238083095,0.5046054100879122,0.020000000000000018,0.020000000000000018,0.06000000000000005,1.01,WAIT,-2,DOWN_BOOK
2026-09-23 01:31:28,1790127088,btc-updown-5m-1790127000,212,86630.0,86632.69,-2.6900000000023283,0.0,5.070000000006985,-3.970000000001164,5.070000000006985,0.52,0.53,0.525,0.47,0.48,0.475,2886.22,818.0,895.7,2871.22,0.5583415671855343,-0.524439064275323,0.020000000000000018,0.030000000000000027,0.050000000000000044,1.01,WAIT,2,UP_BOOK
2026-09-23 01:31:30,1790127089,btc-updown-5m-1790127000,211,86630.0,86632.69,-2.6900000000023283,0.00999999999476131,5.080000000001746,-3.970000000001164,5.070000000006985,0.52,0.53,0.525,0.47,0.48,0.475,1048.7,2365.96,2340.34,1150.6,-0.3857660791996861,0.3408079199298757,-0.030000000000000027,0.06000000000000005,0.050000000000000044,1.01,WAIT,-1,"PM5-,PM15+,DOWN_BOOK"
2026-09-23 01:31:32,1790127091,btc-updown-5m-1790127000,209,86629.99,86632.69,-2.6999999999970896,-0.00999999999476131,5.070000000006985,-3.929999999993015,5.060000000012224,0.49,0.5,0.495,0.5,0.51,0.505,900.24,1944.29,2618.6499999999996,832.0,-0.3670377883165233,0.5177720139683827,-0.030000000000000027,0.030000000000000027,0.020000000000000018,1.01,WAIT,-3,"PM5-,DOWN_BOOK"
2026-09-23 01:31:33,1790127093,btc-updown-5m-1790127000,207,86629.99,86632.69,-2.6999999999970896,-0.00999999999476131,5.070000000006985,-0.00999999999476131,5.070000000006985,0.51,0.52,0.515,0.48,0.49,0.485,2216.01,583.0,693.0,2206.01,0.5834241392492345,-0.5219057540332734,-0.010000000000000009,0.020000000000000018,0.040000000000000036,1.01,WAIT,2,UP_BOOK
2026-09-23 01:31:35,1790127094,btc-updown-5m-1790127000,206,86630.0,86632.69,-2.6900000000023283,0.0,5.080000000001746,0.0,5.080000000001746,0.52,0.53,0.525,0.47,0.48,0.475,2543.79,1043.51,1063.51,2538.79,0.4182198310707217,-0.40953835049829274,0.0,0.040000000000000036,0.050000000000000044,1.01,WAIT,2,UP_BOOK
2026-09-23 01:31:37,1790127096,btc-updown-5m-1790127000,204,86629.99,86632.69,-2.6999999999970896,0.0,5.060000000012224,5.070000000006985,5.060000000012224,0.52,0.53,0.525,0.47,0.48,0.475,2069.53,1365.16,1385.16,2009.5300000000002,0.2050752760802285,-0.18392548362295233,0.030000000000000027,0.020000000000000018,0.13,1.01,WAIT,2,"PM5+,PM30+"
2026-09-23 01:31:39,1790127098,btc-updown-5m-1790127000,202,86630.0,86632.69,-2.6900000000023283,0.00999999999476131,0.0,5.080000000001746,-4.009999999994761,0.48,0.49,0.485,0.51,0.52,0.515,1511.48,2065.98,2030.98,1578.94,-0.15499823897402068,0.12522161155925893,-0.030000000000000027,-0.020000000000000018,0.03999999999999998,1.01,WAIT,-1,PM5-
2026-09-23 01:31:41,1790127100,btc-updown-5m-1790127000,200,86630.0,86632.69,-2.6900000000023283,0.0,0.00999999999476131,5.080000000001746,-10.009999999994761,0.48,0.49,0.485,0.51,0.52,0.515,1601.57,1803.98,2007.98,1506.57,-0.059435333499728404,0.14266691326058814,-0.040000000000000036,-0.07000000000000006,-0.020000000000000018,1.01,WAIT,-3,"PM5-,PM15-"
2026-09-23 01:31:42,1790127102,btc-updown-5m-1790127000,198,86626.01,86632.69,-6.680000000007567,-3.9800000000104774,-3.9900000000052387,1.0800000000017462,-14.0,0.37,0.4,0.385,0.63,0.64,0.635,915.04,743.3199999999999,798.5999999999999,1100.92,0.10354808364890616,-0.1591559973045823,-0.14,-0.14,-0.10999999999999999,1.04,WAIT,-4,"PM5-,PM15-,PM30-"
2026-09-23 01:31:44,1790127103,btc-updown-5m-1790127000,197,86626.01,86632.69,-6.680000000007567,-3.9900000000052387,-3.9900000000052387,1.0800000000017462,-14.0,0.36,0.37,0.365,0.63,0.64,0.635,2485.32,831.21,736.21,2498.98,0.4987471845573536,-0.5448737168450694,-0.12,-0.16000000000000003,-0.13,1.01,WAIT,-2,"PM5-,PM15-,PM30-,UP_BOOK"
2026-09-23 01:31:46,1790127105,btc-updown-5m-1790127000,195,86607.89,86632.69,-24.80000000000291,-22.110000000000582,-22.110000000000582,-17.029999999998836,-32.11000000000058,0.29,0.3,0.295,0.7,0.71,0.705,1375.82,623.3199999999999,1163.32,1780.1899999999998,0.3764118570985524,-0.20956952753685223,-0.19,-0.23000000000000004,-0.16999999999999998,1.01,DOWN WATCH,-8,"BTC_BELOW,BTC5-,BTC15-,PM5-,PM15-,PM30-,UP_BOOK"
2026-09-23 01:31:48,1790127107,btc-updown-5m-1790127000,193,86607.89,86632.69,-24.80000000000291,-18.119999999995343,-22.10000000000582,-17.029999999998836,-32.11000000000058,0.3,0.31,0.305,0.69,0.7,0.695,3417.96,251.14,667.66,3362.96,0.8631053936932763,-0.6687060551478433,-0.08000000000000002,-0.19,-0.19,1.01,DOWN WATCH,-7,"BTC_BELOW,BTC5-,BTC15-,PM5-,PM15-,PM30-,UP_BOOK"
2026-09-23 01:31:49,1790127109,btc-updown-5m-1790127000,191,86607.88,86632.69,-24.80999999999767,-18.129999999990105,-22.119999999995343,-17.039999999993597,-32.11999999999534,0.33,0.34,0.335,0.65,0.66,0.655,1914.24,1021.5200000000001,489.65,2901.24,0.3040848025724173,-0.7111967654509582,-0.02999999999999997,-0.19,-0.14999999999999997,1.0,DOWN WATCH,-6,"BTC_BELOW,BTC5-,BTC15-,PM15-,PM30-,UP_BOOK"
2026-09-23 01:31:51,1790127110,btc-updown-5m-1790127000,190,86607.88,86632.69,-24.80999999999767,-0.00999999999476131,-22.119999999995343,-17.039999999993597,-32.11999999999534,0.36,0.37,0.365,0.6,0.61,0.605,2123.0,1198.93,381.45000000000005,1854.26,0.2781726285623116,-0.6587661190404838,0.07,-0.16000000000000003,-0.12,0.98,WAIT,-4,"BTC_BELOW,BTC15-,PM5+,PM15-,PM30-,UP_BOOK"
2026-09-23 01:31:53,1790127112,btc-updown-5m-1790127000,188,86607.89,86632.69,-24.80000000000291,0.0,-22.10000000000582,-22.110000000000582,-32.11000000000058,0.37,0.38,0.375,0.62,0.63,0.625,1429.54,2182.08,2190.5099999999998,1556.95,-0.20836632868352706,0.16906384591163073,0.07,-0.15000000000000002,-0.13,1.01,DOWN WATCH,-6,"BTC_BELOW,BTC15-,PM5+,PM15-,PM30-"
2026-09-23 01:31:55,1790127114,btc-updown-5m-1790127000,186,86607.89,86632.69,-24.80000000000291,0.00999999999476131,-22.110000000000582,-22.10000000000582,-32.11000000000058,0.34,0.35,0.345,0.65,0.66,0.655,1148.43,1998.19,2138.05,1607.75,-0.27005485250840583,0.14157189385445035,0.009999999999999953,-0.14,-0.21000000000000008,1.01,DOWN WATCH,-8,"BTC_BELOW,BTC15-,PM15-,PM30-"
2026-09-23 01:31:56,1790127116,btc-updown-5m-1790127000,184,86607.89,86632.69,-24.80000000000291,0.00999999999476131,-22.110000000000582,-22.110000000000582,-26.119999999995343,0.36,0.37,0.365,0.63,0.64,0.635,2512.96,1329.09,1268.09,2310.67,0.3081349800236853,-0.2913243693346299,0.0,-0.12,-0.16000000000000003,1.01,WAIT,-5,"BTC_BELOW,BTC15-,PM15-,PM30-,UP_BOOK"
2026-09-23 01:31:58,1790127117,btc-updown-5m-1790127000,183,86607.89,86632.69,-24.80000000000291,0.0,-18.119999999995343,-22.110000000000582,-26.119999999995343,0.37,0.38,0.375,0.62,0.63,0.625,1131.46,2549.29,3484.29,841.46,-0.3852013855871765,0.6109530139282205,0.0,-0.010000000000000009,-0.15000000000000002,1.01,WAIT,-5,"BTC_BELOW,PM30-,DOWN_BOOK"
2026-09-23 01:32:00,1790127119,btc-updown-5m-1790127000,181,86607.88,86632.69,-24.80999999999767,-0.00999999999476131,-18.129999999990105,-22.119999999995343,-26.089999999996508,0.3,0.31,0.305,0.69,0.7,0.695,1298.96,1712.6599999999999,2184.66,1321.68,-0.13736792822467636,0.2461198856927736,-0.03999999999999998,-0.06,-0.22000000000000003,1.01,DOWN WATCH,-6,"BTC_BELOW,PM5-,PM15-,PM30-"
2026-09-23 01:32:02,1790127121,btc-updown-5m-1790127000,179,86607.88,86632.69,-24.80999999999767,-0.00999999999476131,-0.00999999999476131,-22.110000000000582,-26.039999999993597,0.27,0.28,0.275,0.72,0.73,0.725,870.11,2496.34,2306.34,1470.6000000000001,-0.48306970250560677,0.22127436496211217,-0.08999999999999997,-0.019999999999999962,-0.21999999999999997,1.01,WAIT,-5,"BTC_BELOW,PM5-,PM30-"
2026-09-23 01:32:03,1790127123,btc-updown-5m-1790127000,177,86591.41,86632.69,-41.279999999998836,-16.479999999995925,-16.479999999995925,-38.580000000001746,-38.58999999999651,0.19,0.2,0.195,0.8,0.81,0.805,1367.36,1220.7,1275.7,1413.36,0.05666792887336455,-0.0511926100570459,-0.18,-0.10999999999999999,-0.32,1.01,WAIT,-9,DOWN_TOO_EXPENSIVE
2026-09-23 01:32:05,1790127124,btc-updown-5m-1790127000,176,86591.42,86632.69,-41.270000000004075,-16.460000000006403,-16.460000000006403,-38.580000000001746,-38.580000000001746,0.21,0.22,0.215,0.78,0.79,0.785,1748.44,2087.71,2132.71,1750.05,-0.08844023304615303,0.09855360619765323,-0.09,-0.12000000000000002,-0.31000000000000005,1.01,WAIT,-9,DOWN_TOO_EXPENSIVE
2026-09-23 01:32:07,1790127126,btc-updown-5m-1790127000,174,86591.41,86632.69,-41.279999999998836,-16.470000000001164,-16.470000000001164,-38.580000000001746,-33.50999999999476,0.22,0.23,0.225,0.77,0.78,0.775,1339.07,3140.83,3167.83,1109.4399999999998,-0.402187548829215,0.4812392016402987,-0.05000000000000002,-0.13999999999999999,-0.30000000000000004,1.01,WAIT,-11,DOWN_TOO_EXPENSIVE
2026-09-23 01:32:08,1790127128,btc-updown-5m-1790127000,172,86591.42,86632.69,-41.270000000004075,0.00999999999476131,-16.470000000001164,-38.580000000001746,-33.5,0.21,0.22,0.215,0.78,0.79,0.785,1390.12,3247.0499999999997,3222.0499999999997,1510.12,-0.40044466776072474,0.36176426459742567,0.01999999999999999,-0.16,-0.27,1.01,WAIT,-9,DOWN_TOO_EXPENSIVE
2026-09-23 01:32:10,1790127129,btc-updown-5m-1790127000,171,86591.42,86632.69,-41.270000000004075,0.0,-16.470000000001164,-38.580000000001746,-33.5,0.2,0.21,0.20500000000000002,0.79,0.8,0.795,1769.96,2169.36,2171.5,1758.71,-0.1013880568219896,0.10503001111899872,-0.009999999999999981,-0.13999999999999996,-0.27999999999999997,1.01,WAIT,-7,DOWN_TOO_EXPENSIVE
2026-09-23 01:32:12,1790127131,btc-updown-5m-1790127000,169,86591.41,86632.69,-41.279999999998836,0.0,-16.479999999995925,-38.58999999999651,-33.50999999999476,0.2,0.21,0.20500000000000002,0.79,0.8,0.795,1268.99,2513.5,2508.5,1319.7399999999998,-0.3290187151849708,0.3105238960984683,-0.01999999999999999,-0.15999999999999998,-0.27999999999999997,1.01,WAIT,-9,DOWN_TOO_EXPENSIVE
2026-09-23 01:32:14,1790127133,btc-updown-5m-1790127000,167,86591.41,86632.69,-41.279999999998836,-0.00999999999476131,-16.479999999995925,-34.59999999999127,-33.51999999998952,0.2,0.21,0.20500000000000002,0.79,0.8,0.795,1458.02,2549.5299999999997,2574.5299999999997,1403.02,-0.2723634140559693,0.29453055272718126,-0.009999999999999981,-0.16999999999999998,-0.15999999999999998,1.01,WAIT,-9,DOWN_TOO_EXPENSIVE
2026-09-23 01:32:15,1790127135,btc-updown-5m-1790127000,165,86591.41,86632.69,-41.279999999998836,-0.00999999999476131,-16.470000000001164,-16.479999999995925,-33.50999999999476,0.2,0.21,0.20500000000000002,0.79,0.8,0.795,1511.99,2791.3599999999997,2791.3599999999997,1511.99,-0.29729629242334454,0.29729629242334454,0.0,-0.09999999999999998,-0.08999999999999997,1.01,WAIT,-7,DOWN_TOO_EXPENSIVE
2026-09-23 01:32:17,1790127136,btc-updown-5m-1790127000,164,86591.41,86632.69,-41.279999999998836,0.0,-16.470000000001164,-16.479999999995925,-33.50999999999476,0.18,0.19,0.185,0.81,0.82,0.815,1313.07,2465.93,2670.93,1356.07,-0.3050701243715268,0.32651105040973427,-0.020000000000000018,-0.09000000000000002,-0.10999999999999999,1.01,WAIT,-7,DOWN_TOO_EXPENSIVE
2026-09-23 01:32:19,1790127138,btc-updown-5m-1790127000,162,86588.29,86632.69,-44.40000000000873,-3.1200000000098953,-3.1200000000098953,-19.60000000000582,-36.63000000000466,0.16,0.17,0.165,0.83,0.84,0.835,1449.23,2356.57,2811.2200000000003,1298.12,-0.23840979557517475,0.36820998019146634,-0.04000000000000001,-0.03,-0.13999999999999999,1.01,WAIT,-5,"BTC_BELOW,PM5-,PM30-,DOWN_BOOK"
2026-09-23 01:32:21,1790127140,btc-updown-5m-1790127000,160,86588.29,86632.69,-44.40000000000873,-3.1200000000098953,-3.1300000000046566,-19.59000000001106,-36.63000000000466,0.16,0.17,0.165,0.83,0.84,0.835,1351.85,2556.64,2577.45,1351.85,-0.30824947741966846,0.3119130633955157,-0.04000000000000001,-0.04999999999999999,-0.19999999999999998,1.01,WAIT,-6,DOWN_TOO_EXPENSIVE
2026-09-23 01:32:22,1790127142,btc-updown-5m-1790127000,158,86584.68,86632.69,-48.01000000000931,-6.730000000010477,-6.730000000010477,-23.210000000006403,-45.320000000006985,0.12,0.13,0.125,0.87,0.88,0.875,2048.66,2234.08,2213.08,2014.66,-0.04329471319762584,0.04693287666696624,-0.06,-0.1,-0.25,1.01,WAIT,-7,DOWN_TOO_EXPENSIVE
2026-09-23 01:32:24,1790127143,btc-updown-5m-1790127000,157,86584.69,86632.69,-48.0,-3.599999999991269,-6.7299999999959255,-23.19999999999709,-45.30999999999767,0.11,0.12,0.11499999999999999,0.89,0.9,0.895,1603.9,2901.6400000000003,2133.49,2706.92,-0.28803206718839475,-0.11846723727948671,-0.05000000000000002,-0.1,-0.26,1.02,WAIT,-8,DOWN_TOO_EXPENSIVE
2026-09-23 01:32:26,1790127145,btc-updown-5m-1790127000,155,86574.0,86632.69,-58.69000000000233,-14.289999999993597,-17.419999999998254,-33.88999999999942,-55.99000000000524,0.1,0.11,0.10500000000000001,0.89,0.9,0.895,1979.1,1742.7599999999998,1785.7599999999998,2094.92,0.06350050781061087,-0.07966645020975714,-0.06,-0.1,-0.23999999999999996,1.01,WAIT,-11,DOWN_TOO_EXPENSIVE
2026-09-23 01:32:28,1790127147,btc-updown-5m-1790127000,153,86574.0,86632.69,-58.69000000000233,-10.679999999993015,-17.410000000003492,-33.88999999999942,-56.0,0.1,0.11,0.10500000000000001,0.89,0.9,0.895,1965.6800000000003,2029.4099999999999,1895.8799999999999,2090.6800000000003,-0.015952081179647908,-0.04886418365708791,-0.01999999999999999,-0.1,-0.27,1.01,WAIT,-10,DOWN_TOO_EXPENSIVE
2026-09-23 01:32:30,1790127149,btc-updown-5m-1790127000,151,86574.01,86632.69,-58.68000000000757,-10.680000000007567,-17.40000000000873,-33.870000000009895,-55.99000000000524,0.1,0.11,0.10500000000000001,0.89,0.9,0.895,2537.69,1238.0,1238.0,2537.69,0.3442258236242912,-0.3442258236242912,-0.009999999999999981,-0.1,-0.19999999999999998,1.01,WAIT,-8,DOWN_TOO_EXPENSIVE
2026-09-23 01:32:31,1790127151,btc-updown-5m-1790127000,149,86574.01,86632.69,-58.68000000000757,0.00999999999476131,-17.40000000000873,-33.870000000009895,-55.98000000001048,0.1,0.11,0.10500000000000001,0.89,0.9,0.895,2098.9300000000003,2599.1800000000003,2599.1800000000003,2098.9300000000003,-0.10647898835914867,0.10647898835914867,0.0,-0.07999999999999999,-0.17,1.01,WAIT,-9,DOWN_TOO_EXPENSIVE
2026-09-23 01:32:33,1790127152,btc-updown-5m-1790127000,148,86574.01,86632.69,-58.68000000000757,0.00999999999476131,-17.40000000000873,-33.870000000009895,-55.98000000001048,0.11,0.12,0.11499999999999999,0.88,0.89,0.885,1658.7400000000002,2427.19,2491.04,1647.7400000000002,-0.18807223814406995,0.203755696123012,0.009999999999999981,-0.07,-0.16000000000000003,1.01,WAIT,-9,DOWN_TOO_EXPENSIVE
2026-09-23 01:32:35,1790127154,btc-updown-5m-1790127000,146,86574.0,86632.69,-58.69000000000233,-0.00999999999476131,-14.289999999993597,-17.419999999998254,-56.0,0.1,0.11,0.10500000000000001,0.89,0.9,0.895,2068.98,2818.52,2656.11,2038.98,-0.15335856777493606,0.1314415698101634,0.0,-0.06,-0.10999999999999999,1.01,WAIT,-7,DOWN_TOO_EXPENSIVE
2026-09-23 01:32:37,1790127156,btc-updown-5m-1790127000,144,86574.0,86632.69,-58.69000000000233,-0.00999999999476131,-14.289999999993597,-17.410000000003492,-55.99000000000524,0.12,0.13,0.125,0.87,0.88,0.875,1821.21,1667.73,1110.53,2509.3,0.04399043835663555,-0.3864186992206817,0.01999999999999999,-0.04000000000000001,-0.1,1.01,WAIT,-4,"BTC_BELOW,BTC60-,PM30-"
2026-09-23 01:32:38,1790127158,btc-updown-5m-1790127000,142,86574.01,86632.69,-58.68000000000757,0.0,-10.680000000007567,-17.410000000003492,-55.99000000000524,0.16,0.17,0.165,0.83,0.84,0.835,1552.22,2614.76,2413.7999999999997,1804.44,-0.25499042472006106,0.14445835229858892,0.05000000000000002,0.05000000000000002,-0.04999999999999999,1.01,WAIT,-2,"BTC_BELOW,BTC60-,PM5+,PM15+"
2026-09-23 01:32:40,1790127159,btc-updown-5m-1790127000,141,86574.01,86632.69,-58.68000000000757,0.00999999999476131,-10.680000000007567,-17.410000000003492,-55.99000000000524,0.15,0.16,0.155,0.85,0.86,0.855,1541.8,3290.98,3220.37,1704.9099999999999,-0.36194074631992357,0.3076901211707761,0.04999999999999999,0.04000000000000001,-0.05000000000000002,1.02,WAIT,-5,"BTC_BELOW,BTC60-,PM5+,DOWN_BOOK"
2026-09-23 01:32:42,1790127161,btc-updown-5m-1790127000,139,86574.01,86632.69,-58.68000000000757,0.00999999999476131,0.00999999999476131,-17.40000000000873,-55.99000000000524,0.13,0.14,0.135,0.86,0.87,0.865,1983.1,2452.85,2528.85,1778.71,-0.10589614400523,0.17414499159617045,0.010000000000000009,0.03,-0.07,1.01,WAIT,-5,"BTC_BELOW,BTC60-,PM30-"
2026-09-23 01:32:44,1790127163,btc-updown-5m-1790127000,137,86574.0,86632.69,-58.69000000000233,-0.00999999999476131,0.0,-17.410000000003492,-52.00999999999476,0.13,0.14,0.135,0.86,0.87,0.865,1665.23,2690.2599999999998,2688.2599999999998,1655.23,-0.2353420625463495,0.2378340919398916,-0.03,0.03,-0.07,1.01,WAIT,-6,DOWN_TOO_EXPENSIVE
2026-09-23 01:32:45,1790127165,btc-updown-5m-1790127000,135,86574.01,86632.69,-58.68000000000757,0.0,0.0,-17.40000000000873,-33.88000000000466,0.13,0.14,0.135,0.86,0.87,0.865,1717.96,2542.7599999999998,2675.68,1631.71,-0.1935823053380649,0.24236718755441228,-0.01999999999999999,0.03,-0.07,1.01,WAIT,-4,"BTC_BELOW,PM30-"
2026-09-23 01:32:47,1790127166,btc-updown-5m-1790127000,134,86574.0,86632.69,-58.69000000000233,-0.00999999999476131,-0.00999999999476131,-17.410000000003492,-33.88999999999942,0.13,0.14,0.135,0.86,0.87,0.865,1557.71,2865.0,2783.46,1661.24,-0.29558573815601746,0.2524849821135285,0.0,0.03,-0.04999999999999999,1.01,WAIT,-5,"BTC_BELOW,DOWN_BOOK"
2026-09-23 01:32:49,1790127168,btc-updown-5m-1790127000,132,86574.01,86632.69,-58.68000000000757,0.00999999999476131,0.0,-14.279999999998836,-33.88000000000466,0.12,0.13,0.125,0.87,0.88,0.875,1461.6,3490.67,3540.67,1463.6,-0.40972523711348535,0.41505953915356286,-0.010000000000000009,0.010000000000000009,-0.04000000000000001,1.01,WAIT,-5,"BTC_BELOW,DOWN_BOOK"
2026-09-23 01:32:51,1790127170,btc-updown-5m-1790127000,130,86574.0,86632.69,-58.69000000000233,-0.00999999999476131,0.0,-14.289999999993597,-33.88000000000466,0.12,0.13,0.125,0.88,0.89,0.885,839.96,3580.67,3139.4700000000003,1507.3299999999997,-0.6199817673046601,0.35123956270982193,-0.010000000000000009,0.01999999999999999,-0.04000000000000001,1.02,WAIT,-5,"BTC_BELOW,DOWN_BOOK"
2026-09-23 01:32:52,1790127172,btc-updown-5m-1790127000,128,86574.0,86632.69,-58.69000000000233,0.0,0.0,-10.679999999993015,-33.88999999999942,0.11,0.12,0.11499999999999999,0.88,0.9,0.89,1080.42,3343.4700000000003,3383.4700000000003,1250.44,-0.5115520503448323,0.4603088968063688,-0.020000000000000018,-0.010000000000000009,-0.010000000000000009,1.02,WAIT,-5,"BTC_BELOW,DOWN_BOOK"
2026-09-23 01:32:54,1790127173,btc-updown-5m-1790127000,127,86582.01,86632.69,-50.68000000000757,8.0,8.0,-2.680000000007567,-25.880000000004657,0.18,0.19,0.185,0.81,0.82,0.815,960.97,996.01,471.01,1015.2500000000001,-0.017905139551758303,-0.366180883560077,0.06,0.01999999999999999,0.07,1.01,WAIT,0,"BTC_BELOW,PM5+,PM30+"
2026-09-23 01:32:56,1790127175,btc-updown-5m-1790127000,125,86592.01,86632.69,-40.68000000000757,18.00999999999476,18.0,18.00999999999476,-15.880000000004657,0.23,0.24,0.235,0.76,0.77,0.765,568.0600000000001,1846.8,2888.87,758.1400000000001,-0.5295296621750328,0.5842402406354793,0.10999999999999999,0.07999999999999999,0.12999999999999998,1.01,WAIT,1,"BTC_BELOW,BTC5+,PM5+,PM15+,PM30+,DOWN_BOOK"
2026-09-23 01:32:58,1790127177,btc-updown-5m-1790127000,123,86592.01,86632.69,-40.68000000000757,18.00999999999476,18.0,18.00999999999476,-15.880000000004657,0.2,0.21,0.20500000000000002,0.79,0.8,0.795,877.97,2684.68,2674.68,824.8,-0.5071253140218658,0.5286156800438923,0.09000000000000002,0.07,0.1,1.01,WAIT,1,"BTC_BELOW,BTC5+,PM5+,PM15+,PM30+,DOWN_BOOK"
2026-09-23 01:32:59,1790127179,btc-updown-5m-1790127000,121,86592.01,86632.69,-40.68000000000757,10.0,18.00999999999476,18.0,-15.870000000009895,0.22,0.23,0.225,0.77,0.78,0.775,1594.7599999999998,1977.27,2191.27,1223.87,-0.10708476692524986,0.2832680358638299,0.04000000000000001,0.09,0.12,1.01,WAIT,2,"BTC_BELOW,BTC5+,PM5+,PM15+,PM30+,DOWN_BOOK"
2026-09-23 01:33:01,1790127180,btc-updown-5m-1790127000,120,86592.01,86632.69,-40.68000000000757,0.0,18.0,18.0,-15.870000000009895,0.22,0.23,0.225,0.78,0.79,0.785,1095.01,2268.13,2683.45,664.75,-0.3488168794638344,0.6029209724628158,-0.009999999999999981,0.09,0.12,1.02,WAIT,-1,"BTC_BELOW,PM15+,PM30+,DOWN_BOOK"
2026-09-23 01:33:03,1790127182,btc-updown-5m-1790127000,118,86592.01,86632.69,-40.68000000000757,0.0,18.00999999999476,18.0,-15.870000000009895,0.15,0.16,0.155,0.85,0.86,0.855,768.38,2771.23,2289.16,1176.6,-0.5658391743723178,0.32101472692858135,-0.05000000000000002,0.01999999999999999,0.04000000000000001,1.02,WAIT,-5,"BTC_BELOW,PM5-,DOWN_BOOK"
2026-09-23 01:33:05,1790127184,btc-updown-5m-1790127000,116,86592.0,86632.69,-40.69000000000233,-0.00999999999476131,17.99000000000524,18.0,0.5800000000017462,0.11,0.12,0.11499999999999999,0.88,0.89,0.885,1040.44,1763.9099999999999,2011.6499999999999,1087.09,-0.2579813504020539,0.29836643280817365,-0.11000000000000001,-0.010000000000000009,0.009999999999999981,1.01,WAIT,-5,"BTC_BELOW,PM5-,DOWN_BOOK"
2026-09-23 01:33:06,1790127186,btc-updown-5m-1790127000,114,86592.01,86632.69,-40.68000000000757,0.0,18.00999999999476,18.00999999999476,0.5999999999912689,0.13,0.14,0.135,0.86,0.87,0.865,2106.65,1202.0,1809.02,1146.82,0.273419672676167,0.22403107069394826,-0.09,0.010000000000000009,0.010000000000000009,1.01,WAIT,-2,"BTC_BELOW,PM5-,UP_BOOK"
2026-09-23 01:33:08,1790127187,btc-updown-5m-1790127000,113,86592.01,86632.69,-40.68000000000757,0.0,18.00999999999476,18.00999999999476,0.5999999999912689,0.1,0.11,0.10500000000000001,0.89,0.9,0.895,1693.9499999999998,1785.6,1593.32,1823.2399999999998,-0.026339612880976016,-0.06729575947736902,-0.04999999999999999,-0.009999999999999981,-0.01999999999999999,1.01,WAIT,-3,"BTC_BELOW,PM5-"
2026-09-23 01:33:10,1790127189,btc-updown-5m-1790127000,111,86592.01,86632.69,-40.68000000000757,0.00999999999476131,10.0,18.0,0.5899999999965075,0.09,0.13,0.11,0.87,0.91,0.89,2284.96,2392.32,2392.32,2284.96,-0.02295351144254783,0.02295351144254783,-0.0049999999999999906,-0.075,-0.045,1.04,WAIT,-4,"BTC_BELOW,PM15-"
2026-09-23 01:33:12,1790127191,btc-updown-5m-1790127000,109,86592.0,86632.69,-40.69000000000233,-0.00999999999476131,-0.00999999999476131,17.99000000000524,0.5899999999965075,0.1,0.11,0.10500000000000001,0.89,0.9,0.895,1492.23,1799.69,1973.17,1074.52,-0.09339838149165229,0.2948626664785461,-0.03,-0.12999999999999998,-0.03,1.01,WAIT,-6,DOWN_TOO_EXPENSIVE
2026-09-23 01:33:14,1790127193,btc-updown-5m-1790127000,107,86588.3,86632.69,-44.38999999999942,-3.709999999991851,-3.709999999991851,14.30000000000291,-3.110000000000582,0.1,0.11,0.10500000000000001,0.89,0.9,0.895,1359.28,1551.94,1715.94,1525.28,-0.06617844065374656,0.058823529411764726,0.0,-0.1,-0.03,1.01,WAIT,-4,"BTC_BELOW,PM15-"
2026-09-23 01:33:15,1790127195,btc-updown-5m-1790127000,105,86588.3,86632.69,-44.38999999999942,-3.709999999991851,-3.709999999991851,14.290000000008149,-3.110000000000582,0.1,0.11,0.10500000000000001,0.89,0.9,0.895,1093.4,2795.6800000000003,2795.6800000000003,1158.4,-0.43770763265348106,0.4140735645206976,-0.0049999999999999906,-0.12,-0.03,1.01,WAIT,-6,DOWN_TOO_EXPENSIVE
2026-09-23 01:33:17,1790127196,btc-updown-5m-1790127000,104,86588.3,86632.69,-44.38999999999942,-3.6999999999970896,-3.709999999991851,14.30000000000291,-3.110000000000582,0.09,0.1,0.095,0.9,0.91,0.905,1765.81,2455.99,2516.39,1645.19,-0.16348003221374768,0.20934356662613715,-0.010000000000000009,-0.13,-0.04000000000000001,1.01,WAIT,-4,"BTC_BELOW,PM15-"
2026-09-23 01:33:19,1790127198,btc-updown-5m-1790127000,102,86588.3,86632.69,-44.38999999999942,0.0,-3.709999999991851,14.290000000008149,0.010000000009313226,0.18,0.19,0.185,0.81,0.82,0.815,810.3599999999999,1722.6999999999998,1717.6999999999998,806.3599999999999,-0.3601730713050619,0.36106114751630314,0.07999999999999999,0.03,0.06,1.01,WAIT,-3,"BTC_BELOW,PM5+,DOWN_BOOK"
2026-09-23 01:33:20,1790127200,btc-updown-5m-1790127000,100,86592.01,86632.69,-40.68000000000757,3.709999999991851,0.00999999999476131,18.00999999999476,3.720000000001164,0.2,0.21,0.20500000000000002,0.8,0.81,0.805,619.43,2143.82,1768.76,924.83,-0.5516656111462952,0.31331048897567926,0.1,0.09000000000000002,0.08000000000000002,1.02,WAIT,0,"BTC_BELOW,PM5+,PM15+,PM30+,DOWN_BOOK"
2026-09-23 01:33:22,1790127201,btc-updown-5m-1790127000,99,86596.0,86632.69,-36.69000000000233,7.69999999999709,3.9900000000052387,22.0,7.710000000006403,0.21,0.22,0.215,0.78,0.79,0.785,786.4300000000001,1646.42,1761.93,828.4300000000001,-0.3534907618636578,0.3603746197439738,0.12,0.07999999999999999,0.09,1.01,WAIT,0,"BTC_BELOW,PM5+,PM15+,PM30+,DOWN_BOOK"
2026-09-23 01:33:24,1790127203,btc-updown-5m-1790127000,97,86596.01,86632.69,-36.68000000000757,7.709999999991851,4.0,14.0,11.319999999992433,0.15,0.16,0.155,0.82,0.83,0.825,2445.7200000000003,320.0,1189.7,1589.19,0.768595519430745,-0.14375883896088004,-0.03,0.04999999999999999,-0.03,0.99,WAIT,-2,"BTC_BELOW,PM5-,UP_BOOK"
2026-09-23 01:33:26,1790127205,btc-updown-5m-1790127000,95,86596.0,86632.69,-36.69000000000233,3.9900000000052387,3.9900000000052387,3.9900000000052387,22.0,0.16,0.17,0.165,0.83,0.84,0.835,1485.18,1144.49,1425.49,1676.95,0.12955618005301048,-0.08105233300241102,-0.04000000000000001,0.05500000000000001,-0.06999999999999998,1.01,WAIT,-1,"BTC_BELOW,PM5-,PM15+"
2026-09-23 01:33:27,1790127207,btc-updown-5m-1790127000,93,86596.01,86632.69,-36.68000000000757,0.00999999999476131,4.009999999994761,4.0,22.00999999999476,0.15,0.16,0.155,0.84,0.85,0.845,1480.04,2737.29,2857.29,1448.27,-0.298115158168794,0.3272559202519533,-0.06,0.04999999999999999,-0.05000000000000002,1.01,WAIT,-5,"BTC_BELOW,PM5-,DOWN_BOOK"
2026-09-23 01:33:29,1790127208,btc-updown-5m-1790127000,92,86596.01,86632.69,-36.68000000000757,0.0,7.709999999991851,4.0,22.00999999999476,0.19,0.2,0.195,0.81,0.82,0.815,479.96000000000004,1704.56,2211.64,1058.6,-0.5605808140918829,0.352585742942414,0.04000000000000001,0.09,-0.010000000000000009,1.02,WAIT,-1,"BTC_BELOW,PM5+,PM15+,DOWN_BOOK"
2026-09-23 01:33:31,1790127210,btc-updown-5m-1790127000,90,86603.57,86632.69,-29.119999999995343,7.570000000006985,15.270000000004075,11.560000000012224,29.560000000012224,0.25,0.26,0.255,0.74,0.75,0.745,2108.3599999999997,391.75,391.75,2108.3599999999997,0.6866137889932843,-0.6866137889932843,0.09,0.15,0.03,1.01,WAIT,3,"BTC_BELOW,PM5+,PM15+,UP_BOOK"
2026-09-23 01:33:33,1790127212,btc-updown-5m-1790127000,88,86603.57,86632.69,-29.119999999995343,7.560000000012224,15.270000000004075,11.560000000012224,29.560000000012224,0.23,0.24,0.235,0.76,0.77,0.765,776.27,2364.05,2304.05,776.27,-0.5056108931573853,0.4959809370455018,0.07999999999999999,0.13999999999999999,0.07999999999999999,1.01,WAIT,0,"BTC_BELOW,PM5+,PM15+,PM30+,DOWN_BOOK"
2026-09-23 01:33:34,1790127214,btc-updown-5m-1790127000,86,86603.57,86632.69,-29.119999999995343,7.560000000012224,15.270000000004075,11.570000000006985,29.570000000006985,0.22,0.23,0.225,0.77,0.78,0.775,770.96,1934.97,2199.39,538.71,-0.4301700339624454,0.6065081625944998,0.03,0.04000000000000001,0.11000000000000001,1.01,WAIT,-2,"BTC_BELOW,PM5+,PM30+,DOWN_BOOK"
2026-09-23 01:33:36,1790127215,btc-updown-5m-1790127000,85,86603.58,86632.69,-29.110000000000582,0.00999999999476131,11.570000000006985,11.580000000001746,29.580000000001746,0.19,0.2,0.195,0.8,0.81,0.805,1200.98,1942.9699999999998,385.0,1465.99,-0.23600566166764733,-0.584006396576967,-0.06,-0.010000000000000009,0.08000000000000002,1.01,WAIT,-1,"BTC_BELOW,PM5-,PM30+"
2026-09-23 01:33:38,1790127217,btc-updown-5m-1790127000,83,86603.58,86632.69,-29.110000000000582,0.00999999999476131,7.580000000001746,11.570000000006985,29.580000000001746,0.2,0.21,0.20500000000000002,0.77,0.8,0.785,1228.81,1579.89,332.0,1641.17,-0.12499732972549585,-0.6634856601306527,-0.02999999999999997,-0.009999999999999981,0.1,1.01,WAIT,0,"BTC_BELOW,PM30+"
2026-09-23 01:33:40,1790127219,btc-updown-5m-1790127000,81,86603.58,86632.69,-29.110000000000582,0.00999999999476131,7.570000000006985,11.570000000006985,29.570000000006985,0.19,0.2,0.195,0.81,0.82,0.815,574.0,1972.42,1537.42,931.39,-0.5491709930019399,0.2454745403656013,-0.03,0.04000000000000001,0.085,1.02,WAIT,-3,"BTC_BELOW,PM5-,PM30+"
2026-09-23 01:33:41,1790127221,btc-updown-5m-1790127000,79,86614.01,86632.69,-18.680000000007567,10.429999999993015,18.00999999999476,22.00999999999476,40.0,0.41,0.42,0.415,0.6,0.61,0.605,409.3,809.36,694.76,632.43,-0.3282786010864392,0.04696388610522988,0.21999999999999997,0.24999999999999997,0.30999999999999994,1.03,WAIT,5,"BTC5+,BTC60+,PM5+,PM15+,PM30+"
2026-09-23 01:33:43,1790127222,btc-updown-5m-1790127000,78,86614.01,86632.69,-18.680000000007567,10.429999999993015,18.0,22.00999999999476,40.0,0.39,0.4,0.395,0.56,0.57,0.565,1226.79,598.48,967.4,1521.06,0.3442285250949174,-0.22249101854158795,0.19,0.24000000000000002,0.29000000000000004,0.97,UP WATCH,7,"BTC5+,BTC60+,PM5+,PM15+,PM30+,UP_BOOK"
2026-09-23 01:33:45,1790127224,btc-updown-5m-1790127000,76,86614.02,86632.69,-18.669999999998254,10.440000000002328,18.010000000009313,25.720000000001164,40.020000000004075,0.37,0.38,0.375,0.62,0.63,0.625,1029.8200000000002,1778.8700000000001,1875.5900000000001,942.98,-0.266690165165967,0.33088055290448704,0.18,0.18,0.27,1.01,WAIT,4,"BTC5+,BTC60+,PM5+,PM15+,PM30+,DOWN_BOOK"
2026-09-23 01:33:47,1790127226,btc-updown-5m-1790127000,74,86614.02,86632.69,-18.669999999998254,0.010000000009313226,10.44999999999709,25.720000000001164,40.020000000004075,0.34,0.35,0.345,0.65,0.66,0.655,499.42,2725.1099999999997,2725.1099999999997,774.27,-0.6902370267915013,0.5574816110282392,-0.07,0.08999999999999997,0.24999999999999997,1.01,WAIT,1,"BTC60+,PM5-,PM15+,PM30+,DOWN_BOOK"
2026-09-23 01:33:48,1790127228,btc-updown-5m-1790127000,72,86614.01,86632.69,-18.680000000007567,0.0,10.439999999987776,25.70999999999185,40.0,0.33,0.34,0.335,0.66,0.67,0.665,730.53,2542.21,2444.21,1035.97,-0.5535667361293596,0.4046457367147676,-0.06,0.10000000000000003,0.15000000000000002,1.01,WAIT,1,"BTC60+,PM5-,PM15+,PM30+,DOWN_BOOK"
2026-09-23 01:33:50,1790127229,btc-updown-5m-1790127000,71,86629.99,86632.69,-2.6999999999970896,15.970000000001164,26.419999999998254,41.69000000000233,55.98000000001048,0.39,0.4,0.395,0.54,0.61,0.575,1132.78,383.35,121.95,992.78,0.49430457810346073,-0.7812026230567042,0.020000000000000018,0.17,0.21000000000000002,1.01,UP WATCH,11,"BTC5+,BTC15+,BTC30+,BTC60+,PM15+,PM30+,UP_BOOK"
2026-09-23 01:33:52,1790127231,btc-updown-5m-1790127000,69,86630.0,86632.69,-2.6900000000023283,15.979999999995925,26.419999999998254,34.0,56.0,0.63,0.64,0.635,0.37,0.38,0.375,734.53,950.34,808.65,1416.68,-0.12808703342097613,-0.2732313859068094,0.29000000000000004,0.44,0.42000000000000004,1.02,UP WATCH,11,"BTC5+,BTC15+,BTC30+,BTC60+,PM5+,PM15+,PM30+"
2026-09-23 01:33:54,1790127233,btc-updown-5m-1790127000,67,86630.0,86632.69,-2.6900000000023283,15.990000000005239,26.419999999998254,33.99000000000524,47.99000000000524,0.61,0.62,0.615,0.37,0.38,0.375,983.85,434.0,451.09000000000003,324.12,0.3878054801283634,0.1637878768333742,0.27999999999999997,0.41,0.45999999999999996,1.0,UP WATCH,11,"BTC5+,BTC15+,BTC30+,BTC60+,PM5+,PM15+,PM30+,UP_BOOK"
2026-09-23 01:33:56,1790127235,btc-updown-5m-1790127000,65,86630.0,86632.69,-2.6900000000023283,0.00999999999476131,26.419999999998254,34.0,37.99000000000524,0.46,0.47,0.46499999999999997,0.52,0.59,0.5549999999999999,205.0,136.13,1205.94,200.0,0.20188784334417964,0.7154928375321848,0.06999999999999995,0.26999999999999996,0.29999999999999993,1.06,UP WATCH,7,"BTC15+,BTC30+,PM5+,PM15+,PM30+,DOWN_BOOK"
2026-09-23 01:33:57,1790127237,btc-updown-5m-1790127000,63,86630.0,86632.69,-2.6900000000023283,0.0,15.990000000005239,33.99000000000524,37.99000000000524,0.41,0.42,0.415,0.58,0.59,0.585,923.11,443.87,693.6100000000001,805.0,0.35058303705979604,-0.07432887809370008,-0.22000000000000003,0.019999999999999962,0.26,1.01,WAIT,3,"BTC30+,PM5-,PM30+,UP_BOOK"
2026-09-23 01:33:59,1790127238,btc-updown-5m-1790127000,62,86630.0,86632.69,-2.6900000000023283,0.0,15.990000000005239,33.99000000000524,37.99000000000524,0.41,0.42,0.415,0.62,0.63,0.625,147.0,698.3,986.8200000000002,518.0,-0.6521944871643204,0.3115455669116573,-0.2,0.019999999999999962,0.21999999999999997,1.05,WAIT,0,"BTC30+,PM5-,PM30+,DOWN_BOOK"
2026-09-23 01:34:01,1790127240,btc-updown-5m-1790127000,60,86629.99,86632.69,-2.6999999999970896,-0.00999999999476131,15.970000000001164,26.419999999998254,37.98000000001048,0.41,0.42,0.415,0.58,0.59,0.585,2142.21,463.36,414.34999999999997,2177.21,0.6443311828122061,-0.6802312120884719,-0.04999999999999999,0.03999999999999998,0.15999999999999998,1.01,WAIT,2,"PM5-,PM30+,UP_BOOK"
2026-09-23 01:34:03,1790127242,btc-updown-5m-1790127000,58,86630.0,86632.69,-2.6900000000023283,0.0,15.979999999995925,26.429999999993015,37.99000000000524,0.58,0.59,0.585,0.41,0.42,0.415,945.73,478.68,478.68,832.37,0.3278901439894412,-0.26977613363334735,0.16999999999999998,0.24,0.35,1.01,UP WATCH,6,"PM5+,PM15+,PM30+,UP_BOOK"
2026-09-23 01:34:04,1790127244,btc-updown-5m-1790127000,56,86628.6,86632.69,-4.0899999999965075,-1.3999999999941792,-1.389999999999418,25.029999999998836,36.60000000000582,0.32,0.33,0.325,0.67,0.68,0.675,447.91999999999996,553.51,758.8,366.57,-0.10543922191266493,0.3485342598434293,-0.08999999999999997,-0.07,0.1,1.01,WAIT,-3,"PM5-,PM15-,PM30+,DOWN_BOOK"
2026-09-23 01:34:06,1790127245,btc-updown-5m-1790127000,55,86622.35,86632.69,-10.339999999996508,-7.639999999999418,-7.639999999999418,18.770000000004075,30.35000000000582,0.33,0.34,0.335,0.66,0.67,0.665,163.0,243.93,290.96000000000004,667.0,-0.1988794141498538,-0.39254248611633047,-0.07999999999999996,-0.06,0.14,1.01,WAIT,-1,"PM5-,PM15-,PM30+"
2026-09-23 01:34:08,1790127247,btc-updown-5m-1790127000,53,86622.35,86632.69,-10.339999999996508,-7.649999999994179,-7.649999999994179,18.770000000004075,30.34000000001106,0.28,0.29,0.28500000000000003,0.71,0.72,0.715,335.0,845.63,927.2,305.59000000000003,-0.432506373715728,0.5042302419714632,-0.29999999999999993,-0.35,0.08000000000000002,1.01,WAIT,-4,"PM5-,PM15-,PM30+,DOWN_BOOK"
2026-09-23 01:34:10,1790127249,btc-updown-5m-1790127000,51,86622.35,86632.69,-10.339999999996508,-6.25,-7.649999999994179,18.770000000004075,30.34000000001106,0.27,0.28,0.275,0.72,0.73,0.725,445.32,830.55,772.5500000000001,715.3199999999999,-0.3019351501328505,0.0384643819688549,-0.04999999999999999,-0.33999999999999997,0.08000000000000002,1.01,WAIT,-3,"PM5-,PM15-,PM30+"
2026-09-23 01:34:11,1790127251,btc-updown-5m-1790127000,49,86622.34,86632.69,-10.35000000000582,-0.010000000009313226,-7.6600000000034925,8.330000000001746,30.339999999996508,0.27,0.28,0.275,0.72,0.73,0.725,409.12,1057.83,919.9699999999999,688.97,-0.4422168444732268,0.14357278705234494,-0.06,-0.18999999999999995,-0.13999999999999996,1.01,WAIT,-5,"PM5-,PM15-,PM30-"
2026-09-23 01:34:13,1790127252,btc-updown-5m-1790127000,48,86622.35,86632.69,-10.339999999996508,0.0,-7.649999999994179,8.34000000001106,30.35000000000582,0.28,0.29,0.28500000000000003,0.68,0.7,0.69,754.75,379.0,23.0,1109.64,0.3314222712238148,-0.9593869190563639,0.0,-0.12999999999999995,-0.10999999999999999,0.99,WAIT,-1,"PM15-,PM30-,UP_BOOK"
2026-09-23 01:34:15,1790127254,btc-updown-5m-1790127000,46,86622.34,86632.69,-10.35000000000582,-0.010000000009313226,-7.6600000000034925,8.319999999992433,34.0399999999936,0.34,0.35,0.345,0.65,0.66,0.655,331.0,764.3,823.8100000000001,415.0,-0.3955993791655254,0.3300021795109824,0.06999999999999995,-0.07,-0.030000000000000027,1.01,WAIT,-3,"PM5+,PM15-,DOWN_BOOK"
2026-09-23 01:34:17,1790127256,btc-updown-5m-1790127000,44,86622.35,86632.69,-10.339999999996508,0.010000000009313226,-7.639999999999418,8.330000000001746,34.05000000000291,0.31,0.33,0.32,0.79,0.8,0.795,21.4,1367.79,80.0,249.77,-0.9691906794606928,-0.5148133547624102,0.044999999999999984,-0.09499999999999997,-0.024999999999999967,1.1300000000000001,WAIT,-1,"PM5+,PM15-"
2026-09-23 01:34:18,1790127258,btc-updown-5m-1790127000,42,86622.35,86632.69,-10.339999999996508,0.0,-7.649999999994179,8.34000000001106,34.05000000000291,0.16,0.17,0.165,0.83,0.84,0.835,674.68,1075.8600000000001,1078.4,594.68,-0.22917499742936476,0.2891194682860354,-0.12000000000000002,-0.41999999999999993,-0.17,1.01,WAIT,-5,"PM5-,PM15-,PM30-,DOWN_BOOK"
2026-09-23 01:34:20,1790127259,btc-updown-5m-1790127000,41,86622.35,86632.69,-10.339999999996508,0.010000000009313226,-6.25,-7.639999999999418,34.05000000000291,0.17,0.18,0.175,0.82,0.83,0.825,779.0,552.8499999999999,629.0400000000001,758.0,0.16980140406201907,-0.09297496827777131,-0.16999999999999998,-0.15000000000000002,-0.22000000000000003,1.01,WAIT,-4,"PM5-,PM15-,PM30-"
2026-09-23 01:34:22,1790127261,btc-updown-5m-1790127000,39,86622.35,86632.69,-10.339999999996508,0.0,0.0,-7.649999999994179,26.35000000000582,0.1,0.11,0.10500000000000001,0.89,0.9,0.895,416.21,1868.32,2076.06,381.63,-0.6356274594774418,0.6894400839812994,-0.215,-0.23,-0.53,1.01,WAIT,-6,DOWN_TOO_EXPENSIVE
2026-09-23 01:34:24,1790127263,btc-updown-5m-1790127000,37,86622.34,86632.69,-10.35000000000582,-0.010000000009313226,-0.010000000009313226,-7.6600000000034925,26.330000000001746,0.07,0.08,0.07500000000000001,0.92,0.93,0.925,703.3199999999999,529.81,437.88,1472.67,0.14070698142126134,-0.5416189055507575,-0.09,-0.21000000000000002,-0.54,1.01,WAIT,-3,"PM5-,PM15-,PM30-"
2026-09-23 01:34:26,1790127265,btc-updown-5m-1790127000,35,86614.02,86632.69,-18.669999999998254,-8.330000000001746,-8.330000000001746,-15.979999999995925,18.020000000004075,0.04,0.05,0.045,0.96,0.97,0.965,1923.8799999999999,1163.4799999999998,1495.23,6259.299999999999,0.24629456882255396,-0.6143596065783484,-0.13,-0.23000000000000004,-0.42,1.02,WAIT,-3,"PM5-,PM15-,PM30-"
2026-09-23 01:34:27,1790127267,btc-updown-5m-1790127000,33,86604.24,86632.69,-28.44999999999709,-18.110000000000582,-18.110000000000582,-25.75999999999476,8.230000000010477,0.02,0.03,0.025,0.97,0.98,0.975,4830.3099999999995,1791.96,1931.05,4968.969999999999,0.45880793141928666,-0.4402769847043921,-0.08000000000000002,-0.26,-0.38999999999999996,1.01,WAIT,-5,"BTC_BELOW,BTC5-,PM5-,PM15-,PM30-,UP_BOOK"
2026-09-23 01:34:29,1790127268,btc-updown-5m-1790127000,32,86604.1,86632.69,-28.589999999996508,-18.239999999990687,-18.25,-25.89999999999418,8.09000000001106,0.02,0.03,0.025,0.97,0.98,0.975,4958.95,2175.65,2154.49,4888.95,0.3901129705940066,-0.3882279113614938,-0.05000000000000001,-0.26,-0.38999999999999996,1.01,WAIT,-5,"BTC_BELOW,BTC5-,PM5-,PM15-,PM30-,UP_BOOK"
2026-09-23 01:34:31,1790127270,btc-updown-5m-1790127000,30,86604.11,86632.69,-28.580000000001746,-9.910000000003492,-18.229999999995925,-25.880000000004657,0.5399999999935972,0.02,0.03,0.025,0.97,0.98,0.975,3474.37,1669.6299999999999,1659.6299999999999,3497.02,0.35084370139968896,-0.3563146616504902,-0.019999999999999997,-0.31999999999999995,-0.38999999999999996,1.01,WAIT,-3,"BTC_BELOW,PM15-,PM30-,UP_BOOK"
2026-09-23 01:34:33,1790127272,btc-updown-5m-1790127000,28,86604.11,86632.69,-28.580000000001746,-0.1300000000046566,-18.24000000000524,-25.889999999999418,0.5399999999935972,0.01,0.02,0.015,0.98,0.99,0.985,2546.58,1492.63,1485.13,2531.58,0.2609297362603083,-0.26052416032026204,-0.010000000000000002,-0.305,-0.57,1.01,WAIT,-3,"BTC_BELOW,PM15-,PM30-,UP_BOOK"
2026-09-23 01:34:35,1790127274,btc-updown-5m-1790127000,26,86604.1,86632.69,-28.589999999996508,0.0,-18.25,-24.5,0.5299999999988358,,0.01,,0.99,,,0,4003.5299999999997,3993.9399999999996,0,-1.0,1.0,,,,,WAIT,-4,"BTC_BELOW,DOWN_BOOK"
2026-09-23 01:34:36,1790127276,btc-updown-5m-1790127000,24,86604.1,86632.69,-28.589999999996508,-0.00999999999476131,-18.25,-18.25,0.5200000000040745,,0.01,,0.99,,,0,2986.9700000000003,2927.05,0,-1.0,1.0,,,,,WAIT,-4,"BTC_BELOW,DOWN_BOOK"
2026-09-23 01:34:38,1790127277,btc-updown-5m-1790127000,23,86604.11,86632.69,-28.580000000001746,0.0,-18.24000000000524,-18.24000000000524,0.5299999999988358,,0.01,,0.99,,,0,6110.5199999999995,6110.5199999999995,0,-1.0,1.0,,,,,WAIT,-4,"BTC_BELOW,DOWN_BOOK"
2026-09-23 01:34:40,1790127279,btc-updown-5m-1790127000,21,86604.1,86632.69,-28.589999999996508,0.0,-18.239999999990687,-18.25,0.5200000000040745,,0.01,,0.99,,,0,15097.710000000001,15157.01,0,-1.0,1.0,,,,,WAIT,-4,"BTC_BELOW,DOWN_BOOK"
2026-09-23 01:34:41,1790127281,btc-updown-5m-1790127000,19,86604.11,86632.69,-28.580000000001746,0.00999999999476131,-9.910000000003492,-18.229999999995925,-9.89999999999418,,0.01,,0.99,,,0,29151.579999999998,29151.579999999998,0,-1.0,1.0,,,,,WAIT,0,TIME_FILTER
2026-09-23 01:34:43,1790127282,btc-updown-5m-1790127000,18,86604.1,86632.69,-28.589999999996508,-0.00999999999476131,-0.13999999999941792,-18.25,-9.90999999998894,,0.01,,0.99,,,0,35048.96,35048.96,0,-1.0,1.0,,,,,WAIT,0,TIME_FILTER
2026-09-23 01:34:45,1790127284,btc-updown-5m-1790127000,16,86604.1,86632.69,-28.589999999996508,0.0,0.0,-18.239999999990687,-9.919999999998254,,0.01,,0.99,,,0,35090.31,35185.31,0,-1.0,1.0,,,,,WAIT,0,TIME_FILTER
2026-09-23 01:34:47,1790127286,btc-updown-5m-1790127000,14,86604.11,86632.69,-28.580000000001746,0.0,0.0,-18.24000000000524,-9.910000000003492,,0.01,,0.99,,,0,35496.08,35461.0,0,-1.0,1.0,,,,,WAIT,0,TIME_FILTER
2026-09-23 01:34:48,1790127288,btc-updown-5m-1790127000,12,86604.11,86632.69,-28.580000000001746,0.00999999999476131,0.0,-18.24000000000524,-9.89999999999418,,0.01,,0.99,,,0,36801.92,37251.92,0,-1.0,1.0,,,,,WAIT,0,TIME_FILTER
2026-09-23 01:34:51,1790127289,btc-updown-5m-1790127000,11,86604.11,86632.69,-28.580000000001746,0.00999999999476131,0.00999999999476131,-18.24000000000524,-25.880000000004657,,0.01,,0.99,,,0,37442.97,37607.1,0,-1.0,1.0,,,,,WAIT,0,TIME_FILTER
2026-09-23 01:34:52,1790127292,btc-updown-5m-1790127000,8,86604.11,86632.69,-28.580000000001746,0.0,0.0,-18.24000000000524,-25.889999999999418,,0.01,,0.99,,,0,39338.75,40278.75,0,-1.0,1.0,,,,,WAIT,0,TIME_FILTER
2026-09-23 01:34:54,1790127293,btc-updown-5m-1790127000,7,86604.1,86632.69,-28.589999999996508,-0.00999999999476131,-0.00999999999476131,-18.239999999990687,-25.89999999999418,,0.01,,0.99,,,0,50321.75,50321.75,0,-1.0,1.0,,,,,WAIT,0,TIME_FILTER
2026-09-23 01:34:56,1790127295,btc-updown-5m-1790127000,5,86610.11,86632.69,-22.580000000001746,6.0,6.009999999994761,-3.9100000000034925,-19.889999999999418,,0.01,,0.99,,,0,51247.82,51242.82,0,-1.0,1.0,,,,,WAIT,0,TIME_FILTER
2026-09-23 01:34:58,1790127297,btc-updown-5m-1790127000,3,86610.12,86632.69,-22.570000000006985,6.009999999994761,6.019999999989523,5.879999999990105,-19.880000000004657,,0.01,,0.99,,,0,50743.509999999995,62271.93,0,-1.0,1.0,,,,,WAIT,0,TIME_FILTER
2026-09-23 01:34:59,1790127299,btc-updown-5m-1790127000,1,86610.11,86632.69,-22.580000000001746,6.009999999994761,6.009999999994761,6.009999999994761,-19.889999999999418,,0.01,,0.99,,,0,62307.29,62592.29,0,-1.0,1.0,,,,,WAIT,0,TIME_FILTER
2026-09-23 01:35:02,1790127300,btc-updown-5m-1790127300,300,86610.12,86610.12,0.0,,,,,0.41,0.42,0.415,0.58,0.59,0.585,2881.07,295.0,951.52,3041.07,0.8142358323336703,-0.5233570188774705,,,,1.01,WAIT,0,TIME_FILTER
2026-09-23 01:35:03,1790127303,btc-updown-5m-1790127300,297,86610.11,86610.12,-0.00999999999476131,,,,,0.42,0.43,0.425,0.57,0.58,0.575,1684.2,1738.73,2560.64,1629.2,-0.01593079613080021,0.22230920512477798,,,,1.01,WAIT,0,TIME_FILTER
2026-09-23 01:35:05,1790127304,btc-updown-5m-1790127300,296,86610.12,86610.12,0.0,,,,,0.43,0.44,0.435,0.56,0.57,0.565,1518.04,2684.5899999999997,2453.5899999999997,1618.04,-0.2775761844368883,0.20521265439148445,,,,1.01,WAIT,0,TIME_FILTER
2026-09-23 01:35:07,1790127306,btc-updown-5m-1790127300,294,86610.12,86610.12,0.0,0.0,,,,0.43,0.44,0.435,0.56,0.57,0.565,1666.99,2868.2099999999996,2880.0899999999997,1631.81,-0.2648659375551243,0.27666393315454685,0.020000000000000018,,,1.01,WAIT,0,TIME_FILTER
2026-09-23 01:35:08,1790127308,btc-updown-5m-1790127300,292,86610.11,86610.12,-0.00999999999476131,0.0,,,,0.43,0.44,0.435,0.56,0.57,0.565,2561.0699999999997,2181.64,2161.64,2607.0699999999997,0.08000278321887695,-0.09340681232450702,0.010000000000000009,,,1.01,WAIT,0,TIME_FILTER
2026-09-23 01:35:10,1790127309,btc-updown-5m-1790127300,291,86610.11,86610.12,-0.00999999999476131,-0.00999999999476131,,,,0.43,0.44,0.435,0.56,0.57,0.565,2642.3,2191.08,1938.0799999999997,2707.6,0.09335496071072422,-0.16564205885898303,0.0,,,1.01,WAIT,0,TIME_FILTER
2026-09-23 01:35:12,1790127311,btc-updown-5m-1790127300,289,86610.12,86610.12,0.0,0.0,,,,0.43,0.44,0.435,0.56,0.57,0.565,2594.95,2254.89,2083.89,2650.94,0.07011777708130576,-0.11976142754861319,0.0,,,1.01,WAIT,0,TIME_FILTER
2026-09-23 01:35:14,1790127313,btc-updown-5m-1790127300,287,86610.12,86610.12,0.0,0.00999999999476131,,,,0.43,0.44,0.435,0.56,0.57,0.565,2691.83,1735.9699999999998,2885.5699999999997,2124.04,0.21587695921224995,0.152013829419855,0.0,,,1.01,WAIT,0,TIME_FILTER
2026-09-23 01:35:15,1790127315,btc-updown-5m-1790127300,285,86610.12,86610.12,0.0,0.00999999999476131,0.0,,,0.43,0.44,0.435,0.56,0.57,0.565,2047.98,2856.41,2751.41,2048.2,-0.1648380328644337,0.14651398759482542,0.0,0.020000000000000018,,1.01,WAIT,0,TIME_FILTER
2026-09-23 01:35:17,1790127316,btc-updown-5m-1790127300,284,86604.11,86610.12,-6.009999999994761,-6.009999999994761,-6.009999999994761,,,0.37,0.38,0.375,0.62,0.63,0.625,1661.9900000000002,2651.98,2606.98,1641.5100000000002,-0.2294846742096027,0.22725015240709048,-0.06,-0.03999999999999998,,1.01,WAIT,0,TIME_FILTER
2026-09-23 01:35:19,1790127318,btc-updown-5m-1790127300,282,86582.02,86610.12,-28.09999999999127,-28.09999999999127,-28.089999999996508,,,0.27,0.28,0.275,0.72,0.73,0.725,990.1,864.6199999999999,1288.3,1671.23,0.06765441683919952,-0.12938878808459456,-0.15999999999999998,-0.14999999999999997,,1.01,WAIT,0,TIME_FILTER
2026-09-23 01:35:21,1790127320,btc-updown-5m-1790127300,280,86582.01,86610.12,-28.110000000000582,-28.110000000000582,-28.110000000000582,,,0.27,0.28,0.275,0.72,0.73,0.725,1385.47,2908.62,2736.62,2199.56,-0.35470844812288516,0.10880073255027164,-0.15999999999999998,-0.15999999999999998,,1.01,WAIT,0,TIME_FILTER
2026-09-23 01:35:22,1790127322,btc-updown-5m-1790127300,278,86582.01,86610.12,-28.110000000000582,-22.10000000000582,-28.110000000000582,,,0.27,0.28,0.275,0.72,0.73,0.725,2994.35,1265.17,1565.57,3830.44,0.40595653970400414,-0.41973050457652966,-0.09999999999999998,-0.15999999999999998,,1.01,WAIT,0,TIME_FILTER
2026-09-23 01:35:24,1790127323,btc-updown-5m-1790127300,277,86564.27,86610.12,-45.84999999999127,-17.75,-45.83999999999651,,,0.22,0.23,0.225,0.77,0.78,0.775,1771.82,1575.94,1809.18,2585.8799999999997,0.05851076540731709,-0.17672113691280658,-0.05000000000000002,-0.21,,1.01,WAIT,0,TIME_FILTER
2026-09-23 01:35:26,1790127325,btc-updown-5m-1790127300,275,86564.26,86610.12,-45.86000000000058,-17.75,-45.85000000000582,,,0.22,0.23,0.225,0.77,0.78,0.775,2948.9199999999996,1937.26,1983.08,2947.8599999999997,0.20704517639546635,-0.19565843429447527,-0.05000000000000002,-0.21,,1.01,WAIT,0,TIME_FILTER
2026-09-23 01:35:27,1790127327,btc-updown-5m-1790127300,273,86564.27,86610.12,-45.84999999999127,-17.739999999990687,-45.84999999999127,,,0.23,0.24,0.235,0.76,0.77,0.765,1978.69,2440.79,2585.79,795.0,-0.10455981246662502,0.5296957220058034,-0.040000000000000036,-0.2,,1.01,WAIT,0,TIME_FILTER
2026-09-23 01:35:29,1790127328,btc-updown-5m-1790127300,272,86564.27,86610.12,-45.84999999999127,0.0,-45.84999999999127,,,0.21,0.22,0.215,0.78,0.79,0.785,3565.3100000000004,1923.25,1872.79,3626.6600000000003,0.29917865523926135,-0.31891734628008256,-0.010000000000000009,-0.22,,1.01,WAIT,0,TIME_FILTER
2026-09-23 01:35:31,1790127330,btc-updown-5m-1790127300,270,86564.26,86610.12,-45.86000000000058,0.0,-45.86000000000058,-45.86000000000058,,0.22,0.23,0.225,0.77,0.78,0.775,4060.8399999999997,1558.25,1538.25,4034.5,0.4453728272727434,-0.4479386299403347,0.0,-0.21,-0.18999999999999997,1.01,WAIT,-7,DOWN_TOO_EXPENSIVE
2026-09-23 01:35:33,1790127332,btc-updown-5m-1790127300,268,86564.26,86610.12,-45.86000000000058,-0.010000000009313226,-39.85000000000582,-45.86000000000058,,0.23,0.24,0.235,0.76,0.77,0.765,2072.1899999999996,3085.67,3347.67,1922.19,-0.19649234372394764,0.270496749439264,0.0,-0.14,-0.18,1.01,WAIT,-10,DOWN_TOO_EXPENSIVE
2026-09-23 01:35:34,1790127334,btc-updown-5m-1790127300,266,86564.26,86610.12,-45.86000000000058,-0.010000000009313226,-17.760000000009313,-45.86000000000058,,0.23,0.24,0.235,0.76,0.77,0.765,1885.1899999999998,3446.67,3506.67,1859.8899999999999,-0.2928584021335895,0.30685951522017835,0.01999999999999999,-0.040000000000000036,-0.2,1.01,WAIT,-7,DOWN_TOO_EXPENSIVE
2026-09-23 01:35:36,1790127335,btc-updown-5m-1790127300,265,86564.26,86610.12,-45.86000000000058,0.0,-17.75,-45.86000000000058,,0.22,0.23,0.225,0.77,0.78,0.775,3174.59,3483.2699999999995,3473.2699999999995,3114.59,-0.04636324584776481,0.054445601454797064,0.0,-0.05000000000000002,-0.21,1.01,WAIT,-7,DOWN_TOO_EXPENSIVE
2026-09-23 01:35:38,1790127337,btc-updown-5m-1790127300,263,86564.25,86610.12,-45.86999999999534,-0.00999999999476131,-17.75999999999476,-45.86999999999534,,0.2,0.21,0.20500000000000002,0.79,0.8,0.795,3148.87,2356.74,2421.74,3084.6900000000005,0.14387688194405346,-0.12039561022295765,-0.02999999999999997,-0.07,-0.22999999999999998,1.01,WAIT,-7,DOWN_TOO_EXPENSIVE
2026-09-23 01:35:39,1790127339,btc-updown-5m-1790127300,261,86558.0,86610.12,-52.11999999999534,-6.259999999994761,-6.2700000000040745,-52.11000000000058,,0.17,0.18,0.175,0.82,0.83,0.825,3552.7199999999993,2091.26,1772.7,3584.8999999999996,0.2589413853344624,-0.33824846946393905,-0.06,-0.05000000000000002,-0.26,1.01,WAIT,-7,DOWN_TOO_EXPENSIVE
2026-09-23 01:35:41,1790127340,btc-updown-5m-1790127300,260,86545.16,86610.12,-64.95999999999185,-19.09999999999127,-19.09999999999127,-64.94999999999709,,0.16,0.17,0.165,0.83,0.84,0.835,2087.01,3365.86,3432.86,2097.01,-0.2345278724781628,0.2415698741561736,-0.06,-0.06,-0.27,1.01,WAIT,-10,DOWN_TOO_EXPENSIVE
2026-09-23 01:35:43,1790127342,btc-updown-5m-1790127300,258,86545.16,86610.12,-64.95999999999185,-19.089999999996508,-19.110000000000582,-64.95999999999185,,0.16,0.17,0.165,0.83,0.84,0.835,2391.58,3566.66,3591.66,2456.58,-0.19721931308574345,0.18767112416173962,-0.04000000000000001,-0.06999999999999998,-0.27,1.01,WAIT,-10,DOWN_TOO_EXPENSIVE
2026-09-23 01:35:45,1790127344,btc-updown-5m-1790127300,256,86545.16,86610.12,-64.95999999999185,-12.839999999996508,-19.110000000000582,-64.95999999999185,,0.16,0.17,0.165,0.83,0.84,0.835,3548.42,2991.7000000000003,2996.7000000000003,3498.42,0.0851238203580362,-0.07724568599194469,-0.009999999999999981,-0.04999999999999999,-0.27,1.01,WAIT,-7,DOWN_TOO_EXPENSIVE
2026-09-23 01:35:46,1790127346,btc-updown-5m-1790127300,254,86545.17,86610.12,-64.94999999999709,0.00999999999476131,-19.089999999996508,-58.94000000000233,,0.16,0.17,0.165,0.83,0.84,0.835,3355.6499999999996,3298.87,3406.87,3340.6499999999996,0.008532546299357392,0.009813976097884891,0.0,-0.06,-0.21,1.01,WAIT,-8,DOWN_TOO_EXPENSIVE
2026-09-23 01:35:48,1790127347,btc-updown-5m-1790127300,253,86540.01,86610.12,-70.11000000000058,-5.150000000008731,-24.25,-64.10000000000582,,0.16,0.17,0.165,0.83,0.85,0.84,418.84999999999997,3347.46,3082.46,339.13,-0.7775807089697875,0.8017705218918689,0.0,-0.06999999999999998,-0.21,1.02,WAIT,-12,DOWN_TOO_EXPENSIVE
2026-09-23 01:35:50,1790127349,btc-updown-5m-1790127300,251,86534.01,86610.12,-76.11000000000058,-11.150000000008731,-30.25,-48.01000000000931,,0.11,0.12,0.11499999999999999,0.88,0.89,0.885,2703.6,3780.93,3770.93,2708.6,-0.1661384865209969,0.16395170637376477,-0.05000000000000002,-0.12,-0.16000000000000003,1.01,WAIT,-12,DOWN_TOO_EXPENSIVE
2026-09-23 01:35:51,1790127351,btc-updown-5m-1790127300,249,86528.0,86610.12,-82.11999999999534,-17.169999999998254,-36.25999999999476,-54.00999999999476,,0.1,0.11,0.10500000000000001,0.89,0.9,0.895,3402.1400000000003,3524.74,3300.89,2487.4900000000002,-0.017699166146952085,0.1405229096914853,-0.06,-0.12,-0.17,1.01,WAIT,-12,DOWN_TOO_EXPENSIVE
2026-09-23 01:35:53,1790127352,btc-updown-5m-1790127300,248,86515.32,86610.12,-94.79999999998836,-24.689999999987776,-48.929999999993015,-66.68999999998778,,0.09,0.1,0.095,0.9,0.91,0.905,1862.74,4007.8500000000004,4401.88,1439.13,-0.36539938915850034,0.5072324820536174,-0.07,-0.11000000000000001,-0.18000000000000002,1.01,WAIT,-14,DOWN_TOO_EXPENSIVE
2026-09-23 01:35:55,1790127354,btc-updown-5m-1790127300,246,86507.1,86610.12,-103.01999999998952,-26.90999999998894,-50.89999999999418,-57.169999999998254,,0.08,0.09,0.08499999999999999,0.91,0.92,0.915,2933.7,4309.51,4379.72,2694.3999999999996,-0.1899447896719825,0.2382374062074153,-0.03,-0.09,-0.14,1.01,WAIT,-12,DOWN_TOO_EXPENSIVE
2026-09-23 01:35:57,1790127356,btc-updown-5m-1790127300,244,86507.1,86610.12,-103.01999999998952,-20.89999999999418,-38.05999999999767,-57.15999999998894,,0.08,0.09,0.08499999999999999,0.91,0.92,0.915,3050.59,4062.97,4057.95,2907.0,-0.14231692710822708,0.16524885318631144,-0.020000000000000018,-0.08000000000000002,-0.14,1.01,WAIT,-11,DOWN_TOO_EXPENSIVE
2026-09-23 01:35:58,1790127358,btc-updown-5m-1790127300,242,86507.11,86610.12,-103.00999999999476,-8.210000000006403,-38.05000000000291,-57.16000000000349,,0.08,0.09,0.08499999999999999,0.91,0.92,0.915,2267.19,4167.3,4393.3,2353.19,-0.2953007930698471,0.3023957643159628,-0.010000000000000009,-0.08000000000000002,-0.13,1.01,WAIT,-12,DOWN_TOO_EXPENSIVE
2026-09-23 01:36:00,1790127359,btc-updown-5m-1790127300,241,86507.11,86610.12,-103.00999999999476,0.00999999999476131,-38.05000000000291,-57.16000000000349,,0.08,0.09,0.08499999999999999,0.91,0.92,0.915,2691.3799999999997,4203.34,4292.04,2382.62,-0.2192924440731459,0.28607000206752103,0.0,-0.08000000000000002,-0.13,1.01,WAIT,-11,DOWN_TOO_EXPENSIVE
2026-09-23 01:36:02,1790127361,btc-updown-5m-1790127300,239,86507.11,86610.12,-103.00999999999476,0.00999999999476131,-38.05999999999767,-57.14999999999418,-103.00999999999476,0.08,0.09,0.08499999999999999,0.91,0.92,0.915,2235.91,3617.87,3610.37,2279.91,-0.23607993467468885,0.22587381245034194,0.0,-0.08000000000000002,-0.14,1.01,WAIT,-11,DOWN_TOO_EXPENSIVE
2026-09-23 01:36:03,1790127363,btc-updown-5m-1790127300,237,86507.1,86610.12,-103.01999999998952,-0.00999999999476131,-32.90999999998894,-57.15999999998894,-103.00999999999476,0.08,0.09,0.08499999999999999,0.91,0.92,0.915,2092.64,3645.8,3790.8,2246.64,-0.27065892472518666,0.2557640324375895,0.0,-0.08000000000000002,-0.15,1.01,WAIT,-13,DOWN_TOO_EXPENSIVE
2026-09-23 01:36:05,1790127365,btc-updown-5m-1790127300,235,86507.1,86610.12,-103.01999999998952,-0.00999999999476131,-26.90999999998894,-57.15999999998894,-103.01999999998952,0.07,0.08,0.07500000000000001,0.92,0.93,0.925,2437.79,3645.53,3535.53,3444.25,-0.198533037880631,0.013077776090363907,-0.009999999999999981,-0.03999999999999998,-0.15,1.01,WAIT,-9,DOWN_TOO_EXPENSIVE
2026-09-23 01:36:07,1790127366,btc-updown-5m-1790127300,234,86507.11,86610.12,-103.00999999999476,0.0,-20.889999999999418,-57.14999999999418,-103.00999999999476,0.08,0.09,0.08499999999999999,0.91,0.92,0.915,3731.87,2863.2200000000003,2743.2200000000003,3700.72,0.13171162182775362,-0.14858921715596352,0.0,-0.020000000000000018,-0.14,1.01,WAIT,-9,DOWN_TOO_EXPENSIVE
2026-09-23 01:36:09,1790127368,btc-updown-5m-1790127300,232,86507.1,86610.12,-103.01999999998952,0.0,-8.220000000001164,-57.14999999999418,-103.00999999999476,0.08,0.09,0.08499999999999999,0.91,0.92,0.915,2974.73,3244.6799999999994,3143.6799999999994,3063.49,-0.04340443868469829,0.012918930849324186,0.0,-0.010000000000000009,-0.12000000000000002,1.01,WAIT,-7,DOWN_TOO_EXPENSIVE
2026-09-23 01:36:10,1790127370,btc-updown-5m-1790127300,230,86507.1,86610.12,-103.01999999998952,0.0,0.0,-38.05999999999767,-103.00999999999476,0.08,0.09,0.08499999999999999,0.91,0.92,0.915,2164.27,3445.35,3415.35,2124.27,-0.22837197528531344,0.23306291767305337,0.009999999999999981,0.0,-0.08000000000000002,1.01,WAIT,-7,DOWN_TOO_EXPENSIVE
2026-09-23 01:36:12,1790127371,btc-updown-5m-1790127300,229,86507.1,86610.12,-103.01999999998952,-0.00999999999476131,0.0,-38.05999999999767,-103.01999999998952,0.07,0.09,0.08,0.92,0.93,0.925,1991.15,3396.87,3135.4100000000003,3209.05,-0.260897324063385,-0.011606976795503456,-0.0049999999999999906,-0.0049999999999999906,-0.085,1.02,WAIT,-8,DOWN_TOO_EXPENSIVE
2026-09-23 01:36:14,1790127373,btc-updown-5m-1790127300,227,86507.11,86610.12,-103.00999999999476,0.00999999999476131,0.0,-38.05000000000291,-103.00999999999476,0.07,0.08,0.07500000000000001,0.92,0.93,0.925,2066.95,3518.1800000000003,3533.8,2737.5,-0.2598381774461831,0.12697526828568242,-0.009999999999999981,-0.009999999999999981,-0.09,1.01,WAIT,-8,DOWN_TOO_EXPENSIVE
2026-09-23 01:36:16,1790127375,btc-updown-5m-1790127300,225,86507.11,86610.12,-103.00999999999476,0.00999999999476131,0.0,-38.05000000000291,-103.00999999999476,0.07,0.08,0.07500000000000001,0.92,0.93,0.925,1885.58,3607.4100000000003,3597.4100000000003,3006.03,-0.31345951840436637,0.0895563524466036,-0.009999999999999981,-0.009999999999999981,-0.09,1.01,WAIT,-8,DOWN_TOO_EXPENSIVE
2026-09-23 01:36:17,1790127377,btc-updown-5m-1790127300,223,86507.11,86610.12,-103.00999999999476,0.00999999999476131,0.0,-32.89999999999418,-97.0,0.07,0.08,0.07500000000000001,0.92,0.93,0.925,1859.0,3623.0,3628.0,2730.46,-0.321780372126961,0.1411568209912463,-0.0049999999999999906,-0.009999999999999981,-0.09,1.01,WAIT,-8,DOWN_TOO_EXPENSIVE
2026-09-23 01:36:19,1790127378,btc-updown-5m-1790127300,222,86507.11,86610.12,-103.00999999999476,0.0,0.00999999999476131,-32.89999999999418,-74.91000000000349,0.07,0.08,0.07500000000000001,0.92,0.93,0.925,2010.84,3530.2000000000003,3570.2000000000003,2882.3,-0.2742012329815342,0.10660984114684233,0.0,-0.009999999999999981,-0.09,1.01,WAIT,-8,DOWN_TOO_EXPENSIVE
2026-09-23 01:36:21,1790127380,btc-updown-5m-1790127300,220,86517.45,86610.12,-92.66999999999825,10.339999999996508,10.349999999991269,-16.55999999999767,-64.55999999999767,0.09,0.1,0.095,0.9,0.91,0.905,1811.1100000000001,3118.35,3183.3499999999995,1896.1100000000001,-0.2651892905105224,0.25342063920180485,0.01999999999999999,0.01999999999999999,-0.01999999999999999,1.01,WAIT,-5,"BTC_BELOW,BTC5+,BTC60-,DOWN_BOOK"
2026-09-23 01:36:23,1790127382,btc-updown-5m-1790127300,218,86517.45,86610.12,-92.66999999999825,10.339999999996508,10.339999999996508,2.1299999999901047,-64.55999999999767,0.08,0.09,0.08499999999999999,0.91,0.92,0.915,2878.29,2803.07,2817.9300000000003,2868.29,0.013239787656476583,-0.008856498693332243,0.009999999999999981,0.0,-0.010000000000000009,1.01,WAIT,-3,"BTC_BELOW,BTC5+,BTC60-"
2026-09-23 01:36:24,1790127384,btc-updown-5m-1790127300,216,86517.45,86610.12,-92.66999999999825,10.339999999996508,10.349999999991269,10.349999999991269,-46.820000000006985,0.07,0.08,0.07500000000000001,0.92,0.93,0.925,1855.98,3284.0600000000004,3314.0600000000004,2744.43,-0.2778344137399709,0.09402177770368533,0.0,-0.009999999999999981,-0.009999999999999981,1.01,WAIT,-4,"BTC_BELOW,BTC5+,BTC60-"
2026-09-23 01:36:26,1790127385,btc-updown-5m-1790127300,215,86517.45,86610.12,-92.66999999999825,0.0,10.349999999991269,10.349999999991269,-46.80999999999767,0.06,0.07,0.065,0.93,0.94,0.935,4271.91,2637.5299999999997,2652.5299999999997,4271.91,0.23654304835124124,-0.2338643991427466,-0.03,-0.01999999999999999,-0.01999999999999999,1.01,WAIT,-5,"BTC_BELOW,BTC60-,PM5-"
2026-09-23 01:36:28,1790127387,btc-updown-5m-1790127300,213,86511.47,86610.12,-98.64999999999418,-5.9799999999959255,4.369999999995343,4.369999999995343,-52.80000000000291,0.06,0.07,0.065,0.93,0.94,0.935,4590.799999999999,3361.6400000000003,3392.21,4585.48,0.1545638822801554,-0.14957587973460984,-0.01999999999999999,-0.015,-0.01999999999999999,1.01,WAIT,-4,"BTC_BELOW,BTC60-"
2026-09-23 01:36:30,1790127389,btc-updown-5m-1790127300,211,86511.48,86610.12,-98.63999999999942,-5.970000000001164,4.369999999995343,4.369999999995343,-52.79000000000815,0.06,0.07,0.065,0.93,0.94,0.935,4464.8099999999995,3392.63,3402.63,4459.8099999999995,0.13645411228084459,-0.13445953164666433,-0.010000000000000009,-0.010000000000000009,-0.01999999999999999,1.01,WAIT,-4,"BTC_BELOW,BTC60-"
2026-09-23 01:36:31,1790127391,btc-updown-5m-1790127300,209,86511.47,86610.12,-98.64999999999418,-5.9799999999959255,4.360000000000582,4.360000000000582,-52.7899999999936,0.06,0.07,0.065,0.93,0.94,0.935,4188.009999999999,3547.63,3566.2000000000003,4188.009999999999,0.08278306643018538,-0.08018998711667585,0.0,-0.010000000000000009,-0.01999999999999999,1.01,WAIT,-4,"BTC_BELOW,BTC60-"
2026-09-23 01:36:33,1790127392,btc-updown-5m-1790127300,208,86511.47,86610.12,-98.64999999999418,0.0,4.360000000000582,4.360000000000582,-52.7899999999936,0.06,0.07,0.065,0.93,0.94,0.935,3916.47,3683.14,3693.14,3926.47,0.03070289133258153,-0.030622302191319496,0.0,-0.010000000000000009,-0.01999999999999999,1.01,WAIT,-4,"BTC_BELOW,BTC60-"
2026-09-23 01:36:35,1790127394,btc-updown-5m-1790127300,206,86511.47,86610.12,-98.64999999999418,-0.00999999999476131,4.360000000000582,4.369999999995343,-52.7899999999936,0.06,0.07,0.065,0.93,0.94,0.935,3918.47,3669.14,3669.14,3928.47,0.032860149638687275,-0.0341331023835127,0.0,-0.010000000000000009,-0.01999999999999999,1.01,WAIT,-4,"BTC_BELOW,BTC60-"
2026-09-23 01:36:37,1790127396,btc-updown-5m-1790127300,204,86504.2,86610.12,-105.91999999999825,-7.2700000000040745,-13.25,-2.9100000000034925,-60.05999999999767,0.04,0.05,0.045,0.96,0.97,0.965,3505.24,3639.2799999999997,3140.5800000000004,14109.44,-0.018761232385100746,-0.6358752047823713,-0.020000000000000004,-0.05,-0.039999999999999994,1.02,WAIT,-5,"BTC_BELOW,BTC60-,PM15-"
2026-09-23 01:36:38,1790127398,btc-updown-5m-1790127300,202,86490.0,86610.12,-120.11999999999534,-21.470000000001164,-27.44999999999709,-17.10000000000582,-74.25,0.03,0.04,0.035,0.96,0.97,0.965,13045.01,3910.2400000000002,3910.2400000000002,13087.77,0.5387576119491013,-0.5399179080374702,-0.03,-0.04999999999999999,-0.04999999999999999,1.01,WAIT,-6,DOWN_TOO_EXPENSIVE
2026-09-23 01:36:40,1790127399,btc-updown-5m-1790127300,201,86490.01,86610.12,-120.11000000000058,-21.460000000006403,-27.44000000000233,-17.09000000001106,-67.99000000000524,0.03,0.04,0.035,0.96,0.97,0.965,13005.630000000001,3947.26,3893.2400000000002,13160.630000000001,0.5343260057724671,-0.5434185906190208,-0.03,-0.04000000000000001,-0.04999999999999999,1.01,WAIT,-6,DOWN_TOO_EXPENSIVE
2026-09-23 01:36:42,1790127401,btc-updown-5m-1790127300,199,86490.01,86610.12,-120.11000000000058,-14.190000000002328,-27.44000000000233,-17.09000000001106,-55.15000000000873,0.03,0.04,0.035,0.96,0.97,0.965,12965.810000000001,3726.2400000000002,3920.26,12920.810000000001,0.5535311720250059,-0.5344405076399541,-0.009999999999999995,-0.03,-0.045,1.01,WAIT,-5,"BTC_BELOW,BTC5-,BTC15-,BTC60-,UP_BOOK"
2026-09-23 01:36:43,1790127403,btc-updown-5m-1790127300,197,86490.01,86610.12,-120.11000000000058,0.00999999999476131,-21.460000000006403,-17.10000000000582,-55.15000000000873,0.03,0.04,0.035,0.96,0.97,0.965,12659.29,3897.7700000000004,3892.46,12659.29,0.5291712417542728,-0.5296618182367424,0.0,-0.03,-0.04000000000000001,1.01,WAIT,-4,"BTC_BELOW,BTC15-,BTC60-,UP_BOOK"
2026-09-23 01:36:45,1790127404,btc-updown-5m-1790127300,196,86486.75,86610.12,-123.36999999999534,-3.2599999999947613,-24.729999999995925,-20.360000000000582,-58.41000000000349,0.03,0.04,0.035,0.96,0.97,0.965,12342.69,3892.46,3953.46,12321.630000000001,0.5204898014493244,-0.5141704285506257,0.0,-0.03,-0.04000000000000001,1.01,WAIT,-4,"BTC_BELOW,BTC15-,BTC60-,UP_BOOK"
2026-09-23 01:36:47,1790127406,btc-updown-5m-1790127300,194,86486.63,86610.12,-123.48999999999069,-3.3799999999901047,-24.839999999996508,-20.479999999995925,-58.5399999999936,0.03,0.04,0.035,0.96,0.97,0.965,12706.37,3923.7200000000003,3869.84,12428.77,0.5281180077798738,-0.5251325113000433,0.0,-0.03,-0.04000000000000001,1.01,WAIT,-4,"BTC_BELOW,BTC15-,BTC60-,UP_BOOK"
2026-09-23 01:36:49,1790127408,btc-updown-5m-1790127300,192,86486.63,86610.12,-123.48999999999069,-3.3799999999901047,-24.839999999996508,-20.479999999995925,-53.379999999990105,0.03,0.04,0.035,0.96,0.97,0.965,12842.880000000001,3170.05,3236.19,12831.730000000001,0.6040637160094999,-0.5971861946039064,0.0,-0.03,-0.04000000000000001,1.01,WAIT,-4,"BTC_BELOW,BTC15-,BTC60-,UP_BOOK"
2026-09-23 01:36:50,1790127410,btc-updown-5m-1790127300,190,86486.62,86610.12,-123.5,-0.1300000000046566,-24.85000000000582,-30.830000000001746,-47.38999999999942,0.04,0.05,0.045,0.95,0.96,0.955,2735.1299999999997,4302.43,4302.43,12801.330000000002,-0.2227050284473597,-0.4969024354878694,0.009999999999999995,-0.020000000000000004,-0.05,1.01,WAIT,-7,DOWN_TOO_EXPENSIVE
2026-09-23 01:36:52,1790127411,btc-updown-5m-1790127300,189,86486.63,86610.12,-123.48999999999069,0.0,-17.569999999992433,-30.819999999992433,-41.36999999999534,0.03,0.04,0.035,0.96,0.97,0.965,12725.28,3237.0800000000004,3307.0800000000004,12725.28,0.5944108515282202,-0.5874493836216252,0.0,-0.009999999999999995,-0.06,1.01,WAIT,-4,"BTC_BELOW,BTC30-,BTC60-,UP_BOOK"
2026-09-23 01:36:54,1790127413,btc-updown-5m-1790127300,187,86486.62,86610.12,-123.5,-0.010000000009313226,-3.3800000000046566,-30.830000000001746,-28.70000000001164,0.03,0.04,0.035,0.96,0.97,0.965,12411.130000000001,3376.0800000000004,3399.9900000000002,7141.12,0.5723018823465325,-0.3549085437871343,0.0,0.0,-0.04999999999999999,1.01,WAIT,-3,"BTC_BELOW,BTC30-,UP_BOOK"
2026-09-23 01:36:56,1790127415,btc-updown-5m-1790127300,185,86470.58,86610.12,-139.5399999999936,-16.039999999993597,-19.429999999993015,-46.86999999999534,-36.520000000004075,0.03,0.04,0.035,0.97,0.98,0.975,6018.57,4239.0,3646.55,5931.16,0.17348845779263508,-0.23853405459133759,-0.009999999999999995,0.0,-0.03,1.02,WAIT,-6,DOWN_TOO_EXPENSIVE
2026-09-23 01:36:57,1790127417,btc-updown-5m-1790127300,183,86470.59,86610.12,-139.52999999999884,-16.04000000000815,-19.419999999998254,-40.88000000000466,-36.51000000000931,0.02,0.03,0.025,0.97,0.98,0.975,6137.62,3634.5200000000004,3629.4700000000003,5906.62,0.25614655541160886,-0.23879283857430034,-0.010000000000000002,-0.010000000000000002,-0.04,1.01,WAIT,-5,"BTC_BELOW,BTC5-,BTC30-,UP_BOOK"
2026-09-23 01:36:59,1790127418,btc-updown-5m-1790127300,182,86470.58,86610.12,-139.5399999999936,-16.039999999993597,-19.429999999993015,-40.88999999999942,-36.529999999998836,0.02,0.03,0.025,0.97,0.98,0.975,6554.49,3062.2000000000003,3032.2000000000003,6554.49,0.3631488589109142,-0.3674146133858505,-0.010000000000000002,-0.010000000000000002,-0.04,1.01,WAIT,-4,"BTC_BELOW,BTC5-,BTC30-,UP_BOOK"
2026-09-23 01:37:01,1790127420,btc-updown-5m-1790127300,180,86470.58,86610.12,-139.5399999999936,0.0,-16.169999999998254,-40.89999999999418,-36.529999999998836,0.02,0.03,0.025,0.97,0.98,0.975,6411.219999999999,3052.3900000000003,3082.3900000000003,6401.11,0.3549205852734843,-0.34994674961775707,-0.010000000000000002,-0.010000000000000002,-0.04,1.01,WAIT,-3,"BTC_BELOW,BTC30-,UP_BOOK"
2026-09-23 01:37:03,1790127422,btc-updown-5m-1790127300,178,86470.58,86610.12,-139.5399999999936,-0.00999999999476131,-16.05000000000291,-40.88999999999942,-36.529999999998836,0.02,0.03,0.025,0.97,0.98,0.975,5384.48,3967.3500000000004,4011.59,5341.15,0.1515350471511992,-0.1421572715589228,0.0,-0.010000000000000002,-0.04,1.01,WAIT,-5,"BTC_BELOW,BTC30-"
2026-09-23 01:37:04,1790127424,btc-updown-5m-1790127300,176,86466.8,86610.12,-143.31999999999243,-3.779999999998836,-19.830000000001746,-44.669999999998254,-40.30000000000291,0.02,0.03,0.025,0.97,0.98,0.975,5177.259999999999,3410.8,3445.82,5207.259999999999,0.20568789691734796,-0.20356219981786822,0.0,-0.010000000000000002,-0.04,1.01,WAIT,-6,DOWN_TOO_EXPENSIVE
2026-09-23 01:37:06,1790127425,btc-updown-5m-1790127300,175,86466.79,86610.12,-143.33000000000175,-3.790000000008149,-19.830000000001746,-44.68000000000757,-40.310000000012224,0.02,0.03,0.025,0.97,0.98,0.975,5222.049999999999,3770.8700000000003,3811.8,5212.049999999999,0.16136916596611545,-0.15517212719626317,0.0,-0.019999999999999997,-0.04,1.01,WAIT,-6,DOWN_TOO_EXPENSIVE
2026-09-23 01:37:08,1790127427,btc-updown-5m-1790127300,173,86464.01,86610.12,-146.11000000000058,-6.570000000006985,-22.620000000009895,-40.19000000000233,-43.10000000000582,0.02,0.03,0.025,0.97,0.98,0.975,5265.25,3882.8,3917.9500000000003,5260.2,0.15111963751837823,-0.14624406879382007,0.0,-0.010000000000000002,-0.019999999999999997,1.01,WAIT,-8,DOWN_TOO_EXPENSIVE
2026-09-23 01:37:10,1790127429,btc-updown-5m-1790127300,171,86459.85,86610.12,-150.26999999998952,-6.94999999999709,-26.769999999989523,-30.15999999998894,-47.25,0.01,0.02,0.015,0.98,0.99,0.985,4939.43,3123.65,3116.51,4862.4,0.22519682305024882,-0.21881309602439425,-0.010000000000000002,-0.020000000000000004,-0.020000000000000004,1.01,WAIT,-8,DOWN_TOO_EXPENSIVE
2026-09-23 01:37:11,1790127431,btc-updown-5m-1790127300,169,86459.85,86610.12,-150.26999999998952,-6.939999999987776,-10.729999999995925,-30.15999999998894,-47.25,0.01,0.02,0.015,0.98,0.99,0.985,4973.42,3500.81,3151.51,5158.5,0.1737750804497872,-0.24151475148646026,-0.010000000000000002,-0.020000000000000004,-0.020000000000000004,1.01,WAIT,-6,DOWN_TOO_EXPENSIVE
2026-09-23 01:37:13,1790127432,btc-updown-5m-1790127300,168,86461.25,86610.12,-148.86999999999534,-2.7599999999947613,-9.339999999996508,-28.75999999999476,-45.85000000000582,0.01,0.02,0.015,0.98,0.99,0.985,4413.36,3246.7400000000002,3226.51,4508.51,0.15229827286850034,-0.1657397136658987,-0.010000000000000002,-0.010000000000000002,-0.020000000000000004,1.01,WAIT,-4,"BTC_BELOW,BTC60-"
2026-09-23 01:37:15,1790127434,btc-updown-5m-1790127300,166,86461.24,86610.12,-148.8799999999901,1.389999999999418,-9.339999999996508,-25.50999999999476,-45.86999999999534,0.01,0.02,0.015,0.98,0.99,0.985,4033.27,3349.5,3349.5,4043.27,0.09261699876875482,-0.09384439120924903,0.0,-0.010000000000000002,-0.020000000000000004,1.01,WAIT,-4,"BTC_BELOW,BTC60-"
2026-09-23 01:37:17,1790127436,btc-updown-5m-1790127300,164,86461.24,86610.12,-148.8799999999901,1.389999999999418,-9.339999999996508,-25.389999999999418,-45.86999999999534,0.01,0.02,0.015,0.98,0.99,0.985,4009.27,3315.81,3315.81,4019.27,0.0946692732366063,-0.0959035211613234,0.0,-0.010000000000000002,-0.020000000000000004,1.01,WAIT,-4,"BTC_BELOW,BTC60-"
2026-09-23 01:37:18,1790127438,btc-updown-5m-1790127300,162,86461.24,86610.12,-148.8799999999901,-0.00999999999476131,-9.339999999996508,-25.389999999999418,-45.86999999999534,0.01,0.02,0.015,0.98,0.99,0.985,3993.27,3274.5,3614.5,3993.27,0.09889828654456594,-0.04978725697543432,0.0,-0.010000000000000002,-0.020000000000000004,1.01,WAIT,-4,"BTC_BELOW,BTC60-"
2026-09-23 01:37:20,1790127439,btc-updown-5m-1790127300,161,86461.25,86610.12,-148.86999999999534,0.00999999999476131,-5.55000000000291,-25.380000000004657,-45.86000000000058,0.01,0.02,0.015,0.98,0.99,0.985,3933.21,3677.92,3647.92,3833.21,0.0335416685827203,-0.024767648737557022,0.0,-0.010000000000000002,-0.020000000000000004,1.01,WAIT,-4,"BTC_BELOW,BTC60-"
2026-09-23 01:37:22,1790127441,btc-updown-5m-1790127300,159,86461.25,86610.12,-148.86999999999534,0.00999999999476131,-5.539999999993597,-25.380000000004657,-56.19999999999709,0.01,0.02,0.015,0.98,0.99,0.985,3853.21,3615.81,3625.81,3853.21,0.03178462502443427,-0.030405053068450157,0.0,-0.010000000000000002,-0.020000000000000004,1.01,WAIT,-4,"BTC_BELOW,BTC60-"
2026-09-23 01:37:24,1790127443,btc-updown-5m-1790127300,157,86461.25,86610.12,-148.86999999999534,0.00999999999476131,-2.7599999999947613,-25.369999999995343,-56.19999999999709,0.01,0.02,0.015,0.98,0.99,0.985,3843.21,3868.81,3863.81,3591.64,-0.0033194934660439037,0.0365061800427875,0.0,-0.010000000000000002,-0.020000000000000004,1.01,WAIT,-4,"BTC_BELOW,BTC60-"
2026-09-23 01:37:25,1790127445,btc-updown-5m-1790127300,155,86461.24,86610.12,-148.8799999999901,-0.00999999999476131,1.389999999999418,-9.339999999996508,-56.20999999999185,0.01,0.02,0.015,0.98,0.99,0.985,2962.64,4004.87,3867.1800000000003,3062.64,-0.14958428477318295,0.1160982536342936,0.0,0.0,-0.020000000000000004,1.01,WAIT,-4,"BTC_BELOW,BTC60-"
2026-09-23 01:37:27,1790127446,btc-updown-5m-1790127300,154,86461.25,86610.12,-148.86999999999534,0.0,1.3999999999941792,-9.330000000001746,-56.19999999999709,0.01,0.02,0.015,0.98,0.99,0.985,3074.68,4235.77,4363.46,3074.68,-0.1588260640589841,0.173266434888292,0.0,0.0,-0.020000000000000004,1.01,WAIT,-4,"BTC_BELOW,BTC60-"
2026-09-23 01:37:29,1790127448,btc-updown-5m-1790127300,152,86461.25,86610.12,-148.86999999999534,0.0,0.0,-9.330000000001746,-50.220000000001164,0.01,0.02,0.015,0.98,0.99,0.985,3264.32,4169.74,4352.43,3245.62,-0.12179347489796957,0.14567027066155136,0.0,0.0,-0.010000000000000002,1.01,WAIT,-4,"BTC_BELOW,BTC60-"
2026-09-23 01:37:31,1790127450,btc-updown-5m-1790127300,150,86461.25,86610.12,-148.86999999999534,0.00999999999476131,0.00999999999476131,-9.330000000001746,-50.229999999995925,0.01,0.02,0.015,0.98,0.99,0.985,3065.45,4508.88,4518.88,3045.45,-0.1905686707603181,0.1947865838745798,0.0,0.0,-0.010000000000000002,1.01,WAIT,-4,"BTC_BELOW,BTC60-"
2026-09-23 01:37:32,1790127452,btc-updown-5m-1790127300,148,86461.25,86610.12,-148.86999999999534,0.0,0.00999999999476131,-9.330000000001746,-50.220000000001164,0.01,0.02,0.015,0.98,0.99,0.985,2640.45,4518.59,4518.59,2640.45,-0.26234523064544973,0.26234523064544973,0.0,0.0,-0.010000000000000002,1.01,WAIT,-6,DOWN_TOO_EXPENSIVE
2026-09-23 01:37:34,1790127453,btc-updown-5m-1790127300,147,86461.24,86610.12,-148.8799999999901,-0.00999999999476131,0.0,-9.339999999996508,-50.229999999995925,,0.01,,0.99,,,0,7105.08,9611.08,0,-1.0,1.0,,,,,WAIT,-6,DOWN_TOO_EXPENSIVE
2026-09-23 01:37:36,1790127455,btc-updown-5m-1790127300,145,86452.01,86610.12,-158.11000000000058,-9.240000000005239,-9.240000000005239,-14.779999999998836,-59.4600000000064,,0.01,,0.99,,,0,9852.96,9862.96,0,-1.0,1.0,,,,,WAIT,-6,DOWN_TOO_EXPENSIVE
2026-09-23 01:37:38,1790127457,btc-updown-5m-1790127300,143,86446.95,86610.12,-163.16999999999825,-14.30000000000291,-14.30000000000291,-17.05999999999767,-57.25,,0.01,,0.99,,,0,12758.46,12773.17,0,-1.0,1.0,,,,,WAIT,-7,DOWN_TOO_EXPENSIVE
2026-09-23 01:37:39,1790127459,btc-updown-5m-1790127300,141,86446.01,86610.12,-164.11000000000058,-15.230000000010477,-15.240000000005239,-13.84000000001106,-44.0,,0.01,,0.99,,,0,12973.17,12986.93,0,-1.0,1.0,,,,,WAIT,-7,DOWN_TOO_EXPENSIVE
2026-09-23 01:37:41,1790127460,btc-updown-5m-1790127300,140,86442.0,86610.12,-168.11999999999534,-10.009999999994761,-19.24000000000524,-17.85000000000582,-48.00999999999476,,0.01,,0.99,,,0,12966.93,12971.93,0,-1.0,1.0,,,,,WAIT,-7,DOWN_TOO_EXPENSIVE
2026-09-23 01:37:43,1790127462,btc-updown-5m-1790127300,138,86442.0,86610.12,-168.11999999999534,-4.94999999999709,-19.25,-19.25,-48.00999999999476,,0.01,,0.99,,,0,12923.03,12923.03,0,-1.0,1.0,,,,,WAIT,-6,DOWN_TOO_EXPENSIVE
2026-09-23 01:37:45,1790127464,btc-updown-5m-1790127300,136,86428.0,86610.12,-182.11999999999534,-18.00999999999476,-33.25,-33.24000000000524,-58.75,,0.01,,0.99,,,0,12629.03,12629.03,0,-1.0,1.0,,,,,WAIT,-11,DOWN_TOO_EXPENSIVE
2026-09-23 01:37:46,1790127466,btc-updown-5m-1790127300,134,86428.01,86610.12,-182.11000000000058,-13.990000000005239,-33.24000000000524,-33.23000000001048,-58.620000000009895,,0.01,,0.99,,,0,12263.88,12263.88,0,-1.0,1.0,,,,,WAIT,-11,DOWN_TOO_EXPENSIVE
2026-09-23 01:37:48,1790127467,btc-updown-5m-1790127300,133,86428.01,86610.12,-182.11000000000058,-13.990000000005239,-33.24000000000524,-33.23000000001048,-58.620000000009895,,0.01,,0.99,,,0,11983.88,11983.88,0,-1.0,1.0,,,,,WAIT,-11,DOWN_TOO_EXPENSIVE
2026-09-23 01:37:50,1790127469,btc-updown-5m-1790127300,131,86428.0,86610.12,-182.11999999999534,0.0,-33.24000000000524,-33.25,-58.63000000000466,,0.01,,0.99,,,0,15011.89,15011.89,0,-1.0,1.0,,,,,WAIT,-10,DOWN_TOO_EXPENSIVE
2026-09-23 01:37:52,1790127471,btc-updown-5m-1790127300,129,86428.0,86610.12,-182.11999999999534,-0.00999999999476131,-24.00999999999476,-33.25,-58.63000000000466,,0.01,,0.99,,,0,14916.89,14916.89,0,-1.0,1.0,,,,,WAIT,-10,DOWN_TOO_EXPENSIVE
2026-09-23 01:37:53,1790127473,btc-updown-5m-1790127300,127,86428.0,86610.12,-182.11999999999534,-0.00999999999476131,-18.94999999999709,-33.25,-58.61999999999534,,0.01,,0.99,,,0,14916.89,14916.89,0,-1.0,1.0,,,,,WAIT,-8,DOWN_TOO_EXPENSIVE
2026-09-23 01:37:55,1790127474,btc-updown-5m-1790127300,126,86428.01,86610.12,-182.11000000000058,0.00999999999476131,-18.0,-33.24000000000524,-58.61000000000058,,0.01,,0.99,,,0,13886.43,13886.43,0,-1.0,1.0,,,,,WAIT,-8,DOWN_TOO_EXPENSIVE
2026-09-23 01:37:57,1790127476,btc-updown-5m-1790127300,124,86428.01,86610.12,-182.11000000000058,0.00999999999476131,-13.990000000005239,-33.24000000000524,-42.570000000006985,,0.01,,0.99,,,0,13871.43,13856.43,0,-1.0,1.0,,,,,WAIT,-8,DOWN_TOO_EXPENSIVE
2026-09-23 01:37:58,1790127478,btc-updown-5m-1790127300,122,86428.0,86610.12,-182.11999999999534,0.0,-14.0,-33.25,-42.580000000001746,,0.01,,0.99,,,0,13856.43,13856.43,0,-1.0,1.0,,,,,WAIT,-8,DOWN_TOO_EXPENSIVE
2026-09-23 01:38:00,1790127479,btc-updown-5m-1790127300,121,86428.01,86610.12,-182.11000000000058,0.0,0.00999999999476131,-33.24000000000524,-42.570000000006985,,0.01,,0.99,,,0,17303.59,17423.59,0,-1.0,1.0,,,,,WAIT,-8,DOWN_TOO_EXPENSIVE
2026-09-23 01:38:02,1790127481,btc-updown-5m-1790127300,119,86427.13,86610.12,-182.9899999999907,-0.8799999999901047,-0.8799999999901047,-34.11999999999534,-43.44999999999709,,0.01,,0.99,,,0,17781.239999999998,17791.239999999998,0,-1.0,1.0,,,,,WAIT,-8,DOWN_TOO_EXPENSIVE
2026-09-23 01:38:04,1790127483,btc-updown-5m-1790127300,117,86412.61,86610.12,-197.50999999999476,-15.389999999999418,-15.39999999999418,-48.63000000000466,-57.970000000001164,,0.01,,0.99,,,0,17796.239999999998,17781.239999999998,0,-1.0,1.0,,,,,WAIT,-9,DOWN_TOO_EXPENSIVE
2026-09-23 01:38:05,1790127485,btc-updown-5m-1790127300,115,86406.0,86610.12,-204.11999999999534,-22.00999999999476,-22.0,-46.00999999999476,-60.7899999999936,,0.01,,0.99,,,0,17776.239999999998,17776.239999999998,0,-1.0,1.0,,,,,WAIT,-11,DOWN_TOO_EXPENSIVE
2026-09-23 01:38:07,1790127486,btc-updown-5m-1790127300,114,86406.01,86610.12,-204.11000000000058,-21.120000000009895,-21.99000000000524,-46.0,-60.779999999998836,,0.01,,0.99,,,0,17646.239999999998,17646.239999999998,0,-1.0,1.0,,,,,WAIT,-11,DOWN_TOO_EXPENSIVE
2026-09-23 01:38:09,1790127488,btc-updown-5m-1790127300,112,86406.01,86610.12,-204.11000000000058,-6.600000000005821,-21.99000000000524,-40.94000000000233,-58.0,,0.01,,0.99,,,0,17646.239999999998,17646.239999999998,0,-1.0,1.0,,,,,WAIT,-10,DOWN_TOO_EXPENSIVE
2026-09-23 01:38:11,1790127490,btc-updown-5m-1790127300,110,86406.0,86610.12,-204.11999999999534,0.0,-22.00999999999476,-36.0,-53.85000000000582,,0.01,,0.99,,,0,17716.239999999998,17716.239999999998,0,-1.0,1.0,,,,,WAIT,-10,DOWN_TOO_EXPENSIVE
2026-09-23 01:38:13,1790127492,btc-updown-5m-1790127300,108,86415.0,86610.12,-195.11999999999534,8.990000000005239,-13.009999999994761,-27.0,-46.25,,0.01,,0.99,,,0,17236.239999999998,17386.239999999998,0,-1.0,1.0,,,,,WAIT,-6,DOWN_TOO_EXPENSIVE
2026-09-23 01:38:14,1790127494,btc-updown-5m-1790127300,106,86415.0,86610.12,-195.11999999999534,8.990000000005239,-13.009999999994761,-13.0,-46.24000000000524,,0.01,,0.99,,,0,17511.239999999998,17511.239999999998,0,-1.0,1.0,,,,,WAIT,-6,DOWN_TOO_EXPENSIVE
2026-09-23 01:38:16,1790127495,btc-updown-5m-1790127300,105,86415.0,86610.12,-195.11999999999534,9.0,-13.009999999994761,-13.0,-46.24000000000524,,0.01,,0.99,,,0,17531.239999999998,17531.239999999998,0,-1.0,1.0,,,,,WAIT,-6,DOWN_TOO_EXPENSIVE
2026-09-23 01:38:18,1790127497,btc-updown-5m-1790127300,103,86414.99,86610.12,-195.1299999999901,-0.00999999999476131,-12.139999999999418,-13.019999999989523,-46.25,,0.01,,0.99,,,0,17591.239999999998,17591.239999999998,0,-1.0,1.0,,,,,WAIT,-6,DOWN_TOO_EXPENSIVE
2026-09-23 01:38:20,1790127499,btc-updown-5m-1790127300,101,86414.99,86610.12,-195.1299999999901,-0.00999999999476131,2.3800000000046566,-13.009999999994761,-46.25999999999476,,0.01,,0.99,,,0,17601.239999999998,17796.239999999998,0,-1.0,1.0,,,,,WAIT,-6,DOWN_TOO_EXPENSIVE
2026-09-23 01:38:21,1790127501,btc-updown-5m-1790127300,99,86415.0,86610.12,-195.11999999999534,0.0,8.990000000005239,-13.0,-46.25,,0.01,,0.99,,,0,17616.239999999998,17616.239999999998,0,-1.0,1.0,,,,,WAIT,-6,DOWN_TOO_EXPENSIVE
2026-09-23 01:38:23,1790127502,btc-updown-5m-1790127300,98,86417.73,86610.12,-192.38999999999942,2.7399999999906868,11.720000000001164,-10.270000000004075,-43.520000000004075,,0.01,,0.99,,,0,17636.239999999998,17646.239999999998,0,-1.0,1.0,,,,,WAIT,-6,DOWN_TOO_EXPENSIVE
2026-09-23 01:38:25,1790127504,btc-updown-5m-1790127300,96,86419.75,86610.12,-190.36999999999534,4.759999999994761,13.740000000005239,-8.259999999994761,-41.5,,0.01,,0.99,,,0,17681.239999999998,17696.239999999998,0,-1.0,1.0,,,,,WAIT,-6,DOWN_TOO_EXPENSIVE
2026-09-23 01:38:27,1790127506,btc-updown-5m-1790127300,94,86420.01,86610.12,-190.11000000000058,5.009999999994761,14.009999999994761,-8.0,-41.24000000000524,,0.01,,0.99,,,0,17561.239999999998,17601.239999999998,0,-1.0,1.0,,,,,WAIT,-6,DOWN_TOO_EXPENSIVE
2026-09-23 01:38:28,1790127508,btc-updown-5m-1790127300,92,86438.01,86610.12,-172.11000000000058,20.279999999998836,23.00999999999476,10.009999999994761,-23.24000000000524,,0.01,,0.99,,,0,17193.61,17176.16,0,-1.0,1.0,,,,,WAIT,-2,"BTC_BELOW,BTC5+,BTC15+,DOWN_BOOK"
2026-09-23 01:38:30,1790127509,btc-updown-5m-1790127300,91,86449.37,86610.12,-160.75,29.619999999995343,34.36999999999534,21.360000000000582,-11.880000000004657,,0.01,,0.99,,,0,17483.79,17483.79,0,-1.0,1.0,,,,,WAIT,-2,"BTC_BELOW,BTC5+,BTC15+,DOWN_BOOK"
2026-09-23 01:38:32,1790127511,btc-updown-5m-1790127300,89,86444.01,86610.12,-166.11000000000058,24.0,29.00999999999476,16.879999999990105,-17.24000000000524,,0.01,,0.99,,,0,17973.79,17973.79,0,-1.0,1.0,,,,,WAIT,-2,"BTC_BELOW,BTC5+,BTC15+,DOWN_BOOK"
2026-09-23 01:38:34,1790127513,btc-updown-5m-1790127300,87,86444.01,86610.12,-166.11000000000058,6.0,29.019999999989523,31.39999999999418,-17.230000000010477,,0.01,,0.99,,,0,17748.79,17733.79,0,-1.0,1.0,,,,,WAIT,-1,"BTC_BELOW,BTC15+,BTC30+,DOWN_BOOK"
2026-09-23 01:38:35,1790127515,btc-updown-5m-1790127300,85,86446.36,86610.12,-163.75999999999476,-3.0099999999947613,31.369999999995343,40.36000000000058,-5.649999999994179,,0.01,,0.99,,,0,17753.79,17758.79,0,-1.0,1.0,,,,,WAIT,-1,"BTC_BELOW,BTC15+,BTC30+,DOWN_BOOK"
2026-09-23 01:38:37,1790127516,btc-updown-5m-1790127300,84,86444.0,86610.12,-166.11999999999534,-0.00999999999476131,29.0,37.99000000000524,-8.009999999994761,,0.01,,0.99,,,0,17868.79,17868.79,0,-1.0,1.0,,,,,WAIT,-1,"BTC_BELOW,BTC15+,BTC30+,DOWN_BOOK"
2026-09-23 01:38:39,1790127518,btc-updown-5m-1790127300,82,86449.34,86610.12,-160.77999999999884,5.330000000001746,31.610000000000582,43.330000000001746,2.389999999999418,,0.01,,0.99,,,0,17658.79,17656.23,0,-1.0,1.0,,,,,WAIT,-1,"BTC_BELOW,BTC15+,BTC30+,DOWN_BOOK"
2026-09-23 01:38:41,1790127520,btc-updown-5m-1790127300,80,86449.34,86610.12,-160.77999999999884,2.9799999999959255,29.589999999996508,43.33999999999651,7.3399999999965075,,0.01,,0.99,,,0,17717.2,18736.2,0,-1.0,1.0,,,,,WAIT,-1,"BTC_BELOW,BTC15+,BTC30+,DOWN_BOOK"
2026-09-23 01:38:42,1790127522,btc-updown-5m-1790127300,78,86458.01,86610.12,-152.11000000000058,14.009999999994761,38.0,43.00999999999476,16.00999999999476,,0.01,,0.99,,,0,18709.95,18709.95,0,-1.0,1.0,,,,,WAIT,0,"BTC_BELOW,BTC5+,BTC15+,BTC30+,DOWN_BOOK"
2026-09-23 01:38:44,1790127523,btc-updown-5m-1790127300,77,86458.0,86610.12,-152.11999999999534,8.660000000003492,19.99000000000524,43.0,16.0,,0.01,,0.99,,,0,18754.95,18759.95,0,-1.0,1.0,,,,,WAIT,-3,"BTC_BELOW,BTC30+,DOWN_BOOK"
2026-09-23 01:38:46,1790127525,btc-updown-5m-1790127300,75,86458.0,86610.12,-152.11999999999534,8.660000000003492,8.630000000004657,43.0,30.0,,0.01,,0.99,,,0,19009.95,18974.95,0,-1.0,1.0,,,,,WAIT,-3,"BTC_BELOW,BTC30+,DOWN_BOOK"
2026-09-23 01:38:48,1790127527,btc-updown-5m-1790127300,73,86460.01,86610.12,-150.11000000000058,2.0,16.0,45.01999999998952,32.0,,0.01,,0.99,,,0,18929.95,18929.95,0,-1.0,1.0,,,,,WAIT,-3,"BTC_BELOW,BTC30+,DOWN_BOOK"
2026-09-23 01:38:49,1790127529,btc-updown-5m-1790127300,71,86460.0,86610.12,-150.11999999999534,2.0,15.990000000005239,45.00999999999476,32.0,,0.01,,0.99,,,0,18929.95,18929.95,0,-1.0,1.0,,,,,WAIT,-3,"BTC_BELOW,BTC30+,DOWN_BOOK"
2026-09-23 01:38:51,1790127530,btc-updown-5m-1790127300,70,86460.0,86610.12,-150.11999999999534,2.0,13.639999999999418,45.00999999999476,32.0,,0.001,,0.999,,,0,27697.489999999998,27717.489999999998,0,-1.0,1.0,,,,,WAIT,-3,"BTC_BELOW,BTC30+,DOWN_BOOK"
2026-09-23 01:38:53,1790127532,btc-updown-5m-1790127300,68,86460.01,86610.12,-150.11000000000058,0.0,16.00999999999476,42.279999999998836,32.00999999999476,,0.001,,0.999,,,0,27723.83,27708.83,0,-1.0,1.0,,,,,WAIT,-3,"BTC_BELOW,BTC30+,DOWN_BOOK"
2026-09-23 01:38:55,1790127534,btc-updown-5m-1790127300,66,86460.0,86610.12,-150.11999999999534,0.0,10.660000000003492,40.25,31.99000000000524,,0.001,,0.999,,,0,27718.83,27119.239999999998,0,-1.0,1.0,,,,,WAIT,-3,"BTC_BELOW,BTC30+,DOWN_BOOK"
2026-09-23 01:38:56,1790127536,btc-updown-5m-1790127300,64,86460.01,86610.12,-150.11000000000058,0.00999999999476131,10.669999999998254,40.0,32.0,,0.001,,0.999,,,0,27274.239999999998,27279.239999999998,0,-1.0,1.0,,,,,WAIT,-3,"BTC_BELOW,BTC30+,DOWN_BOOK"
2026-09-23 01:38:58,1790127537,btc-updown-5m-1790127300,63,86461.24,86610.12,-148.8799999999901,1.2300000000104774,3.2300000000104774,41.23000000001048,33.23000000001048,,0.001,,0.999,,,0,27374.239999999998,27400.699999999997,0,-1.0,1.0,,,,,WAIT,-3,"BTC_BELOW,BTC30+,DOWN_BOOK"
2026-09-23 01:39:00,1790127539,btc-updown-5m-1790127300,61,86480.0,86610.12,-130.11999999999534,20.0,22.0,30.630000000004657,51.99000000000524,,0.001,,0.999,,,0,27457.769999999997,28114.769999999997,0,-1.0,1.0,,,,,WAIT,1,"BTC_BELOW,BTC5+,BTC15+,BTC30+,BTC60+,DOWN_BOOK"
2026-09-23 01:39:02,1790127541,btc-updown-5m-1790127300,59,86484.01,86610.12,-126.11000000000058,24.0,26.00999999999476,40.0,56.879999999990105,,0.001,,0.999,,,0,27224.96,27279.96,0,-1.0,1.0,,,,,WAIT,1,"BTC_BELOW,BTC5+,BTC15+,BTC30+,BTC60+,DOWN_BOOK"
2026-09-23 01:39:03,1790127543,btc-updown-5m-1790127300,57,86491.61,86610.12,-118.50999999999476,30.369999999995343,31.60000000000582,47.60000000000582,79.0,,0.001,,0.999,,,0,28036.089999999997,28066.089999999997,0,-1.0,1.0,,,,,WAIT,1,"BTC_BELOW,BTC5+,BTC15+,BTC30+,BTC60+,DOWN_BOOK"
2026-09-23 01:39:05,1790127544,btc-updown-5m-1790127300,56,86491.61,86610.12,-118.50999999999476,11.610000000000582,31.610000000000582,47.60000000000582,79.0,,0.001,,0.999,,,0,28035.42,28025.42,0,-1.0,1.0,,,,,WAIT,1,"BTC_BELOW,BTC5+,BTC15+,BTC30+,BTC60+,DOWN_BOOK"
2026-09-23 01:39:07,1790127546,btc-updown-5m-1790127300,54,86491.61,86610.12,-118.50999999999476,7.600000000005821,31.610000000000582,47.61000000000058,85.60000000000582,,0.001,,0.999,,,0,28136.42,34162.98,0,-1.0,1.0,,,,,WAIT,0,"BTC_BELOW,BTC15+,BTC30+,BTC60+,DOWN_BOOK"
2026-09-23 01:39:09,1790127548,btc-updown-5m-1790127300,52,86500.0,86610.12,-110.11999999999534,8.389999999999418,39.99000000000524,50.66000000000349,93.99000000000524,,0.001,,0.999,,,0,28263.28,28285.909999999996,0,-1.0,1.0,,,,,WAIT,0,"BTC_BELOW,BTC15+,BTC30+,BTC60+,DOWN_BOOK"
2026-09-23 01:39:10,1790127550,btc-updown-5m-1790127300,50,86501.78,86610.12,-108.33999999999651,10.169999999998254,41.779999999998836,52.44000000000233,95.77999999999884,,0.001,,0.999,,,0,28368.909999999996,28308.909999999996,0,-1.0,1.0,,,,,WAIT,1,"BTC_BELOW,BTC5+,BTC15+,BTC30+,BTC60+,DOWN_BOOK"
2026-09-23 01:39:12,1790127551,btc-updown-5m-1790127300,49,86508.0,86610.12,-102.11999999999534,16.389999999999418,47.99000000000524,58.66000000000349,102.0,,0.001,,0.999,,,0,27363.909999999996,27363.909999999996,0,-1.0,1.0,,,,,WAIT,1,"BTC_BELOW,BTC5+,BTC15+,BTC30+,BTC60+,DOWN_BOOK"
2026-09-23 01:39:14,1790127553,btc-updown-5m-1790127300,47,86510.09,86610.12,-100.02999999999884,10.089999999996508,48.84999999999127,52.08999999999651,95.08999999999651,,0.001,,0.999,,,0,27478.909999999996,27478.909999999996,0,-1.0,1.0,,,,,WAIT,1,"BTC_BELOW,BTC5+,BTC15+,BTC30+,BTC60+,DOWN_BOOK"
2026-09-23 01:39:16,1790127555,btc-updown-5m-1790127300,45,86498.61,86610.12,-111.50999999999476,-3.1699999999982538,18.610000000000582,40.61000000000058,83.61000000000058,,0.001,,0.999,,,0,40066.47,40069.47,0,-1.0,1.0,,,,,WAIT,-2,"BTC_BELOW,BTC30+,BTC60+,DOWN_BOOK"
2026-09-23 01:39:17,1790127557,btc-updown-5m-1790127300,43,86484.0,86610.12,-126.11999999999534,-24.0,-0.00999999999476131,23.99000000000524,69.00999999999476,,0.001,,0.999,,,0,40199.94,40169.94,0,-1.0,1.0,,,,,WAIT,-5,"BTC_BELOW,BTC5-,BTC60+,DOWN_BOOK"
2026-09-23 01:39:19,1790127558,btc-updown-5m-1790127300,42,86481.26,86610.12,-128.86000000000058,-28.830000000001746,-10.35000000000582,21.25,66.26999999998952,,0.001,,0.999,,,0,40203.049999999996,40173.049999999996,0,-1.0,1.0,,,,,WAIT,-5,"BTC_BELOW,BTC5-,BTC60+,DOWN_BOOK"
2026-09-23 01:39:21,1790127560,btc-updown-5m-1790127300,40,86481.26,86610.12,-128.86000000000058,-17.35000000000582,-10.35000000000582,21.25999999999476,66.26999999998952,,0.001,,0.999,,,0,40156.049999999996,40156.049999999996,0,-1.0,1.0,,,,,WAIT,-5,"BTC_BELOW,BTC5-,BTC60+,DOWN_BOOK"
2026-09-23 01:39:23,1790127562,btc-updown-5m-1790127300,38,86468.32,86610.12,-141.79999999998836,-15.679999999993015,-23.289999999993597,8.310000000012224,50.59000000001106,,0.001,,0.999,,,0,43031.2,43031.2,0,-1.0,1.0,,,,,WAIT,-7,DOWN_TOO_EXPENSIVE
2026-09-23 01:39:24,1790127564,btc-updown-5m-1790127300,36,86451.25,86610.12,-158.86999999999534,-30.00999999999476,-48.75,-8.75,31.5,,0.001,,0.999,,,0,43163.51,43183.51,0,-1.0,1.0,,,,,WAIT,-8,DOWN_TOO_EXPENSIVE
2026-09-23 01:39:26,1790127565,btc-updown-5m-1790127300,35,86448.0,86610.12,-162.11999999999534,-33.25999999999476,-53.779999999998836,-12.0,28.25,,0.001,,0.999,,,0,43203.51,43523.51,0,-1.0,1.0,,,,,WAIT,-8,DOWN_TOO_EXPENSIVE
2026-09-23 01:39:28,1790127567,btc-updown-5m-1790127300,33,86448.0,86610.12,-162.11999999999534,-20.320000000006985,-60.0,-13.240000000005239,27.99000000000524,,0.001,,0.999,,,0,43493.51,43518.51,0,-1.0,1.0,,,,,WAIT,-8,DOWN_TOO_EXPENSIVE
2026-09-23 01:39:29,1790127569,btc-updown-5m-1790127300,31,86448.0,86610.12,-162.11999999999534,-3.25,-62.08999999999651,-32.0,-1.3699999999953434,,0.001,,0.999,,,0,43521.61,43521.61,0,-1.0,1.0,,,,,WAIT,-9,DOWN_TOO_EXPENSIVE
2026-09-23 01:39:31,1790127570,btc-updown-5m-1790127300,30,86448.0,86610.12,-162.11999999999534,0.0,-50.61000000000058,-32.0,-1.3699999999953434,,0.001,,0.999,,,0,45263.71,45268.71,0,-1.0,1.0,,,,,WAIT,-9,DOWN_TOO_EXPENSIVE
2026-09-23 01:39:33,1790127572,btc-updown-5m-1790127300,28,86448.01,86610.12,-162.11000000000058,0.00999999999476131,-35.99000000000524,-36.0,4.0,,0.001,,0.999,,,0,58921.71000000001,58936.71000000001,0,-1.0,1.0,,,,,WAIT,-9,DOWN_TOO_EXPENSIVE
2026-09-23 01:39:35,1790127574,btc-updown-5m-1790127300,26,86448.0,86610.12,-162.11999999999534,0.0,-33.25999999999476,-43.61000000000058,3.9900000000052387,,0.001,,0.999,,,0,59001.69,59021.69,0,-1.0,1.0,,,,,WAIT,-9,DOWN_TOO_EXPENSIVE
2026-09-23 01:39:36,1790127576,btc-updown-5m-1790127300,24,86434.12,86610.12,-176.0,-13.880000000004657,-47.13999999999942,-57.49000000000524,-9.880000000004657,,0.001,,0.999,,,0,59001.69,59016.69,0,-1.0,1.0,,,,,WAIT,-10,DOWN_TOO_EXPENSIVE
2026-09-23 01:39:38,1790127577,btc-updown-5m-1790127300,23,86434.0,86610.12,-176.11999999999534,-14.009999999994761,-34.320000000006985,-57.61000000000058,-10.0,,0.001,,0.999,,,0,58950.64000000001,58950.64000000001,0,-1.0,1.0,,,,,WAIT,-10,DOWN_TOO_EXPENSIVE
2026-09-23 01:39:40,1790127579,btc-updown-5m-1790127300,21,86434.0,86610.12,-176.11999999999534,-14.0,-17.25,-66.0,-15.339999999996508,,0.001,,0.999,,,0,62909.08,62809.08,0,-1.0,1.0,,,,,WAIT,-8,DOWN_TOO_EXPENSIVE
2026-09-23 01:39:42,1790127581,btc-updown-5m-1790127300,19,86434.0,86610.12,-176.11999999999534,-0.11999999999534339,-14.0,-74.0,-15.339999999996508,,0.001,,0.999,,,0,62843.08,62843.08,0,-1.0,1.0,,,,,WAIT,0,TIME_FILTER
2026-09-23 01:39:43,1790127583,btc-updown-5m-1790127300,17,86434.0,86610.12,-176.11999999999534,0.0,-14.0,-76.08999999999651,-24.0,,0.001,,0.999,,,0,62839.64000000001,62984.64000000001,0,-1.0,1.0,,,,,WAIT,0,TIME_FILTER
2026-09-23 01:39:45,1790127584,btc-updown-5m-1790127300,16,86416.68,86610.12,-193.44000000000233,-17.320000000006985,-31.320000000006985,-93.41000000000349,-41.320000000006985,,0.001,,0.999,,,0,63161.64000000001,63261.64000000001,0,-1.0,1.0,,,,,WAIT,0,TIME_FILTER
2026-09-23 01:39:47,1790127586,btc-updown-5m-1790127300,14,86416.68,86610.12,-193.44000000000233,-17.320000000006985,-31.320000000006985,-81.93000000000757,-41.320000000006985,,0.001,,0.999,,,0,63300.37,63315.37,0,-1.0,1.0,,,,,WAIT,0,TIME_FILTER
2026-09-23 01:39:49,1790127588,btc-updown-5m-1790127300,12,86416.68,86610.12,-193.44000000000233,-17.320000000006985,-31.330000000001746,-64.58000000000175,-43.330000000001746,,0.001,,0.999,,,0,63825.37,63820.37,0,-1.0,1.0,,,,,WAIT,0,TIME_FILTER
2026-09-23 01:39:51,1790127590,btc-updown-5m-1790127300,10,86416.67,86610.12,-193.4499999999971,-0.00999999999476131,-31.330000000001746,-64.58999999999651,-43.330000000001746,,0.001,,0.999,,,0,63881.420000000006,63881.420000000006,0,-1.0,1.0,,,,,WAIT,0,TIME_FILTER
2026-09-23 01:39:52,1790127592,btc-updown-5m-1790127300,8,86416.67,86610.12,-193.4499999999971,-0.00999999999476131,-17.330000000001746,-51.65000000000873,-43.33999999999651,,0.001,,0.999,,,0,63881.420000000006,64386.420000000006,0,-1.0,1.0,,,,,WAIT,0,TIME_FILTER
2026-09-23 01:39:54,1790127593,btc-updown-5m-1790127300,7,86416.67,86610.12,-193.4499999999971,-0.00999999999476131,-17.330000000001746,-51.65000000000873,-43.33999999999651,,0.001,,0.999,,,0,72435.42000000001,72435.42000000001,0,-1.0,1.0,,,,,WAIT,0,TIME_FILTER
2026-09-23 01:39:56,1790127595,btc-updown-5m-1790127300,5,86416.68,86610.12,-193.44000000000233,0.00999999999476131,-17.320000000006985,-31.320000000006985,-43.320000000006985,,0.001,,0.999,,,0,72506.29000000001,72495.42,0,-1.0,1.0,,,,,WAIT,0,TIME_FILTER
2026-09-23 01:39:57,1790127597,btc-updown-5m-1790127300,3,86416.68,86610.12,-193.44000000000233,0.00999999999476131,-17.320000000006985,-31.320000000006985,-44.560000000012224,,0.001,,0.999,,,0,72065.42,73865.42,0,-1.0,1.0,,,,,WAIT,0,TIME_FILTER
2026-09-23 01:39:59,1790127598,btc-updown-5m-1790127300,2,86417.74,86610.12,-192.3799999999901,1.070000000006985,-16.25999999999476,-30.25999999999476,-43.5,,0.001,,0.999,,,0,71690.78,71680.78,0,-1.0,1.0,,,,,WAIT,0,TIME_FILTER
2026-09-23 01:40:02,1790127600,btc-updown-5m-1790127600,300,86426.0,86417.73,8.270000000004075,,,,,0.4,0.41,0.405,0.59,0.6,0.595,329.0,2082.46,3136.46,264.0,-0.7271362577028024,0.8447268898913677,,,,1.01,WAIT,0,TIME_FILTER
2026-09-23 01:40:03,1790127603,btc-updown-5m-1790127600,297,86420.09,86417.73,2.360000000000582,,,,,0.29,0.3,0.295,0.7,0.71,0.705,967.72,2020.3200000000002,2455.25,924.5,-0.352271053935021,0.4529181152452104,,,,1.01,WAIT,0,TIME_FILTER
2026-09-23 01:40:05,1790127604,btc-updown-5m-1790127600,296,86420.09,86417.73,2.360000000000582,,,,,0.31,0.32,0.315,0.68,0.69,0.685,3234.32,1434.84,1356.47,3436.34,0.38539694506078187,-0.4339562803449333,,,,1.01,WAIT,0,TIME_FILTER
2026-09-23 01:40:07,1790127606,btc-updown-5m-1790127600,294,86420.08,86417.73,2.3500000000058208,-5.919999999998254,,,,0.33,0.34,0.335,0.66,0.67,0.665,1955.19,968.2700000000001,1671.7200000000003,2283.54,0.3375862847447887,-0.1546851534412402,-0.07,,,1.01,WAIT,0,TIME_FILTER
2026-09-23 01:40:09,1790127608,btc-updown-5m-1790127600,292,86420.09,86417.73,2.360000000000582,0.0,,,,0.32,0.33,0.325,0.67,0.68,0.675,670.85,3858.13,3766.13,1037.31,-0.7037522797627722,0.5680970304615026,0.030000000000000027,,,1.01,WAIT,0,TIME_FILTER
2026-09-23 01:40:10,1790127610,btc-updown-5m-1790127600,290,86420.09,86417.73,2.360000000000582,0.0,,,,0.3,0.31,0.305,0.69,0.7,0.695,3187.1,955.48,1713.31,2965.67,0.538702933920407,-0.2676566260167815,-0.010000000000000009,,,1.01,WAIT,0,TIME_FILTER
2026-09-23 01:40:12,1790127611,btc-updown-5m-1790127600,289,86420.09,86417.73,2.360000000000582,0.00999999999476131,,,,0.31,0.32,0.315,0.69,0.7,0.695,1115.05,3393.87,3600.2200000000003,1461.46,-0.5054026241317211,0.4225395520854736,-0.020000000000000018,,,1.02,WAIT,0,TIME_FILTER
2026-09-23 01:40:14,1790127613,btc-updown-5m-1790127600,287,86420.09,86417.73,2.360000000000582,0.0,,,,0.29,0.3,0.295,0.7,0.71,0.705,2220.7799999999997,1996.61,3262.33,2190.42,0.05315372777950341,0.19658154142405207,-0.030000000000000027,,,1.01,WAIT,0,TIME_FILTER
2026-09-23 01:40:16,1790127615,btc-updown-5m-1790127600,285,86420.09,86417.73,2.360000000000582,0.0,-5.9100000000034925,,,0.28,0.29,0.28500000000000003,0.71,0.72,0.715,1455.51,2137.81,2556.6,1789.79,-0.18988011087239656,0.17642457303647396,-0.019999999999999962,-0.12,,1.01,WAIT,0,TIME_FILTER
2026-09-23 01:40:17,1790127617,btc-updown-5m-1790127600,283,86420.09,86417.73,2.360000000000582,0.0,-5.9100000000034925,,,0.29,0.3,0.295,0.7,0.71,0.705,1982.03,1606.85,3300.3,1921.86,0.10453957780700388,0.2639597407969117,-0.020000000000000018,-0.11000000000000004,,1.01,WAIT,0,TIME_FILTER
2026-09-23 01:40:19,1790127618,btc-updown-5m-1790127600,282,86420.09,86417.73,2.360000000000582,0.0,0.0,,,0.28,0.29,0.28500000000000003,0.7,0.71,0.705,3869.35,467.0,602.0,4820.26,0.7846114820067568,-0.7779523667253138,-0.009999999999999953,-0.009999999999999953,,1.0,WAIT,0,TIME_FILTER
2026-09-23 01:40:21,1790127620,btc-updown-5m-1790127600,280,86420.08,86417.73,2.3500000000058208,-0.00999999999476131,-0.00999999999476131,,,0.32,0.33,0.325,0.67,0.68,0.675,2044.5699999999997,1670.72,1654.72,2802.1899999999996,0.10062471570186976,-0.25745864287140635,0.03999999999999998,0.010000000000000009,,1.01,WAIT,0,TIME_FILTER
2026-09-23 01:40:23,1790127622,btc-updown-5m-1790127600,278,86420.09,86417.73,2.360000000000582,0.0,0.00999999999476131,,,0.32,0.33,0.325,0.67,0.68,0.675,1041.17,3092.23,3084.3799999999997,1643.79,-0.4962161900614507,0.3046823612518162,0.030000000000000027,-0.010000000000000009,,1.01,WAIT,0,TIME_FILTER
2026-09-23 01:40:24,1790127624,btc-updown-5m-1790127600,276,86420.09,86417.73,2.360000000000582,0.0,0.0,,,0.31,0.32,0.315,0.68,0.69,0.685,2502.74,1988.04,1442.04,2785.34,0.1146126062732977,-0.3177618288396123,0.02999999999999997,-0.010000000000000009,,1.01,WAIT,0,TIME_FILTER
2026-09-23 01:40:26,1790127625,btc-updown-5m-1790127600,275,86420.09,86417.73,2.360000000000582,0.00999999999476131,0.0,,,0.32,0.33,0.325,0.67,0.68,0.675,691.69,3047.1099999999997,3689.1,725.62,-0.6299935808280731,0.6712724702812409,0.0,0.020000000000000018,,1.01,WAIT,0,TIME_FILTER
2026-09-23 01:40:28,1790127627,btc-updown-5m-1790127600,273,86420.09,86417.73,2.360000000000582,0.0,0.0,,,0.31,0.32,0.315,0.68,0.69,0.685,1371.8600000000001,3520.06,3822.28,1191.0,-0.43913228343881333,0.5248619666166661,-0.010000000000000009,0.0,,1.01,WAIT,0,TIME_FILTER
2026-09-23 01:40:30,1790127629,btc-updown-5m-1790127600,271,86420.09,86417.73,2.360000000000582,0.0,0.0,,,0.31,0.32,0.315,0.68,0.69,0.685,1789.8600000000001,3410.2700000000004,3317.46,2011.3000000000002,-0.3116095174543713,0.2451151862722284,0.0,0.020000000000000018,,1.01,WAIT,0,TIME_FILTER
2026-09-23 01:40:32,1790127631,btc-updown-5m-1790127600,269,86420.08,86417.73,2.3500000000058208,-0.00999999999476131,-0.00999999999476131,-5.919999999998254,,0.32,0.33,0.325,0.67,0.68,0.675,693.48,3333.52,3313.52,1041.41,-0.6555848025825677,0.5217328407115612,0.0,0.03999999999999998,-0.08000000000000002,1.01,WAIT,-3,"PM30-,DOWN_BOOK"
2026-09-23 01:40:33,1790127633,btc-updown-5m-1790127600,267,86420.09,86417.73,2.360000000000582,0.0,0.0,0.0,,0.31,0.32,0.315,0.68,0.69,0.685,1501.53,3476.5200000000004,3398.5200000000004,1131.0,-0.39673968722692626,0.5006093360885923,0.0,0.02999999999999997,0.020000000000000018,1.01,WAIT,-2,DOWN_BOOK
2026-09-23 01:40:35,1790127634,btc-updown-5m-1790127600,266,86420.09,86417.73,2.360000000000582,0.0,0.0,0.0,,0.29,0.3,0.295,0.7,0.71,0.705,1807.86,2161.91,3335.66,1737.86,-0.08918652717915647,0.31492927986880903,-0.020000000000000018,0.009999999999999953,-0.020000000000000018,1.01,WAIT,-1,DOWN_BOOK
2026-09-23 01:40:37,1790127636,btc-updown-5m-1790127600,264,86420.09,86417.73,2.360000000000582,0.00999999999476131,0.00999999999476131,0.00999999999476131,,0.29,0.3,0.295,0.7,0.71,0.705,2421.3199999999997,2375.52,2832.36,2362.2,0.009547952401997925,0.09051007207540203,-0.030000000000000027,-0.030000000000000027,-0.040000000000000036,1.01,WAIT,-1,PM5-
2026-09-23 01:40:38,1790127638,btc-updown-5m-1790127600,262,86420.08,86417.73,2.3500000000058208,-0.00999999999476131,-0.00999999999476131,-0.00999999999476131,,0.27,0.28,0.275,0.72,0.73,0.725,978.3,3289.69,3278.54,1922.69,-0.5415640617714663,0.26067872407103704,-0.03999999999999998,-0.04999999999999999,-0.04999999999999999,1.01,WAIT,-3,"PM5-,DOWN_BOOK"
2026-09-23 01:40:40,1790127639,btc-updown-5m-1790127600,261,86407.57,86417.73,-10.15999999998894,-12.519999999989523,-12.519999999989523,-12.519999999989523,,0.23,0.24,0.235,0.76,0.77,0.765,1879.35,3267.9800000000005,3233.0800000000004,1909.35,-0.2697767580473761,0.25741332405108097,-0.06,-0.08000000000000002,-0.09000000000000002,1.01,WAIT,-7,DOWN_TOO_EXPENSIVE
2026-09-23 01:40:42,1790127641,btc-updown-5m-1790127600,259,86407.56,86417.73,-10.169999999998254,-12.529999999998836,-12.529999999998836,-12.529999999998836,,0.23,0.24,0.235,0.76,0.77,0.765,2428.35,3225.28,3099.4300000000003,2934.35,-0.14095899448672805,0.02735930047167785,-0.06,-0.09000000000000002,-0.08000000000000002,1.01,WAIT,-5,"BTC5-,PM5-,PM15-,PM30-"
2026-09-23 01:40:44,1790127643,btc-updown-5m-1790127600,257,86407.56,86417.73,-10.169999999998254,-12.520000000004075,-12.529999999998836,-12.529999999998836,,0.23,0.24,0.235,0.76,0.77,0.765,3027.98,2912.1200000000003,2755.24,3263.8,0.019504722142724813,-0.0844918791036445,-0.040000000000000036,-0.08000000000000002,-0.06,1.01,WAIT,-4,"BTC5-,PM5-,PM15-"
2026-09-23 01:40:45,1790127645,btc-updown-5m-1790127600,255,86407.56,86417.73,-10.169999999998254,-0.010000000009313226,-12.529999999998836,-12.529999999998836,,0.23,0.24,0.235,0.76,0.77,0.765,2556.1299999999997,3273.57,3334.48,2260.56,-0.12306636705147787,0.1919414338414024,0.0,-0.08000000000000002,-0.050000000000000044,1.01,WAIT,-2,PM15-
2026-09-23 01:40:47,1790127646,btc-updown-5m-1790127600,254,86407.57,86417.73,-10.15999999998894,0.010000000009313226,-12.509999999994761,-12.519999999989523,,0.22,0.23,0.225,0.77,0.78,0.775,3280.8,2586.7200000000003,2895.36,2917.8,0.1182918848167539,-0.003860206841029673,-0.009999999999999981,-0.1,-0.060000000000000026,1.01,WAIT,-2,PM15-
2026-09-23 01:40:49,1790127648,btc-updown-5m-1790127600,252,86407.57,86417.73,-10.15999999998894,0.010000000009313226,-12.519999999989523,-12.519999999989523,,0.23,0.24,0.235,0.76,0.77,0.765,3912.8700000000003,2664.8100000000004,2832.6800000000003,3825.4,0.1897416718356624,-0.14910004085261813,0.0,-0.08000000000000002,-0.050000000000000044,1.01,WAIT,-2,PM15-
2026-09-23 01:40:51,1790127650,btc-updown-5m-1790127600,250,86407.57,86417.73,-10.15999999998894,0.010000000009313226,-12.519999999989523,-12.509999999994761,,0.25,0.26,0.255,0.74,0.75,0.745,3209.93,844.0,2439.33,2524.92,0.5836139252527793,-0.0172412751170872,0.020000000000000018,-0.03999999999999998,-0.07,1.01,WAIT,0,"PM30-,UP_BOOK"
2026-09-23 01:40:52,1790127652,btc-updown-5m-1790127600,248,86407.57,86417.73,-10.15999999998894,0.0,-12.519999999989523,-12.519999999989523,,0.25,0.26,0.255,0.74,0.75,0.745,1533.69,3165.9799999999996,3208.9799999999996,1488.69,-0.3473201309879203,0.36620069098084784,0.03,-0.03999999999999998,-0.07,1.01,WAIT,-2,"PM5+,PM30-,DOWN_BOOK"
2026-09-23 01:40:54,1790127653,btc-updown-5m-1790127600,247,86407.57,86417.73,-10.15999999998894,0.0,-12.509999999994761,-12.519999999989523,,0.24,0.25,0.245,0.75,0.76,0.755,2411.0800000000004,3209.89,3230.37,2396.0800000000004,-0.1421124823651433,0.14827999893360813,0.010000000000000009,-0.030000000000000027,-0.08000000000000002,1.01,WAIT,-1,PM30-
2026-09-23 01:40:56,1790127655,btc-updown-5m-1790127600,245,86407.56,86417.73,-10.169999999998254,-0.010000000009313226,-0.010000000009313226,-12.529999999998836,,0.24,0.25,0.245,0.75,0.76,0.755,2508.0800000000004,2923.16,3083.16,2265.0800000000004,-0.07642453656991764,0.1529624698966388,-0.010000000000000009,0.010000000000000009,-0.08000000000000002,1.01,WAIT,-1,PM30-
2026-09-23 01:40:58,1790127657,btc-updown-5m-1790127600,243,86407.57,86417.73,-10.15999999998894,0.0,0.010000000009313226,-12.519999999989523,,0.24,0.25,0.245,0.75,0.76,0.755,1154.99,3330.7000000000003,3462.7,517.35,-0.4850335176973888,0.7400283916031206,-0.010000000000000009,0.010000000000000009,-0.07,1.01,WAIT,-3,"PM30-,DOWN_BOOK"
2026-09-23 01:40:59,1790127659,btc-updown-5m-1790127600,241,86407.57,86417.73,-10.15999999998894,0.0,0.010000000009313226,-12.519999999989523,,0.22,0.23,0.225,0.77,0.78,0.775,1822.4600000000003,3569.2700000000004,3489.2700000000004,1869.4500000000003,-0.3239795019409355,0.30227740953063414,-0.01999999999999999,-0.009999999999999981,-0.09,1.01,WAIT,-3,"PM30-,DOWN_BOOK"
2026-09-23 01:41:01,1790127660,btc-updown-5m-1790127600,240,86407.57,86417.73,-10.15999999998894,0.010000000009313226,0.010000000009313226,-12.519999999989523,-18.429999999993015,0.21,0.22,0.215,0.78,0.79,0.785,2866.57,3219.8599999999997,3197.13,2859.57,-0.05804552093756102,0.05573332012482043,-0.03,-0.01999999999999999,-0.1,1.01,WAIT,-2,"PM5-,PM30-"
2026-09-23 01:41:03,1790127662,btc-updown-5m-1790127600,238,86407.57,86417.73,-10.15999999998894,0.0,0.0,-12.509999999994761,-18.429999999993015,0.21,0.22,0.215,0.78,0.79,0.785,3143.3900000000003,2585.46,2672.46,3138.3900000000003,0.09738952843939015,-0.08018276155811976,-0.03,-0.010000000000000009,-0.11000000000000001,1.01,WAIT,-2,"PM5-,PM30-"
2026-09-23 01:41:05,1790127664,btc-updown-5m-1790127600,236,86407.57,86417.73,-10.15999999998894,0.0,0.0,-12.519999999989523,-12.519999999989523,0.21,0.22,0.215,0.78,0.79,0.785,1962.08,2996.39,3062.71,1687.36,-0.20859458663660366,0.28954310147008366,-0.010000000000000009,-0.01999999999999999,-0.07999999999999999,1.01,WAIT,-2,"PM30-,DOWN_BOOK"
2026-09-23 01:41:07,1790127666,btc-updown-5m-1790127600,234,86407.57,86417.73,-10.15999999998894,0.0,0.0,-12.519999999989523,-12.509999999994761,0.2,0.21,0.20500000000000002,0.79,0.8,0.795,1897.16,3377.93,3265.21,2178.48,-0.2807099025798611,0.19963113255898113,-0.009999999999999981,-0.04999999999999999,-0.08999999999999997,1.01,WAIT,-2,PM30-
2026-09-23 01:41:08,1790127668,btc-updown-5m-1790127600,232,86407.57,86417.73,-10.15999999998894,0.0,0.0,-12.509999999994761,-12.519999999989523,0.2,0.21,0.20500000000000002,0.79,0.8,0.795,3049.9700000000003,2778.14,2753.14,3171.3,0.04664119242773392,-0.07058219848627048,-0.009999999999999981,-0.03999999999999998,-0.07,1.01,WAIT,-1,PM30-
2026-09-23 01:41:10,1790127669,btc-updown-5m-1790127600,231,86407.56,86417.73,-10.169999999998254,-0.010000000009313226,-0.010000000009313226,-0.010000000009313226,-12.529999999998836,0.18,0.19,0.185,0.81,0.82,0.815,3271.53,2089.52,2129.52,3076.53,0.22048106247843244,-0.18190566744460776,-0.03,-0.06,-0.04999999999999999,1.01,WAIT,-3,"PM5-,PM15-"
2026-09-23 01:41:12,1790127671,btc-updown-5m-1790127600,229,86407.3,86417.73,-10.429999999993015,-0.27000000000407454,-0.2599999999947613,-0.2599999999947613,-12.789999999993597,0.19,0.2,0.195,0.81,0.82,0.815,1437.5700000000002,3448.3199999999997,2169.3199999999997,3350.3900000000003,-0.4115422164641447,-0.21397319786727936,-0.010000000000000009,-0.04999999999999999,-0.03999999999999998,1.02,WAIT,-1,
2026-09-23 01:41:14,1790127673,btc-updown-5m-1790127600,227,86407.3,86417.73,-10.429999999993015,-0.27000000000407454,-0.27000000000407454,-0.2599999999947613,-12.789999999993597,0.18,0.19,0.185,0.81,0.82,0.815,3421.19,2693.58,1978.19,3882.33,0.1189922106636881,-0.3249097349723232,-0.020000000000000018,-0.06,-0.04999999999999999,1.01,WAIT,-1,PM15-
2026-09-23 01:41:15,1790127675,btc-updown-5m-1790127600,225,86407.29,86417.73,-10.440000000002328,-0.27000000000407454,-0.28000000001338776,-0.27000000000407454,-12.80000000000291,0.19,0.2,0.195,0.8,0.81,0.805,3584.63,2461.8,2583.8,3547.7400000000002,0.18570131466005557,-0.15721009730018884,0.010000000000000009,-0.01999999999999999,-0.03999999999999998,1.01,WAIT,0,
2026-09-23 01:41:17,1790127676,btc-updown-5m-1790127600,224,86407.29,86417.73,-10.440000000002328,-0.010000000009313226,-0.28000000001338776,-0.28000000001338776,-12.80000000000291,0.21,0.22,0.215,0.78,0.79,0.785,2234.15,2846.1099999999997,3297.16,1656.9,-0.12045840173534417,0.331094092522093,0.01999999999999999,0.0,-0.010000000000000009,1.01,WAIT,-1,DOWN_BOOK
2026-09-23 01:41:19,1790127678,btc-updown-5m-1790127600,222,86407.3,86417.73,-10.429999999993015,0.0,-0.27000000000407454,-0.27000000000407454,-12.789999999993597,0.2,0.21,0.20500000000000002,0.79,0.8,0.795,1438.38,3212.58,3402.58,1458.38,-0.38146963207595846,0.3999621473947533,0.020000000000000018,-0.009999999999999981,-0.02999999999999997,1.01,WAIT,-2,DOWN_BOOK
2026-09-23 01:41:20,1790127680,btc-updown-5m-1790127600,220,86374.68,86417.73,-43.05000000000291,-32.61000000000058,-32.89000000001397,-32.89000000001397,-45.40000000000873,0.1,0.11,0.10500000000000001,0.89,0.9,0.895,1540.56,1512.9699999999998,1166.72,3174.6299999999997,0.009035444223570801,-0.46250820597279646,-0.09,-0.10999999999999999,-0.15,1.01,WAIT,-11,DOWN_TOO_EXPENSIVE
2026-09-23 01:41:22,1790127681,btc-updown-5m-1790127600,219,86375.01,86417.73,-42.720000000001164,-32.279999999998836,-32.560000000012224,-32.560000000012224,-45.070000000006985,0.1,0.11,0.10500000000000001,0.89,0.9,0.895,2711.67,2872.8100000000004,2767.08,2844.44,-0.02885496948686365,-0.013785926094890533,-0.10999999999999999,-0.1,-0.15,1.01,WAIT,-12,DOWN_TOO_EXPENSIVE
2026-09-23 01:41:24,1790127683,btc-updown-5m-1790127600,217,86375.01,86417.73,-42.720000000001164,-32.29000000000815,-32.560000000012224,-32.560000000012224,-45.080000000001746,0.11,0.12,0.11499999999999999,0.88,0.89,0.885,3379.3900000000003,2989.1499999999996,2994.1499999999996,3383.26,0.061276210874077995,-0.06101379713708239,-0.09000000000000002,-0.09000000000000002,-0.13,1.01,WAIT,-12,DOWN_TOO_EXPENSIVE
2026-09-23 01:41:26,1790127685,btc-updown-5m-1790127600,215,86375.02,86417.73,-42.70999999999185,0.34000000001105946,-32.5399999999936,-32.5399999999936,-45.06999999999243,0.12,0.13,0.125,0.87,0.88,0.875,3781.89,2487.42,2552.42,3766.89,0.20647726783330222,-0.1921839567927511,0.01999999999999999,-0.06,-0.12,1.01,WAIT,-10,DOWN_TOO_EXPENSIVE
2026-09-23 01:41:27,1790127687,btc-updown-5m-1790127600,213,86375.01,86417.73,-42.720000000001164,0.0,-32.29000000000815,-32.560000000012224,-45.080000000001746,0.12,0.13,0.125,0.87,0.88,0.875,3694.3599999999997,2632.42,2622.42,3714.3599999999997,0.16784841578180365,-0.17231780178576495,0.01999999999999999,-0.07,-0.12,1.01,WAIT,-10,DOWN_TOO_EXPENSIVE
2026-09-23 01:41:29,1790127688,btc-updown-5m-1790127600,212,86375.01,86417.73,-42.720000000001164,0.0,-32.29000000000815,-32.560000000012224,-45.080000000001746,0.12,0.13,0.125,0.87,0.88,0.875,3651.52,2557.42,3071.16,3061.72,0.17621365321616891,0.0015392442050064662,0.010000000000000009,-0.06,-0.12,1.01,WAIT,-10,DOWN_TOO_EXPENSIVE
2026-09-23 01:41:31,1790127690,btc-updown-5m-1790127600,210,86375.01,86417.73,-42.720000000001164,-0.010000000009313226,-32.279999999998836,-32.560000000012224,-45.080000000001746,0.1,0.11,0.10500000000000001,0.89,0.9,0.895,4021.58,1986.1499999999999,2016.1499999999999,4021.58,0.33880184362479676,-0.3321496655199885,-0.01999999999999999,-0.09,-0.10999999999999999,1.01,WAIT,-8,DOWN_TOO_EXPENSIVE
2026-09-23 01:41:33,1790127692,btc-updown-5m-1790127600,208,86375.01,86417.73,-42.720000000001164,0.0,-32.279999999998836,-32.560000000012224,-45.070000000006985,0.09,0.1,0.095,0.9,0.91,0.905,3272.27,2303.06,2241.06,3302.27,0.17383903733052575,-0.19143908084129937,-0.03,-0.12,-0.12,1.01,WAIT,-11,DOWN_TOO_EXPENSIVE
2026-09-23 01:41:35,1790127694,btc-updown-5m-1790127600,206,86371.42,86417.73,-46.30999999999767,-3.5899999999965075,-35.88000000000466,-36.15000000000873,-48.669999999998254,0.09,0.1,0.095,0.9,0.91,0.905,1728.52,3410.88,3476.9100000000003,1727.42,-0.3273456045452777,0.33616046638087904,-0.03,-0.11000000000000001,-0.12,1.01,WAIT,-13,DOWN_TOO_EXPENSIVE
2026-09-23 01:41:36,1790127696,btc-updown-5m-1790127600,204,86354.41,86417.73,-63.31999999999243,-20.59999999999127,-20.59999999999127,-53.16000000000349,-65.67999999999302,0.06,0.07,0.065,0.93,0.94,0.935,2252.0699999999997,3371.01,3527.54,2354.23,-0.19899058878763962,0.1994824687126494,-0.04000000000000001,-0.04000000000000001,-0.14,1.01,WAIT,-11,DOWN_TOO_EXPENSIVE
2026-09-23 01:41:38,1790127697,btc-updown-5m-1790127600,203,86330.32,86417.73,-87.40999999998894,-44.689999999987776,-44.689999999987776,-77.25,-89.76999999998952,0.04,0.05,0.045,0.95,0.96,0.955,3158.88,3267.62,3082.1499999999996,13715.33,-0.016920563292616476,-0.6330223343025264,-0.05,-0.06000000000000001,-0.16000000000000003,1.01,WAIT,-12,DOWN_TOO_EXPENSIVE
2026-09-23 01:41:40,1790127699,btc-updown-5m-1790127600,201,86330.33,86417.73,-87.39999999999418,-41.08999999999651,-44.679999999993015,-77.22999999999593,-77.24000000000524,0.04,0.05,0.045,0.95,0.96,0.955,3518.2699999999995,2942.5699999999997,3298.76,13846.41,0.08910606051225535,-0.6151965830610021,-0.05,-0.06999999999999999,-0.14,1.01,WAIT,-12,DOWN_TOO_EXPENSIVE
2026-09-23 01:41:42,1790127701,btc-updown-5m-1790127600,199,86329.54,86417.73,-88.19000000000233,-24.870000000009895,-45.48000000001048,-77.76000000000931,-78.02000000000407,0.04,0.05,0.045,0.95,0.96,0.955,3029.04,3777.5600000000004,3797.5600000000004,13641.69,-0.10996973525695654,-0.5644812706968477,-0.020000000000000004,-0.08,-0.15000000000000002,1.01,WAIT,-11,DOWN_TOO_EXPENSIVE
2026-09-23 01:41:43,1790127703,btc-updown-5m-1790127600,197,86329.55,86417.73,-88.17999999999302,-0.7700000000040745,-45.45999999999185,-77.75,-78.00999999999476,0.04,0.05,0.045,0.95,0.96,0.955,3330.04,3590.1800000000003,3594.1800000000003,13702.460000000001,-0.03759129045030365,-0.584407144971509,0.0,-0.08,-0.14,1.01,WAIT,-10,DOWN_TOO_EXPENSIVE
2026-09-23 01:41:45,1790127704,btc-updown-5m-1790127600,196,86329.55,86417.73,-88.17999999999302,-0.7799999999988358,-45.45999999999185,-77.75,-78.00999999999476,0.04,0.05,0.045,0.94,0.95,0.945,4957.51,1699.6,2569.96,4927.27,0.48938803775211764,-0.31442412731102026,0.0,-0.08,-0.14,1.0,WAIT,-9,DOWN_TOO_EXPENSIVE
2026-09-23 01:41:47,1790127706,btc-updown-5m-1790127600,194,86329.54,86417.73,-88.19000000000233,0.0,-45.470000000001164,-77.75,-78.03000000001339,0.05,0.06,0.055,0.94,0.95,0.945,1730.15,4010.8100000000004,4192.81,3261.59,-0.39726108525403414,0.12492219360377765,0.010000000000000002,-0.05000000000000001,-0.16,1.01,WAIT,-12,DOWN_TOO_EXPENSIVE
2026-09-23 01:41:49,1790127708,btc-updown-5m-1790127600,192,86329.54,86417.73,-88.19000000000233,-0.010000000009313226,-45.470000000001164,-77.76000000000931,-78.03000000001339,0.05,0.06,0.055,0.94,0.95,0.945,1958.64,4173.7300000000005,4152.42,3547.09,-0.36121271221403795,0.07861928875993406,0.010000000000000002,-0.04,-0.15000000000000002,1.01,WAIT,-10,DOWN_TOO_EXPENSIVE
2026-09-23 01:41:50,1790127710,btc-updown-5m-1790127600,190,86329.54,86417.73,-88.19000000000233,-0.010000000009313226,-41.88000000000466,-45.13999999999942,-78.03000000001339,0.05,0.06,0.055,0.94,0.95,0.945,1818.68,4157.42,4187.42,3537.09,-0.3913488730108264,0.08419045350449413,0.010000000000000002,-0.04,-0.05000000000000001,1.01,WAIT,-9,DOWN_TOO_EXPENSIVE
2026-09-23 01:41:52,1790127711,btc-updown-5m-1790127600,189,86329.55,86417.73,-88.17999999999302,0.010000000009313226,-24.860000000000582,-45.45999999999185,-78.02000000000407,0.04,0.05,0.045,0.95,0.96,0.955,4459.72,2942.2999999999997,2827.2999999999997,14849.019999999999,0.20500079707971613,-0.6801030983824687,-0.010000000000000002,-0.020000000000000004,-0.06000000000000001,1.01,WAIT,-7,DOWN_TOO_EXPENSIVE
2026-09-23 01:41:54,1790127713,btc-updown-5m-1790127600,187,86343.67,86417.73,-74.05999999999767,14.130000000004657,13.349999999991269,-31.339999999996508,-63.90000000000873,0.06,0.07,0.065,0.93,0.94,0.935,3816.5600000000004,2767.43,2953.7299999999996,3875.5600000000004,0.1593456247655298,-0.13498182095064068,0.010000000000000002,0.020000000000000004,-0.04999999999999999,1.01,WAIT,-5,"BTC_BELOW,BTC5+,BTC30-,BTC60-"
2026-09-23 01:41:56,1790127715,btc-updown-5m-1790127600,185,86340.39,86417.73,-77.33999999999651,10.85000000000582,10.059999999997672,-34.63000000000466,-67.16999999999825,0.05,0.06,0.055,0.94,0.95,0.945,2572.34,3767.44,3747.44,4008.79,-0.18850811857824717,-0.03369549381593892,0.0,0.010000000000000002,-0.07,1.01,WAIT,-6,DOWN_TOO_EXPENSIVE
2026-09-23 01:41:57,1790127717,btc-updown-5m-1790127600,183,86340.39,86417.73,-77.33999999999651,10.839999999996508,10.85000000000582,-34.61999999999534,-67.18000000000757,0.05,0.06,0.055,0.94,0.95,0.945,3304.8,2789.63,2769.63,4891.9400000000005,0.08453128512428562,-0.2770071930426793,0.010000000000000002,0.010000000000000002,-0.07,1.01,WAIT,-5,"BTC_BELOW,BTC5+,BTC30-,BTC60-,PM30-"
2026-09-23 01:41:59,1790127718,btc-updown-5m-1790127600,182,86330.19,86417.73,-87.5399999999936,-13.479999999995925,0.6399999999994179,-44.81999999999243,-77.38000000000466,0.04,0.05,0.045,0.95,0.96,0.955,2702.84,4117.15,3912.15,13320.99,-0.207377136916623,-0.5459736298782463,-0.020000000000000004,0.0,-0.08,1.01,WAIT,-7,DOWN_TOO_EXPENSIVE
2026-09-23 01:42:01,1790127720,btc-updown-5m-1790127600,180,86330.19,86417.73,-87.5399999999936,-10.19999999999709,0.6399999999994179,-44.81999999999243,-77.38000000000466,0.04,0.05,0.045,0.95,0.96,0.955,2569.09,4334.42,4334.42,13092.24,-0.25571484650561815,-0.5025529849093285,-0.010000000000000002,0.0,-0.06000000000000001,1.01,WAIT,-7,DOWN_TOO_EXPENSIVE
2026-09-23 01:42:02,1790127722,btc-updown-5m-1790127600,178,86329.54,86417.73,-88.19000000000233,-10.85000000000582,0.0,-45.470000000001164,-78.03000000001339,0.04,0.05,0.045,0.95,0.96,0.955,2579.7,4369.42,4385.85,12767.55,-0.25754627924111256,-0.4886319913253348,-0.010000000000000002,-0.010000000000000002,-0.05,1.01,WAIT,-7,DOWN_TOO_EXPENSIVE
2026-09-23 01:42:04,1790127723,btc-updown-5m-1790127600,177,86325.75,86417.73,-91.97999999999593,-4.440000000002328,-3.789999999993597,-49.25999999999476,-81.82000000000698,0.03,0.04,0.035,0.96,0.97,0.965,7833.04,3518.9500000000007,3443.9500000000007,7940.04,0.3800294045361209,-0.3949485198072028,-0.009999999999999995,-0.019999999999999997,-0.06,1.01,WAIT,-4,"BTC_BELOW,BTC30-,BTC60-,UP_BOOK"
2026-09-23 01:42:06,1790127725,btc-updown-5m-1790127600,175,86325.76,86417.73,-91.97000000000116,-4.430000000007567,-3.779999999998836,-45.66000000000349,-81.81000000001222,0.02,0.03,0.025,0.97,0.98,0.975,7240.29,2914.56,2919.77,7257.29,0.42597675002584967,-0.42620560358296017,-0.019999999999999997,-0.03,-0.07,1.01,WAIT,-5,"BTC_BELOW,BTC30-,BTC60-,PM30-,UP_BOOK"
2026-09-23 01:42:08,1790127727,btc-updown-5m-1790127600,173,86320.01,86417.73,-97.72000000000116,-9.529999999998836,-9.540000000008149,-10.310000000012224,-87.56000000001222,0.02,0.03,0.025,0.97,0.98,0.975,6577.08,3465.58,3500.58,6585.08,0.30982827258913476,-0.30583025800988733,-0.019999999999999997,-0.019999999999999997,-0.019999999999999997,1.01,WAIT,-2,"BTC_BELOW,BTC60-,UP_BOOK"
2026-09-23 01:42:10,1790127729,btc-updown-5m-1790127600,171,86311.48,86417.73,-106.25,-14.270000000004075,-32.19000000000233,-18.85000000000582,-96.08000000000175,0.02,0.03,0.025,0.97,0.98,0.975,6219.91,3459.58,3617.36,6379.91,0.28517308246612166,-0.2763304382096312,-0.010000000000000002,-0.04,-0.019999999999999997,1.01,WAIT,-5,"BTC_BELOW,BTC5-,BTC15-,BTC60-,UP_BOOK"
2026-09-23 01:42:11,1790127731,btc-updown-5m-1790127600,169,86321.55,86417.73,-96.17999999999302,-4.209999999991851,-18.839999999996508,-7.989999999990687,-85.75,0.03,0.04,0.035,0.96,0.97,0.965,8299.18,3016.79,3231.79,8507.31,0.4668084132425236,-0.44939731325229365,0.010000000000000002,-0.019999999999999997,-0.009999999999999995,1.01,WAIT,-2,"BTC_BELOW,BTC60-,UP_BOOK"
2026-09-23 01:42:13,1790127732,btc-updown-5m-1790127600,168,86321.56,86417.73,-96.16999999999825,1.5500000000029104,-18.830000000001746,-7.9799999999959255,-85.74000000000524,0.03,0.04,0.035,0.96,0.97,0.965,8516.7,2755.79,2785.79,8521.7,0.5110592247143266,-0.5072664225217091,0.010000000000000002,-0.019999999999999997,-0.009999999999999995,1.01,WAIT,-2,"BTC_BELOW,BTC60-,UP_BOOK"
2026-09-23 01:42:15,1790127734,btc-updown-5m-1790127600,166,86333.56,86417.73,-84.16999999999825,22.080000000001746,3.3699999999953434,4.009999999994761,-73.74000000000524,0.04,0.05,0.045,0.95,0.96,0.955,3595.04,2826.79,4363.59,6509.76,0.11963100860658099,-0.19737891266261087,0.019999999999999997,0.0,0.0,1.01,WAIT,-3,"BTC_BELOW,BTC5+,BTC60-"
2026-09-23 01:42:17,1790127736,btc-updown-5m-1790127600,164,86328.28,86417.73,-89.44999999999709,6.7299999999959255,-1.9100000000034925,-1.2599999999947613,-79.00999999999476,0.03,0.04,0.035,0.96,0.97,0.965,7465.29,3246.65,3256.65,7265.29,0.39382595496240635,-0.3809791730422336,0.0,-0.009999999999999995,-0.019999999999999997,1.01,WAIT,-2,"BTC_BELOW,BTC60-,UP_BOOK"
2026-09-23 01:42:18,1790127738,btc-updown-5m-1790127600,162,86328.27,86417.73,-89.45999999999185,6.710000000006403,2.5200000000040745,-1.2699999999895226,-79.02999999999884,0.03,0.04,0.035,0.96,0.97,0.965,6793.29,3979.13,3603.91,6704.6900000000005,0.26123749352513176,-0.3007954523407641,0.0,0.0,-0.019999999999999997,1.01,WAIT,-2,"BTC_BELOW,BTC60-,UP_BOOK"
2026-09-23 01:42:20,1790127739,btc-updown-5m-1790127600,161,86328.28,86417.73,-89.44999999999709,-5.279999999998836,2.529999999998836,-1.2599999999947613,-79.02000000000407,0.03,0.04,0.035,0.96,0.97,0.965,7846.6,3219.85,3228.58,7856.6,0.41808800473503244,-0.41749615252075295,-0.009999999999999995,0.0,-0.019999999999999997,1.01,WAIT,-2,"BTC_BELOW,BTC60-,UP_BOOK"
2026-09-23 01:42:22,1790127741,btc-updown-5m-1790127600,159,86332.24,86417.73,-85.48999999999069,3.960000000006403,6.480000000010477,2.6900000000023283,-42.76999999998952,0.03,0.04,0.035,0.96,0.97,0.965,8153.87,3126.6099999999997,4384.96,6615.6,0.4456601137540247,-0.20277513144785356,0.0,0.010000000000000002,-0.009999999999999995,1.01,WAIT,-3,"BTC_BELOW,BTC60-,UP_BOOK"
2026-09-23 01:42:24,1790127743,btc-updown-5m-1790127600,157,86313.26,86417.73,-104.47000000000116,-15.010000000009313,-6.75,-30.410000000003492,-61.75,0.02,0.03,0.025,0.97,0.98,0.975,6185.23,3393.2999999999997,3393.2999999999997,6190.23,0.29147791988958643,-0.29184757599757083,-0.010000000000000002,0.0,-0.04,1.01,WAIT,-5,"BTC_BELOW,BTC5-,BTC30-,BTC60-,UP_BOOK"
2026-09-23 01:42:25,1790127745,btc-updown-5m-1790127600,155,86284.53,86417.73,-133.1999999999971,-43.75,-26.94999999999709,-55.86000000000058,-90.49000000000524,0.02,0.03,0.025,0.97,0.98,0.975,4719.1,3597.74,3524.3999999999996,4719.1,0.1348300556461349,-0.14492630557408875,-0.010000000000000002,0.0,-0.03,1.01,WAIT,-9,DOWN_TOO_EXPENSIVE
2026-09-23 01:42:27,1790127746,btc-updown-5m-1790127600,154,86284.53,86417.73,-133.1999999999971,-47.7100000000064,-37.020000000004075,-55.86000000000058,-90.49000000000524,0.01,0.02,0.015,0.98,0.99,0.985,5180.68,2999.9700000000003,3031.9700000000003,5278.65,0.26656928239198596,-0.2703384344369012,-0.020000000000000004,-0.020000000000000004,-0.04,1.01,WAIT,-7,DOWN_TOO_EXPENSIVE
2026-09-23 01:42:29,1790127748,btc-updown-5m-1790127600,152,86284.52,86417.73,-133.20999999999185,-28.739999999990687,-37.0399999999936,-45.669999999998254,-90.48999999999069,0.01,0.02,0.015,0.98,0.99,0.985,5167.28,3070.03,3070.03,5087.28,0.2546037480682407,-0.24729353181379643,-0.010000000000000002,-0.020000000000000004,-0.03,1.01,WAIT,-8,DOWN_TOO_EXPENSIVE
2026-09-23 01:42:30,1790127750,btc-updown-5m-1790127600,150,86284.53,86417.73,-133.1999999999971,0.0,-49.029999999998836,-45.66000000000349,-90.47999999999593,0.01,0.02,0.015,0.98,0.99,0.985,4905.05,3200.03,3226.05,4915.05,0.2103643640778376,-0.20746582157202342,-0.010000000000000002,-0.03,-0.03,1.01,WAIT,-8,DOWN_TOO_EXPENSIVE
2026-09-23 01:42:32,1790127751,btc-updown-5m-1790127600,149,86293.15,86417.73,-124.58000000000175,8.619999999995343,-35.13000000000466,-37.04000000000815,-81.86000000000058,0.01,0.02,0.015,0.98,0.99,0.985,4557.55,2940.11,2905.11,4567.84,0.21572597317029582,-0.222499816003051,0.0,-0.020000000000000004,-0.03,1.01,WAIT,-8,DOWN_TOO_EXPENSIVE
2026-09-23 01:42:34,1790127753,btc-updown-5m-1790127600,147,86305.54,86417.73,-112.19000000000233,21.019999999989523,-22.730000000010477,-20.210000000006403,-69.47000000000116,0.02,0.03,0.025,0.97,0.98,0.975,5415.85,2788.09,2773.09,5490.85,0.32030463411482774,-0.3288697643012897,0.010000000000000002,-0.010000000000000002,-0.010000000000000002,1.01,WAIT,-3,"BTC_BELOW,BTC5+,BTC15-,BTC60-,UP_BOOK"
2026-09-23 01:42:36,1790127755,btc-updown-5m-1790127600,145,86310.27,86417.73,-107.45999999999185,25.74000000000524,-18.00999999999476,-15.489999999990687,-61.14999999999418,0.02,0.03,0.025,0.97,0.98,0.975,5432.55,2839.17,2862.5,5437.55,0.31352366859613234,-0.31024511900530727,0.010000000000000002,-0.010000000000000002,0.0,1.01,WAIT,-1,"BTC_BELOW,BTC5+,BTC60-,UP_BOOK"
2026-09-23 01:42:38,1790127757,btc-updown-5m-1790127600,143,86320.0,86417.73,-97.72999999999593,26.85000000000582,-12.240000000005239,-0.00999999999476131,-10.320000000006985,0.02,0.03,0.025,0.97,0.98,0.975,5524.97,2694.42,2754.42,5262.37,0.3443747042055433,-0.31283718296225793,0.010000000000000002,-0.010000000000000002,0.0,1.01,WAIT,0,"BTC_BELOW,BTC5+,UP_BOOK"
2026-09-23 01:42:39,1790127759,btc-updown-5m-1790127600,141,86331.63,86417.73,-86.09999999999127,26.09000000001106,18.370000000009895,20.15000000000873,1.3000000000029104,0.03,0.04,0.035,0.96,0.97,0.965,6305.72,2968.65,2630.65,6418.41,0.3598163541027585,-0.4185804934435179,0.010000000000000002,0.010000000000000002,0.010000000000000002,1.01,WAIT,0,"BTC_BELOW,BTC5+,UP_BOOK"
2026-09-23 01:42:41,1790127760,btc-updown-5m-1790127600,140,86336.87,86417.73,-80.86000000000058,26.59999999999127,52.33999999999651,25.389999999999418,6.539999999993597,0.03,0.04,0.035,0.96,0.97,0.965,6309.5,2890.29,2675.6899999999996,6658.9,0.3716617444528625,-0.4267150458670386,0.010000000000000002,0.010000000000000002,0.010000000000000002,1.01,WAIT,2,"BTC_BELOW,BTC5+,BTC15+,UP_BOOK"
2026-09-23 01:42:43,1790127762,btc-updown-5m-1790127600,138,86338.0,86417.73,-79.72999999999593,18.0,53.470000000001164,16.44000000000233,8.460000000006403,0.03,0.04,0.035,0.96,0.97,0.965,5344.52,3291.7200000000003,3356.7200000000003,5265.22,0.23769603438533435,-0.2213538948310937,0.010000000000000002,0.020000000000000004,0.0,1.01,WAIT,0,"BTC_BELOW,BTC5+,BTC15+"
2026-09-23 01:42:44,1790127764,btc-updown-5m-1790127600,136,86343.85,86417.73,-73.8799999999901,12.220000000001164,59.330000000001746,10.290000000008149,14.30000000000291,0.03,0.04,0.035,0.96,0.97,0.965,6160.55,2400.61,2480.61,6133.54,0.43918581126856643,-0.42406157310936077,0.0,0.020000000000000004,-0.009999999999999995,1.01,WAIT,2,"BTC_BELOW,BTC5+,BTC15+,UP_BOOK"
2026-09-23 01:42:46,1790127765,btc-updown-5m-1790127600,135,86348.03,86417.73,-69.69999999999709,11.160000000003492,63.5,14.470000000001164,18.479999999995925,0.04,0.05,0.045,0.95,0.96,0.955,1175.1,2137.08,2262.35,5668.550000000001,-0.29043711392496785,-0.429484673870557,0.009999999999999995,0.03,0.0,1.01,WAIT,0,"BTC_BELOW,BTC5+,BTC15+"
2026-09-23 01:42:48,1790127767,btc-updown-5m-1790127600,133,86348.04,86417.73,-69.69000000000233,10.039999999993597,54.88999999999942,19.75999999999476,18.5,0.04,0.05,0.045,0.95,0.96,0.955,1792.9399999999998,2411.26,2421.26,6033.500000000001,-0.14707197564340432,-0.4272433516740865,0.009999999999999995,0.03,0.009999999999999995,1.01,WAIT,1,"BTC_BELOW,BTC5+,BTC15+"
2026-09-23 01:42:50,1790127769,btc-updown-5m-1790127600,131,86348.04,86417.73,-69.69000000000233,4.189999999987776,42.5,19.75999999999476,18.5,0.04,0.05,0.045,0.95,0.96,0.955,1705.3899999999999,2644.11,2664.02,6007.950000000001,-0.21582250833429137,-0.3856021180885082,0.009999999999999995,0.019999999999999997,0.009999999999999995,1.01,WAIT,0,"BTC_BELOW,BTC15+"
2026-09-23 01:42:51,1790127771,btc-updown-5m-1790127600,129,86348.03,86417.73,-69.69999999999709,0.0,37.75999999999476,15.789999999993597,18.479999999995925,0.04,0.05,0.045,0.96,0.97,0.965,1279.1,3234.77,2658.81,5664.660000000001,-0.433257936094748,-0.36112943279665816,0.0,0.019999999999999997,0.009999999999999995,1.02,WAIT,-1,"BTC_BELOW,BTC15+"
2026-09-23 01:42:53,1790127772,btc-updown-5m-1790127600,128,86348.03,86417.73,-69.69999999999709,-0.00999999999476131,28.029999999998836,15.789999999993597,18.479999999995925,0.03,0.04,0.035,0.96,0.97,0.965,5417.880000000001,3000.0400000000004,3260.0400000000004,5561.840000000001,0.2872253478293925,-0.2609194412075431,-0.009999999999999995,0.010000000000000002,0.0,1.01,WAIT,1,"BTC_BELOW,BTC15+,UP_BOOK"
2026-09-23 01:42:55,1790127774,btc-updown-5m-1790127600,126,86328.42,86417.73,-89.30999999999767,-19.619999999995343,-3.210000000006403,15.160000000003492,-15.25,0.02,0.03,0.025,0.97,0.98,0.975,4154.88,2719.24,2706.24,4149.88,0.20884709606465995,-0.21056224220112837,-0.019999999999999997,-0.010000000000000002,0.0,1.01,WAIT,-4,"BTC_BELOW,BTC5-"
2026-09-23 01:42:56,1790127776,btc-updown-5m-1790127600,124,86328.43,86417.73,-89.30000000000291,-19.60000000000582,-8.440000000002328,43.89999999999418,-11.960000000006403,0.02,0.03,0.025,0.97,0.98,0.975,4133.849999999999,2964.53,3124.53,4373.849999999999,0.16473054415232763,-0.16661198818944883,-0.019999999999999997,-0.010000000000000002,0.010000000000000002,1.01,WAIT,-2,"BTC_BELOW,BTC5-,BTC30+"
2026-09-23 01:42:58,1790127777,btc-updown-5m-1790127600,123,86324.65,86417.73,-93.08000000000175,-23.380000000004657,-13.35000000000582,40.11999999999534,-15.740000000005239,0.02,0.03,0.025,0.97,0.98,0.975,4248.679999999999,3278.11,3293.11,4228.679999999999,0.12894872847521976,-0.12438129753688941,-0.010000000000000002,-0.010000000000000002,0.010000000000000002,1.01,WAIT,-2,"BTC_BELOW,BTC5-,BTC30+"
2026-09-23 01:43:00,1790127779,btc-updown-5m-1790127600,121,86310.02,86417.73,-107.70999999999185,-18.39999999999418,-33.830000000001746,25.5,-20.169999999998254,,0.01,,0.99,,,0,4441.72,4761.8,0,-1.0,1.0,,,,,WAIT,-8,DOWN_TOO_EXPENSIVE
2026-09-23 01:43:02,1790127781,btc-updown-5m-1790127600,119,86310.02,86417.73,-107.70999999999185,-18.40999999998894,-38.00999999999476,16.870000000009895,-20.169999999998254,,0.01,,0.99,,,0,6202.41,6334.4400000000005,0,-1.0,1.0,,,,,WAIT,-8,DOWN_TOO_EXPENSIVE
2026-09-23 01:43:03,1790127783,btc-updown-5m-1790127600,117,86301.45,86417.73,-116.27999999999884,-23.19999999999709,-46.58999999999651,-4.0899999999965075,-24.30000000000291,,0.01,,0.99,,,0,6784.820000000001,6643.280000000001,0,-1.0,1.0,,,,,WAIT,-8,DOWN_TOO_EXPENSIVE
2026-09-23 01:43:05,1790127784,btc-updown-5m-1790127600,116,86295.44,86417.73,-122.2899999999936,-14.580000000001746,-52.59999999999127,-10.099999999991269,-30.30999999999767,,0.01,,0.99,,,0,7216.7699999999995,6844.38,0,-1.0,1.0,,,,,WAIT,-8,DOWN_TOO_EXPENSIVE
2026-09-23 01:43:07,1790127786,btc-updown-5m-1790127600,114,86303.77,86417.73,-113.95999999999185,-6.25,-44.25999999999476,-6.5,-21.989999999990687,,0.01,,0.99,,,0,6700.5,6700.5,0,-1.0,1.0,,,,,WAIT,-7,DOWN_TOO_EXPENSIVE
2026-09-23 01:43:09,1790127788,btc-updown-5m-1790127600,112,86303.76,86417.73,-113.97000000000116,2.3099999999976717,-44.270000000004075,-16.24000000000524,-16.25,,0.01,,0.99,,,0,6720.5,6720.5,0,-1.0,1.0,,,,,WAIT,-7,DOWN_TOO_EXPENSIVE
2026-09-23 01:43:10,1790127790,btc-updown-5m-1790127600,110,86303.77,86417.73,-113.95999999999185,8.330000000001746,-24.64999999999418,-33.09999999999127,-7.709999999991851,,0.01,,0.99,,,0,6819.040000000001,6829.040000000001,0,-1.0,1.0,,,,,WAIT,-9,DOWN_TOO_EXPENSIVE
2026-09-23 01:43:12,1790127791,btc-updown-5m-1790127600,109,86320.37,86417.73,-97.36000000000058,16.59999999999127,-8.059999999997672,-16.5,-1.180000000007567,,0.01,,0.99,,,0,6031.16,6031.16,0,-1.0,1.0,,,,,WAIT,-4,"BTC_BELOW,BTC5+,DOWN_BOOK"
2026-09-23 01:43:14,1790127793,btc-updown-5m-1790127600,107,86320.38,86417.73,-97.34999999999127,16.620000000009895,-4.269999999989523,-17.619999999995343,-1.179999999993015,,0.01,,0.99,,,0,6126.160000000001,6126.160000000001,0,-1.0,1.0,,,,,WAIT,-4,"BTC_BELOW,BTC5+,DOWN_BOOK"
2026-09-23 01:43:16,1790127795,btc-updown-5m-1790127600,105,86320.37,86417.73,-97.36000000000058,16.59999999999127,10.349999999991269,-27.660000000003492,-13.190000000002328,,0.01,,0.99,,,0,6085.27,6085.27,0,-1.0,1.0,,,,,WAIT,-4,"BTC_BELOW,BTC5+,DOWN_BOOK"
2026-09-23 01:43:17,1790127797,btc-updown-5m-1790127600,103,86320.37,86417.73,-97.36000000000058,0.0,10.349999999991269,-27.669999999998254,-7.9100000000034925,,0.01,,0.99,,,0,6091.33,6091.33,0,-1.0,1.0,,,,,WAIT,-5,"BTC_BELOW,DOWN_BOOK"
2026-09-23 01:43:19,1790127798,btc-updown-5m-1790127600,102,86320.38,86417.73,-97.34999999999127,0.0,18.930000000007567,-27.65999999998894,-7.889999999999418,,0.01,,0.99,,,0,6301.33,6301.33,0,-1.0,1.0,,,,,WAIT,-5,"BTC_BELOW,DOWN_BOOK"
2026-09-23 01:43:21,1790127800,btc-updown-5m-1790127600,100,86320.38,86417.73,-97.34999999999127,0.010000000009313226,24.94000000000233,-27.65999999998894,-7.899999999994179,,0.01,,0.99,,,0,6516.33,6469.42,0,-1.0,1.0,,,,,WAIT,-3,"BTC_BELOW,BTC15+,DOWN_BOOK"
2026-09-23 01:43:23,1790127802,btc-updown-5m-1790127600,98,86334.18,86417.73,-83.55000000000291,13.809999999997672,30.40999999998894,-13.85000000000582,1.9399999999877764,,0.01,,0.99,,,0,6592.17,6592.17,0,-1.0,1.0,,,,,WAIT,-2,"BTC_BELOW,BTC5+,BTC15+,DOWN_BOOK"
2026-09-23 01:43:24,1790127804,btc-updown-5m-1790127600,96,86323.95,86417.73,-93.77999999999884,3.569999999992433,20.19000000000233,-4.470000000001164,10.690000000002328,,0.01,,0.99,,,0,6853.13,7153.13,0,-1.0,1.0,,,,,WAIT,-3,"BTC_BELOW,BTC15+,DOWN_BOOK"
2026-09-23 01:43:26,1790127805,btc-updown-5m-1790127600,95,86323.65,86417.73,-94.08000000000175,3.2699999999895226,19.879999999990105,-4.7700000000040745,39.11999999999534,,0.001,,0.999,,,0,11817.07,11677.07,0,-1.0,1.0,,,,,WAIT,-5,"BTC_BELOW,DOWN_BOOK"
2026-09-23 01:43:28,1790127807,btc-updown-5m-1790127600,93,86323.66,86417.73,-94.06999999999243,-10.519999999989523,3.290000000008149,-0.9899999999906868,39.13000000000466,,0.001,,0.999,,,0,11524.890000000001,12464.890000000001,0,-1.0,1.0,,,,,WAIT,-6,DOWN_TOO_EXPENSIVE
2026-09-23 01:43:30,1790127809,btc-updown-5m-1790127600,91,86323.65,86417.73,-94.08000000000175,-0.3000000000029104,3.2699999999895226,13.629999999990105,39.129999999990105,,0.001,,0.999,,,0,16062.99,16132.99,0,-1.0,1.0,,,,,WAIT,-5,"BTC_BELOW,DOWN_BOOK"
2026-09-23 01:43:32,1790127811,btc-updown-5m-1790127600,89,86323.65,86417.73,-94.08000000000175,0.0,3.279999999998836,13.629999999990105,30.5,,0.001,,0.999,,,0,16377.99,16407.989999999998,0,-1.0,1.0,,,,,WAIT,-5,"BTC_BELOW,DOWN_BOOK"
2026-09-23 01:43:33,1790127813,btc-updown-5m-1790127600,87,86323.66,86417.73,-94.06999999999243,0.0,3.279999999998836,22.210000000006403,18.120000000009895,,0.001,,0.999,,,0,13146.62,13096.62,0,-1.0,1.0,,,,,WAIT,-5,"BTC_BELOW,DOWN_BOOK"
2026-09-23 01:43:35,1790127814,btc-updown-5m-1790127600,86,86323.66,86417.73,-94.06999999999243,0.010000000009313226,3.279999999998836,28.220000000001164,18.120000000009895,,0.001,,0.999,,,0,13092.4,13077.4,0,-1.0,1.0,,,,,WAIT,-5,"BTC_BELOW,DOWN_BOOK"
2026-09-23 01:43:37,1790127816,btc-updown-5m-1790127600,84,86327.81,86417.73,-89.91999999999825,4.1600000000034925,7.429999999993015,24.039999999993597,17.539999999993597,,0.001,,0.999,,,0,13025.49,13031.34,0,-1.0,1.0,,,,,WAIT,-5,"BTC_BELOW,DOWN_BOOK"
2026-09-23 01:43:39,1790127818,btc-updown-5m-1790127600,82,86328.0,86417.73,-89.72999999999593,4.3399999999965075,-6.179999999993015,24.24000000000524,8.0,,0.001,,0.999,,,0,12641.34,12718.25,0,-1.0,1.0,,,,,WAIT,-5,"BTC_BELOW,DOWN_BOOK"
2026-09-23 01:43:40,1790127820,btc-updown-5m-1790127600,80,86328.01,86417.73,-89.72000000000116,4.349999999991269,4.360000000000582,24.239999999990687,-8.860000000000582,,0.001,,0.999,,,0,12718.25,12688.25,0,-1.0,1.0,,,,,WAIT,-5,"BTC_BELOW,DOWN_BOOK"
2026-09-23 01:43:42,1790127821,btc-updown-5m-1790127600,79,86328.0,86417.73,-89.72999999999593,0.1900000000023283,4.350000000005821,7.630000000004657,-8.869999999995343,,0.001,,0.999,,,0,14032.99,14077.99,0,-1.0,1.0,,,,,WAIT,-5,"BTC_BELOW,DOWN_BOOK"
2026-09-23 01:43:44,1790127823,btc-updown-5m-1790127600,77,86328.0,86417.73,-89.72999999999593,0.0,4.3399999999965075,7.619999999995343,-10.0,,0.001,,0.999,,,0,14148.039999999999,14068.039999999999,0,-1.0,1.0,,,,,WAIT,-5,"BTC_BELOW,DOWN_BOOK"
2026-09-23 01:43:45,1790127825,btc-updown-5m-1790127600,75,86328.01,86417.73,-89.72000000000116,0.0,4.360000000000582,7.639999999999418,-20.020000000004075,,0.001,,0.999,,,0,20081.049999999996,20155.96,0,-1.0,1.0,,,,,WAIT,-5,"BTC_BELOW,DOWN_BOOK"
2026-09-23 01:43:47,1790127826,btc-updown-5m-1790127600,74,86328.0,86417.73,-89.72999999999593,0.0,4.350000000005821,7.630000000004657,-20.029999999998836,,0.001,,0.999,,,0,20157.840000000004,20157.840000000004,0,-1.0,1.0,,,,,WAIT,-5,"BTC_BELOW,DOWN_BOOK"
2026-09-23 01:43:49,1790127828,btc-updown-5m-1790127600,72,86328.0,86417.73,-89.72999999999593,0.0,4.3399999999965075,7.619999999995343,-20.039999999993597,,0.001,,0.999,,,0,20079.75,20079.75,0,-1.0,1.0,,,,,WAIT,-5,"BTC_BELOW,DOWN_BOOK"
2026-09-23 01:43:50,1790127830,btc-updown-5m-1790127600,70,86328.01,86417.73,-89.72000000000116,0.0,4.349999999991269,7.629999999990105,-20.029999999998836,,0.001,,0.999,,,0,20338.95,20213.95,0,-1.0,1.0,,,,,WAIT,-5,"BTC_BELOW,DOWN_BOOK"
2026-09-23 01:43:52,1790127831,btc-updown-5m-1790127600,69,86328.01,86417.73,-89.72000000000116,0.00999999999476131,0.19999999999708962,7.629999999990105,-20.020000000004075,,0.001,,0.999,,,0,20243.95,20243.95,0,-1.0,1.0,,,,,WAIT,-5,"BTC_BELOW,DOWN_BOOK"
2026-09-23 01:43:54,1790127833,btc-updown-5m-1790127600,67,86319.37,86417.73,-98.36000000000058,-8.630000000004657,-8.630000000004657,-14.809999999997672,-28.660000000003492,,0.001,,0.999,,,0,22577.95,22577.95,0,-1.0,1.0,,,,,WAIT,-5,"BTC_BELOW,DOWN_BOOK"
2026-09-23 01:43:56,1790127835,btc-updown-5m-1790127600,65,86319.34,86417.73,-98.38999999999942,-8.669999999998254,-8.669999999998254,-4.309999999997672,-9.080000000001746,,0.001,,0.999,,,0,21976.36,21976.36,0,-1.0,1.0,,,,,WAIT,-5,"BTC_BELOW,DOWN_BOOK"
2026-09-23 01:43:57,1790127837,btc-updown-5m-1790127600,63,86311.71,86417.73,-106.01999999998952,-16.29999999998836,-16.289999999993597,-11.94999999999709,-12.939999999987776,,0.001,,0.999,,,0,21961.34,21961.34,0,-1.0,1.0,,,,,WAIT,-6,DOWN_TOO_EXPENSIVE
2026-09-23 01:43:59,1790127838,btc-updown-5m-1790127600,62,86311.72,86417.73,-106.00999999999476,-7.649999999994179,-16.279999999998836,-11.940000000002328,-12.929999999993015,,0.001,,0.999,,,0,22311.34,22277.34,0,-1.0,1.0,,,,,WAIT,-5,"BTC_BELOW,DOWN_BOOK"
2026-09-23 01:44:01,1790127840,btc-updown-5m-1790127600,60,86301.18,86417.73,-116.55000000000291,-18.160000000003492,-26.830000000001746,-22.470000000001164,-8.84000000001106,,0.001,,0.999,,,0,26580.600000000002,27415.030000000002,0,-1.0,1.0,,,,,WAIT,-8,DOWN_TOO_EXPENSIVE
2026-09-23 01:44:03,1790127842,btc-updown-5m-1790127600,58,86291.96,86417.73,-125.76999999998952,-19.75,-36.0399999999936,-31.689999999987776,-18.05999999999767,,0.001,,0.999,,,0,27415.030000000002,27474.350000000002,0,-1.0,1.0,,,,,WAIT,-10,DOWN_TOO_EXPENSIVE
2026-09-23 01:44:04,1790127844,btc-updown-5m-1790127600,56,86284.52,86417.73,-133.20999999999185,-27.19999999999709,-43.479999999995925,-39.13999999999942,-10.919999999998254,,0.001,,0.999,,,0,28077.35,28002.35,0,-1.0,1.0,,,,,WAIT,-10,DOWN_TOO_EXPENSIVE
2026-09-23 01:44:06,1790127845,btc-updown-5m-1790127600,55,86284.52,86417.73,-133.20999999999185,-16.65999999998894,-43.48999999999069,-39.13999999999942,-10.919999999998254,,0.001,,0.999,,,0,28166.239999999998,28166.239999999998,0,-1.0,1.0,,,,,WAIT,-10,DOWN_TOO_EXPENSIVE
2026-09-23 01:44:08,1790127847,btc-updown-5m-1790127600,53,86284.52,86417.73,-133.20999999999185,-7.440000000002328,-43.48999999999069,-43.2899999999936,-19.25,,0.001,,0.999,,,0,28161.239999999998,28161.239999999998,0,-1.0,1.0,,,,,WAIT,-9,DOWN_TOO_EXPENSIVE
2026-09-23 01:44:10,1790127849,btc-updown-5m-1790127600,51,86284.53,86417.73,-133.1999999999971,0.00999999999476131,-34.83999999999651,-43.470000000001164,-19.229999999995925,,0.001,,0.999,,,0,28171.239999999998,28166.239999999998,0,-1.0,1.0,,,,,WAIT,-9,DOWN_TOO_EXPENSIVE
2026-09-23 01:44:11,1790127851,btc-updown-5m-1790127600,49,86286.27,86417.73,-131.45999999999185,1.75,-33.06999999999243,-41.729999999995925,-34.09999999999127,,0.001,,0.999,,,0,28099.239999999998,28099.239999999998,0,-1.0,1.0,,,,,WAIT,-9,DOWN_TOO_EXPENSIVE
2026-09-23 01:44:13,1790127852,btc-updown-5m-1790127600,48,86296.34,86417.73,-121.38999999999942,11.819999999992433,-15.370000000009895,-31.660000000003492,-24.029999999998836,,0.001,,0.999,,,0,28002.16,28093.16,0,-1.0,1.0,,,,,WAIT,-6,DOWN_TOO_EXPENSIVE
2026-09-23 01:44:15,1790127854,btc-updown-5m-1790127600,46,86305.11,86417.73,-112.61999999999534,20.580000000001746,-6.610000000000582,-22.889999999999418,-15.270000000004075,,0.001,,0.999,,,0,38232.03,38342.28,0,-1.0,1.0,,,,,WAIT,-4,"BTC_BELOW,BTC5+,DOWN_BOOK"
2026-09-23 01:44:17,1790127856,btc-updown-5m-1790127600,44,86310.27,86417.73,-107.45999999999185,24.0,9.09000000001106,-17.729999999995925,-10.099999999991269,,0.001,,0.999,,,0,38334.87,38319.87,0,-1.0,1.0,,,,,WAIT,-4,"BTC_BELOW,BTC5+,DOWN_BOOK"
2026-09-23 01:44:18,1790127858,btc-updown-5m-1790127600,42,86310.27,86417.73,-107.45999999999185,13.930000000007567,18.30999999999767,-17.729999999995925,-10.110000000000582,,0.001,,0.999,,,0,38330.87,38330.87,0,-1.0,1.0,,,,,WAIT,-4,"BTC_BELOW,BTC5+,DOWN_BOOK"
2026-09-23 01:44:20,1790127859,btc-updown-5m-1790127600,41,86320.0,86417.73,-97.72999999999593,14.889999999999418,35.479999999995925,-8.0,-0.3800000000046566,,0.001,,0.999,,,0,37144.89,37219.89,0,-1.0,1.0,,,,,WAIT,-2,"BTC_BELOW,BTC5+,BTC15+,DOWN_BOOK"
2026-09-23 01:44:22,1790127861,btc-updown-5m-1790127600,39,86320.01,86417.73,-97.72000000000116,9.739999999990687,35.48999999999069,-8.0,-0.3700000000098953,,0.001,,0.999,,,0,37017.99,37017.99,0,-1.0,1.0,,,,,WAIT,-3,"BTC_BELOW,BTC15+,DOWN_BOOK"
2026-09-23 01:44:24,1790127863,btc-updown-5m-1790127600,37,86320.01,86417.73,-97.72000000000116,9.739999999990687,35.48999999999069,0.6399999999994179,-14.169999999998254,,0.001,,0.999,,,0,40217.99,40217.99,0,-1.0,1.0,,,,,WAIT,-3,"BTC_BELOW,BTC15+,DOWN_BOOK"
2026-09-23 01:44:25,1790127865,btc-updown-5m-1790127600,35,86320.01,86417.73,-97.72000000000116,0.00999999999476131,35.479999999995925,0.6699999999982538,-3.639999999999418,,0.001,,0.999,,,0,40670.43,40670.43,0,-1.0,1.0,,,,,WAIT,-3,"BTC_BELOW,BTC15+,DOWN_BOOK"
2026-09-23 01:44:27,1790127866,btc-updown-5m-1790127600,34,86320.0,86417.73,-97.72999999999593,-0.00999999999476131,33.729999999995925,0.6600000000034925,-3.6499999999941792,,0.001,,0.999,,,0,40580.43,40625.43,0,-1.0,1.0,,,,,WAIT,-3,"BTC_BELOW,BTC15+,DOWN_BOOK"
2026-09-23 01:44:29,1790127868,btc-updown-5m-1790127600,32,86320.01,86417.73,-97.72000000000116,0.0,23.669999999998254,8.289999999993597,-3.650000000008731,,0.001,,0.999,,,0,40558.43,40618.479999999996,0,-1.0,1.0,,,,,WAIT,-3,"BTC_BELOW,BTC15+,DOWN_BOOK"
2026-09-23 01:44:31,1790127870,btc-updown-5m-1790127600,30,86320.01,86417.73,-97.72000000000116,0.0,14.89999999999418,18.830000000001746,-3.639999999999418,,0.001,,0.999,,,0,55831.58000000001,55821.58000000001,0,-1.0,1.0,,,,,WAIT,-5,"BTC_BELOW,DOWN_BOOK"
2026-09-23 01:44:32,1790127872,btc-updown-5m-1790127600,28,86314.09,86417.73,-103.63999999999942,-5.9100000000034925,3.819999999992433,22.129999999990105,-9.559999999997672,,0.001,,0.999,,,0,55934.58000000001,55934.58000000001,0,-1.0,1.0,,,,,WAIT,-5,"BTC_BELOW,DOWN_BOOK"
2026-09-23 01:44:34,1790127873,btc-updown-5m-1790127600,27,86316.85,86417.73,-100.8799999999901,-3.1599999999889405,6.580000000001746,24.889999999999418,-6.809999999997672,,0.001,,0.999,,,0,55949.58000000001,55934.58000000001,0,-1.0,1.0,,,,,WAIT,-5,"BTC_BELOW,DOWN_BOOK"
2026-09-23 01:44:36,1790127875,btc-updown-5m-1790127600,25,86316.85,86417.73,-100.8799999999901,-3.1599999999889405,-3.1499999999941792,32.330000000001746,-6.809999999997672,,0.001,,0.999,,,0,56179.58000000001,56179.58000000001,0,-1.0,1.0,,,,,WAIT,-3,"BTC_BELOW,BTC30+,DOWN_BOOK"
2026-09-23 01:44:38,1790127877,btc-updown-5m-1790127600,23,86316.85,86417.73,-100.8799999999901,2.7600000000093132,-3.1599999999889405,32.330000000001746,-10.959999999991851,,0.001,,0.999,,,0,56179.58000000001,56179.58000000001,0,-1.0,1.0,,,,,WAIT,-3,"BTC_BELOW,BTC30+,DOWN_BOOK"
2026-09-23 01:44:39,1790127879,btc-updown-5m-1790127600,21,86314.1,86417.73,-103.6299999999901,-2.75,-5.9099999999889405,29.570000000006985,-13.89999999999418,,0.001,,0.999,,,0,59514.58000000001,59514.58000000001,0,-1.0,1.0,,,,,WAIT,-5,"BTC_BELOW,DOWN_BOOK"
2026-09-23 01:44:41,1790127880,btc-updown-5m-1790127600,20,86314.09,86417.73,-103.63999999999942,-2.7600000000093132,-5.919999999998254,29.55999999999767,-13.919999999998254,,0.001,,0.999,,,0,59563.58000000001,59563.58000000001,0,-1.0,1.0,,,,,WAIT,-5,"BTC_BELOW,DOWN_BOOK"
2026-09-23 01:44:43,1790127882,btc-updown-5m-1790127600,18,86314.1,86417.73,-103.6299999999901,-2.75,-5.899999999994179,17.760000000009313,-13.89999999999418,,0.001,,0.999,,,0,59563.58000000001,59568.58000000001,0,-1.0,1.0,,,,,WAIT,0,TIME_FILTER
2026-09-23 01:44:44,1790127884,btc-updown-5m-1790127600,16,86314.09,86417.73,-103.63999999999942,-0.010000000009313226,-5.919999999998254,8.979999999995925,-13.910000000003492,,0.001,,0.999,,,0,59852.58000000001,59857.58000000001,0,-1.0,1.0,,,,,WAIT,0,TIME_FILTER
2026-09-23 01:44:46,1790127885,btc-updown-5m-1790127600,15,86314.1,86417.73,-103.6299999999901,0.010000000009313226,-5.9099999999889405,8.990000000005239,-13.90999999998894,,0.001,,0.999,,,0,60016.310000000005,60016.310000000005,0,-1.0,1.0,,,,,WAIT,0,TIME_FILTER
2026-09-23 01:44:48,1790127887,btc-updown-5m-1790127600,13,86314.1,86417.73,-103.6299999999901,0.0,0.010000000009313226,3.8300000000017462,-13.89999999999418,,0.001,,0.999,,,0,60561.310000000005,60561.310000000005,0,-1.0,1.0,,,,,WAIT,0,TIME_FILTER
2026-09-23 01:44:50,1790127889,btc-updown-5m-1790127600,11,86314.09,86417.73,-103.63999999999942,0.0,-2.7600000000093132,-5.9100000000034925,-13.910000000003492,,0.001,,0.999,,,0,60556.310000000005,60622.36,0,-1.0,1.0,,,,,WAIT,0,TIME_FILTER
2026-09-23 01:44:52,1790127891,btc-updown-5m-1790127600,9,86306.32,86417.73,-111.40999999998894,-7.779999999998836,-10.529999999998836,-13.689999999987776,-21.689999999987776,,0.001,,0.999,,,0,60627.36,60622.36,0,-1.0,1.0,,,,,WAIT,0,TIME_FILTER
2026-09-23 01:44:53,1790127893,btc-updown-5m-1790127600,7,86306.33,86417.73,-111.39999999999418,-7.7700000000040745,-10.520000000004075,-13.679999999993015,-13.039999999993597,,0.001,,0.999,,,0,69172.36,69172.36,0,-1.0,1.0,,,,,WAIT,0,TIME_FILTER
2026-09-23 01:44:55,1790127894,btc-updown-5m-1790127600,6,86287.3,86417.73,-130.42999999999302,-26.789999999993597,-26.80000000000291,-32.70999999999185,-32.06999999999243,,0.001,,0.999,,,0,69139.26000000001,69139.26000000001,0,-1.0,1.0,,,,,WAIT,0,TIME_FILTER
2026-09-23 01:44:57,1790127896,btc-updown-5m-1790127600,4,86287.3,86417.73,-130.42999999999302,-19.020000000004075,-26.789999999993597,-32.69999999999709,-32.0399999999936,,0.001,,0.999,,,0,69255.23000000001,68850.23000000001,0,-1.0,1.0,,,,,WAIT,0,TIME_FILTER
2026-09-23 01:44:58,1790127898,btc-updown-5m-1790127600,2,86284.52,86417.73,-133.20999999999185,-21.80999999999767,-29.580000000001746,-35.48999999999069,-27.19999999999709,,0.001,,0.999,,,0,70590.53,70590.53,0,-1.0,1.0,,,,,WAIT,0,TIME_FILTER
2026-09-23 01:45:00,1790127899,btc-updown-5m-1790127600,1,86277.85,86417.73,-139.8799999999901,-9.44999999999709,-36.23999999999069,-42.15999999998894,-33.86999999999534,,0.001,,0.999,,,0,77764.54,77764.54,0,-1.0,1.0,,,,,WAIT,0,TIME_FILTER
2026-09-23 01:45:02,1790127901,btc-updown-5m-1790127900,299,86277.85,86277.86,-0.00999999999476131,,,,,0.39,0.4,0.395,0.6,0.61,0.605,2534.3999999999996,991.75,1328.91,2299.48,0.43748847893594994,-0.2674932959246387,,,,1.01,WAIT,0,TIME_FILTER
2026-09-23 01:45:04,1790127903,btc-updown-5m-1790127900,297,86280.62,86277.86,2.7599999999947613,,,,,0.41,0.42,0.415,0.58,0.59,0.585,2154.5,786.0,1026.35,2450.5,0.4653970413195035,-0.4096092727612638,,,,1.01,WAIT,0,TIME_FILTER
2026-09-23 01:45:06,1790127905,btc-updown-5m-1790127900,295,86269.02,86277.86,-8.839999999996508,,,,,0.35,0.36,0.355,0.64,0.65,0.645,602.39,2741.59,2944.36,649.52,-0.6397167447173728,0.6385410753837079,,,,1.01,WAIT,0,TIME_FILTER
2026-09-23 01:45:08,1790127907,btc-updown-5m-1790127900,293,86269.02,86277.86,-8.839999999996508,-8.830000000001746,,,,0.35,0.36,0.355,0.64,0.65,0.645,1666.3799999999999,3096.36,3073.5800000000004,1625.9799999999998,-0.3002431373537082,0.3080288367421632,-0.040000000000000036,,,1.01,WAIT,0,TIME_FILTER
2026-09-23 01:45:10,1790127909,btc-updown-5m-1790127900,291,86269.01,86277.86,-8.85000000000582,-11.610000000000582,,,,0.33,0.34,0.335,0.66,0.67,0.665,2214.89,2337.85,2763.34,2510.61,-0.027007911719096642,0.047920439139544364,-0.07999999999999996,,,1.01,WAIT,0,TIME_FILTER
2026-09-23 01:45:11,1790127911,btc-updown-5m-1790127900,289,86273.82,86277.86,-4.039999999993597,4.80000000000291,,,,0.4,0.41,0.405,0.56,0.57,0.565,1722.5100000000002,115.52,625.13,1037.02,0.8743002018465422,-0.24780555304876212,0.050000000000000044,,,0.98,WAIT,0,TIME_FILTER
2026-09-23 01:45:13,1790127912,btc-updown-5m-1790127900,288,86282.8,86277.86,4.940000000002328,13.779999999998836,,,,0.43,0.44,0.435,0.53,0.55,0.54,2453.88,654.0,1865.0,3236.8999999999996,0.5791343295107919,-0.2688998216350771,0.08000000000000002,,,0.99,WAIT,0,TIME_FILTER
2026-09-23 01:45:15,1790127914,btc-updown-5m-1790127900,286,86287.84,86277.86,9.979999999995925,18.830000000001746,,,,0.42,0.43,0.425,0.58,0.59,0.585,954.52,2965.52,3305.08,1469.43,-0.5130049693370475,0.38446877271175467,0.08999999999999997,,,1.02,WAIT,0,TIME_FILTER
2026-09-23 01:45:17,1790127916,btc-updown-5m-1790127900,284,86287.85,86277.86,9.990000000005239,14.029999999998836,10.0,,,0.41,0.42,0.415,0.58,0.59,0.585,1473.93,2356.21,1154.0,2728.34,-0.2303518931422872,-0.4055131698923845,0.009999999999999953,0.019999999999999962,,1.01,WAIT,0,TIME_FILTER
2026-09-23 01:45:18,1790127918,btc-updown-5m-1790127900,282,86296.66,86277.86,18.80000000000291,13.860000000000582,16.04000000000815,,,0.48,0.49,0.485,0.51,0.52,0.515,2986.91,565.28,1979.1399999999999,1844.8600000000001,0.681728736357008,0.03511506276150621,0.04999999999999999,0.07,,1.01,WAIT,0,TIME_FILTER
2026-09-23 01:45:20,1790127919,btc-updown-5m-1790127900,281,86295.76,86277.86,17.89999999999418,7.919999999998254,15.139999999999418,,,0.44,0.45,0.445,0.55,0.56,0.555,2333.37,1747.9099999999999,2153.52,2469.08,0.14345009408812923,-0.0682646129883615,0.020000000000000018,0.030000000000000027,,1.01,WAIT,0,TIME_FILTER
2026-09-23 01:45:22,1790127921,btc-updown-5m-1790127900,279,86295.76,86277.86,17.89999999999418,7.9099999999889405,26.739999999990687,,,0.43,0.44,0.435,0.56,0.57,0.565,1018.6800000000001,3364.09,3705.09,1071.68,-0.5351432997852955,0.5512951220175976,0.020000000000000018,0.08000000000000002,,1.01,WAIT,0,TIME_FILTER
2026-09-23 01:45:24,1790127923,btc-updown-5m-1790127900,277,86294.87,86277.86,17.00999999999476,-1.790000000008149,25.84999999999127,,,0.44,0.45,0.445,0.55,0.56,0.555,1425.22,2994.62,2428.7400000000002,2156.04,-0.3550807269041413,0.05947940795414398,-0.03999999999999998,0.09000000000000002,,1.01,WAIT,0,TIME_FILTER
2026-09-23 01:45:26,1790127925,btc-updown-5m-1790127900,275,86294.88,86277.86,17.020000000004075,-0.8799999999901047,25.870000000009895,,,0.44,0.45,0.445,0.55,0.56,0.555,988.15,2673.3799999999997,2664.3799999999997,1290.8600000000001,-0.46025295436607094,0.34726590548234737,0.0,0.10999999999999999,,1.01,WAIT,0,TIME_FILTER
2026-09-23 01:45:27,1790127927,btc-updown-5m-1790127900,273,86294.88,86277.86,17.020000000004075,-0.8799999999901047,12.080000000001746,,,0.44,0.45,0.445,0.55,0.56,0.555,1700.8400000000001,1500.1499999999999,2099.15,2064.55,0.06269622835435297,0.008309916660662369,0.010000000000000009,0.010000000000000009,,1.01,WAIT,0,TIME_FILTER
2026-09-23 01:45:29,1790127928,btc-updown-5m-1790127900,272,86294.88,86277.86,17.020000000004075,0.010000000009313226,12.080000000001746,,,0.45,0.46,0.455,0.54,0.55,0.545,755.9200000000001,2752.6400000000003,3426.6400000000003,721.6199999999999,-0.5690995736142463,0.6520854526958292,0.010000000000000009,0.020000000000000018,,1.01,WAIT,0,TIME_FILTER
2026-09-23 01:45:31,1790127930,btc-updown-5m-1790127900,270,86279.67,86277.86,1.8099999999976717,-15.210000000006403,-8.169999999998254,,,0.39,0.4,0.395,0.6,0.61,0.605,2018.73,1863.0,1914.5,2205.19,0.040118709956643045,-0.07056113445429146,-0.04999999999999999,-0.02999999999999997,,1.01,WAIT,-2,"BTC5-,PM5-"
2026-09-23 01:45:32,1790127932,btc-updown-5m-1790127900,268,86279.68,86277.86,1.819999999992433,-15.200000000011642,-8.170000000012806,1.8299999999871943,,0.39,0.4,0.395,0.6,0.61,0.605,2237.95,2236.5,2233.5,2131.95,0.00032406217523937424,0.023262206645363062,-0.04999999999999999,-0.019999999999999962,0.0,1.01,WAIT,-2,"BTC5-,PM5-"
2026-09-23 01:45:34,1790127934,btc-updown-5m-1790127900,266,86279.68,86277.86,1.819999999992433,-15.200000000011642,-16.080000000001746,-0.9400000000023283,,0.44,0.45,0.445,0.55,0.56,0.555,821.6700000000001,2938.5,3003.5,1101.26,-0.5629612490924613,0.46342295286447927,-0.010000000000000009,0.0,0.030000000000000027,1.01,WAIT,-3,"BTC5-,DOWN_BOOK"
2026-09-23 01:45:36,1790127935,btc-updown-5m-1790127900,265,86282.45,86277.86,4.5899999999965075,2.779999999998836,-13.309999999997672,13.429999999993015,,0.42,0.43,0.425,0.57,0.58,0.575,1180.4099999999999,1541.12,2727.38,1095.4099999999999,-0.1325394171660794,0.42690548002898415,0.02999999999999997,-0.020000000000000018,0.07,1.01,WAIT,0,"PM30+,DOWN_BOOK"
2026-09-23 01:45:38,1790127937,btc-updown-5m-1790127900,263,86282.45,86277.86,4.5899999999965075,2.7700000000040745,-13.309999999997672,13.429999999993015,,0.41,0.42,0.415,0.58,0.59,0.585,1340.78,2231.94,1878.0,2109.54,-0.24943460444703197,-0.05806587520125189,0.019999999999999962,-0.020000000000000018,0.06,1.01,WAIT,0,
2026-09-23 01:45:40,1790127939,btc-updown-5m-1790127900,261,86282.45,86277.86,4.5899999999965075,2.7700000000040745,-12.419999999998254,13.440000000002328,,0.39,0.4,0.395,0.6,0.61,0.605,1228.25,2247.09,2427.25,1512.38,-0.2931626833633544,0.23222231529356815,-0.04999999999999999,-0.04999999999999999,0.06,1.01,WAIT,-2,PM5-
2026-09-23 01:45:41,1790127941,btc-updown-5m-1790127900,259,86282.45,86277.86,4.5899999999965075,0.0,-12.430000000007567,8.629999999990105,,0.39,0.4,0.395,0.6,0.61,0.605,1763.25,2339.79,2344.79,1748.25,-0.1405153252222742,0.14574497195238745,-0.02999999999999997,-0.04999999999999999,-0.010000000000000009,1.01,WAIT,0,
2026-09-23 01:45:43,1790127942,btc-updown-5m-1790127900,258,86282.45,86277.86,4.5899999999965075,0.0,-12.430000000007567,-0.35000000000582077,,0.36,0.37,0.365,0.63,0.64,0.635,3079.6400000000003,837.0,1052.0,3726.3099999999995,0.5725928346746191,-0.5596769569157296,-0.04999999999999999,-0.08000000000000002,-0.07,1.01,WAIT,-2,"PM5-,PM15-,PM30-,UP_BOOK"
2026-09-23 01:45:45,1790127944,btc-updown-5m-1790127900,256,86272.8,86277.86,-5.059999999997672,-9.64999999999418,-22.080000000001746,-15.039999999993597,,0.31,0.32,0.315,0.69,0.7,0.695,695.62,2962.71,2957.45,1301.2,-0.6197062594134483,0.38891432731029785,-0.08000000000000002,-0.14,-0.10999999999999999,1.02,DOWN WATCH,-8,"BTC15-,PM5-,PM15-,PM30-,DOWN_BOOK"
2026-09-23 01:45:46,1790127946,btc-updown-5m-1790127900,254,86269.02,86277.86,-8.839999999996508,-13.429999999993015,-10.64999999999418,-18.830000000001746,,0.3,0.31,0.305,0.69,0.7,0.695,2559.13,1811.2,2555.44,2028.63,0.17113810627572748,0.11492189255399678,-0.09000000000000002,-0.09000000000000002,-0.10999999999999999,1.01,WAIT,-5,"BTC5-,PM5-,PM15-,PM30-"
2026-09-23 01:45:48,1790127947,btc-updown-5m-1790127900,253,86265.52,86277.86,-12.339999999996508,-16.929999999993015,-14.15999999998894,-22.330000000001746,,0.29,0.3,0.295,0.7,0.71,0.705,2530.44,1267.27,2118.42,2513.54,0.33261360135450047,-0.0853029818910353,-0.07,-0.10000000000000003,-0.12,1.01,WAIT,-4,"BTC5-,PM5-,PM15-,PM30-,UP_BOOK"
2026-09-23 01:45:50,1790127949,btc-updown-5m-1790127900,251,86265.52,86277.86,-12.339999999996508,-7.279999999998836,-14.15999999998894,-30.239999999990687,,0.33,0.34,0.335,0.66,0.67,0.665,2052.5299999999997,1575.47,1921.54,2317.23,0.13149393605292164,-0.0933501935703046,0.020000000000000018,-0.10999999999999999,-0.10999999999999999,1.01,WAIT,-5,"BTC30-,PM15-,PM30-"
2026-09-23 01:45:52,1790127951,btc-updown-5m-1790127900,249,86265.51,86277.86,-12.35000000000582,-3.5100000000093132,-16.94000000000233,-30.25,,0.34,0.35,0.345,0.65,0.66,0.655,951.5,2137.88,2177.98,1730.21,-0.38401879988865084,0.11457221885322873,0.03999999999999998,-0.08000000000000002,-0.09000000000000002,1.01,WAIT,-5,"BTC30-,PM5+,PM15-,PM30-"
2026-09-23 01:45:53,1790127953,btc-updown-5m-1790127900,247,86265.51,86277.86,-12.35000000000582,-0.010000000009313226,-16.94000000000233,-29.360000000000582,,0.31,0.32,0.315,0.68,0.69,0.685,1335.33,3387.6,3267.6,1390.2599999999998,-0.4345332240791204,0.40304775154255396,0.020000000000000018,-0.09999999999999998,-0.13,1.01,WAIT,-5,"PM15-,PM30-,DOWN_BOOK"
2026-09-23 01:45:55,1790127954,btc-updown-5m-1790127900,246,86265.52,86277.86,-12.339999999996508,0.0,-16.929999999993015,-29.34999999999127,,0.3,0.31,0.305,0.69,0.7,0.695,1829.76,2117.6400000000003,3106.5299999999997,1752.76,-0.07292901656786753,0.27859419791780277,-0.030000000000000027,-0.09000000000000002,-0.14,1.01,WAIT,-5,"PM5-,PM15-,PM30-,DOWN_BOOK"
2026-09-23 01:45:57,1790127956,btc-updown-5m-1790127900,244,86264.01,86277.86,-13.85000000000582,-1.5,-18.44000000000233,-30.870000000009895,,0.28,0.29,0.28500000000000003,0.71,0.72,0.715,2715.98,1870.15,1855.55,2884.2,0.18443219010363857,-0.21702621446278808,-0.05999999999999994,-0.10999999999999999,-0.15999999999999998,1.01,DOWN WATCH,-6,"BTC30-,PM5-,PM15-,PM30-"
2026-09-23 01:45:59,1790127958,btc-updown-5m-1790127900,242,86264.01,86277.86,-13.85000000000582,-1.5,-18.44000000000233,-30.870000000009895,,0.33,0.34,0.335,0.66,0.67,0.665,1308.13,1774.4299999999998,1930.0,2475.9100000000003,-0.15127037267725518,-0.12390402890662776,0.020000000000000018,-0.02999999999999997,-0.12,1.01,WAIT,-3,"BTC30-,PM30-"
2026-09-23 01:46:00,1790127960,btc-updown-5m-1790127900,240,86264.01,86277.86,-13.85000000000582,-1.5100000000093132,-8.790000000008149,-15.660000000003492,,0.32,0.33,0.325,0.67,0.68,0.675,1115.6,1872.67,1728.0,2154.8900000000003,-0.25334725443149386,-0.10994130660410166,0.020000000000000018,0.010000000000000009,-0.07,1.01,WAIT,-2,PM30-
2026-09-23 01:46:02,1790127961,btc-updown-5m-1790127900,239,86272.83,86277.86,-5.029999999998836,8.820000000006985,3.8099999999976717,-6.8399999999965075,-5.0200000000040745,0.37,0.38,0.375,0.62,0.63,0.625,877.99,2519.17,2565.17,927.99,-0.4831035335397803,0.4686816521430453,0.08999999999999997,0.07,-0.020000000000000018,1.01,WAIT,1,"PM5+,PM15+,DOWN_BOOK"
2026-09-23 01:46:04,1790127963,btc-updown-5m-1790127900,237,86272.83,86277.86,-5.029999999998836,8.820000000006985,7.309999999997672,-6.849999999991269,-7.789999999993597,0.35,0.36,0.355,0.65,0.66,0.655,882.0699999999999,2364.54,2317.43,1207.73,-0.45662090611437783,0.3147942221062306,0.019999999999999962,0.06,-0.040000000000000036,1.02,WAIT,0,"PM15+,DOWN_BOOK"
2026-09-23 01:46:05,1790127965,btc-updown-5m-1790127900,235,86272.83,86277.86,-5.029999999998836,8.820000000006985,7.309999999997672,-9.619999999995343,3.8099999999976717,0.33,0.34,0.335,0.66,0.67,0.665,2043.45,1896.0,1957.0,2861.9,0.03742908273997641,-0.18778144389798504,0.010000000000000009,0.0,-0.08999999999999997,1.01,WAIT,-1,PM30-
2026-09-23 01:46:07,1790127966,btc-updown-5m-1790127900,234,86276.9,86277.86,-0.9600000000064028,4.069999999992433,11.389999999999418,-5.55000000000291,7.879999999990105,0.38,0.39,0.385,0.61,0.62,0.615,955.3100000000001,1687.8500000000001,2219.34,1395.6599999999999,-0.277145537916736,0.2278506224066391,0.010000000000000009,0.040000000000000036,-0.03999999999999998,1.01,WAIT,-1,
2026-09-23 01:46:09,1790127968,btc-updown-5m-1790127900,232,86276.89,86277.86,-0.9700000000011642,4.059999999997672,11.380000000004657,-5.559999999997672,7.869999999995343,0.36,0.37,0.365,0.63,0.64,0.635,1005.27,3046.2,1603.48,1299.65,-0.5037504905626846,0.10465600920385926,0.010000000000000009,0.04999999999999999,-0.04999999999999999,1.01,WAIT,-1,
2026-09-23 01:46:11,1790127970,btc-updown-5m-1790127900,230,86276.89,86277.86,-0.9700000000011642,4.059999999997672,11.369999999995343,-5.559999999997672,7.880000000004657,0.32,0.33,0.325,0.69,0.7,0.695,25.0,2331.9700000000003,1626.8500000000001,1562.0400000000002,-0.9787863231182408,0.020323686298367123,-0.010000000000000009,0.020000000000000018,-0.07,1.03,WAIT,-2,PM30-
2026-09-23 01:46:13,1790127972,btc-updown-5m-1790127900,228,86265.41,86277.86,-12.44999999999709,-11.489999999990687,1.4000000000087311,-17.039999999993597,-17.389999999999418,0.27,0.28,0.275,0.72,0.73,0.725,1561.18,1514.41,1797.0,2512.63,0.015206838362720642,-0.16605369834533362,-0.10999999999999999,-0.010000000000000009,-0.08999999999999997,1.01,WAIT,-3,"BTC5-,PM5-,PM30-"
2026-09-23 01:46:14,1790127974,btc-updown-5m-1790127900,226,86265.41,86277.86,-12.44999999999709,-11.479999999995925,1.4000000000087311,-7.389999999999418,-22.429999999993015,0.31,0.32,0.315,0.68,0.69,0.685,2860.98,848.1800000000001,1900.36,3167.74,0.5426565583582267,-0.25007004597383636,-0.04999999999999999,-0.020000000000000018,0.0,1.01,WAIT,0,"BTC5-,PM5-,UP_BOOK"
2026-09-23 01:46:16,1790127975,btc-updown-5m-1790127900,225,86265.41,86277.86,-12.44999999999709,-11.479999999995925,1.4000000000087311,-7.389999999999418,-22.429999999993015,0.31,0.32,0.315,0.68,0.69,0.685,1540.6999999999998,2435.21,2654.76,1452.87,-0.22498245684635726,0.2925993821254593,-0.010000000000000009,-0.010000000000000009,0.0,1.01,WAIT,-2,"BTC5-,DOWN_BOOK"
2026-09-23 01:46:18,1790127977,btc-updown-5m-1790127900,223,86265.41,86277.86,-12.44999999999709,0.0,-7.419999999998254,-0.11000000000058208,-22.44000000000233,0.31,0.32,0.315,0.68,0.69,0.685,977.4300000000001,2807.37,2845.76,931.41,-0.4834971464806594,0.506821244476685,0.03999999999999998,-0.06,0.020000000000000018,1.01,WAIT,-3,"PM5+,PM15-,DOWN_BOOK"
2026-09-23 01:46:20,1790127979,btc-updown-5m-1790127900,221,86265.41,86277.86,-12.44999999999709,0.0,-7.419999999998254,-0.11000000000058208,-30.34999999999127,0.31,0.32,0.315,0.68,0.69,0.685,1133.27,2637.15,2400.6,1408.3100000000002,-0.3988627261684375,0.2605181009790202,0.0,-0.03999999999999998,-0.020000000000000018,1.01,WAIT,-2,DOWN_BOOK
2026-09-23 01:46:21,1790127981,btc-updown-5m-1790127900,219,86265.4,86277.86,-12.460000000006403,-0.010000000009313226,-11.5,-0.11000000000058208,-30.360000000000582,0.32,0.33,0.325,0.67,0.68,0.675,1514.91,2131.87,2112.87,1889.3400000000001,-0.16917938564980609,0.05585164196781272,0.010000000000000009,-0.06,-0.019999999999999962,1.01,WAIT,-2,PM15-
2026-09-23 01:46:23,1790127982,btc-updown-5m-1790127900,218,86265.41,86277.86,-12.44999999999709,0.0,-11.489999999990687,-0.09999999999126885,-30.34999999999127,0.31,0.32,0.315,0.68,0.69,0.685,1702.76,2005.45,2005.45,1775.6699999999998,-0.0816269844480221,0.06077035375761684,0.0,-0.07,-0.02999999999999997,1.01,WAIT,-2,PM15-
2026-09-23 01:46:25,1790127984,btc-updown-5m-1790127900,216,86265.4,86277.86,-12.460000000006403,-0.010000000009313226,-11.490000000005239,-0.1200000000098953,-29.470000000001164,0.31,0.32,0.315,0.68,0.69,0.685,1428.49,2402.79,2397.79,1676.49,-0.2543014345075275,0.1770374151997408,0.0,-0.04999999999999999,0.010000000000000009,1.01,WAIT,-1,
2026-09-23 01:46:27,1790127986,btc-updown-5m-1790127900,214,86265.41,86277.86,-12.44999999999709,0.010000000009313226,-11.479999999995925,1.4000000000087311,-29.470000000001164,0.31,0.32,0.315,0.68,0.69,0.685,1533.2499999999998,2594.96,2529.12,1515.6499999999999,-0.2571841064286943,0.250563072807601,-0.010000000000000009,-0.010000000000000009,0.02999999999999997,1.01,WAIT,-2,DOWN_BOOK
2026-09-23 01:46:28,1790127988,btc-updown-5m-1790127900,212,86269.56,86277.86,-8.30000000000291,4.149999999994179,4.149999999994179,5.55000000000291,-25.320000000006985,0.35,0.36,0.355,0.64,0.65,0.645,832.45,1187.23,1869.35,1719.1399999999999,-0.1756614909292561,0.04185883198782776,0.03999999999999998,0.07999999999999996,0.019999999999999962,1.01,WAIT,3,"PM5+,PM15+"
2026-09-23 01:46:30,1790127989,btc-updown-5m-1790127900,211,86270.0,86277.86,-7.860000000000582,4.600000000005821,4.5899999999965075,5.990000000005239,-24.880000000004657,0.35,0.36,0.355,0.64,0.65,0.645,927.79,3034.71,3034.71,927.79,-0.5317148264984227,0.5317148264984227,0.03999999999999998,0.03999999999999998,0.019999999999999962,1.01,WAIT,-1,"PM5+,DOWN_BOOK"
2026-09-23 01:46:32,1790127991,btc-updown-5m-1790127900,209,86270.01,86277.86,-7.850000000005821,4.599999999991269,4.599999999991269,-2.820000000006985,-9.660000000003492,0.33,0.34,0.335,0.66,0.67,0.665,1640.02,1754.0,1616.0,2098.22,-0.03358259527050519,-0.12983075854418957,0.020000000000000018,0.020000000000000018,-0.03999999999999998,1.01,WAIT,0,
2026-09-23 01:46:34,1790127993,btc-updown-5m-1790127900,207,86270.0,86277.86,-7.860000000000582,0.4400000000023283,4.5899999999965075,-2.8300000000017462,-9.679999999993015,0.33,0.34,0.335,0.66,0.67,0.665,2224.8599999999997,1008.0,1059.0,2657.06,0.3764035559844843,-0.4300414955625044,-0.019999999999999962,0.020000000000000018,-0.019999999999999962,1.01,WAIT,2,UP_BOOK
2026-09-23 01:46:35,1790127995,btc-updown-5m-1790127900,205,86270.0,86277.86,-7.860000000000582,0.0,4.5899999999965075,-2.8300000000017462,-12.44999999999709,0.33,0.34,0.335,0.66,0.67,0.665,2002.32,1438.08,1468.08,2391.52,0.16400418555981863,-0.2392579541921443,-0.019999999999999962,0.020000000000000018,0.0,1.01,WAIT,0,
2026-09-23 01:46:37,1790127996,btc-updown-5m-1790127900,204,86270.53,86277.86,-7.330000000001746,0.5200000000040745,5.130000000004657,-6.369999999995343,-11.919999999998254,0.34,0.35,0.345,0.58,0.6,0.59,2287.0699999999997,498.35,987.0,585.98,0.642172455141415,0.25494284733435896,0.009999999999999953,0.019999999999999962,-0.040000000000000036,0.95,WAIT,0,"UP_BOOK,DOWN_BOOK"
2026-09-23 01:46:39,1790127998,btc-updown-5m-1790127900,202,86278.0,86277.86,0.13999999999941792,8.0,12.589999999996508,1.110000000000582,-4.44999999999709,0.32,0.33,0.325,0.67,0.68,0.675,836.65,1982.0,2522.0,168.45,-0.40634701009348445,0.874779312011002,-0.010000000000000009,0.010000000000000009,-0.03999999999999998,1.01,WAIT,-2,DOWN_BOOK
2026-09-23 01:46:41,1790128000,btc-updown-5m-1790127900,200,86265.41,86277.86,-12.44999999999709,-4.5899999999965075,0.010000000009313226,-11.479999999995925,-17.039999999993597,0.26,0.27,0.265,0.73,0.74,0.735,3262.7,1329.0,1346.0,3302.0299999999997,0.4211294291874469,-0.4208298999791309,-0.07,-0.04999999999999999,-0.06,1.01,WAIT,1,"PM5-,UP_BOOK"
2026-09-23 01:46:42,1790128002,btc-updown-5m-1790127900,198,86265.41,86277.86,-12.44999999999709,-5.119999999995343,0.0,0.0,-17.039999999993597,0.27,0.28,0.275,0.72,0.73,0.725,1948.3600000000001,1477.0,1392.0,2791.31,0.13760889366373172,-0.3344982800700881,-0.06999999999999995,-0.03999999999999998,0.0,1.01,WAIT,0,PM5-
2026-09-23 01:46:44,1790128003,btc-updown-5m-1790127900,197,86265.41,86277.86,-12.44999999999709,-12.589999999996508,-4.149999999994179,0.0,-17.039999999993597,0.28,0.29,0.28500000000000003,0.71,0.72,0.715,2690.67,1004.46,2115.46,2577.59,0.45633306541312485,-0.09847114349943002,-0.03999999999999998,-0.06999999999999995,0.010000000000000009,1.01,WAIT,-3,"BTC5-,PM5-,PM15-,UP_BOOK"
2026-09-23 01:46:46,1790128005,btc-updown-5m-1790127900,195,86239.99,86277.86,-37.86999999999534,-25.419999999998254,-30.00999999999476,-25.419999999998254,-32.80999999999767,0.15,0.16,0.155,0.83,0.84,0.835,3058.55,1054.0,1509.47,3182.2999999999997,0.48742264531738216,-0.35654561071834295,-0.11000000000000001,-0.19999999999999998,-0.16,1.0,WAIT,-7,DOWN_TOO_EXPENSIVE
2026-09-23 01:46:48,1790128007,btc-updown-5m-1790127900,193,86251.21,86277.86,-26.64999999999418,-14.19999999999709,-18.79999999998836,-14.19999999999709,-14.309999999997672,0.26,0.27,0.265,0.73,0.74,0.735,986.4200000000001,815.64,1898.6399999999999,1455.53,0.09476931955650761,0.13210719790589023,-0.010000000000000009,-0.07,-0.04999999999999999,1.01,WAIT,-5,"BTC_BELOW,BTC5-,PM15-"
2026-09-23 01:46:50,1790128009,btc-updown-5m-1790127900,191,86254.0,86277.86,-23.860000000000582,-11.410000000003492,-16.0,-11.410000000003492,-11.520000000004075,0.26,0.27,0.265,0.73,0.74,0.735,789.9899999999999,2294.48,2258.7700000000004,799.9899999999999,-0.4877628895726009,0.4769187513894521,-0.020000000000000018,-0.07,-0.04999999999999999,1.01,DOWN WATCH,-7,"BTC_BELOW,BTC5-,PM15-,DOWN_BOOK"
2026-09-23 01:46:51,1790128011,btc-updown-5m-1790127900,189,86256.01,86277.86,-21.85000000000582,16.019999999989523,-14.520000000004075,-9.389999999999418,-9.5,0.29,0.3,0.295,0.7,0.71,0.705,2265.45,722.96,1636.63,2393.9,0.5161574215050813,-0.18788347934390762,0.13999999999999999,-0.04999999999999999,-0.030000000000000027,1.01,WAIT,1,"BTC_BELOW,BTC5+,PM5+,UP_BOOK"
2026-09-23 01:46:53,1790128012,btc-updown-5m-1790127900,188,86256.01,86277.86,-21.85000000000582,4.7999999999883585,-14.520000000004075,-9.400000000008731,-9.5,0.25,0.26,0.255,0.74,0.75,0.745,1352.83,1295.0,1591.81,1966.29,0.021840526015642972,-0.10524718248503416,-0.010000000000000009,-0.08999999999999997,-0.06,1.01,WAIT,-4,"BTC_BELOW,PM15-"
2026-09-23 01:46:55,1790128014,btc-updown-5m-1790127900,186,86260.01,86277.86,-17.85000000000582,6.009999999994761,-17.99000000000524,-5.389999999999418,-5.510000000009313,0.3,0.31,0.305,0.69,0.7,0.695,1348.8400000000001,2455.04,2941.04,1366.2600000000002,-0.29080833254466487,0.3656072249437002,0.03999999999999998,-0.020000000000000018,-0.010000000000000009,1.01,WAIT,-1,"PM5+,DOWN_BOOK"
2026-09-23 01:46:56,1790128016,btc-updown-5m-1790127900,184,86260.0,86277.86,-17.860000000000582,3.9900000000052387,-5.4100000000034925,-5.4100000000034925,-4.009999999994761,0.29,0.3,0.295,0.71,0.72,0.715,1856.0400000000002,2170.2799999999997,2438.43,2196.52,-0.07804645433050517,0.05219258028673446,0.0,0.02999999999999997,-0.020000000000000018,1.02,WAIT,0,
2026-09-23 01:46:58,1790128017,btc-updown-5m-1790127900,183,86260.01,86277.86,-17.85000000000582,4.0,-5.400000000008731,-5.400000000008731,-4.0,0.29,0.3,0.295,0.7,0.71,0.705,1478.7,1990.7999999999997,2939.5899999999997,1215.7,-0.1476005188067444,0.4148663510850024,0.03999999999999998,0.019999999999999962,-0.020000000000000018,1.01,WAIT,0,"PM5+,DOWN_BOOK"
2026-09-23 01:47:00,1790128019,btc-updown-5m-1790127900,181,86266.75,86277.86,-11.110000000000582,6.740000000005239,1.3399999999965075,-3.25,2.7400000000052387,0.32,0.33,0.325,0.67,0.68,0.675,1688.43,1315.3000000000002,2728.34,26.0,0.12422221704347589,0.9811207040525135,0.020000000000000018,0.03999999999999998,-0.02999999999999997,1.01,WAIT,-1,DOWN_BOOK
2026-09-23 01:47:02,1790128021,btc-updown-5m-1790127900,179,86268.0,86277.86,-9.860000000000582,8.0,28.00999999999476,-2.0099999999947613,-4.830000000001746,0.3,0.31,0.305,0.69,0.7,0.695,2972.3599999999997,660.5,1148.03,2828.33,0.6363746469723578,-0.4225724029011458,0.010000000000000009,0.15,-0.030000000000000027,1.01,UP WATCH,6,"BTC15+,PM15+,UP_BOOK"
2026-09-23 01:47:04,1790128023,btc-updown-5m-1790127900,177,86277.8,86277.86,-0.059999999997671694,17.79000000000815,26.589999999996508,7.80000000000291,4.970000000001164,0.36,0.37,0.365,0.63,0.64,0.635,773.22,2197.6400000000003,2855.67,1199.22,-0.4794638589499337,0.4085067659048704,0.07,0.09999999999999998,0.02999999999999997,1.01,WAIT,4,"BTC5+,BTC15+,PM5+,PM15+,DOWN_BOOK"
2026-09-23 01:47:05,1790128025,btc-updown-5m-1790127900,175,86277.81,86277.86,-0.05000000000291038,11.059999999997672,23.80999999999767,7.809999999997672,4.9799999999959255,0.35,0.36,0.355,0.61,0.62,0.615,3080.16,246.0,346.0,2390.17,0.8520816797748755,-0.7470917377209749,0.02999999999999997,0.08999999999999997,0.019999999999999962,0.98,UP WATCH,7,"BTC5+,BTC15+,PM15+,UP_BOOK"
2026-09-23 01:47:07,1790128026,btc-updown-5m-1790127900,174,86282.01,86277.86,4.149999999994179,14.009999999994761,26.0,11.479999999995925,5.110000000000582,0.4,0.41,0.405,0.59,0.6,0.595,2531.38,621.02,1478.02,2856.16,0.6060017764243116,-0.317970181210748,0.10000000000000003,0.11000000000000004,0.06000000000000005,1.01,UP WATCH,8,"BTC5+,BTC15+,PM5+,PM15+,UP_BOOK"
2026-09-23 01:47:09,1790128028,btc-updown-5m-1790127900,172,86287.4,86277.86,9.539999999993597,9.599999999991269,31.389999999999418,9.39999999999418,10.509999999994761,0.37,0.38,0.375,0.62,0.63,0.625,779.78,254.92,942.0,1071.88,0.5072581424567507,-0.06449242258724458,0.010000000000000009,0.12,0.04999999999999999,1.01,WAIT,5,"BTC15+,PM15+,UP_BOOK"
2026-09-23 01:47:10,1790128030,btc-updown-5m-1790127900,170,86287.4,86277.86,9.539999999993597,9.589999999996508,27.389999999999418,21.989999999990687,10.509999999994761,0.37,0.38,0.375,0.62,0.63,0.625,1689.34,1579.56,1456.75,1860.9299999999998,0.0335831625317385,-0.12182609534373413,0.020000000000000018,0.07,0.10999999999999999,1.01,WAIT,5,"BTC15+,PM15+,PM30+"
2026-09-23 01:47:12,1790128031,btc-updown-5m-1790127900,169,86287.41,86277.86,9.55000000000291,5.400000000008731,27.410000000003492,22.0,10.520000000004075,0.36,0.37,0.365,0.63,0.64,0.635,3092.66,831.59,886.59,2947.66,0.5761788876855449,-0.5375418921562234,-0.040000000000000036,0.07,0.09999999999999998,1.01,UP WATCH,6,"BTC15+,PM5-,PM15+,PM30+,UP_BOOK"
2026-09-23 01:47:14,1790128033,btc-updown-5m-1790127900,167,86282.48,86277.86,4.619999999995343,-4.919999999998254,22.470000000001164,17.069999999992433,17.069999999992433,0.33,0.34,0.335,0.66,0.67,0.665,1756.0699999999997,624.17,751.0,2780.07,0.47554028165227025,-0.5746331848419884,-0.03999999999999998,0.040000000000000036,0.04999999999999999,1.01,WAIT,3,"BTC15+,PM5-,UP_BOOK"
2026-09-23 01:47:16,1790128035,btc-updown-5m-1790127900,165,86282.49,86277.86,4.630000000004657,-4.9099999999889405,15.740000000005239,42.5,17.080000000001746,0.34,0.35,0.345,0.65,0.66,0.655,1757.19,1456.67,2243.17,241.0,0.09350749565942511,0.8059714109742893,-0.030000000000000027,0.019999999999999962,0.18999999999999997,1.01,WAIT,1,"BTC30+,PM5-,PM30+,DOWN_BOOK"
2026-09-23 01:47:18,1790128037,btc-updown-5m-1790127900,163,86278.0,86277.86,0.13999999999941792,-9.410000000003492,10.0,26.789999999993597,12.589999999996508,0.28,0.29,0.28500000000000003,0.72,0.73,0.725,1484.81,1391.23,1938.89,1819.65,0.03253779502371314,0.03172508474035131,-0.07999999999999996,-0.019999999999999962,0.020000000000000018,1.02,WAIT,-1,PM5-
2026-09-23 01:47:19,1790128039,btc-updown-5m-1790127900,161,86276.09,86277.86,-1.7700000000040745,-6.389999999999418,-1.7100000000064028,22.089999999996508,10.679999999993015,0.27,0.28,0.275,0.72,0.73,0.725,2571.54,603.5699999999999,607.31,3834.71,0.6198115970785265,-0.7265613392105393,-0.06,-0.08999999999999997,0.010000000000000009,1.01,WAIT,-1,"PM5-,PM15-,UP_BOOK"
2026-09-23 01:47:21,1790128040,btc-updown-5m-1790127900,160,86276.09,86277.86,-1.7700000000040745,-6.400000000008731,-1.7200000000011642,22.089999999996508,10.679999999993015,0.27,0.28,0.275,0.72,0.73,0.725,1684.2700000000002,1362.97,1361.23,2572.98,0.10543967655977217,-0.30800338568607166,-0.06999999999999995,-0.07999999999999996,0.010000000000000009,1.01,WAIT,-2,"PM5-,PM15-"
2026-09-23 01:47:23,1790128042,btc-updown-5m-1790127900,158,86276.09,86277.86,-1.7700000000040745,-1.9100000000034925,-5.919999999998254,20.080000000001746,10.679999999993015,0.26,0.27,0.265,0.73,0.74,0.735,2059.52,2209.25,2209.25,2086.0,-0.03507567753708914,0.028694488097316805,-0.020000000000000018,-0.14,0.010000000000000009,1.01,WAIT,-2,PM15-
2026-09-23 01:47:25,1790128044,btc-updown-5m-1790127900,156,86253.85,86277.86,-24.00999999999476,-22.239999999990687,-33.54999999998836,-6.1599999999889405,-11.549999999988358,0.15,0.16,0.155,0.84,0.85,0.845,2570.6000000000004,2215.21,2214.21,2927.6,0.07425911183268878,-0.13874297183287596,-0.12000000000000002,-0.22,-0.15,1.01,WAIT,-9,DOWN_TOO_EXPENSIVE
2026-09-23 01:47:26,1790128046,btc-updown-5m-1790127900,154,86253.85,86277.86,-24.00999999999476,-22.239999999990687,-33.55999999999767,-6.149999999994179,-11.559999999997672,0.16,0.17,0.165,0.83,0.84,0.835,2884.0,2617.19,2617.19,2902.08,0.04850041536467563,-0.05161733345170645,-0.11000000000000001,-0.19999999999999998,-0.12999999999999998,1.01,WAIT,-9,DOWN_TOO_EXPENSIVE
2026-09-23 01:47:28,1790128047,btc-updown-5m-1790127900,153,86253.85,86277.86,-24.00999999999476,-22.239999999990687,-33.55999999999767,-6.1599999999889405,-11.559999999997672,0.16,0.17,0.165,0.83,0.84,0.835,2820.5600000000004,2372.86,2386.32,2964.1400000000003,0.08620523662634647,-0.10799445281340297,-0.1,-0.19999999999999998,-0.12999999999999998,1.01,WAIT,-9,DOWN_TOO_EXPENSIVE
2026-09-23 01:47:30,1790128049,btc-updown-5m-1790127900,151,86244.0,86277.86,-33.86000000000058,-9.85000000000582,-38.479999999995925,-22.75,-26.0,0.15,0.16,0.155,0.84,0.85,0.845,970.72,3310.0699999999997,3245.59,977.45,-0.5464762345268045,0.5370870273547019,0.0,-0.18000000000000002,-0.17,1.01,WAIT,-9,DOWN_TOO_EXPENSIVE
2026-09-23 01:47:32,1790128051,btc-updown-5m-1790127900,149,86244.0,86277.86,-33.86000000000058,-9.85000000000582,-38.49000000000524,-24.0,-26.00999999999476,0.14,0.15,0.14500000000000002,0.85,0.86,0.855,828.02,3143.24,3163.24,1470.2399999999998,-0.5829938105286483,0.365384117337293,-0.01999999999999999,-0.19999999999999996,-0.15999999999999998,1.01,WAIT,-9,DOWN_TOO_EXPENSIVE
2026-09-23 01:47:33,1790128053,btc-updown-5m-1790127900,147,86244.01,86277.86,-33.85000000000582,-9.84000000001106,-33.99000000000524,-33.79000000000815,-25.99000000000524,0.14,0.15,0.14500000000000002,0.85,0.86,0.855,788.88,3310.92,3310.92,1487.6,-0.6151617152056198,0.3799754924435034,-0.01999999999999999,-0.14,-0.21999999999999997,1.01,WAIT,-11,DOWN_TOO_EXPENSIVE
2026-09-23 01:47:35,1790128054,btc-updown-5m-1790127900,146,86244.0,86277.86,-33.86000000000058,0.0,-32.08999999999651,-33.80000000000291,-26.0,0.14,0.15,0.14500000000000002,0.85,0.86,0.855,1257.04,2538.44,2509.74,1415.3799999999999,-0.3376121070325756,0.2788093102886026,-0.009999999999999981,-0.13,-0.21999999999999997,1.01,WAIT,-11,DOWN_TOO_EXPENSIVE
2026-09-23 01:47:37,1790128056,btc-updown-5m-1790127900,144,86238.03,86277.86,-39.830000000001746,-5.970000000001164,-38.05999999999767,-43.979999999995925,-32.5,0.11,0.12,0.11499999999999999,0.88,0.89,0.885,1372.07,2822.46,2852.46,1131.8600000000001,-0.3457812913484944,0.4318428238695687,-0.030000000000000027,-0.16000000000000003,-0.29000000000000004,1.01,WAIT,-12,DOWN_TOO_EXPENSIVE
2026-09-23 01:47:39,1790128058,btc-updown-5m-1790127900,142,86238.03,86277.86,-39.830000000001746,-5.9799999999959255,-38.05999999999767,-49.36999999999534,-39.970000000001164,0.11,0.12,0.11499999999999999,0.88,0.89,0.885,2666.3500000000004,2345.0,2290.0,2716.3500000000004,0.0641244375268142,-0.085161844457539,-0.030000000000000027,-0.15000000000000002,-0.26,1.01,WAIT,-10,DOWN_TOO_EXPENSIVE
2026-09-23 01:47:40,1790128060,btc-updown-5m-1790127900,140,86238.03,86277.86,-39.830000000001746,-5.970000000001164,-15.820000000006985,-49.36999999999534,-27.380000000004657,0.11,0.12,0.11499999999999999,0.88,0.89,0.885,2013.21,2868.59,2902.6,2053.71,-0.1752181572370847,0.17127459743236398,-0.030000000000000027,-0.04000000000000001,-0.26,1.01,WAIT,-6,DOWN_TOO_EXPENSIVE
2026-09-23 01:47:42,1790128061,btc-updown-5m-1790127900,139,86238.03,86277.86,-39.830000000001746,0.0,-15.820000000006985,-49.38000000000466,-27.380000000004657,0.11,0.12,0.11499999999999999,0.88,0.89,0.885,2039.33,2639.9100000000003,2434.34,2437.26,-0.12834990297569698,-0.0005993923967485164,0.0,-0.05000000000000002,-0.25,1.01,WAIT,-7,DOWN_TOO_EXPENSIVE
2026-09-23 01:47:44,1790128063,btc-updown-5m-1790127900,137,86238.02,86277.86,-39.83999999999651,-0.00999999999476131,-15.830000000001746,-44.45999999999185,-27.389999999999418,0.11,0.12,0.11499999999999999,0.88,0.89,0.885,1647.8200000000002,2883.5499999999997,2773.5499999999997,1656.8200000000002,-0.2727056055894795,0.2520624688231456,0.0,-0.05000000000000002,-0.22000000000000003,1.01,WAIT,-9,DOWN_TOO_EXPENSIVE
2026-09-23 01:47:46,1790128065,btc-updown-5m-1790127900,135,86238.02,86277.86,-39.83999999999651,-0.00999999999476131,-5.9799999999959255,-44.470000000001164,-1.9700000000011642,0.11,0.12,0.11499999999999999,0.88,0.89,0.885,1861.03,2744.08,2774.08,1801.03,-0.19175437720271613,0.2126834108906671,0.0,-0.04000000000000001,-0.22999999999999998,1.01,WAIT,-5,"BTC_BELOW,BTC30-,PM30-"
2026-09-23 01:47:48,1790128067,btc-updown-5m-1790127900,133,86238.03,86277.86,-39.830000000001746,0.0,-5.970000000001164,-39.970000000001164,-13.180000000007567,0.09,0.1,0.095,0.9,0.91,0.905,2672.02,2047.8400000000001,1987.5400000000002,2427.21,0.1322454479582021,-0.09959114332634914,-0.01999999999999999,-0.05000000000000002,-0.19000000000000003,1.01,WAIT,-7,DOWN_TOO_EXPENSIVE
2026-09-23 01:47:49,1790128069,btc-updown-5m-1790127900,131,86248.01,86277.86,-29.85000000000582,9.989999999990687,4.009999999994761,-28.080000000001746,-5.990000000005239,0.12,0.13,0.125,0.87,0.88,0.875,1533.9199999999998,2189.3999999999996,2918.08,1601.29,-0.17604718369627104,0.2913658319633046,0.010000000000000009,-0.020000000000000018,-0.15000000000000002,1.01,WAIT,-4,"BTC_BELOW,PM30-,DOWN_BOOK"
2026-09-23 01:47:51,1790128070,btc-updown-5m-1790127900,130,86246.38,86277.86,-31.479999999995925,8.360000000000582,2.3800000000046566,-29.70999999999185,-7.619999999995343,0.1,0.11,0.10500000000000001,0.89,0.9,0.895,2608.0,2015.7199999999998,2027.84,2456.88,0.12809599197183227,-0.09566706505645842,-0.009999999999999981,-0.04000000000000001,-0.17,1.01,WAIT,-3,"BTC_BELOW,PM30-"
2026-09-23 01:47:53,1790128072,btc-updown-5m-1790127900,128,86246.03,86277.86,-31.830000000001746,8.0,8.0,-30.05999999999767,-9.979999999995925,0.1,0.11,0.10500000000000001,0.9,0.91,0.905,1859.23,2616.54,1660.44,2680.58,-0.16920217079966127,-0.23500006910818189,0.010000000000000009,-0.009999999999999981,-0.16,1.02,WAIT,-5,"BTC_BELOW,BTC30-,PM30-"
2026-09-23 01:47:55,1790128074,btc-updown-5m-1790127900,126,86238.01,86277.86,-39.85000000000582,-10.0,-0.020000000004074536,-15.84000000001106,-22.0,0.1,0.11,0.10500000000000001,0.89,0.9,0.895,2028.73,2190.35,2253.47,2062.88,-0.03830692947277603,0.044155362748618546,-0.01999999999999999,-0.009999999999999981,-0.04999999999999999,1.01,WAIT,-3,"BTC_BELOW,BTC5-"
2026-09-23 01:47:56,1790128076,btc-updown-5m-1790127900,124,86238.01,86277.86,-39.85000000000582,-8.370000000009895,-0.020000000004074536,-15.84000000001106,-21.99000000000524,0.1,0.11,0.10500000000000001,0.89,0.9,0.895,1638.6599999999999,2322.55,2298.55,1576.4299999999998,-0.1726467417783961,0.186354510216827,0.0,-0.009999999999999981,-0.06,1.01,WAIT,-2,BTC_BELOW
2026-09-23 01:47:58,1790128077,btc-updown-5m-1790127900,123,86238.0,86277.86,-39.86000000000058,-8.029999999998836,-0.029999999998835847,-15.85000000000582,-22.00999999999476,0.1,0.11,0.10500000000000001,0.89,0.9,0.895,1693.6599999999999,2922.83,2932.83,1693.6599999999999,-0.2662563982592836,0.26784235997484057,0.0,-0.009999999999999981,-0.06,1.01,WAIT,-4,"BTC_BELOW,DOWN_BOOK"
2026-09-23 01:48:00,1790128079,btc-updown-5m-1790127900,121,86238.01,86277.86,-39.85000000000582,0.0,-0.010000000009313226,-5.990000000005239,-28.74000000000524,0.09,0.1,0.095,0.9,0.91,0.905,1760.48,2568.8500000000004,2375.2000000000003,1760.48,-0.18671942309780043,0.14863819251005886,-0.010000000000000009,-0.01999999999999999,-0.06,1.01,WAIT,-2,BTC_BELOW
2026-09-23 01:48:01,1790128081,btc-updown-5m-1790127900,119,86238.0,86277.86,-39.86000000000058,-0.00999999999476131,-0.020000000004074536,-6.0,-30.0,0.08,0.09,0.08499999999999999,0.91,0.92,0.915,2436.5199999999995,1866.3200000000002,1906.3200000000002,2385.5199999999995,0.13251712822229025,-0.11165374291679078,-0.020000000000000018,-0.03,-0.060000000000000026,1.01,WAIT,-2,BTC_BELOW
2026-09-23 01:48:03,1790128082,btc-updown-5m-1790127900,118,86238.01,86277.86,-39.85000000000582,0.00999999999476131,-0.020000000004074536,-5.990000000005239,-29.99000000000524,0.07,0.08,0.07500000000000001,0.93,0.94,0.935,813.42,3300.33,2702.2799999999997,3502.7500000000005,-0.6045360072926161,-0.1290034053018278,-0.03,-0.01999999999999999,-0.07,1.02,WAIT,-5,"BTC_BELOW,PM5-,PM30-"
2026-09-23 01:48:05,1790128084,btc-updown-5m-1790127900,116,86230.01,86277.86,-47.85000000000582,-8.0,-18.0,-13.990000000005239,-47.79000000000815,0.06,0.07,0.065,0.93,0.94,0.935,4095.7400000000002,2287.29,2278.41,4065.2400000000002,0.2833215573168229,-0.2816722234045069,-0.03,-0.06,-0.08000000000000002,1.01,WAIT,-5,"BTC_BELOW,BTC60-,PM5-,PM15-,PM30-,UP_BOOK"
2026-09-23 01:48:06,1790128086,btc-updown-5m-1790127900,114,86231.38,86277.86,-46.479999999995925,-6.619999999995343,-15.0,-6.649999999994179,-50.629999999990105,0.06,0.07,0.065,0.93,0.94,0.935,3588.2000000000007,2233.0199999999995,2223.0199999999995,3337.84,0.23279999725143546,-0.20047618533823916,-0.01999999999999999,-0.04000000000000001,-0.04999999999999999,1.01,WAIT,-3,"BTC_BELOW,BTC60-"
2026-09-23 01:48:08,1790128087,btc-updown-5m-1790127900,113,86231.38,86277.86,-46.479999999995925,-6.629999999990105,-14.64999999999418,-6.649999999994179,-50.629999999990105,0.05,0.06,0.055,0.94,0.95,0.945,3478.7400000000002,1920.1399999999999,1836.96,6126.39,0.288689505971609,-0.5386464239296276,-0.02000000000000001,-0.05000000000000001,-0.05999999999999999,1.01,WAIT,-3,"BTC_BELOW,BTC60-,PM15-,UP_BOOK"
2026-09-23 01:48:10,1790128089,btc-updown-5m-1790127900,111,86231.38,86277.86,-46.479999999995925,1.3700000000098953,-6.629999999990105,-6.649999999994179,-56.01999999998952,0.05,0.06,0.055,0.94,0.95,0.945,2292.0299999999997,2425.1000000000004,2395.1000000000004,4090.5600000000004,-0.02820994969398779,-0.2614167255144426,-0.010000000000000002,-0.05000000000000001,-0.05999999999999999,1.01,WAIT,-4,"BTC_BELOW,BTC60-,PM15-"
2026-09-23 01:48:12,1790128091,btc-updown-5m-1790127900,109,86220.01,86277.86,-57.85000000000582,-11.370000000009895,-18.0,-18.020000000004075,-67.40000000000873,0.04,0.05,0.045,0.95,0.96,0.955,3027.16,2218.98,2363.98,8320.46,0.1540523127480395,-0.5574910804871384,-0.020000000000000004,-0.06000000000000001,-0.06999999999999999,1.01,WAIT,-6,DOWN_TOO_EXPENSIVE
2026-09-23 01:48:13,1790128093,btc-updown-5m-1790127900,107,86220.0,86277.86,-57.86000000000058,-11.380000000004657,-18.0,-18.020000000004075,-62.479999999995925,0.03,0.04,0.035,0.96,0.97,0.965,7561.96,2617.91,2611.16,7789.65,0.48566926689633566,-0.4978929525681173,-0.019999999999999997,-0.07,-0.07999999999999999,1.01,WAIT,-6,DOWN_TOO_EXPENSIVE
2026-09-23 01:48:15,1790128094,btc-updown-5m-1790127900,106,86220.01,86277.86,-57.85000000000582,-11.370000000009895,-18.0,-18.010000000009313,-62.470000000001164,0.03,0.04,0.035,0.96,0.97,0.965,7823.599999999999,2314.9900000000002,2324.9900000000002,7864.94,0.5433309760035664,-0.5436690929182044,-0.019999999999999997,-0.06,-0.07999999999999999,1.01,WAIT,-6,DOWN_TOO_EXPENSIVE
2026-09-23 01:48:17,1790128096,btc-updown-5m-1790127900,104,86220.01,86277.86,-57.85000000000582,0.0,-17.99000000000524,-18.010000000009313,-62.48000000001048,0.03,0.04,0.035,0.96,0.97,0.965,7164.139999999999,2671.83,2671.83,7142.44,0.4567226211548022,-0.4555213989425601,-0.009999999999999995,-0.04999999999999999,-0.07999999999999999,1.01,WAIT,-3,"BTC_BELOW,BTC60-,PM30-,UP_BOOK"
2026-09-23 01:48:19,1790128098,btc-updown-5m-1790127900,102,86220.01,86277.86,-57.85000000000582,0.00999999999476131,-18.0,-18.020000000004075,-57.99000000000524,0.03,0.04,0.035,0.96,0.97,0.965,8138.98,1522.82,1596.87,8156.98,0.6847750936678466,-0.6725662174423434,0.0,-0.04000000000000001,-0.06,1.01,WAIT,-2,"BTC_BELOW,BTC60-,UP_BOOK"
2026-09-23 01:48:20,1790128100,btc-updown-5m-1790127900,100,86220.02,86277.86,-57.83999999999651,0.010000000009313226,-9.989999999990687,-26.360000000000582,-56.06999999999243,0.03,0.04,0.035,0.96,0.97,0.965,8000.289999999999,1616.96,1815.64,8035.289999999999,0.6637375549143465,-0.6313769359847242,0.0,-0.03,-0.07,1.01,WAIT,-3,"BTC_BELOW,BTC60-,PM30-,UP_BOOK"
2026-09-23 01:48:22,1790128101,btc-updown-5m-1790127900,99,86220.02,86277.86,-57.83999999999651,0.010000000009313226,-11.360000000000582,-26.360000000000582,-56.06999999999243,0.03,0.04,0.035,0.97,0.98,0.975,7689.57,1868.8799999999999,1659.62,6772.94,0.6089575192630604,-0.606378134279507,0.0,-0.03,-0.07,1.02,WAIT,-3,"BTC_BELOW,BTC60-,PM30-,UP_BOOK"
2026-09-23 01:48:24,1790128103,btc-updown-5m-1790127900,97,86220.02,86277.86,-57.83999999999651,0.010000000009313226,-11.360000000000582,-26.00999999999476,-56.06999999999243,0.02,0.03,0.025,0.97,0.98,0.975,6713.42,2038.17,2043.17,6713.42,0.5342172108154061,-0.5333411750464507,-0.010000000000000002,-0.03,-0.08000000000000002,1.01,WAIT,-3,"BTC_BELOW,BTC60-,PM30-,UP_BOOK"
2026-09-23 01:48:26,1790128105,btc-updown-5m-1790127900,95,86227.49,86277.86,-50.36999999999534,7.470000000001164,-3.889999999999418,-10.519999999989523,-26.360000000000582,0.05,0.06,0.055,0.94,0.95,0.945,2519.66,917.0,1108.01,3668.5099999999993,0.4663423207416503,-0.5360597254905244,0.019999999999999997,0.0,-0.05000000000000001,1.01,WAIT,-1,"BTC_BELOW,UP_BOOK"
2026-09-23 01:48:27,1790128107,btc-updown-5m-1790127900,93,86248.85,86277.86,-29.00999999999476,28.830000000001746,28.84000000001106,10.85000000000582,-5.0,0.09,0.1,0.095,0.89,0.9,0.895,1856.05,713.17,1189.56,2231.78,0.44483539751364237,-0.3046233347168069,0.06,0.05,-0.010000000000000009,1.0,UP WATCH,6,"BTC_BELOW,BTC5+,BTC15+,PM5+,PM15+,UP_BOOK"
2026-09-23 01:48:29,1790128108,btc-updown-5m-1790127900,92,86252.01,86277.86,-25.85000000000582,31.989999999990687,32.00999999999476,14.009999999994761,-1.8400000000110595,0.1,0.11,0.10500000000000001,0.89,0.9,0.895,959.98,2366.84,2454.38,994.98,-0.4228843159533729,0.4230929795672241,0.08000000000000002,0.07,0.0,1.01,WAIT,2,"BTC_BELOW,BTC5+,BTC15+,PM5+,PM15+,DOWN_BOOK"
2026-09-23 01:48:31,1790128110,btc-updown-5m-1790127900,90,86252.0,86277.86,-25.860000000000582,24.50999999999476,31.99000000000524,13.990000000005239,8.0,0.09,0.1,0.095,0.9,0.91,0.905,1496.9,2842.04,2011.4900000000002,2046.08,-0.31001581031311787,-0.008524806719292505,0.04,0.06,0.0,1.01,WAIT,3,"BTC_BELOW,BTC5+,BTC15+,PM5+,PM15+"
2026-09-23 01:48:33,1790128112,btc-updown-5m-1790127900,88,86252.0,86277.86,-25.860000000000582,3.1499999999941792,31.99000000000524,13.990000000005239,8.0,0.09,0.1,0.095,0.9,0.91,0.905,1081.03,2440.16,2342.36,1160.04,-0.3859859876916611,0.33757423481041576,0.0,0.06,0.01999999999999999,1.01,WAIT,0,"BTC_BELOW,BTC15+,PM15+,DOWN_BOOK"
2026-09-23 01:48:34,1790128114,btc-updown-5m-1790127900,86,86252.01,86277.86,-25.85000000000582,0.0,32.0,22.0,8.009999999994761,0.09,0.1,0.095,0.9,0.91,0.905,1003.62,2674.36,2734.36,973.62,-0.4542547811570482,0.4748515364160541,-0.010000000000000009,0.06,0.03,1.01,WAIT,0,"BTC_BELOW,BTC15+,PM15+,DOWN_BOOK"
2026-09-23 01:48:36,1790128115,btc-updown-5m-1790127900,85,86252.0,86277.86,-25.860000000000582,0.0,31.979999999995925,21.99000000000524,8.0,0.04,0.05,0.045,0.95,0.96,0.955,2972.6099999999997,1821.62,2054.29,9880.39,0.24007817730897346,-0.6557444355441452,-0.05,0.009999999999999995,-0.020000000000000004,1.01,WAIT,0,"BTC_BELOW,BTC15+,PM5-"
2026-09-23 01:48:38,1790128117,btc-updown-5m-1790127900,83,86248.01,86277.86,-29.85000000000582,-3.9900000000052387,27.989999999990687,16.629999999990105,9.979999999995925,0.02,0.03,0.025,0.97,0.98,0.975,6182.69,2139.1,1950.4500000000003,6886.4,0.485903874046329,-0.5585644205797313,-0.07,-0.010000000000000002,-0.03,1.01,WAIT,1,"BTC_BELOW,BTC15+,PM5-,UP_BOOK"
2026-09-23 01:48:40,1790128119,btc-updown-5m-1790127900,81,86248.0,86277.86,-29.860000000000582,-4.009999999994761,27.979999999995925,16.619999999995343,9.970000000001164,0.02,0.03,0.025,0.97,0.98,0.975,6852.2,1928.4500000000003,1530.6999999999998,6674.44,0.5607500583669774,-0.6268924113421587,-0.07,0.0,-0.03,1.01,WAIT,1,"BTC_BELOW,BTC15+,PM5-,UP_BOOK"
2026-09-23 01:48:42,1790128121,btc-updown-5m-1790127900,79,86248.01,86277.86,-29.85000000000582,-3.9900000000052387,20.519999999989523,28.0,9.979999999995925,0.02,0.03,0.025,0.97,0.98,0.975,6802.12,2035.6499999999999,2027.7599999999998,6802.12,0.5393294914893689,-0.5407049699429665,-0.019999999999999997,-0.03,-0.019999999999999997,1.01,WAIT,2,"BTC_BELOW,BTC15+,UP_BOOK"
2026-09-23 01:48:43,1790128123,btc-updown-5m-1790127900,77,86248.01,86277.86,-29.85000000000582,0.0,-4.0,28.00999999999476,9.989999999990687,0.06,0.07,0.065,0.92,0.93,0.925,2980.7,229.41,1555.2499999999998,2273.1800000000003,0.8570703184626073,-0.18752595711558015,0.04,-0.04000000000000001,0.03,1.0,WAIT,0,"BTC_BELOW,PM5+,UP_BOOK"
2026-09-23 01:48:45,1790128124,btc-updown-5m-1790127900,76,86256.01,86277.86,-21.85000000000582,8.009999999994761,4.0,36.0,17.989999999990687,0.06,0.07,0.065,0.93,0.94,0.935,2615.83,1771.66,1966.61,2600.83,0.19240385733072893,-0.13885677753840228,0.04,-0.04000000000000001,0.03,1.01,WAIT,1,"BTC_BELOW,BTC30+,PM5+"
2026-09-23 01:48:47,1790128126,btc-updown-5m-1790127900,74,86256.0,86277.86,-21.860000000000582,7.990000000005239,4.0,35.99000000000524,17.979999999995925,0.05,0.06,0.055,0.94,0.95,0.945,1949.81,1845.0,1499.1,3179.77,0.027619301098078676,-0.359204252308784,0.03,-0.04,0.019999999999999997,1.01,WAIT,2,"BTC_BELOW,BTC30+,PM5+"
2026-09-23 01:48:48,1790128128,btc-updown-5m-1790127900,72,86256.01,86277.86,-21.85000000000582,8.0,4.009999999994761,36.0,17.979999999995925,0.06,0.07,0.065,0.93,0.94,0.935,1790.3799999999999,2373.63,2395.34,1775.3799999999999,-0.14006930819090258,0.14864579736832015,0.0,-0.03,0.03,1.01,WAIT,0,"BTC_BELOW,BTC30+"
2026-09-23 01:48:50,1790128129,btc-updown-5m-1790127900,71,86256.0,86277.86,-21.860000000000582,-0.00999999999476131,3.9900000000052387,35.99000000000524,7.990000000005239,0.05,0.06,0.055,0.93,0.94,0.935,1757.9099999999999,924.0300000000001,1930.9499999999998,4930.92,0.3109241817490323,-0.4371942342247813,-0.010000000000000002,-0.04,0.019999999999999997,1.0,WAIT,2,"BTC_BELOW,BTC30+,UP_BOOK"
2026-09-23 01:48:52,1790128131,btc-updown-5m-1790127900,69,86258.01,86277.86,-19.85000000000582,2.0099999999947613,6.009999999994761,37.98999999999069,11.629999999990105,0.06,0.07,0.065,0.93,0.94,0.935,1962.3400000000001,2695.46,2236.6699999999996,1994.3400000000001,-0.1573961956288376,0.05727474054658331,0.010000000000000002,0.020000000000000004,0.03,1.01,WAIT,2,BTC30+
2026-09-23 01:48:54,1790128133,btc-updown-5m-1790127900,67,86258.01,86277.86,-19.85000000000582,2.0,10.0,37.98999999999069,11.979999999995925,0.05,0.06,0.055,0.94,0.95,0.945,1448.6399999999999,2513.75,2519.03,2140.33,-0.2688049384336222,0.08127725696232964,-0.010000000000000002,0.03,0.03,1.01,WAIT,1,BTC30+
2026-09-23 01:48:55,1790128135,btc-updown-5m-1790127900,65,86258.01,86277.86,-19.85000000000582,2.0099999999947613,10.009999999994761,30.519999999989523,20.0,0.05,0.06,0.055,0.94,0.95,0.945,1247.1200000000001,2221.26,2266.75,1915.7200000000003,-0.28086311188508756,0.0839288745645515,0.0,0.03,0.0,1.01,WAIT,1,BTC30+
2026-09-23 01:48:57,1790128136,btc-updown-5m-1790127900,64,86258.01,86277.86,-19.85000000000582,0.0,10.0,30.519999999989523,20.0,0.04,0.05,0.045,0.95,0.96,0.955,1356.3400000000001,2349.6,2634.6,8883.52,-0.2680183705078873,-0.5425295100242054,-0.020000000000000004,0.019999999999999997,-0.010000000000000002,1.01,WAIT,2,BTC30+
2026-09-23 01:48:59,1790128138,btc-updown-5m-1790127900,62,86258.0,86277.86,-19.860000000000582,-0.00999999999476131,9.990000000005239,5.990000000005239,20.0,0.02,0.03,0.025,0.98,0.99,0.985,6073.18,1961.8000000000002,1437.5,5713.03,0.5116851566525368,-0.5979319015513536,-0.03,-0.04,-0.08000000000000002,1.02,WAIT,0,"PM5-,PM30-,UP_BOOK"
2026-09-23 01:49:01,1790128140,btc-updown-5m-1790127900,60,86258.0,86277.86,-19.860000000000582,-0.00999999999476131,1.9900000000052387,6.0,19.99000000000524,0.01,0.02,0.015,0.98,0.99,0.985,4590.08,1919.9199999999998,1808.9199999999998,4585.02,0.4101628264208909,-0.43417673609699187,-0.04,-0.05,-0.08,1.01,WAIT,-2,"PM5-,PM15-,PM30-,UP_BOOK"
2026-09-23 01:49:02,1790128142,btc-updown-5m-1790127900,58,86258.0,86277.86,-19.860000000000582,-0.00999999999476131,2.0,6.0,19.99000000000524,0.01,0.02,0.015,0.98,0.99,0.985,3335.75,2244.51,2204.51,3331.75,0.1955536121972811,-0.2036103795703236,-0.03,-0.04,-0.08,1.01,WAIT,-2,"PM5-,PM30-"
2026-09-23 01:49:04,1790128143,btc-updown-5m-1790127900,57,86250.0,86277.86,-27.860000000000582,-8.0,-6.009999999994761,-2.0,11.990000000005239,,0.01,,0.99,,,0,13252.13,13312.43,0,-1.0,1.0,,,,,WAIT,-4,"BTC_BELOW,DOWN_BOOK"
2026-09-23 01:49:06,1790128145,btc-updown-5m-1790127900,55,86250.0,86277.86,-27.860000000000582,-8.0,-6.0,-2.0,19.99000000000524,,0.01,,0.99,,,0,13237.84,13480.5,0,-1.0,1.0,,,,,WAIT,-4,"BTC_BELOW,DOWN_BOOK"
2026-09-23 01:49:07,1790128147,btc-updown-5m-1790127900,53,86249.36,86277.86,-28.5,-8.639999999999418,-8.64999999999418,1.3500000000058208,17.979999999995925,,0.01,,0.99,,,0,14848.4,14862.289999999999,0,-1.0,1.0,,,,,WAIT,-4,"BTC_BELOW,DOWN_BOOK"
2026-09-23 01:49:09,1790128148,btc-updown-5m-1790127900,52,86249.36,86277.86,-28.5,-0.6399999999994179,-8.64999999999418,1.3500000000058208,17.979999999995925,,0.01,,0.99,,,0,15850.35,15832.94,0,-1.0,1.0,,,,,WAIT,-4,"BTC_BELOW,DOWN_BOOK"
2026-09-23 01:49:11,1790128150,btc-updown-5m-1790127900,50,86249.36,86277.86,-28.5,-0.6399999999994179,-8.64999999999418,1.360000000000582,17.979999999995925,,0.01,,0.99,,,0,19759.14,19789.7,0,-1.0,1.0,,,,,WAIT,-4,"BTC_BELOW,DOWN_BOOK"
2026-09-23 01:49:13,1790128152,btc-updown-5m-1790127900,48,86235.78,86277.86,-42.080000000001746,-13.580000000001746,-22.229999999995925,-12.229999999995925,15.770000000004075,,0.01,,0.99,,,0,28232.0,28538.0,0,-1.0,1.0,,,,,WAIT,-7,DOWN_TOO_EXPENSIVE
2026-09-23 01:49:14,1790128154,btc-updown-5m-1790127900,46,86226.0,86277.86,-51.86000000000058,-23.360000000000582,-32.0,-30.00999999999476,5.990000000005239,,0.01,,0.99,,,0,28873.12,28821.5,0,-1.0,1.0,,,,,WAIT,-10,DOWN_TOO_EXPENSIVE
2026-09-23 01:49:16,1790128155,btc-updown-5m-1790127900,45,86226.01,86277.86,-51.85000000000582,-23.35000000000582,-31.99000000000524,-30.0,6.0,,0.01,,0.99,,,0,33431.78,33431.78,0,-1.0,1.0,,,,,WAIT,-10,DOWN_TOO_EXPENSIVE
2026-09-23 01:49:18,1790128157,btc-updown-5m-1790127900,43,86232.58,86277.86,-45.279999999998836,-3.1999999999970896,-25.419999999998254,-23.419999999998254,12.570000000006985,,0.01,,0.99,,,0,33881.64,33921.74,0,-1.0,1.0,,,,,WAIT,-6,DOWN_TOO_EXPENSIVE
2026-09-23 01:49:20,1790128159,btc-updown-5m-1790127900,41,86235.79,86277.86,-42.070000000006985,9.789999999993597,-14.210000000006403,-20.210000000006403,15.779999999998836,,0.01,,0.99,,,0,33919.92,33934.92,0,-1.0,1.0,,,,,WAIT,-4,"BTC_BELOW,DOWN_BOOK"
2026-09-23 01:49:21,1790128161,btc-updown-5m-1790127900,39,86241.99,86277.86,-35.86999999999534,15.980000000010477,-8.009999999994761,-16.019999999989523,21.970000000001164,,0.01,,0.99,,,0,34015.72,34045.72,0,-1.0,1.0,,,,,WAIT,-3,"BTC_BELOW,BTC5+,DOWN_BOOK"
2026-09-23 01:49:23,1790128162,btc-updown-5m-1790127900,38,86242.0,86277.86,-35.86000000000058,9.419999999998254,-7.360000000000582,-16.00999999999476,21.979999999995925,,0.01,,0.99,,,0,34101.21,34074.64,0,-1.0,1.0,,,,,WAIT,-4,"BTC_BELOW,DOWN_BOOK"
2026-09-23 01:49:25,1790128164,btc-updown-5m-1790127900,36,86244.01,86277.86,-33.85000000000582,8.220000000001164,-5.350000000005821,-14.0,23.989999999990687,,0.01,,0.99,,,0,37459.469999999994,37494.469999999994,0,-1.0,1.0,,,,,WAIT,-4,"BTC_BELOW,DOWN_BOOK"
2026-09-23 01:49:27,1790128166,btc-updown-5m-1790127900,34,86244.0,86277.86,-33.86000000000058,2.0099999999947613,-5.360000000000582,-14.009999999994761,16.50999999999476,,0.01,,0.99,,,0,37424.399999999994,37383.59,0,-1.0,1.0,,,,,WAIT,-4,"BTC_BELOW,DOWN_BOOK"
2026-09-23 01:49:29,1790128168,btc-updown-5m-1790127900,32,86256.01,86277.86,-21.85000000000582,14.009999999994761,20.229999999995925,-1.9900000000052387,4.0,,0.01,,0.99,,,0,39506.590000000004,39506.310000000005,0,-1.0,1.0,,,,,WAIT,-1,"BTC_BELOW,BTC5+,BTC15+,DOWN_BOOK"
2026-09-23 01:49:30,1790128170,btc-updown-5m-1790127900,30,86258.0,86277.86,-19.860000000000582,13.990000000005239,31.99000000000524,0.0,6.0,,0.01,,0.99,,,0,39629.200000000004,39629.200000000004,0,-1.0,1.0,,,,,WAIT,1,"BTC5+,BTC15+,DOWN_BOOK"
2026-09-23 01:49:32,1790128171,btc-updown-5m-1790127900,29,86262.06,86277.86,-15.80000000000291,18.05999999999767,36.05000000000291,4.059999999997672,10.059999999997672,,0.01,,0.99,,,0,53267.95,53267.95,0,-1.0,1.0,,,,,WAIT,1,"BTC5+,BTC15+,DOWN_BOOK"
2026-09-23 01:49:34,1790128173,btc-updown-5m-1790127900,27,86263.79,86277.86,-14.070000000006985,7.779999999998836,31.20999999999185,13.789999999993597,11.789999999993597,,0.01,,0.99,,,0,54031.18,54076.18,0,-1.0,1.0,,,,,WAIT,0,"BTC15+,DOWN_BOOK"
2026-09-23 01:49:36,1790128175,btc-updown-5m-1790127900,25,86278.01,86277.86,0.14999999999417923,20.00999999999476,42.220000000001164,28.00999999999476,26.00999999999476,,0.01,,0.99,,,0,54121.18,54091.18,0,-1.0,1.0,,,,,WAIT,1,"BTC5+,BTC15+,DOWN_BOOK"
2026-09-23 01:49:37,1790128177,btc-updown-5m-1790127900,23,86280.01,86277.86,2.1499999999941792,17.94999999999709,38.00999999999476,30.64999999999418,32.0,,0.01,,0.99,,,0,53884.18,53926.93,0,-1.0,1.0,,,,,WAIT,3,"BTC5+,BTC15+,BTC30+,DOWN_BOOK"
2026-09-23 01:49:39,1790128178,btc-updown-5m-1790127900,22,86280.0,86277.86,2.139999999999418,16.210000000006403,38.0,30.639999999999418,31.99000000000524,,0.01,,0.99,,,0,53925.340000000004,53917.83,0,-1.0,1.0,,,,,WAIT,3,"BTC5+,BTC15+,BTC30+,DOWN_BOOK"
2026-09-23 01:49:41,1790128180,btc-updown-5m-1790127900,20,86280.01,86277.86,2.1499999999941792,2.0,36.0,30.64999999999418,32.00999999999476,,0.01,,0.99,,,0,53820.73,53838.83,0,-1.0,1.0,,,,,WAIT,2,"BTC15+,BTC30+,DOWN_BOOK"
2026-09-23 01:49:43,1790128182,btc-updown-5m-1790127900,18,86280.0,86277.86,2.139999999999418,-0.00999999999476131,36.0,44.220000000001164,31.99000000000524,,0.01,,0.99,,,0,54130.21000000001,54130.21000000001,0,-1.0,1.0,,,,,WAIT,0,TIME_FILTER
2026-09-23 01:49:44,1790128184,btc-updown-5m-1790127900,16,86272.0,86277.86,-5.860000000000582,-8.0,15.990000000005239,46.0,15.990000000005239,,0.01,,0.99,,,0,54403.86,54408.86,0,-1.0,1.0,,,,,WAIT,0,TIME_FILTER
2026-09-23 01:49:46,1790128185,btc-updown-5m-1790127900,15,86262.0,86277.86,-15.860000000000582,-18.00999999999476,4.0,35.99000000000524,5.990000000005239,,0.01,,0.99,,,0,54536.18,54536.18,0,-1.0,1.0,,,,,WAIT,0,TIME_FILTER
2026-09-23 01:49:48,1790128187,btc-updown-5m-1790127900,13,86262.0,86277.86,-15.860000000000582,-18.0,-0.059999999997671694,29.419999999998254,6.0,,0.01,,0.99,,,0,55489.18,55889.18,0,-1.0,1.0,,,,,WAIT,0,TIME_FILTER
2026-09-23 01:49:50,1790128189,btc-updown-5m-1790127900,11,86262.01,86277.86,-15.85000000000582,-9.990000000005239,-1.7799999999988358,26.220000000001164,6.009999999994761,,0.01,,0.99,,,0,55889.18,55945.18,0,-1.0,1.0,,,,,WAIT,0,TIME_FILTER
2026-09-23 01:49:51,1790128191,btc-updown-5m-1790127900,9,86260.01,86277.86,-17.85000000000582,-1.9900000000052387,-18.0,18.019999999989523,2.0,,0.01,,0.99,,,0,58060.23,58060.23,0,-1.0,1.0,,,,,WAIT,0,TIME_FILTER
2026-09-23 01:49:53,1790128192,btc-updown-5m-1790127900,8,86256.95,86277.86,-20.910000000003492,-5.05000000000291,-23.05999999999767,14.94999999999709,-1.0599999999976717,,0.01,,0.99,,,0,66713.23,66713.23,0,-1.0,1.0,,,,,WAIT,0,TIME_FILTER
2026-09-23 01:49:55,1790128194,btc-updown-5m-1790127900,6,86243.4,86277.86,-34.4600000000064,-18.610000000000582,-36.60000000000582,-0.6100000000005821,-14.610000000000582,,0.01,,0.99,,,0,66502.13,66513.33,0,-1.0,1.0,,,,,WAIT,0,TIME_FILTER
2026-09-23 01:49:57,1790128196,btc-updown-5m-1790127900,4,86243.4,86277.86,-34.4600000000064,-16.610000000000582,-36.61000000000058,-0.6000000000058208,-14.610000000000582,,0.01,,0.99,,,0,66188.3,66108.3,0,-1.0,1.0,,,,,WAIT,0,TIME_FILTER
2026-09-23 01:49:59,1790128198,btc-updown-5m-1790127900,2,86233.45,86277.86,-44.41000000000349,-23.5,-46.55000000000291,-22.55999999999767,-24.55000000000291,,0.01,,0.99,,,0,77618.94,77518.94,0,-1.0,1.0,,,,,WAIT,0,TIME_FILTER
2026-09-23 01:50:01,1790128200,btc-updown-5m-1790128200,300,86233.46,86233.45,0.010000000009313226,,,,,0.37,0.38,0.375,0.58,0.59,0.585,1297.15,199.04,905.29,273.32,0.7339375346713988,0.5361994213522709,,,,0.97,WAIT,0,TIME_FILTER
2026-09-23 01:50:03,1790128202,btc-updown-5m-1790128200,298,86224.27,86233.45,-9.179999999993015,,,,,0.35,0.36,0.355,0.64,0.65,0.645,2211.79,1834.73,1563.92,2409.79,0.09318130146397396,-0.21286656550176028,,,,1.01,WAIT,0,TIME_FILTER
2026-09-23 01:50:04,1790128204,btc-updown-5m-1790128200,296,86224.26,86233.45,-9.190000000002328,,,,,0.36,0.37,0.365,0.63,0.64,0.635,1636.86,2026.97,2563.07,1484.85,-0.1064760100768868,0.2663639597620507,,,,1.01,WAIT,0,TIME_FILTER
2026-09-23 01:50:06,1790128205,btc-updown-5m-1790128200,295,86224.26,86233.45,-9.190000000002328,-9.200000000011642,,,,0.36,0.37,0.365,0.63,0.64,0.635,1680.6399999999999,2146.9,2574.04,1379.68,-0.121817146261045,0.30208512489503553,-0.010000000000000009,,,1.01,WAIT,0,TIME_FILTER
2026-09-23 01:50:08,1790128207,btc-updown-5m-1790128200,293,86223.77,86233.45,-9.679999999993015,-0.5,,,,0.34,0.35,0.345,0.65,0.66,0.655,292.81,3409.81,3283.81,604.81,-0.8418363213076147,0.6889333491058525,-0.010000000000000009,,,1.01,WAIT,0,TIME_FILTER
2026-09-23 01:50:10,1790128209,btc-updown-5m-1790128200,291,86210.08,86233.45,-23.369999999995343,-14.179999999993015,,,,0.29,0.3,0.295,0.7,0.71,0.705,3687.1800000000003,494.0,1358.0,3742.1800000000003,0.7637030694684276,-0.4674697755765483,-0.07,,,1.01,WAIT,0,TIME_FILTER
2026-09-23 01:50:11,1790128211,btc-updown-5m-1790128200,289,86210.09,86233.45,-23.360000000000582,-14.169999999998254,,,,0.31,0.32,0.315,0.68,0.69,0.685,1327.59,2513.32,2672.27,1443.5700000000002,-0.3087106961631489,0.29852958326854295,-0.04999999999999999,,,1.01,WAIT,0,TIME_FILTER
2026-09-23 01:50:13,1790128212,btc-updown-5m-1790128200,288,86210.08,86233.45,-23.369999999995343,-13.690000000002328,,,,0.31,0.32,0.315,0.68,0.69,0.685,1515.06,2373.71,2442.17,1475.06,-0.22080246453248717,0.24688619253911567,-0.02999999999999997,,,1.01,WAIT,0,TIME_FILTER
2026-09-23 01:50:15,1790128214,btc-updown-5m-1790128200,286,86210.08,86233.45,-23.369999999995343,0.0,,,,0.31,0.32,0.315,0.68,0.69,0.685,2180.73,2373.44,2388.44,2159.28,-0.04231506509418841,0.05039008558134622,0.020000000000000018,,,1.01,WAIT,0,TIME_FILTER
2026-09-23 01:50:17,1790128216,btc-updown-5m-1790128200,284,86210.08,86233.45,-23.369999999995343,-0.00999999999476131,-23.380000000004657,,,0.35,0.36,0.355,0.64,0.65,0.645,1564.73,2485.92,2501.92,1568.19,-0.22741782183106415,0.22941149010714698,0.03999999999999998,-0.020000000000000018,,1.01,WAIT,0,TIME_FILTER
2026-09-23 01:50:18,1790128218,btc-updown-5m-1790128200,282,86210.09,86233.45,-23.360000000000582,0.00999999999476131,-14.180000000007567,,,0.36,0.37,0.365,0.63,0.64,0.635,2189.3,2063.06,2249.34,2120.73,0.029687044370655405,0.029429734535144778,0.04999999999999999,0.010000000000000009,,1.01,WAIT,0,TIME_FILTER
2026-09-23 01:50:20,1790128219,btc-updown-5m-1790128200,281,86214.24,86233.45,-19.20999999999185,4.1600000000034925,-10.019999999989523,,,0.37,0.38,0.375,0.58,0.6,0.59,3877.54,195.0,322.5,2845.3199999999997,0.9042366680253601,-0.7963899463984696,0.06,0.010000000000000009,,0.98,WAIT,0,TIME_FILTER
2026-09-23 01:50:22,1790128221,btc-updown-5m-1790128200,279,86222.01,86233.45,-11.440000000002328,11.929999999993015,-2.25,,,0.42,0.43,0.425,0.57,0.58,0.575,1071.01,3060.1,3555.71,1199.43,-0.4814904468774736,0.4955227396038812,0.07,0.06,,1.01,WAIT,0,TIME_FILTER
2026-09-23 01:50:24,1790128223,btc-updown-5m-1790128200,277,86227.82,86233.45,-5.629999999990105,17.730000000010477,4.05000000000291,,,0.44,0.45,0.445,0.53,0.54,0.535,2122.88,126.11,245.0,3010.27,0.8878518801773241,-0.8494748515484123,0.08000000000000002,0.10000000000000003,,0.99,WAIT,0,TIME_FILTER
2026-09-23 01:50:25,1790128225,btc-updown-5m-1790128200,275,86234.01,86233.45,0.5599999999976717,19.769999999989523,23.929999999993015,,,0.4,0.41,0.405,0.59,0.6,0.595,321.23,2730.34,3229.69,345.23,-0.7894657504169985,0.8068600136506551,0.030000000000000027,0.11000000000000004,,1.01,WAIT,0,TIME_FILTER
2026-09-23 01:50:27,1790128226,btc-updown-5m-1790128200,274,86240.26,86233.45,6.809999999997672,18.25,30.169999999998254,,,0.41,0.43,0.42,0.57,0.59,0.58,1274.92,90.09,45.09,1304.92,0.8680009670258827,-0.9332004948111496,-0.0050000000000000044,0.10499999999999998,,1.02,WAIT,0,TIME_FILTER
2026-09-23 01:50:29,1790128228,btc-updown-5m-1790128200,272,86240.27,86233.45,6.820000000006985,12.44999999999709,30.19000000000233,,,0.48,0.49,0.485,0.51,0.52,0.515,2721.58,1392.13,1439.13,2715.94,0.32317543045085817,-0.3072896485498439,0.03999999999999998,0.16999999999999998,,1.01,WAIT,0,TIME_FILTER
2026-09-23 01:50:31,1790128230,btc-updown-5m-1790128200,270,86244.01,86233.45,10.559999999997672,10.0,33.929999999993015,10.549999999988358,,0.51,0.52,0.515,0.48,0.49,0.485,985.03,983.79,1666.32,1378.1,0.0006298188762812289,0.09467156305634572,0.10999999999999999,0.2,0.14,1.01,UP WATCH,7,"BTC5+,BTC15+,PM5+,PM15+,PM30+"
2026-09-23 01:50:32,1790128232,btc-updown-5m-1790128200,268,86246.01,86233.45,12.559999999997672,5.75,35.929999999993015,21.739999999990687,,0.53,0.54,0.535,0.46,0.47,0.46499999999999997,943.23,2081.53,1935.9899999999998,893.23,-0.3763273780399106,0.3685680152126734,0.11500000000000005,0.18000000000000005,0.18000000000000005,1.01,WAIT,4,"BTC15+,PM5+,PM15+,PM30+,DOWN_BOOK"
2026-09-23 01:50:34,1790128233,btc-updown-5m-1790128200,267,86246.01,86233.45,12.559999999997672,5.739999999990687,35.919999999998254,21.739999999990687,,0.53,0.54,0.535,0.46,0.47,0.46499999999999997,771.82,2900.8500000000004,2246.4900000000002,786.82,-0.5796954259435233,0.48121359175290357,0.050000000000000044,0.17000000000000004,0.18000000000000005,1.01,WAIT,4,"BTC15+,PM5+,PM15+,PM30+,DOWN_BOOK"
2026-09-23 01:50:36,1790128235,btc-updown-5m-1790128200,265,86246.01,86233.45,12.559999999997672,2.0,31.769999999989523,21.75,,0.53,0.54,0.535,0.46,0.47,0.46499999999999997,855.13,2860.44,2580.44,835.13,-0.5397045406223002,0.5109864532127872,0.020000000000000018,0.16000000000000003,0.17000000000000004,1.01,WAIT,3,"BTC15+,PM15+,PM30+,DOWN_BOOK"
2026-09-23 01:50:38,1790128237,btc-updown-5m-1790128200,263,86252.01,86233.45,18.55999999999767,6.0,30.0,28.239999999990687,,0.56,0.57,0.565,0.43,0.44,0.435,981.5,2195.9,2126.01,1053.19,-0.38219928243217727,0.33744967287367894,0.029999999999999916,0.13999999999999996,0.21999999999999997,1.01,WAIT,3,"BTC15+,PM15+,PM30+,DOWN_BOOK"
2026-09-23 01:50:40,1790128239,btc-updown-5m-1790128200,261,86252.01,86233.45,18.55999999999767,6.0,24.189999999987776,41.929999999993015,,0.55,0.56,0.555,0.44,0.45,0.445,1658.8100000000002,1353.8400000000001,846.19,1718.8100000000002,0.10122981428310622,-0.34020272904483434,0.020000000000000018,0.11000000000000004,0.26000000000000006,1.01,UP WATCH,8,"BTC15+,BTC30+,PM15+,PM30+"
2026-09-23 01:50:41,1790128241,btc-updown-5m-1790128200,259,86252.0,86233.45,18.55000000000291,5.990000000005239,11.740000000005239,41.91000000000349,,0.54,0.55,0.545,0.45,0.46,0.455,1583.4900000000002,2048.61,1728.96,1603.4900000000002,-0.12805814817873953,0.03765097750903983,0.010000000000000009,0.12500000000000006,0.23000000000000004,1.01,WAIT,5,"BTC30+,PM15+,PM30+"
2026-09-23 01:50:43,1790128242,btc-updown-5m-1790128200,258,86252.0,86233.45,18.55000000000291,-0.00999999999476131,11.740000000005239,41.919999999998254,,0.53,0.54,0.535,0.46,0.47,0.46499999999999997,1685.6500000000003,960.36,886.0,1746.1400000000003,0.2741070517496155,-0.3267835297514571,-0.029999999999999916,0.11500000000000005,0.22000000000000003,1.01,UP WATCH,7,"BTC30+,PM15+,PM30+,UP_BOOK"
2026-09-23 01:50:45,1790128244,btc-updown-5m-1790128200,256,86260.0,86233.45,26.55000000000291,7.990000000005239,19.729999999995925,49.919999999998254,,0.63,0.64,0.635,0.36,0.37,0.365,1218.13,2258.27,2316.64,1119.6200000000001,-0.29920032217236214,0.3483496592225267,0.07999999999999996,0.15000000000000002,0.32,1.01,UP WATCH,6,"BTC_ABOVE,BTC30+,PM5+,PM15+,PM30+,DOWN_BOOK"
2026-09-23 01:50:47,1790128246,btc-updown-5m-1790128200,254,86270.01,86233.45,36.55999999999767,18.00999999999476,26.0,59.929999999993015,,0.67,0.68,0.675,0.32,0.33,0.325,1403.62,1671.41,1267.75,767.45,-0.08708532924882041,0.24582350628930816,0.13,0.16000000000000003,0.32000000000000006,1.01,UP WATCH,11,"BTC_ABOVE,BTC5+,BTC15+,BTC30+,PM5+,PM15+,PM30+"
2026-09-23 01:50:48,1790128248,btc-updown-5m-1790128200,252,86270.01,86233.45,36.55999999999767,18.00999999999476,24.0,59.919999999998254,,0.66,0.67,0.665,0.33,0.34,0.335,987.98,2315.39,1865.87,987.98,-0.40183509567502274,0.30761602747166106,0.13,0.13,0.30000000000000004,1.01,UP WATCH,9,"BTC_ABOVE,BTC5+,BTC15+,BTC30+,PM5+,PM15+,PM30+,DOWN_BOOK"
2026-09-23 01:50:51,1790128249,btc-updown-5m-1790128200,251,86270.01,86233.45,36.55999999999767,10.009999999994761,24.0,55.76999999998952,,0.64,0.65,0.645,0.35,0.36,0.355,613.3299999999999,2405.08,2404.23,843.71,-0.5936072302967457,0.4804645406011195,0.010000000000000009,0.10999999999999999,0.27,1.01,UP WATCH,8,"BTC_ABOVE,BTC5+,BTC15+,BTC30+,PM15+,PM30+,DOWN_BOOK"
2026-09-23 01:50:52,1790128252,btc-updown-5m-1790128200,248,86270.01,86233.45,36.55999999999767,0.0,18.0,48.0,,0.64,0.65,0.645,0.35,0.36,0.355,1190.76,2749.45,2795.88,1164.8600000000001,-0.3955855144776547,0.4117967854491837,-0.030000000000000027,0.08000000000000007,0.22000000000000003,1.01,WAIT,4,"BTC_ABOVE,BTC30+,PM5-,PM15+,PM30+,DOWN_BOOK"
2026-09-23 01:50:54,1790128253,btc-updown-5m-1790128200,247,86270.01,86233.45,36.55999999999767,0.0,18.0,42.189999999987776,,0.64,0.65,0.645,0.36,0.37,0.365,722.67,2977.96,1981.8899999999999,1321.97,-0.6094340693341403,0.19974211982347917,-0.020000000000000018,0.08000000000000007,0.2,1.02,UP WATCH,6,"BTC_ABOVE,BTC30+,PM15+,PM30+"
2026-09-23 01:50:56,1790128255,btc-updown-5m-1790128200,245,86270.01,86233.45,36.55999999999767,0.0,18.0,36.0,,0.63,0.64,0.635,0.36,0.37,0.365,1485.07,1929.2400000000002,1974.2400000000002,1485.07,-0.13009070646777834,0.1414068123411895,-0.010000000000000009,0.07999999999999996,0.22999999999999998,1.01,UP WATCH,7,"BTC_ABOVE,BTC30+,PM15+,PM30+"
2026-09-23 01:50:58,1790128257,btc-updown-5m-1790128200,243,86270.0,86233.45,36.55000000000291,-0.00999999999476131,18.0,29.74000000000524,,0.62,0.63,0.625,0.37,0.38,0.375,911.32,2783.49,2899.49,741.32,-0.5067026450615862,0.5927719381126726,-0.020000000000000018,0.08999999999999997,0.20500000000000002,1.01,WAIT,3,"BTC_ABOVE,PM15+,PM30+,DOWN_BOOK"
2026-09-23 01:50:59,1790128259,btc-updown-5m-1790128200,241,86270.01,86233.45,36.55999999999767,0.0,10.009999999994761,29.739999999990687,,0.62,0.63,0.625,0.37,0.38,0.375,2071.6400000000003,1859.03,1494.93,2288.44,0.05409001518825044,-0.20973629330464638,-0.020000000000000018,-0.010000000000000009,0.14,1.01,WAIT,3,"BTC_ABOVE,PM30+"
2026-09-23 01:51:01,1790128260,btc-updown-5m-1790128200,240,86273.26,86233.45,39.80999999999767,3.25,13.259999999994761,29.25,39.79999999998836,0.63,0.64,0.635,0.36,0.37,0.365,2103.14,1413.63,1712.63,2078.14,0.19606343320717584,-0.0964210437457297,0.0,0.0,0.12,1.01,WAIT,3,"BTC_ABOVE,PM30+"
2026-09-23 01:51:03,1790128262,btc-updown-5m-1790128200,238,86273.27,86233.45,39.820000000006985,3.2700000000040745,3.2600000000093132,27.260000000009313,49.0,0.63,0.64,0.635,0.36,0.37,0.365,1136.42,1947.63,1927.63,1136.42,-0.263033997503283,0.258223592957034,0.010000000000000009,-0.040000000000000036,0.09999999999999998,1.01,WAIT,2,"BTC_ABOVE,BTC60+,PM30+,DOWN_BOOK"
2026-09-23 01:51:05,1790128264,btc-updown-5m-1790128200,236,86273.27,86233.45,39.820000000006985,3.2600000000093132,3.2600000000093132,27.260000000009313,49.01000000000931,0.64,0.65,0.645,0.35,0.36,0.355,1962.92,1283.95,1215.41,1998.92,0.20911524021596184,-0.2437553082601973,0.020000000000000018,0.0,0.10999999999999999,1.01,WAIT,4,"BTC_ABOVE,BTC60+,PM30+"
2026-09-23 01:51:06,1790128266,btc-updown-5m-1790128200,234,86273.26,86233.45,39.80999999999767,0.0,3.25,27.25,49.0,0.64,0.65,0.645,0.35,0.36,0.355,1962.1399999999999,1343.8500000000001,1193.8500000000001,2017.1399999999999,0.18702113436519766,-0.25639755963114175,0.010000000000000009,0.0,0.10999999999999999,1.01,WAIT,5,"BTC_ABOVE,BTC60+,PM30+"
2026-09-23 01:51:08,1790128267,btc-updown-5m-1790128200,233,86273.26,86233.45,39.80999999999767,-0.010000000009313226,3.25,21.25,49.48999999999069,0.64,0.65,0.645,0.35,0.36,0.355,1904.6,1280.07,1335.07,1874.6,0.19610509095133874,-0.16809516243102873,0.010000000000000009,0.0,0.08000000000000007,1.01,WAIT,4,"BTC_ABOVE,BTC60+,PM30+"
2026-09-23 01:51:10,1790128269,btc-updown-5m-1790128200,231,86273.27,86233.45,39.820000000006985,0.0,3.2600000000093132,21.260000000009313,63.19000000000233,0.65,0.66,0.655,0.34,0.35,0.345,2214.21,1431.32,718.06,2270.7799999999997,0.21475341034088327,-0.5195058952637144,0.010000000000000009,0.010000000000000009,0.09999999999999998,1.01,WAIT,5,"BTC_ABOVE,BTC60+,PM30+"
2026-09-23 01:51:12,1790128271,btc-updown-5m-1790128200,229,86273.26,86233.45,39.80999999999767,0.0,3.25,21.25999999999476,63.169999999998254,0.66,0.67,0.665,0.33,0.34,0.335,1823.81,1759.6499999999999,1106.02,1759.1399999999999,0.0179044833764016,-0.22795236566195254,0.020000000000000018,0.030000000000000027,0.12,1.01,WAIT,4,"BTC_ABOVE,BTC60+,PM30+"
2026-09-23 01:51:13,1790128273,btc-updown-5m-1790128200,227,86278.99,86233.45,45.54000000000815,5.730000000010477,8.990000000005239,26.99000000000524,68.91000000000349,0.67,0.68,0.675,0.32,0.33,0.325,2537.76,1223.26,817.63,2524.6800000000003,0.3495062509638343,-0.5107395783155961,0.030000000000000027,0.050000000000000044,0.14,1.01,UP WATCH,9,"BTC_ABOVE,BTC60+,PM5+,PM15+,PM30+,UP_BOOK"
2026-09-23 01:51:15,1790128274,btc-updown-5m-1790128200,226,86280.0,86233.45,46.55000000000291,6.7299999999959255,9.990000000005239,20.0,69.91999999999825,0.69,0.7,0.695,0.33,0.35,0.33999999999999997,774.23,2354.87,1383.95,568.0,-0.5051420536256431,0.4180178795563411,0.039999999999999925,0.06999999999999995,0.05999999999999994,1.0499999999999998,WAIT,4,"BTC_ABOVE,BTC60+,PM5+,PM15+,DOWN_BOOK"
2026-09-23 01:51:17,1790128276,btc-updown-5m-1790128200,224,86264.9,86233.45,31.44999999999709,-8.360000000000582,-8.360000000000582,-5.110000000000582,54.81999999999243,0.51,0.52,0.515,0.46,0.47,0.46499999999999997,1486.17,459.13,616.1800000000001,1561.3600000000001,0.5279596977329974,-0.4340586166040578,-0.15000000000000002,-0.12,-0.16000000000000003,0.99,WAIT,1,"BTC_ABOVE,BTC60+,PM5-,PM15-,PM30-,UP_BOOK"
2026-09-23 01:51:18,1790128278,btc-updown-5m-1790128200,222,86264.91,86233.45,31.460000000006403,-14.080000000001746,-8.360000000000582,-5.099999999991269,54.820000000006985,0.56,0.57,0.565,0.43,0.44,0.435,2237.87,1017.49,999.94,2322.87,0.3748832694387103,-0.3981359150839199,-0.1100000000000001,-0.07000000000000006,-0.10000000000000009,1.01,WAIT,0,"BTC_ABOVE,BTC5-,BTC60+,PM5-,PM15-,PM30-,UP_BOOK"
2026-09-23 01:51:20,1790128279,btc-updown-5m-1790128200,221,86270.52,86233.45,37.070000000006985,-9.479999999995925,-2.75,0.5100000000093132,56.279999999998836,0.62,0.63,0.625,0.37,0.38,0.375,1382.48,942.67,2028.3899999999999,1025.81,0.1891533879534654,0.32826272018859276,-0.06999999999999995,-0.020000000000000018,-0.020000000000000018,1.01,WAIT,1,"BTC_ABOVE,BTC60+,PM5-,DOWN_BOOK"
2026-09-23 01:51:22,1790128281,btc-updown-5m-1790128200,219,86270.52,86233.45,37.070000000006985,5.620000000009895,-2.7399999999906868,0.5100000000093132,48.51000000000931,0.63,0.64,0.635,0.36,0.37,0.365,2036.5100000000002,1327.82,1203.82,2434.41,0.21064818255046333,-0.3382386490133939,0.12,-0.010000000000000009,-0.010000000000000009,1.01,WAIT,5,"BTC_ABOVE,BTC60+,PM5+"
2026-09-23 01:51:24,1790128283,btc-updown-5m-1790128200,217,86273.26,86233.45,39.80999999999767,8.349999999991269,0.0,3.25,45.439999999987776,0.64,0.65,0.645,0.36,0.37,0.365,1317.27,2118.85,1980.95,1399.3,-0.23328056063234112,0.17207307151837883,0.08000000000000007,0.0,0.0,1.02,WAIT,4,"BTC_ABOVE,BTC60+,PM5+"
2026-09-23 01:51:26,1790128285,btc-updown-5m-1790128200,215,86273.27,86233.45,39.820000000006985,2.75,0.0,3.2600000000093132,39.26000000000931,0.61,0.62,0.615,0.37,0.38,0.375,2317.59,1450.85,713.47,3327.93,0.22999968156584694,-0.6469193843717524,-0.010000000000000009,-0.040000000000000036,-0.020000000000000018,1.0,WAIT,3,BTC_ABOVE
2026-09-23 01:51:27,1790128287,btc-updown-5m-1790128200,213,86273.26,86233.45,39.80999999999767,2.7399999999906868,0.0,3.2599999999947613,33.0,0.64,0.65,0.645,0.35,0.36,0.355,1951.87,1427.9899999999998,2059.5699999999997,1404.86,0.1550005029794134,0.1889805826643921,0.010000000000000009,-0.020000000000000018,0.020000000000000018,1.01,WAIT,2,BTC_ABOVE
2026-09-23 01:51:29,1790128288,btc-updown-5m-1790128200,212,86274.0,86233.45,40.55000000000291,0.7400000000052387,-4.990000000005239,4.0,33.729999999995925,0.67,0.7,0.685,0.42,0.43,0.425,77.0,2564.77,550.8599999999999,30.0,-0.9417057503113443,0.8967048858588988,0.040000000000000036,0.010000000000000009,0.06000000000000005,1.13,WAIT,1,"BTC_ABOVE,PM5+,DOWN_BOOK"
2026-09-23 01:51:31,1790128290,btc-updown-5m-1790128200,210,86270.35,86233.45,36.90000000000873,-2.9199999999982538,-9.64999999999418,-2.9099999999889405,26.34000000001106,0.58,0.59,0.585,0.41,0.42,0.415,1568.6100000000001,1567.56,1628.4399999999998,1308.74,0.00033480327915903215,0.10884589980865995,-0.030000000000000027,-0.10999999999999999,-0.050000000000000044,1.01,WAIT,-1,"BTC_ABOVE,PM5-,PM15-"
2026-09-23 01:51:32,1790128292,btc-updown-5m-1790128200,208,86270.34,86233.45,36.88999999999942,-2.9199999999982538,5.440000000002328,-2.930000000007567,24.330000000001746,0.59,0.6,0.595,0.41,0.43,0.42,536.0,2482.14,2432.1099999999997,828.22,-0.6448143558615571,0.49194099983743966,-0.050000000000000044,0.07999999999999996,-0.040000000000000036,1.03,WAIT,1,"BTC_ABOVE,PM5-,PM15+,DOWN_BOOK"
2026-09-23 01:51:34,1790128293,btc-updown-5m-1790128200,207,86270.34,86233.45,36.88999999999942,-3.6600000000034925,5.429999999993015,-2.930000000007567,24.330000000001746,0.58,0.59,0.585,0.41,0.42,0.415,2747.3199999999997,1400.8999999999999,1395.8999999999999,1703.47,0.3245777707064717,-0.09923629640862504,-0.10000000000000009,0.020000000000000018,-0.050000000000000044,1.01,WAIT,2,"BTC_ABOVE,PM5-,UP_BOOK"
2026-09-23 01:51:36,1790128295,btc-updown-5m-1790128200,205,86270.35,86233.45,36.90000000000873,0.0,-0.16999999999825377,-2.9199999999982538,24.34000000001106,0.59,0.6,0.595,0.4,0.41,0.405,3724.2299999999996,1500.18,1482.3999999999999,2713.23,0.4257035722694045,-0.2933599959958338,0.010000000000000009,-0.030000000000000027,-0.050000000000000044,1.01,WAIT,4,"BTC_ABOVE,UP_BOOK"
2026-09-23 01:51:38,1790128297,btc-updown-5m-1790128200,203,86270.35,86233.45,36.90000000000873,0.010000000009313226,-0.16999999999825377,-2.9099999999889405,18.34000000001106,0.57,0.58,0.575,0.42,0.43,0.425,1939.38,2308.86,2113.13,1679.56,-0.0869724874300887,0.11431727876520363,-0.020000000000000018,-0.06000000000000005,-0.07000000000000006,1.01,WAIT,-1,"BTC_ABOVE,PM15-,PM30-"
2026-09-23 01:51:39,1790128299,btc-updown-5m-1790128200,201,86270.35,86233.45,36.90000000000873,0.010000000009313226,-2.9099999999889405,-2.9199999999982538,18.34000000001106,0.56,0.57,0.565,0.44,0.47,0.45499999999999996,1483.91,1601.25,1517.85,87.88000000000001,-0.03803368382839137,0.8905419964751233,-0.020000000000000018,-0.08000000000000007,-0.09000000000000008,1.04,WAIT,-2,"BTC_ABOVE,PM15-,PM30-,DOWN_BOOK"
2026-09-23 01:51:41,1790128300,btc-updown-5m-1790128200,200,86264.01,86233.45,30.55999999999767,-6.3400000000110595,-9.260000000009313,-9.260000000009313,12.0,0.51,0.52,0.515,0.48,0.49,0.485,574.88,2108.5499999999997,2232.34,924.62,-0.5715334478633688,0.4142339465815215,-0.07999999999999996,-0.09999999999999998,-0.14,1.01,WAIT,-4,"BTC_ABOVE,PM5-,PM15-,PM30-,DOWN_BOOK"
2026-09-23 01:51:43,1790128302,btc-updown-5m-1790128200,198,86246.14,86233.45,12.690000000002328,-24.210000000006403,-27.119999999995343,-27.119999999995343,-5.860000000000582,0.4,0.41,0.405,0.59,0.6,0.595,966.9000000000001,813.0799999999999,955.83,1287.6399999999999,0.08641670131125077,-0.14790035079586528,-0.16999999999999993,-0.24,-0.26,1.01,DOWN WATCH,-7,"BTC5-,BTC15-,PM5-,PM15-,PM30-"
2026-09-23 01:51:45,1790128304,btc-updown-5m-1790128200,196,86246.14,86233.45,12.690000000002328,-24.210000000006403,-27.860000000000582,-33.86000000000058,-13.860000000000582,0.37,0.38,0.375,0.62,0.63,0.625,1280.78,1454.28,1397.04,1406.4,-0.06343553706317229,-0.00333875524355796,-0.18999999999999995,-0.31000000000000005,-0.31999999999999995,1.01,DOWN WATCH,-9,"BTC5-,BTC15-,BTC30-,PM5-,PM15-,PM30-"
2026-09-23 01:51:46,1790128306,btc-updown-5m-1790128200,194,86246.0,86233.45,12.55000000000291,-18.00999999999476,-24.35000000000582,-18.89999999999418,-24.00999999999476,0.36,0.37,0.365,0.63,0.64,0.635,2757.0799999999995,1253.4299999999998,1135.8600000000001,3065.7799999999997,0.3749273783134813,-0.4593254062699327,-0.15000000000000002,-0.21999999999999997,-0.15000000000000002,1.01,WAIT,-5,"BTC5-,BTC15-,PM5-,PM15-,PM30-,UP_BOOK"
2026-09-23 01:51:48,1790128307,btc-updown-5m-1790128200,193,86246.0,86233.45,12.55000000000291,-0.13999999999941792,-24.339999999996508,-18.89999999999418,-24.00999999999476,0.37,0.38,0.375,0.62,0.63,0.625,2043.12,1794.8200000000002,1591.44,2012.12,0.0646961651302521,-0.11674011255536187,-0.030000000000000027,-0.21999999999999997,-0.14,1.01,DOWN WATCH,-6,"BTC15-,PM5-,PM15-,PM30-"
2026-09-23 01:51:50,1790128309,btc-updown-5m-1790128200,191,86244.01,86233.45,10.559999999997672,-2.1300000000046566,-26.330000000001746,-26.510000000009313,-26.0,0.38,0.39,0.385,0.6,0.61,0.605,3169.9,845.06,1302.04,2932.7200000000003,0.5790443740410863,-0.38507022830101356,0.010000000000000009,-0.19999999999999996,-0.24,1.0,WAIT,-3,"BTC15-,PM15-,PM30-,UP_BOOK"
2026-09-23 01:51:52,1790128311,btc-updown-5m-1790128200,189,86244.0,86233.45,10.55000000000291,-2.0,-26.35000000000582,-26.520000000004075,-26.00999999999476,0.39,0.4,0.395,0.6,0.61,0.605,2715.53,1307.04,1413.0,2675.53,0.3501467966996224,-0.30879802765297065,0.030000000000000027,-0.19999999999999996,-0.24,1.01,WAIT,-2,"BTC15-,PM5+,PM15-,PM30-,UP_BOOK"
2026-09-23 01:51:53,1790128313,btc-updown-5m-1790128200,187,86238.61,86233.45,5.1600000000034925,-7.389999999999418,-31.74000000000524,-34.64999999999418,-31.39999999999418,0.36,0.37,0.365,0.64,0.65,0.645,808.12,2483.28,1420.13,1932.7400000000002,-0.5089505985295012,-0.15288692970499904,-0.010000000000000009,-0.20999999999999996,-0.28,1.02,DOWN WATCH,-8,"BTC15-,BTC30-,PM15-,PM30-"
2026-09-23 01:51:55,1790128314,btc-updown-5m-1790128200,186,86238.01,86233.45,4.559999999997672,-6.0,-32.34000000001106,-35.25,-32.0,0.37,0.38,0.375,0.62,0.63,0.625,1813.19,1212.37,836.3799999999999,1986.77,0.19858141963801748,-0.407484547402724,-0.010000000000000009,-0.18999999999999995,-0.27,1.01,DOWN WATCH,-6,"BTC15-,BTC30-,PM15-,PM30-"
2026-09-23 01:51:57,1790128316,btc-updown-5m-1790128200,184,86238.01,86233.45,4.559999999997672,-5.990000000005239,-26.0,-35.26000000000931,-32.0,0.44,0.45,0.445,0.55,0.56,0.555,1018.96,1004.9499999999999,1226.32,1340.96,0.006922244566211,-0.044654264435511556,0.04999999999999999,-0.07,-0.16999999999999998,1.01,DOWN WATCH,-6,"BTC15-,BTC30-,PM5+,PM15-,PM30-"
2026-09-23 01:51:59,1790128318,btc-updown-5m-1790128200,182,86238.01,86233.45,4.559999999997672,-0.6000000000058208,-8.130000000004657,-35.99000000000524,-31.99000000000524,0.44,0.45,0.445,0.55,0.56,0.555,1061.8400000000001,1442.98,2057.9700000000003,1327.0200000000002,-0.15216263044849523,0.2159385995231891,0.08000000000000002,0.03999999999999998,-0.24000000000000005,1.01,WAIT,-2,"BTC30-,PM5+,PM30-"
2026-09-23 01:52:00,1790128320,btc-updown-5m-1790128200,180,86238.01,86233.45,4.559999999997672,0.0,-8.130000000004657,-32.34000000001106,-35.25,0.44,0.45,0.445,0.55,0.56,0.555,729.73,2196.18,2271.18,629.4200000000001,-0.5011945001725958,0.5660070330276494,0.07,0.07,-0.13999999999999996,1.01,WAIT,-2,"BTC30-,PM5+,PM15+,PM30-,DOWN_BOOK"
2026-09-23 01:52:02,1790128322,btc-updown-5m-1790128200,178,86222.0,86233.45,-11.44999999999709,-16.00999999999476,-24.0,-48.33999999999651,-51.270000000004075,0.26,0.27,0.265,0.72,0.73,0.725,1126.73,2059.86,1984.97,946.38,-0.29283026683696367,0.3543043307690996,-0.18,-0.10999999999999999,-0.32999999999999996,1.0,DOWN WATCH,-12,"BTC5-,BTC15-,BTC30-,BTC60-,PM5-,PM15-,PM30-,DOWN_BOOK"
2026-09-23 01:52:04,1790128323,btc-updown-5m-1790128200,177,86222.01,86233.45,-11.440000000002328,-16.0,-23.99000000000524,-48.330000000001746,-51.26000000000931,0.3,0.31,0.305,0.7,0.71,0.705,532.98,1520.34,1865.63,882.44,-0.48086026532639825,0.35777472917356545,-0.14,-0.07,-0.27999999999999997,1.02,DOWN WATCH,-12,"BTC5-,BTC15-,BTC30-,BTC60-,PM5-,PM15-,PM30-,DOWN_BOOK"
2026-09-23 01:52:06,1790128325,btc-updown-5m-1790128200,175,86222.01,86233.45,-11.440000000002328,-16.0,-22.0,-48.34000000001106,-51.26000000000931,0.35,0.36,0.355,0.63,0.64,0.635,1799.09,604.0,651.06,2808.7700000000004,0.49731387505253644,-0.6236462485151005,-0.09000000000000002,-0.030000000000000027,-0.24,1.0,DOWN WATCH,-6,"BTC5-,BTC15-,BTC30-,BTC60-,PM5-,PM30-,UP_BOOK"
2026-09-23 01:52:08,1790128327,btc-updown-5m-1790128200,173,86226.01,86233.45,-7.440000000002328,4.009999999994761,-17.99000000000524,-44.34000000001106,-47.25,0.4,0.41,0.405,0.59,0.6,0.595,2564.0499999999997,367.59000000000003,1903.98,1116.66,0.7492256893752302,0.2606467503575401,0.14,0.010000000000000009,-0.16999999999999993,1.01,WAIT,-3,"BTC30-,BTC60-,PM5+,PM30-,UP_BOOK,DOWN_BOOK"
2026-09-23 01:52:09,1790128329,btc-updown-5m-1790128200,171,86233.28,86233.45,-0.16999999999825377,11.270000000004075,-4.7299999999959255,-37.070000000006985,-39.99000000000524,0.4,0.41,0.405,0.59,0.6,0.595,821.65,2042.09,2777.2999999999997,811.65,-0.4261699735311167,0.5476950082893325,0.10000000000000003,0.030000000000000027,-0.15999999999999992,1.01,WAIT,-3,"BTC5+,BTC30-,PM5+,PM30-,DOWN_BOOK"
2026-09-23 01:52:11,1790128330,btc-updown-5m-1790128200,170,86233.29,86233.45,-0.16000000000349246,11.279999999998836,-4.720000000001164,-30.720000000001164,-39.98000000001048,0.4,0.41,0.405,0.59,0.6,0.595,654.77,2535.62,2971.3,564.77,-0.5895360755268164,0.6805662783824981,0.050000000000000044,0.030000000000000027,-0.10999999999999999,1.01,WAIT,-3,"BTC5+,BTC30-,PM5+,PM30-,DOWN_BOOK"
2026-09-23 01:52:13,1790128332,btc-updown-5m-1790128200,168,86227.41,86233.45,-6.039999999993597,1.4000000000087311,-10.599999999991269,-18.729999999995925,-45.84999999999127,0.29,0.3,0.295,0.7,0.71,0.705,944.0,1445.71,1930.02,832.0,-0.20994597670847093,0.3975423784042114,-0.11000000000000004,-0.15000000000000002,-0.11000000000000004,1.01,DOWN WATCH,-6,"BTC60-,PM5-,PM15-,PM30-,DOWN_BOOK"
2026-09-23 01:52:15,1790128334,btc-updown-5m-1790128200,166,86223.78,86233.45,-9.669999999998254,-9.5,-14.229999999995925,-22.360000000000582,-56.220000000001164,0.25,0.26,0.255,0.74,0.75,0.745,636.11,2768.38,2898.81,806.11,-0.6263111361760498,0.5648435053928289,-0.15000000000000002,-0.19,-0.12,1.01,DOWN WATCH,-7,"BTC60-,PM5-,PM15-,PM30-,DOWN_BOOK"
2026-09-23 01:52:16,1790128336,btc-updown-5m-1790128200,164,86220.19,86233.45,-13.259999999994761,-13.099999999991269,-17.819999999992433,-25.80999999999767,-44.70999999999185,0.24,0.25,0.245,0.75,0.76,0.755,1232.87,1800.37,1571.4299999999998,1620.68,-0.18709366881618336,-0.015428666305359225,-0.16000000000000003,-0.2,-0.12,1.01,WAIT,-6,DOWN_TOO_EXPENSIVE
2026-09-23 01:52:18,1790128337,btc-updown-5m-1790128200,163,86212.11,86233.45,-21.339999999996508,-15.30000000000291,-9.889999999999418,-33.88999999999942,-52.7899999999936,0.2,0.21,0.20500000000000002,0.79,0.8,0.795,1494.3700000000001,2595.84,2391.84,1633.3700000000001,-0.26929424161595616,0.1884299204265119,-0.08999999999999997,-0.06,-0.16999999999999998,1.01,WAIT,-11,DOWN_TOO_EXPENSIVE
2026-09-23 01:52:20,1790128339,btc-updown-5m-1790128200,161,86212.1,86233.45,-21.34999999999127,-11.679999999993015,-9.90999999998894,-31.90999999998894,-58.419999999998254,0.19,0.2,0.195,0.8,0.81,0.805,1132.47,3336.35,2418.96,1572.71,-0.4931682189034242,0.21200399832651495,-0.06,-0.10999999999999999,-0.19,1.01,WAIT,-11,DOWN_TOO_EXPENSIVE
2026-09-23 01:52:22,1790128341,btc-updown-5m-1790128200,159,86212.01,86233.45,-21.44000000000233,-8.180000000007567,-10.0,-31.99000000000524,-58.51000000000931,0.19,0.2,0.195,0.8,0.81,0.805,1443.54,2898.49,3037.0199999999995,1382.54,-0.33508520208289666,0.37435400809130315,-0.04999999999999999,-0.15999999999999998,-0.2,1.01,WAIT,-11,DOWN_TOO_EXPENSIVE
2026-09-23 01:52:24,1790128343,btc-updown-5m-1790128200,157,86210.0,86233.45,-23.44999999999709,-2.110000000000582,-16.00999999999476,-28.610000000000582,-63.25999999999476,0.2,0.21,0.20500000000000002,0.79,0.8,0.795,1473.3700000000001,2566.34,2471.2799999999997,1312.6200000000001,-0.27055654985135075,0.3062078807579481,0.0,-0.2,-0.15999999999999998,1.01,WAIT,-8,DOWN_TOO_EXPENSIVE
2026-09-23 01:52:25,1790128345,btc-updown-5m-1790128200,155,86210.01,86233.45,-23.44000000000233,-2.0900000000110595,-23.279999999998836,-28.0,-63.26000000000931,0.2,0.21,0.20500000000000002,0.79,0.8,0.795,824.52,2572.47,2635.56,79.79,-0.5145584767691397,0.941230412285709,0.010000000000000009,-0.2,-0.16999999999999998,1.01,WAIT,-10,DOWN_TOO_EXPENSIVE
2026-09-23 01:52:27,1790128346,btc-updown-5m-1790128200,154,86210.01,86233.45,-23.44000000000233,-2.0,-23.279999999998836,-28.0,-63.26000000000931,0.18,0.19,0.185,0.81,0.82,0.815,2698.44,1713.06,1579.62,2485.4900000000002,0.22336620197211834,-0.22284021834587509,-0.010000000000000009,-0.22000000000000003,-0.26,1.01,WAIT,-8,DOWN_TOO_EXPENSIVE
2026-09-23 01:52:29,1790128348,btc-updown-5m-1790128200,152,86210.01,86233.45,-23.44000000000233,0.00999999999476131,-17.40000000000873,-28.0,-63.99000000000524,0.19,0.2,0.195,0.8,0.81,0.805,1711.1100000000001,1622.82,1486.51,1739.8200000000002,0.026482259675518136,-0.07851335728211317,-0.010000000000000009,-0.09999999999999998,-0.25,1.01,WAIT,-6,DOWN_TOO_EXPENSIVE
2026-09-23 01:52:31,1790128350,btc-updown-5m-1790128200,150,86210.0,86233.45,-23.44999999999709,-0.00999999999476131,-13.779999999998836,-28.00999999999476,-60.35000000000582,0.19,0.2,0.195,0.8,0.81,0.805,990.51,2154.8700000000003,1684.33,1280.5500000000002,-0.3701810274116324,0.13618763659912028,-0.010000000000000009,-0.06,-0.25,1.01,WAIT,-7,DOWN_TOO_EXPENSIVE
2026-09-23 01:52:33,1790128352,btc-updown-5m-1790128200,148,86210.0,86233.45,-23.44999999999709,-0.00999999999476131,-2.110000000000582,-12.0,-60.33999999999651,0.19,0.2,0.195,0.79,0.8,0.795,1764.16,1812.02,2066.83,1921.41,-0.01338299526310194,0.03646219886466207,0.010000000000000009,-0.010000000000000009,-0.07,1.0,WAIT,-4,"BTC_BELOW,BTC60-,PM30-"
2026-09-23 01:52:34,1790128354,btc-updown-5m-1790128200,146,86210.01,86233.45,-23.44000000000233,0.0,-2.0900000000110595,-12.0,-60.330000000001746,0.2,0.21,0.20500000000000002,0.79,0.8,0.795,1413.84,2659.93,2749.93,1328.84,-0.3058812844122275,0.3484114083412401,0.010000000000000009,0.010000000000000009,-0.09999999999999998,1.01,WAIT,-6,DOWN_TOO_EXPENSIVE
2026-09-23 01:52:36,1790128356,btc-updown-5m-1790128200,144,86209.99,86233.45,-23.45999999999185,-0.00999999999476131,-2.0199999999895226,-12.019999999989523,-60.36000000000058,0.19,0.2,0.195,0.8,0.81,0.805,717.66,3400.8999999999996,3479.36,623.47,-0.6514995532419098,0.6960780729398977,0.0,0.0,-0.15999999999999998,1.01,WAIT,-6,DOWN_TOO_EXPENSIVE
2026-09-23 01:52:38,1790128357,btc-updown-5m-1790128200,143,86205.6,86233.45,-27.84999999999127,-4.399999999994179,-6.4099999999889405,-20.40999999998894,-64.75,0.17,0.18,0.175,0.82,0.83,0.825,922.02,3539.6000000000004,3414.6000000000004,852.02,-0.5866882432838296,0.60061125668562,-0.020000000000000018,-0.020000000000000018,-0.23000000000000004,1.01,WAIT,-6,DOWN_TOO_EXPENSIVE
2026-09-23 01:52:40,1790128359,btc-updown-5m-1790128200,141,86205.6,86233.45,-27.84999999999127,-4.4099999999889405,-4.399999999994179,-27.679999999993015,-64.75,0.15,0.16,0.155,0.84,0.85,0.845,1748.77,3088.93,3474.33,1397.02,-0.27702420571759306,0.4264341506974452,-0.05000000000000002,-0.05000000000000002,-0.25,1.01,WAIT,-9,DOWN_TOO_EXPENSIVE
2026-09-23 01:52:41,1790128361,btc-updown-5m-1790128200,139,86205.61,86233.45,-27.839999999996508,-4.380000000004657,-4.399999999994179,-27.679999999993015,-58.39999999999418,0.16,0.17,0.165,0.83,0.84,0.835,1822.64,2699.48,2664.48,1822.64,-0.1939002060980248,0.18761254434915936,-0.03,-0.01999999999999999,-0.24000000000000002,1.01,WAIT,-5,"BTC_BELOW,BTC60-,PM5-,PM30-"
2026-09-23 01:52:43,1790128362,btc-updown-5m-1790128200,138,86205.61,86233.45,-27.839999999996508,0.00999999999476131,-4.399999999994179,-21.80000000000291,-40.529999999998836,0.16,0.17,0.165,0.83,0.84,0.835,838.68,3491.5000000000005,3536.5000000000005,1006.68,-0.6126350405756805,0.5568390422567454,-0.009999999999999981,-0.01999999999999999,-0.12999999999999998,1.01,WAIT,-6,DOWN_TOO_EXPENSIVE
2026-09-23 01:52:45,1790128364,btc-updown-5m-1790128200,136,86205.6,86233.45,-27.84999999999127,0.0,-4.4099999999889405,-18.179999999993015,-40.5399999999936,0.14,0.15,0.14500000000000002,0.85,0.86,0.855,1014.3600000000001,2733.51,2468.27,1695.6699999999998,-0.4587005419078036,0.18554542092345236,-0.009999999999999981,-0.04999999999999999,-0.10999999999999999,1.01,WAIT,-5,"BTC_BELOW,BTC60-,PM30-"
2026-09-23 01:52:47,1790128366,btc-updown-5m-1790128200,134,86205.61,86233.45,-27.839999999996508,0.0,-4.389999999999418,-14.580000000001746,-40.38999999999942,0.15,0.16,0.155,0.84,0.85,0.845,1193.8300000000002,2198.04,2362.41,1193.8300000000002,-0.29606382320077124,0.32859986952511633,-0.010000000000000009,-0.04000000000000001,-0.09,1.01,WAIT,-6,DOWN_TOO_EXPENSIVE
2026-09-23 01:52:49,1790128368,btc-updown-5m-1790128200,132,86205.61,86233.45,-27.839999999996508,0.0,-4.389999999999418,-6.5,-40.38999999999942,0.15,0.16,0.155,0.84,0.85,0.845,1137.8500000000001,2246.73,2125.73,1130.22,-0.32762706155564353,0.3057510096899523,-0.010000000000000009,-0.04000000000000001,-0.05000000000000002,1.01,WAIT,-5,"BTC_BELOW,BTC60-,DOWN_BOOK"
2026-09-23 01:52:50,1790128370,btc-updown-5m-1790128200,130,86205.61,86233.45,-27.839999999996508,0.00999999999476131,-4.399999999994179,-6.490000000005239,-38.39999999999418,0.15,0.16,0.155,0.84,0.85,0.845,1168.21,2274.7,2376.51,1152.37,-0.3213822028458484,0.3468919317177122,0.009999999999999981,-0.05000000000000002,-0.04000000000000001,1.01,WAIT,-6,DOWN_TOO_EXPENSIVE
2026-09-23 01:52:52,1790128371,btc-updown-5m-1790128200,129,86205.61,86233.45,-27.839999999996508,0.0,-4.380000000004657,-6.399999999994179,-38.38999999999942,0.14,0.15,0.14500000000000002,0.85,0.86,0.855,1012.83,2581.9399999999996,2605.18,1348.01,-0.436498023517499,0.31801405953166934,-0.009999999999999981,-0.04999999999999999,-0.04999999999999999,1.01,WAIT,-4,"BTC_BELOW,DOWN_BOOK"
2026-09-23 01:52:54,1790128373,btc-updown-5m-1790128200,127,86205.61,86233.45,-27.839999999996508,0.0,0.00999999999476131,-4.389999999999418,-33.0,0.17,0.18,0.175,0.82,0.83,0.825,2169.27,1223.24,1513.78,1698.58,0.2788584263568862,-0.057527798876838204,0.01999999999999999,0.0,-0.030000000000000027,1.01,WAIT,-1,"BTC_BELOW,UP_BOOK"
2026-09-23 01:52:56,1790128375,btc-updown-5m-1790128200,125,86205.61,86233.45,-27.839999999996508,0.0,0.00999999999476131,-4.399999999994179,-32.39999999999418,0.17,0.18,0.175,0.82,0.83,0.825,1198.31,2030.78,2565.8,1129.28,-0.25780328203921227,0.38876560182729475,0.01999999999999999,0.01999999999999999,-0.030000000000000027,1.01,WAIT,-4,"BTC_BELOW,DOWN_BOOK"
2026-09-23 01:52:58,1790128377,btc-updown-5m-1790128200,123,86205.61,86233.45,-27.839999999996508,0.0,0.0,-4.399999999994179,-32.39999999999418,0.15,0.16,0.155,0.84,0.85,0.845,1806.8400000000001,2176.8999999999996,2358.34,1702.2400000000002,-0.0928926084533628,0.1615779026641514,0.009999999999999981,-0.010000000000000009,-0.03,1.01,WAIT,-2,BTC_BELOW
2026-09-23 01:53:00,1790128379,btc-updown-5m-1790128200,121,86205.6,86233.45,-27.84999999999127,-0.00999999999476131,0.0,-4.4099999999889405,-32.40999999998894,0.15,0.16,0.155,0.78,0.81,0.795,2611.94,233.9,805.72,1303.56,0.8356197115790065,-0.23602366684366227,-0.01999999999999999,0.009999999999999981,-0.04000000000000001,0.9700000000000001,WAIT,-1,"BTC_BELOW,UP_BOOK"
2026-09-23 01:53:01,1790128381,btc-updown-5m-1790128200,119,86217.31,86233.45,-16.139999999999418,11.69999999999709,11.69999999999709,7.309999999997672,-20.69999999999709,0.22,0.23,0.225,0.77,0.78,0.775,1551.06,1148.51,1257.86,1644.3000000000002,0.14911634075056399,-0.13315599415607696,0.05000000000000002,0.07,0.03,1.01,WAIT,4,"BTC5+,PM5+,PM15+"
2026-09-23 01:53:03,1790128382,btc-updown-5m-1790128200,118,86217.32,86233.45,-16.129999999990105,11.710000000006403,11.710000000006403,7.320000000006985,-4.679999999993015,0.26,0.27,0.265,0.73,0.74,0.735,544.72,2475.38,2445.38,471.01,-0.6392702228403032,0.6769910745819318,0.11000000000000001,0.11000000000000001,0.07,1.01,WAIT,3,"BTC5+,PM5+,PM15+,PM30+,DOWN_BOOK"
2026-09-23 01:53:05,1790128384,btc-updown-5m-1790128200,116,86236.02,86233.45,2.570000000006985,30.419999999998254,30.410000000003492,26.010000000009313,14.010000000009313,0.39,0.4,0.395,0.58,0.59,0.585,744.2,368.76,1497.33,826.48,0.3373346751006326,0.2886853916628295,0.24000000000000002,0.24000000000000002,0.19,0.99,UP WATCH,7,"BTC5+,BTC15+,PM5+,PM15+,PM30+,UP_BOOK,DOWN_BOOK"
2026-09-23 01:53:07,1790128386,btc-updown-5m-1790128200,114,86246.13,86233.45,12.680000000007567,28.820000000006985,40.520000000004075,36.13999999999942,24.120000000009895,0.59,0.6,0.595,0.4,0.41,0.405,260.0,356.44,1187.68,81.66,-0.1564466939199273,0.8713347093765262,0.37,0.44999999999999996,0.39999999999999997,1.01,UP WATCH,8,"BTC5+,BTC15+,BTC30+,PM5+,PM15+,PM30+,DOWN_BOOK"
2026-09-23 01:53:09,1790128388,btc-updown-5m-1790128200,112,86246.14,86233.45,12.690000000002328,28.819999999992433,40.529999999998836,40.5399999999936,20.130000000004657,0.41,0.42,0.415,0.59,0.6,0.595,898.4100000000001,953.1100000000001,1617.92,1076.73,-0.02954329415831319,0.20083869890338263,0.14999999999999997,0.24,0.24,1.02,UP WATCH,9,"BTC5+,BTC15+,BTC30+,PM5+,PM15+,PM30+"
2026-09-23 01:53:11,1790128390,btc-updown-5m-1790128200,110,86246.14,86233.45,12.690000000002328,10.119999999995343,40.529999999998836,40.5399999999936,12.85000000000582,0.38,0.4,0.39,0.6,0.61,0.605,1041.41,1299.04,1098.88,350.29,-0.11007712192099806,0.5165646542503641,-0.0050000000000000044,0.21500000000000002,0.23500000000000001,1.01,UP WATCH,7,"BTC5+,BTC15+,BTC30+,PM15+,PM30+,DOWN_BOOK"
2026-09-23 01:53:12,1790128392,btc-updown-5m-1790128200,108,86232.0,86233.45,-1.4499999999970896,-14.130000000004657,26.389999999999418,26.389999999999418,4.5899999999965075,0.24,0.25,0.245,0.75,0.76,0.755,1437.57,1051.54,1030.15,1234.9499999999998,0.1550875614175348,-0.09041543419716556,-0.35,0.09,0.07999999999999999,1.01,WAIT,3,"BTC5-,BTC15+,PM5-,PM15+,PM30+"
2026-09-23 01:53:14,1790128393,btc-updown-5m-1790128200,107,86230.62,86233.45,-2.8300000000017462,-15.520000000004075,25.00999999999476,25.00999999999476,3.209999999991851,0.23,0.24,0.235,0.76,0.77,0.765,1499.5800000000002,1294.36,1809.9,779.39,0.07345182788463613,0.3979894102244245,-0.18,0.07999999999999999,0.06999999999999998,1.01,WAIT,1,"BTC5-,BTC15+,PM5-,PM15+,DOWN_BOOK"
2026-09-23 01:53:16,1790128395,btc-updown-5m-1790128200,105,86230.62,86233.45,-2.8300000000017462,-15.520000000004075,25.019999999989523,25.019999999989523,6.8399999999965075,0.24,0.25,0.245,0.75,0.76,0.755,914.14,1572.51,1706.41,914.14,-0.26476182816238714,0.3023296636202324,-0.14500000000000002,0.09,0.09999999999999998,1.01,WAIT,1,"BTC5-,BTC15+,PM5-,PM15+,PM30+,DOWN_BOOK"
2026-09-23 01:53:17,1790128397,btc-updown-5m-1790128200,103,86230.63,86233.45,-2.819999999992433,-1.3699999999953434,13.309999999997672,25.020000000004075,18.520000000004075,0.23,0.24,0.235,0.76,0.77,0.765,1125.82,1319.1,1339.1,1157.49,-0.07905371136887913,0.07274322175447305,-0.010000000000000009,-0.030000000000000027,0.07999999999999999,1.01,WAIT,1,PM30+
2026-09-23 01:53:19,1790128398,btc-updown-5m-1790128200,102,86230.62,86233.45,-2.8300000000017462,0.0,13.299999999988358,25.00999999999476,18.50999999999476,0.22,0.23,0.225,0.77,0.78,0.775,1247.78,1535.5600000000002,1524.02,1272.78,-0.10339376432631306,0.0898312356979405,-0.009999999999999981,-0.04000000000000001,0.07,1.01,WAIT,1,PM30+
2026-09-23 01:53:21,1790128400,btc-updown-5m-1790128200,100,86211.74,86233.45,-21.70999999999185,-18.879999999990105,-24.279999999998836,6.130000000004657,-0.3600000000005821,0.14,0.15,0.14500000000000002,0.85,0.86,0.855,652.2,909.61,1018.63,1382.03,-0.164815182384541,-0.15137503853107062,-0.09999999999999998,-0.25,-0.009999999999999981,1.01,WAIT,-8,DOWN_TOO_EXPENSIVE
2026-09-23 01:53:23,1790128402,btc-updown-5m-1790128200,98,86211.74,86233.45,-21.70999999999185,-18.889999999999418,-34.38999999999942,6.130000000004657,-0.2699999999895226,0.15,0.16,0.155,0.84,0.85,0.845,1749.03,1138.79,1200.87,1610.89,0.21131510966750008,-0.14582325660796092,-0.07999999999999999,-0.43999999999999995,0.009999999999999981,1.01,WAIT,-8,DOWN_TOO_EXPENSIVE
2026-09-23 01:53:25,1790128404,btc-updown-5m-1790128200,96,86211.74,86233.45,-21.70999999999185,-18.879999999990105,-34.39999999999418,6.130000000004657,1.7400000000052387,0.14,0.15,0.14500000000000002,0.85,0.86,0.855,1180.46,1638.1,1569.76,1450.31,-0.16236659854677563,0.03955206336276976,-0.07999999999999999,-0.26999999999999996,-0.02999999999999997,1.01,WAIT,-8,DOWN_TOO_EXPENSIVE
2026-09-23 01:53:26,1790128406,btc-updown-5m-1790128200,94,86211.73,86233.45,-21.720000000001164,-0.010000000009313226,-34.41000000000349,6.119999999995343,1.7200000000011642,0.14,0.15,0.14500000000000002,0.86,0.87,0.865,690.99,2176.14,1548.42,1581.07,-0.517991859455274,-0.0104330098514454,0.0,-0.245,-0.02999999999999997,1.02,WAIT,-7,DOWN_TOO_EXPENSIVE
2026-09-23 01:53:28,1790128407,btc-updown-5m-1790128200,93,86211.73,86233.45,-21.720000000001164,-0.010000000009313226,-20.270000000004075,6.119999999995343,1.7200000000011642,0.11,0.12,0.11499999999999999,0.89,0.9,0.895,900.22,1965.35,1739.08,1368.79,-0.3716991732883859,0.11914591022147,-0.04000000000000001,-0.13,-0.04000000000000001,1.02,WAIT,-8,DOWN_TOO_EXPENSIVE
2026-09-23 01:53:30,1790128409,btc-updown-5m-1790128200,91,86211.74,86233.45,-21.70999999999185,0.0,-18.879999999990105,6.139999999999418,1.7300000000104774,0.09,0.1,0.095,0.9,0.91,0.905,2262.2,936.5799999999999,898.31,2026.1,0.4144142454310706,-0.3856470193987847,-0.05000000000000002,-0.13999999999999999,-0.06,1.01,WAIT,-3,"BTC_BELOW,PM5-,PM15-,UP_BOOK"
2026-09-23 01:53:32,1790128411,btc-updown-5m-1790128200,89,86211.74,86233.45,-21.70999999999185,0.010000000009313226,-18.879999999990105,-5.569999999992433,1.7400000000052387,0.11,0.12,0.11499999999999999,0.88,0.89,0.885,2284.7,911.0,1014.98,2287.23,0.42985887286040614,-0.38527228734695856,-0.030000000000000027,-0.13,-0.11000000000000001,1.01,WAIT,-4,"BTC_BELOW,PM5-,PM15-,PM30-,UP_BOOK"
2026-09-23 01:53:33,1790128413,btc-updown-5m-1790128200,87,86220.81,86233.45,-12.639999999999418,9.080000000001746,-9.809999999997672,3.4899999999906868,10.809999999997672,0.23,0.24,0.235,0.76,0.77,0.765,698.98,2027.0300000000002,2543.1,484.49,-0.48717722972402894,0.6799500592880805,0.12,0.009999999999999981,-0.030000000000000027,1.01,WAIT,-1,"PM5+,DOWN_BOOK"
2026-09-23 01:53:35,1790128414,btc-updown-5m-1790128200,86,86220.81,86233.45,-12.639999999999418,9.069999999992433,-9.809999999997672,-15.210000000006403,10.80000000000291,0.21,0.22,0.215,0.79,0.8,0.795,954.15,2397.73,1992.78,1340.96,-0.43067770922586723,0.19552214629815162,0.12,-0.010000000000000009,-0.18000000000000002,1.02,WAIT,-1,"PM5+,PM30-"
2026-09-23 01:53:37,1790128416,btc-updown-5m-1790128200,84,86220.81,86233.45,-12.639999999999418,9.069999999992433,9.069999999992433,-25.320000000006985,10.819999999992433,0.19,0.2,0.195,0.81,0.82,0.815,1148.98,2574.85,2535.33,1137.04,-0.38290416050141923,0.3807595639872889,0.08000000000000002,0.04999999999999999,-0.39999999999999997,1.02,WAIT,-2,"PM5+,PM30-,DOWN_BOOK"
2026-09-23 01:53:39,1790128418,btc-updown-5m-1790128200,82,86220.81,86233.45,-12.639999999999418,0.0,9.069999999992433,-25.330000000001746,15.209999999991851,0.15,0.16,0.155,0.84,0.85,0.845,1549.92,1597.74,2027.1999999999998,1026.98,-0.01519223804349896,0.3274921582879856,-0.07999999999999999,0.0,-0.26,1.01,WAIT,-3,"PM5-,PM30-,DOWN_BOOK"
2026-09-23 01:53:40,1790128420,btc-updown-5m-1790128200,80,86220.0,86233.45,-13.44999999999709,-0.8099999999976717,8.259999999994761,-26.139999999999418,14.39999999999418,0.1,0.11,0.10500000000000001,0.88,0.89,0.885,1964.19,967.54,1656.54,1406.62,0.3399528605976676,0.08158894736154823,-0.10999999999999999,-0.04000000000000001,-0.28500000000000003,1.0,WAIT,-1,"PM5-,PM30-,UP_BOOK"
2026-09-23 01:53:42,1790128421,btc-updown-5m-1790128200,79,86220.01,86233.45,-13.440000000002328,-0.8000000000029104,8.279999999998836,-26.130000000004657,14.39999999999418,0.11,0.12,0.11499999999999999,0.88,0.89,0.885,1147.33,1920.29,1951.29,1022.3299999999999,-0.25197384291405067,0.31240037395497744,-0.08000000000000002,-0.030000000000000027,-0.275,1.01,WAIT,-4,"PM5-,PM30-,DOWN_BOOK"
2026-09-23 01:53:44,1790128423,btc-updown-5m-1790128200,77,86220.01,86233.45,-13.440000000002328,-0.8000000000029104,8.279999999998836,-10.610000000000582,14.39999999999418,0.11,0.12,0.11499999999999999,0.88,0.89,0.885,2122.38,933.8299999999999,892.29,2055.71,0.3888967053965533,-0.3946472184531886,-0.04000000000000001,0.0,-0.12,1.01,WAIT,0,"PM5-,PM30-,UP_BOOK"
2026-09-23 01:53:45,1790128425,btc-updown-5m-1790128200,75,86220.01,86233.45,-13.440000000002328,0.00999999999476131,8.269999999989523,-10.610000000000582,14.40999999998894,0.17,0.18,0.175,0.84,0.85,0.845,585.02,2037.0,2210.3,785.0,-0.5537638919611597,0.4758454912696558,0.06999999999999998,0.07999999999999999,-0.07,1.03,WAIT,0,"PM5+,PM15+,PM30-,DOWN_BOOK"
2026-09-23 01:53:47,1790128426,btc-updown-5m-1790128200,74,86220.01,86233.45,-13.440000000002328,0.0,8.269999999989523,-10.610000000000582,14.39999999999418,0.13,0.14,0.135,0.86,0.87,0.865,1195.52,1947.2,2148.74,1385.52,-0.23918134609510233,0.21594902468975113,0.020000000000000018,0.020000000000000018,-0.10999999999999999,1.01,WAIT,-1,PM30-
2026-09-23 01:53:49,1790128428,btc-updown-5m-1790128200,72,86220.01,86233.45,-13.440000000002328,0.0,-0.8000000000029104,-10.610000000000582,14.39999999999418,0.11,0.12,0.11499999999999999,0.88,0.89,0.885,801.3299999999999,2155.5,2435.89,696.3299999999999,-0.45798033705015173,0.5553760591529331,0.0,-0.12,-0.11000000000000001,1.01,WAIT,-5,"PM15-,PM30-,DOWN_BOOK"
2026-09-23 01:53:50,1790128430,btc-updown-5m-1790128200,70,86220.0,86233.45,-13.44999999999709,-0.00999999999476131,-0.8099999999976717,8.259999999994761,14.389999999999418,0.05,0.06,0.055,0.94,0.95,0.945,3482.9700000000003,1340.25,1245.25,8231.869999999999,0.4442509360966326,-0.737209194354403,-0.12,-0.16,-0.09000000000000002,1.01,WAIT,-2,"PM5-,PM15-,PM30-,UP_BOOK"
2026-09-23 01:53:52,1790128432,btc-updown-5m-1790128200,68,86219.26,86233.45,-14.190000000002328,-0.75,-1.5500000000029104,7.519999999989523,13.64999999999418,0.06,0.07,0.065,0.93,0.94,0.935,3112.2700000000004,1389.69,1572.1000000000001,3062.2700000000004,0.38262889941270023,-0.32154748110314885,-0.07,-0.13,-0.09,1.01,WAIT,-2,"PM5-,PM15-,PM30-,UP_BOOK"
2026-09-23 01:53:54,1790128433,btc-updown-5m-1790128200,67,86215.53,86233.45,-17.919999999998254,-4.4799999999959255,-5.279999999998836,3.789999999993597,9.919999999998254,0.05,0.06,0.055,0.94,0.95,0.945,1648.92,2287.4,2282.4,3421.7599999999998,-0.1622022599788635,-0.19974194272250423,-0.05999999999999999,-0.1,-0.1,1.01,WAIT,-4,"PM5-,PM15-,PM30-"
2026-09-23 01:53:56,1790128435,btc-updown-5m-1790128200,65,86215.53,86233.45,-17.919999999998254,-4.470000000001164,-4.470000000001164,3.789999999993597,9.919999999998254,0.04,0.05,0.045,0.95,0.96,0.955,2358.67,2008.7900000000002,1933.7900000000002,6886.679999999999,0.08011063638819815,-0.561522231808509,-0.010000000000000002,-0.06000000000000001,-0.10000000000000002,1.01,WAIT,-2,"PM15-,PM30-"
2026-09-23 01:53:58,1790128437,btc-updown-5m-1790128200,63,86211.34,86233.45,-22.110000000000582,-7.919999999998254,-8.669999999998254,-0.3899999999994179,5.7299999999959255,0.03,0.04,0.035,0.96,0.97,0.965,6429.56,1835.56,1840.56,6329.400000000001,0.555829800414271,-0.549432310562108,-0.03,-0.07999999999999999,-0.07999999999999999,1.01,WAIT,-4,"BTC_BELOW,PM5-,PM15-,PM30-,UP_BOOK"
2026-09-23 01:54:00,1790128439,btc-updown-5m-1790128200,61,86211.35,86233.45,-22.09999999999127,-4.179999999993015,-8.65999999998894,-0.3899999999994179,5.75,0.02,0.03,0.025,0.97,0.98,0.975,5471.3,1524.35,1503.0700000000002,5297.3,0.5642006103793072,-0.5579446412474615,-0.03,-0.09,-0.07,1.01,WAIT,-4,"BTC_BELOW,PM5-,PM15-,PM30-,UP_BOOK"
2026-09-23 01:54:02,1790128441,btc-updown-5m-1790128200,59,86202.79,86233.45,-30.660000000003492,-12.740000000005239,-17.220000000001164,-8.950000000011642,-14.520000000004075,0.01,0.02,0.015,0.98,0.99,0.985,4532.92,1806.7800000000002,1891.6,3923.92,0.43001088379576313,-0.34946488018268357,-0.03,-0.12000000000000001,-0.09999999999999999,1.01,WAIT,-5,"BTC_BELOW,BTC5-,PM5-,PM15-,PM30-,UP_BOOK"
2026-09-23 01:54:03,1790128443,btc-updown-5m-1790128200,57,86202.79,86233.45,-30.660000000003492,-8.55000000000291,-17.220000000001164,-18.020000000004075,-14.530000000013388,0.01,0.02,0.015,0.98,0.99,0.985,3612.97,1908.6,1908.6,3508.97,0.3086748877583731,-0.2954036588359726,-0.020000000000000004,-0.09999999999999999,-0.21999999999999997,1.01,WAIT,-3,"BTC_BELOW,PM15-,PM30-,UP_BOOK"
2026-09-23 01:54:05,1790128444,btc-updown-5m-1790128200,56,86202.8,86233.45,-30.64999999999418,-8.55000000000291,-17.20999999999185,-18.00999999999476,-33.220000000001164,0.01,0.02,0.015,0.98,0.99,0.985,2306.82,1713.49,1760.91,2301.77,0.14758314657327423,-0.13312887059773348,-0.010000000000000002,-0.09999999999999999,-0.2,1.01,WAIT,-5,"BTC_BELOW,PM15-,PM30-"
2026-09-23 01:54:07,1790128446,btc-updown-5m-1790128200,54,86202.8,86233.45,-30.64999999999418,0.010000000009313226,-17.19999999999709,-18.00999999999476,-43.330000000001746,,0.01,,0.99,,,0,3990.6000000000004,4393.02,0,-1.0,1.0,,,,,WAIT,-5,"BTC_BELOW,BTC60-,DOWN_BOOK"
2026-09-23 01:54:09,1790128448,btc-updown-5m-1790128200,52,86202.79,86233.45,-30.660000000003492,0.0,-12.740000000005239,-18.020000000004075,-43.35000000000582,,0.01,,0.99,,,0,9465.960000000001,9629.220000000001,0,-1.0,1.0,,,,,WAIT,-5,"BTC_BELOW,BTC60-,DOWN_BOOK"
2026-09-23 01:54:11,1790128450,btc-updown-5m-1790128200,50,86202.79,86233.45,-30.660000000003492,-0.010000000009313226,-12.740000000005239,-17.210000000006403,-43.35000000000582,,0.01,,0.99,,,0,12901.220000000001,12906.220000000001,0,-1.0,1.0,,,,,WAIT,-5,"BTC_BELOW,BTC60-,DOWN_BOOK"
2026-09-23 01:54:12,1790128452,btc-updown-5m-1790128200,48,86202.78,86233.45,-30.669999999998254,-0.020000000004074536,-8.559999999997672,-17.229999999995925,-29.220000000001164,,0.01,,0.99,,,0,13681.09,13781.09,0,-1.0,1.0,,,,,WAIT,-4,"BTC_BELOW,DOWN_BOOK"
2026-09-23 01:54:14,1790128453,btc-updown-5m-1790128200,47,86202.78,86233.45,-30.669999999998254,-0.00999999999476131,-8.559999999997672,-17.229999999995925,-27.839999999996508,,0.01,,0.99,,,0,24171.31,24166.940000000002,0,-1.0,1.0,,,,,WAIT,-4,"BTC_BELOW,DOWN_BOOK"
2026-09-23 01:54:16,1790128455,btc-updown-5m-1790128200,45,86202.79,86233.45,-30.660000000003492,0.0,-8.560000000012224,-17.220000000001164,-27.830000000001746,,0.01,,0.99,,,0,34436.939999999995,34436.939999999995,0,-1.0,1.0,,,,,WAIT,-4,"BTC_BELOW,DOWN_BOOK"
2026-09-23 01:54:18,1790128457,btc-updown-5m-1790128200,43,86202.79,86233.45,-30.660000000003492,0.00999999999476131,0.0,-17.220000000001164,-27.84000000001106,,0.01,,0.99,,,0,35027.44,34955.28,0,-1.0,1.0,,,,,WAIT,-4,"BTC_BELOW,DOWN_BOOK"
2026-09-23 01:54:19,1790128459,btc-updown-5m-1790128200,41,86200.01,86233.45,-33.44000000000233,-2.7700000000040745,-2.790000000008149,-20.0,-30.610000000000582,,0.01,,0.99,,,0,35045.28,34922.28,0,-1.0,1.0,,,,,WAIT,-4,"BTC_BELOW,DOWN_BOOK"
2026-09-23 01:54:21,1790128460,btc-updown-5m-1790128200,40,86200.01,86233.45,-33.44000000000233,-2.779999999998836,-2.790000000008149,-19.99000000000524,-11.730000000010477,,0.01,,0.99,,,0,34994.28,35094.28,0,-1.0,1.0,,,,,WAIT,-4,"BTC_BELOW,DOWN_BOOK"
2026-09-23 01:54:23,1790128462,btc-updown-5m-1790128200,38,86200.0,86233.45,-33.44999999999709,-2.789999999993597,-2.8000000000029104,-19.25999999999476,-11.740000000005239,,0.01,,0.99,,,0,35008.810000000005,35008.810000000005,0,-1.0,1.0,,,,,WAIT,-4,"BTC_BELOW,DOWN_BOOK"
2026-09-23 01:54:25,1790128464,btc-updown-5m-1790128200,36,86200.01,86233.45,-33.44000000000233,0.0,-2.779999999998836,-15.520000000004075,-11.730000000010477,,0.01,,0.99,,,0,35169.810000000005,35239.810000000005,0,-1.0,1.0,,,,,WAIT,-4,"BTC_BELOW,DOWN_BOOK"
2026-09-23 01:54:27,1790128466,btc-updown-5m-1790128200,34,86200.0,86233.45,-33.44999999999709,-0.00999999999476131,-2.789999999993597,-15.529999999998836,-11.729999999995925,,0.01,,0.99,,,0,35314.810000000005,35314.810000000005,0,-1.0,1.0,,,,,WAIT,-4,"BTC_BELOW,DOWN_BOOK"
2026-09-23 01:54:28,1790128468,btc-updown-5m-1790128200,32,86200.01,86233.45,-33.44000000000233,0.00999999999476131,-2.7700000000040745,-11.330000000001746,-11.720000000001164,,0.01,,0.99,,,0,39871.700000000004,39861.700000000004,0,-1.0,1.0,,,,,WAIT,-4,"BTC_BELOW,DOWN_BOOK"
2026-09-23 01:54:30,1790128469,btc-updown-5m-1790128200,31,86200.0,86233.45,-33.44999999999709,-0.00999999999476131,-2.779999999998836,-11.35000000000582,-11.740000000005239,,0.01,,0.99,,,0,55836.66,55847.399999999994,0,-1.0,1.0,,,,,WAIT,-4,"BTC_BELOW,DOWN_BOOK"
2026-09-23 01:54:32,1790128471,btc-updown-5m-1790128200,29,86200.0,86233.45,-33.44999999999709,0.0,-2.789999999993597,-2.789999999993597,-11.740000000005239,,0.01,,0.99,,,0,56093.799999999996,56093.799999999996,0,-1.0,1.0,,,,,WAIT,-4,"BTC_BELOW,DOWN_BOOK"
2026-09-23 01:54:34,1790128473,btc-updown-5m-1790128200,27,86200.01,86233.45,-33.44000000000233,0.0,-2.779999999998836,-2.779999999998836,-20.80000000000291,,0.01,,0.99,,,0,56092.72,57079.46,0,-1.0,1.0,,,,,WAIT,-4,"BTC_BELOW,DOWN_BOOK"
2026-09-23 01:54:35,1790128475,btc-updown-5m-1790128200,25,86200.0,86233.45,-33.44999999999709,0.0,-0.00999999999476131,-2.8000000000029104,-20.80999999999767,,0.01,,0.99,,,0,57222.72,57222.72,0,-1.0,1.0,,,,,WAIT,-4,"BTC_BELOW,DOWN_BOOK"
2026-09-23 01:54:37,1790128476,btc-updown-5m-1790128200,24,86198.07,86233.45,-35.379999999990105,-1.929999999993015,-1.9399999999877764,-4.7299999999959255,-22.739999999990687,,0.01,,0.99,,,0,57552.880000000005,57552.880000000005,0,-1.0,1.0,,,,,WAIT,-4,"BTC_BELOW,DOWN_BOOK"
2026-09-23 01:54:39,1790128478,btc-updown-5m-1790128200,22,86198.08,86233.45,-35.36999999999534,-1.929999999993015,-1.9199999999982538,-4.709999999991851,-22.729999999995925,,0.01,,0.99,,,0,57552.880000000005,57572.880000000005,0,-1.0,1.0,,,,,WAIT,-4,"BTC_BELOW,DOWN_BOOK"
2026-09-23 01:54:41,1790128480,btc-updown-5m-1790128200,20,86198.08,86233.45,-35.36999999999534,-1.9199999999982538,-1.929999999993015,-4.709999999991851,-21.919999999998254,,0.01,,0.99,,,0,57992.880000000005,58167.399999999994,0,-1.0,1.0,,,,,WAIT,-4,"BTC_BELOW,DOWN_BOOK"
2026-09-23 01:54:42,1790128482,btc-updown-5m-1790128200,18,86198.07,86233.45,-35.379999999990105,0.0,-1.929999999993015,-4.709999999991851,-21.939999999987776,,0.01,,0.99,,,0,58457.4,58317.37,0,-1.0,1.0,,,,,WAIT,0,TIME_FILTER
2026-09-23 01:54:44,1790128483,btc-updown-5m-1790128200,17,86198.07,86233.45,-35.379999999990105,-0.00999999999476131,-1.9399999999877764,-4.709999999991851,-21.939999999987776,,0.01,,0.99,,,0,58167.37,58167.37,0,-1.0,1.0,,,,,WAIT,0,TIME_FILTER
2026-09-23 01:54:46,1790128485,btc-updown-5m-1790128200,15,86198.08,86233.45,-35.36999999999534,0.0,-1.9199999999982538,-4.709999999991851,-21.929999999993015,,0.01,,0.99,,,0,58110.850000000006,58110.850000000006,0,-1.0,1.0,,,,,WAIT,0,TIME_FILTER
2026-09-23 01:54:48,1790128487,btc-updown-5m-1790128200,13,86195.35,86233.45,-38.09999999999127,-2.720000000001164,-4.649999999994179,-7.439999999987776,-24.65999999998894,,0.01,,0.99,,,0,59038.850000000006,59038.850000000006,0,-1.0,1.0,,,,,WAIT,0,TIME_FILTER
2026-09-23 01:54:49,1790128489,btc-updown-5m-1790128200,11,86195.35,86233.45,-38.09999999999127,-2.720000000001164,-4.6599999999889405,-4.6599999999889405,-24.65999999998894,,0.01,,0.99,,,0,59024.59,59037.850000000006,0,-1.0,1.0,,,,,WAIT,0,TIME_FILTER
2026-09-23 01:54:51,1790128490,btc-updown-5m-1790128200,10,86195.35,86233.45,-38.09999999999127,-2.7299999999959255,-4.649999999994179,-4.6599999999889405,-24.64999999999418,,0.01,,0.99,,,0,59148.9,59153.9,0,-1.0,1.0,,,,,WAIT,0,TIME_FILTER
2026-09-23 01:54:53,1790128492,btc-updown-5m-1790128200,8,86195.34,86233.45,-38.11000000000058,-0.010000000009313226,-2.7300000000104774,-4.6600000000034925,-23.919999999998254,,0.01,,0.99,,,0,58989.799999999996,66999.8,0,-1.0,1.0,,,,,WAIT,0,TIME_FILTER
2026-09-23 01:54:54,1790128494,btc-updown-5m-1790128200,6,86195.34,86233.45,-38.11000000000058,-0.010000000009313226,-2.7400000000052387,-4.669999999998254,-20.19000000000233,,0.01,,0.99,,,0,67255.11,67289.25,0,-1.0,1.0,,,,,WAIT,0,TIME_FILTER
2026-09-23 01:54:56,1790128495,btc-updown-5m-1790128200,5,86195.34,86233.45,-38.11000000000058,-0.010000000009313226,-2.7400000000052387,-4.669999999998254,-20.19000000000233,,0.01,,0.99,,,0,67394.01999999999,67394.01999999999,0,-1.0,1.0,,,,,WAIT,0,TIME_FILTER
2026-09-23 01:54:58,1790128497,btc-updown-5m-1790128200,3,86195.35,86233.45,-38.09999999999127,0.010000000009313226,-2.720000000001164,-4.649999999994179,-15.989999999990687,,0.01,,0.999,,,0,66628.84,80041.8,0,-1.0,1.0,,,,,WAIT,0,TIME_FILTER
2026-09-23 01:55:00,1790128499,btc-updown-5m-1790128200,1,86195.35,86233.45,-38.09999999999127,0.010000000009313226,-2.720000000001164,-4.649999999994179,-16.0,,0.001,,0.999,,,0,90315.20999999999,97457.77,0,-1.0,1.0,,,,,WAIT,0,TIME_FILTER
2026-09-23 01:55:02,1790128501,btc-updown-5m-1790128500,299,86182.01,86182.0,0.00999999999476131,,,,,0.42,0.43,0.425,0.57,0.58,0.575,565.48,456.67999999999995,2461.58,969.66,0.10644126164201306,0.43480491017824463,,,,1.01,WAIT,0,TIME_FILTER
2026-09-23 01:55:04,1790128503,btc-updown-5m-1790128500,297,86182.0,86182.0,0.0,,,,,0.4,0.41,0.405,0.59,0.6,0.595,570.26,2751.62,3118.1400000000003,962.1400000000001,-0.6566642985297481,0.5283951101395001,,,,1.01,WAIT,0,TIME_FILTER
2026-09-23 01:55:05,1790128505,btc-updown-5m-1790128500,295,86182.0,86182.0,0.0,,,,,0.4,0.41,0.405,0.59,0.6,0.595,2563.94,1907.21,2628.6,2557.94,0.1468816747369245,0.013623726029298889,,,,1.01,WAIT,0,TIME_FILTER
2026-09-23 01:55:07,1790128506,btc-updown-5m-1790128500,294,86182.0,86182.0,0.0,-0.00999999999476131,,,,0.4,0.41,0.405,0.59,0.6,0.595,1864.4900000000002,2535.39,3239.4799999999996,1403.4900000000002,-0.15248143131176295,0.3954343879025709,-0.019999999999999962,,,1.01,WAIT,0,TIME_FILTER
2026-09-23 01:55:09,1790128508,btc-updown-5m-1790128500,292,86171.1,86182.0,-10.89999999999418,-10.89999999999418,,,,0.35,0.36,0.355,0.64,0.65,0.645,1296.88,2530.32,2048.65,2407.2799999999997,-0.3222826086956522,-0.08048375984362403,-0.050000000000000044,,,1.01,WAIT,0,TIME_FILTER
2026-09-23 01:55:11,1790128510,btc-updown-5m-1790128500,290,86171.11,86182.0,-10.889999999999418,-10.889999999999418,,,,0.35,0.36,0.355,0.62,0.63,0.625,3079.61,1457.58,939.56,3327.42,0.35749660031869945,-0.5596135908769201,-0.050000000000000044,,,0.99,WAIT,0,TIME_FILTER
2026-09-23 01:55:12,1790128512,btc-updown-5m-1790128500,288,86180.89,86182.0,-1.110000000000582,-1.110000000000582,,,,0.41,0.42,0.415,0.61,0.62,0.615,146.0,576.0400000000001,1161.61,1966.17,-0.595590272007091,-0.2572303678647476,0.009999999999999953,,,1.04,WAIT,0,TIME_FILTER
2026-09-23 01:55:14,1790128514,btc-updown-5m-1790128500,286,86180.9,86182.0,-1.1000000000058208,9.799999999988358,,,,0.39,0.4,0.395,0.6,0.61,0.605,1841.42,2700.7799999999997,2278.2,2300.63,-0.18919466337897928,-0.004898631309745129,0.040000000000000036,,,1.01,WAIT,0,TIME_FILTER
2026-09-23 01:55:16,1790128515,btc-updown-5m-1790128500,285,86180.9,86182.0,-1.1000000000058208,9.789999999993597,,,,0.47,0.48,0.475,0.52,0.53,0.525,1878.46,1514.5500000000002,2025.67,1851.46,0.10725285218729089,0.04493272085279576,0.12,,,1.01,WAIT,0,TIME_FILTER
2026-09-23 01:55:18,1790128517,btc-updown-5m-1790128500,283,86182.05,86182.0,0.05000000000291038,1.1600000000034925,0.04000000000814907,,,0.47,0.48,0.475,0.49,0.5,0.495,3583.1800000000003,146.72000000000003,1186.67,2363.38,0.9213276495348399,-0.3314629371417304,0.06,0.04999999999999999,,0.98,WAIT,0,TIME_FILTER
2026-09-23 01:55:20,1790128519,btc-updown-5m-1790128500,281,86195.35,86182.0,13.35000000000582,14.450000000011642,13.35000000000582,,,0.52,0.53,0.525,0.47,0.48,0.475,1711.88,2896.66,3398.6900000000005,1803.88,-0.25708358829477446,0.3065427279210083,0.13,0.12,,1.01,WAIT,0,TIME_FILTER
2026-09-23 01:55:21,1790128521,btc-updown-5m-1790128500,279,86195.35,86182.0,13.35000000000582,14.450000000011642,13.35000000000582,,,0.5,0.51,0.505,0.49,0.5,0.495,1614.51,2561.65,2898.52,1532.07,-0.226796866020459,0.30841264933112744,0.030000000000000027,0.09999999999999998,,1.01,WAIT,0,TIME_FILTER
2026-09-23 01:55:23,1790128522,btc-updown-5m-1790128500,278,86195.36,86182.0,13.360000000000582,13.309999999997672,13.360000000000582,,,0.5,0.51,0.505,0.49,0.5,0.495,1517.07,2897.92,593.1600000000001,2820.96,-0.31276401532053305,-0.6525253945379776,0.030000000000000027,0.09999999999999998,,1.01,WAIT,0,TIME_FILTER
2026-09-23 01:55:25,1790128524,btc-updown-5m-1790128500,276,86200.01,86182.0,18.00999999999476,4.6599999999889405,28.90999999998894,,,0.54,0.55,0.545,0.45,0.46,0.455,1706.0500000000002,3140.91,2322.85,1704.6100000000001,-0.29603297737138323,0.15350618007379335,0.020000000000000018,0.19000000000000006,,1.01,WAIT,0,TIME_FILTER
2026-09-23 01:55:27,1790128526,btc-updown-5m-1790128500,274,86200.01,86182.0,18.00999999999476,4.6599999999889405,28.89999999999418,,,0.54,0.55,0.545,0.45,0.46,0.455,1212.85,3423.05,2892.22,1082.85,-0.4767574796695357,0.45517940564568676,0.040000000000000036,0.19000000000000006,,1.01,WAIT,0,TIME_FILTER
2026-09-23 01:55:28,1790128528,btc-updown-5m-1790128500,272,86200.0,86182.0,18.0,4.639999999999418,19.110000000000582,,,0.55,0.56,0.555,0.44,0.45,0.445,1613.1,2684.47,902.3399999999999,1962.99,-0.2492966955744758,-0.37016678707164624,0.050000000000000044,0.14000000000000007,,1.01,WAIT,0,TIME_FILTER
2026-09-23 01:55:30,1790128529,btc-updown-5m-1790128500,271,86214.65,86182.0,32.64999999999418,14.639999999999418,33.75,,,0.62,0.63,0.625,0.37,0.38,0.375,1939.0,2680.74,2842.74,1904.0,-0.16055881932749458,0.19776520306568293,0.07999999999999996,0.22999999999999998,,1.01,WAIT,0,TIME_FILTER
2026-09-23 01:55:32,1790128531,btc-updown-5m-1790128500,269,86214.65,86182.0,32.64999999999418,14.639999999999418,33.75,32.63999999999942,,0.65,0.66,0.655,0.34,0.35,0.345,1982.35,2383.09,2220.7299999999996,1269.8500000000001,-0.09179830669989741,0.27241318061754766,0.10999999999999999,0.18000000000000005,0.23000000000000004,1.01,UP WATCH,10,"BTC_ABOVE,BTC5+,BTC15+,BTC30+,PM5+,PM15+,PM30+,DOWN_BOOK"
2026-09-23 01:55:34,1790128533,btc-updown-5m-1790128500,267,86217.2,86182.0,35.19999999999709,17.19999999999709,35.14999999999418,35.19999999999709,,0.65,0.66,0.655,0.34,0.35,0.345,1379.8700000000001,3499.43,2500.7,1207.8700000000001,-0.43439837681634647,0.34860606648923975,0.09999999999999998,0.18000000000000005,0.25,1.01,UP WATCH,9,"BTC_ABOVE,BTC5+,BTC15+,BTC30+,PM5+,PM15+,PM30+,DOWN_BOOK"
2026-09-23 01:55:35,1790128535,btc-updown-5m-1790128500,265,86217.19,86182.0,35.19000000000233,2.540000000008149,21.839999999996508,35.19000000000233,,0.64,0.65,0.645,0.35,0.36,0.355,1547.73,3560.7599999999998,3397.3599999999997,1704.75,-0.3940557777347122,0.3317470615098459,0.020000000000000018,0.12,0.24,1.01,UP WATCH,7,"BTC_ABOVE,BTC15+,BTC30+,PM15+,PM30+,DOWN_BOOK"
2026-09-23 01:55:37,1790128536,btc-updown-5m-1790128500,264,86233.36,86182.0,51.36000000000058,18.710000000006403,38.00999999999476,51.36000000000058,,0.7,0.71,0.705,0.29,0.3,0.295,1002.39,3205.47,3225.47,700.0,-0.5235630462990689,0.6433548084687948,0.04999999999999993,0.19999999999999996,0.29999999999999993,1.01,UP WATCH,10,"BTC_ABOVE,BTC5+,BTC15+,BTC30+,PM5+,PM15+,PM30+,DOWN_BOOK"
2026-09-23 01:55:39,1790128538,btc-updown-5m-1790128500,262,86233.35,86182.0,51.35000000000582,16.15000000000873,37.99000000000524,62.25,,0.7,0.71,0.705,0.31,0.32,0.315,1046.11,2904.8399999999997,2894.72,397.0,-0.47045141042027866,0.7587887183600063,0.04999999999999993,0.19999999999999996,0.35,1.03,UP WATCH,10,"BTC_ABOVE,BTC5+,BTC15+,BTC30+,PM5+,PM15+,PM30+,DOWN_BOOK"
2026-09-23 01:55:41,1790128540,btc-updown-5m-1790128500,260,86233.35,86182.0,51.35000000000582,16.160000000003492,33.34000000001106,62.24000000000524,,0.66,0.67,0.665,0.33,0.34,0.335,1447.23,2399.9700000000003,1831.32,1610.65,-0.2476450405489707,0.06411154077461449,0.020000000000000018,0.12,0.31000000000000005,1.01,UP WATCH,11,"BTC_ABOVE,BTC5+,BTC15+,BTC30+,PM15+,PM30+"
2026-09-23 01:55:43,1790128542,btc-updown-5m-1790128500,258,86233.35,86182.0,51.35000000000582,-0.00999999999476131,33.34000000001106,52.4600000000064,,0.66,0.67,0.665,0.33,0.34,0.335,1856.28,2821.12,2079.73,1756.04,-0.20627699149099926,0.08438722863988196,-0.039999999999999925,0.12,0.25000000000000006,1.01,UP WATCH,9,"BTC_ABOVE,BTC15+,BTC30+,PM5-,PM15+,PM30+"
2026-09-23 01:55:44,1790128544,btc-updown-5m-1790128500,256,86233.36,86182.0,51.36000000000058,0.00999999999476131,18.710000000006403,52.4600000000064,,0.64,0.65,0.645,0.35,0.36,0.355,1978.23,1867.29,1928.9399999999998,1695.89,0.02884915434063535,0.06429267027695085,-0.05999999999999994,0.020000000000000018,0.25,1.01,WAIT,5,"BTC_ABOVE,BTC30+,PM5-,PM30+"
2026-09-23 01:55:46,1790128545,btc-updown-5m-1790128500,255,86223.78,86182.0,41.779999999998836,-9.570000000006985,9.130000000004657,42.88000000000466,,0.6,0.61,0.605,0.39,0.4,0.395,905.6600000000001,2235.09,503.0,1828.9,-0.4232842473931386,-0.5685921351687465,-0.06000000000000005,-0.020000000000000018,0.13,1.01,WAIT,4,"BTC_ABOVE,BTC30+,PM5-,PM30+"
2026-09-23 01:55:48,1790128547,btc-updown-5m-1790128500,253,86223.78,86182.0,41.779999999998836,-9.570000000006985,9.130000000004657,41.729999999995925,,0.63,0.64,0.635,0.36,0.37,0.365,1629.66,2464.4300000000003,3188.94,1184.0,-0.20389634815062693,0.45848788229429166,-0.030000000000000027,-0.020000000000000018,0.16000000000000003,1.01,WAIT,3,"BTC_ABOVE,BTC30+,PM5-,PM30+,DOWN_BOOK"
2026-09-23 01:55:50,1790128549,btc-updown-5m-1790128500,251,86223.77,86182.0,41.770000000004075,-9.589999999996508,6.570000000006985,28.419999999998254,,0.61,0.62,0.615,0.38,0.39,0.385,2094.54,1513.4499999999998,1527.4499999999998,1991.54,0.1610564330832403,-0.1318815910246975,-0.030000000000000027,-0.040000000000000036,0.08999999999999997,1.01,WAIT,2,"BTC_ABOVE,PM5-,PM30+"
2026-09-23 01:55:51,1790128551,btc-updown-5m-1790128500,249,86223.77,86182.0,41.770000000004075,-0.00999999999476131,-9.589999999996508,28.419999999998254,,0.66,0.67,0.665,0.33,0.34,0.335,1427.1299999999999,3060.0699999999997,2151.0,1543.7199999999998,-0.36391067926546616,0.16436428200242514,0.06000000000000005,-0.039999999999999925,0.16000000000000003,1.01,WAIT,3,"BTC_ABOVE,PM5+,PM30+"
2026-09-23 01:55:53,1790128552,btc-updown-5m-1790128500,248,86223.77,86182.0,41.770000000004075,-0.00999999999476131,-9.589999999996508,28.410000000003492,,0.68,0.69,0.685,0.31,0.32,0.315,1825.8500000000001,2165.86,2209.19,1745.8500000000001,-0.0851790335470262,0.11715178607548847,0.050000000000000044,-0.019999999999999907,0.18000000000000005,1.01,WAIT,4,"BTC_ABOVE,PM5+,PM30+"
2026-09-23 01:55:55,1790128554,btc-updown-5m-1790128500,246,86223.78,86182.0,41.779999999998836,0.00999999999476131,-9.570000000006985,23.770000000004075,,0.69,0.7,0.695,0.3,0.31,0.305,2190.54,2194.1200000000003,1623.24,1657.25,-0.000816482919998445,-0.010367353657532866,0.07999999999999996,-0.010000000000000009,0.1499999999999999,1.01,WAIT,4,"BTC_ABOVE,PM5+,PM30+"
2026-09-23 01:55:57,1790128556,btc-updown-5m-1790128500,244,86230.01,86182.0,48.00999999999476,6.239999999990687,-3.3400000000110595,30.0,,0.74,0.75,0.745,0.25,0.26,0.255,1567.85,2062.38,2510.34,851.85,-0.1362255284100457,0.4932767035771328,0.07999999999999996,0.07999999999999996,0.19999999999999996,1.01,UP WATCH,7,"BTC_ABOVE,BTC30+,PM5+,PM15+,PM30+,DOWN_BOOK"
2026-09-23 01:55:58,1790128558,btc-updown-5m-1790128500,242,86232.01,86182.0,50.00999999999476,8.239999999990687,-1.3400000000110595,32.00999999999476,,0.74,0.75,0.745,0.25,0.26,0.255,1077.18,2682.78,2590.21,1237.18,-0.4270258194236109,0.3535124458181685,0.05999999999999994,0.07999999999999996,0.18999999999999995,1.01,UP WATCH,7,"BTC_ABOVE,BTC30+,PM5+,PM15+,PM30+,DOWN_BOOK"
2026-09-23 01:56:00,1790128559,btc-updown-5m-1790128500,241,86232.0,86182.0,50.0,8.220000000001164,-1.360000000000582,17.35000000000582,,0.74,0.75,0.745,0.26,0.27,0.265,1088.41,3397.4900000000002,2661.66,1143.18,-0.5147417463608194,0.3990916832245245,0.050000000000000044,0.09999999999999998,0.12,1.02,WAIT,5,"BTC_ABOVE,PM5+,PM15+,PM30+,DOWN_BOOK"
2026-09-23 01:56:02,1790128561,btc-updown-5m-1790128500,239,86233.35,86182.0,51.35000000000582,3.3400000000110595,9.570000000006985,18.70000000001164,51.34000000001106,0.73,0.74,0.735,0.26,0.27,0.265,1248.21,3568.3,3553.3,1211.03,-0.48169525237153044,0.4916263147179143,-0.010000000000000009,0.13,0.07999999999999996,1.01,WAIT,5,"BTC_ABOVE,BTC60+,PM15+,PM30+,DOWN_BOOK"
2026-09-23 01:56:03,1790128563,btc-updown-5m-1790128500,237,86233.36,86182.0,51.36000000000058,1.3500000000058208,9.580000000001746,16.160000000003492,51.36000000000058,0.73,0.74,0.735,0.26,0.27,0.265,1553.17,3300.6400000000003,3432.6400000000003,1455.76,-0.3600202727342026,0.404402258407659,-0.010000000000000009,0.09999999999999998,0.07999999999999996,1.01,WAIT,5,"BTC_ABOVE,BTC60+,PM15+,PM30+,DOWN_BOOK"
2026-09-23 01:56:05,1790128564,btc-updown-5m-1790128500,236,86241.71,86182.0,59.7100000000064,9.710000000006403,17.94000000000233,24.510000000009313,59.7100000000064,0.78,0.79,0.785,0.21,0.22,0.215,2118.76,1269.87,1748.83,1670.5600000000002,0.25051126856576267,0.02289004764007608,0.040000000000000036,0.17000000000000004,0.13,1.01,WAIT,9,UP_TOO_EXPENSIVE
2026-09-23 01:56:07,1790128566,btc-updown-5m-1790128500,234,86241.71,86182.0,59.7100000000064,8.360000000000582,17.94000000000233,8.35000000000582,59.7100000000064,0.73,0.74,0.735,0.26,0.27,0.265,1403.6200000000001,2047.94,2305.1,1119.06,-0.18667501071979042,0.34637400121489653,0.0,0.06999999999999995,0.030000000000000027,1.01,WAIT,5,"BTC_ABOVE,BTC60+,PM15+,DOWN_BOOK"
2026-09-23 01:56:09,1790128568,btc-updown-5m-1790128500,232,86240.01,86182.0,58.00999999999476,6.649999999994179,16.239999999990687,6.6599999999889405,68.90999999998894,0.73,0.74,0.735,0.26,0.27,0.265,1398.37,2280.86,2131.86,917.0,-0.23985725274038325,0.39846368806701526,0.0,0.04999999999999993,0.030000000000000027,1.01,WAIT,3,"BTC_ABOVE,BTC60+,DOWN_BOOK"
2026-09-23 01:56:10,1790128570,btc-updown-5m-1790128500,230,86240.0,86182.0,58.0,-1.7100000000064028,16.220000000001164,6.649999999994179,68.88999999999942,0.71,0.72,0.715,0.28,0.29,0.28500000000000003,968.79,2853.38,2843.38,525.78,-0.4930680738951957,0.6878865948782488,-0.07000000000000006,0.020000000000000018,0.04999999999999993,1.01,WAIT,1,"BTC_ABOVE,BTC60+,PM5-,DOWN_BOOK"
2026-09-23 01:56:12,1790128571,btc-updown-5m-1790128500,229,86240.01,86182.0,58.00999999999476,-1.7000000000116415,10.0,6.6599999999889405,68.89999999999418,0.71,0.72,0.715,0.28,0.29,0.28500000000000003,1864.01,1879.38,1874.38,1396.0,-0.00410590400679601,0.14627657948006045,-0.020000000000000018,-0.030000000000000027,0.04999999999999993,1.01,WAIT,4,"BTC_ABOVE,BTC60+"
2026-09-23 01:56:14,1790128573,btc-updown-5m-1790128500,227,86240.01,86182.0,58.00999999999476,0.0,8.0,6.6599999999889405,59.11999999999534,0.71,0.72,0.715,0.28,0.29,0.28500000000000003,1835.76,2203.57,2138.44,1485.47,-0.09105718027494664,0.18018383458750356,-0.020000000000000018,-0.030000000000000027,0.04999999999999993,1.01,WAIT,4,"BTC_ABOVE,BTC60+"
2026-09-23 01:56:16,1790128575,btc-updown-5m-1790128500,225,86240.01,86182.0,58.00999999999476,0.00999999999476131,8.009999999994761,16.229999999995925,59.11000000000058,0.72,0.73,0.725,0.27,0.28,0.275,2616.25,1344.89,785.89,2513.25,0.3209581080194085,-0.5235788720696909,0.010000000000000009,-0.020000000000000018,0.12,1.01,UP WATCH,7,"BTC_ABOVE,BTC60+,PM30+,UP_BOOK"
2026-09-23 01:56:17,1790128577,btc-updown-5m-1790128500,223,86240.0,86182.0,58.0,-0.00999999999476131,6.649999999994179,16.220000000001164,57.94999999999709,0.71,0.72,0.715,0.28,0.29,0.28500000000000003,1059.24,2664.0,2629.0,807.1,-0.43101169948754314,0.5302232181834057,0.0,-0.020000000000000018,0.07999999999999996,1.01,WAIT,3,"BTC_ABOVE,BTC60+,PM30+,DOWN_BOOK"
2026-09-23 01:56:19,1790128578,btc-updown-5m-1790128500,222,86240.0,86182.0,58.0,-0.00999999999476131,6.639999999999418,16.220000000001164,57.94999999999709,0.73,0.74,0.735,0.26,0.27,0.265,2347.25,2148.17,2416.67,1528.1200000000001,0.044285072362537856,0.22524646432382964,0.020000000000000018,0.0,0.09999999999999998,1.01,WAIT,5,"BTC_ABOVE,BTC60+,PM30+"
2026-09-23 01:56:21,1790128580,btc-updown-5m-1790128500,220,86240.01,86182.0,58.00999999999476,0.0,-1.7000000000116415,16.239999999990687,44.65999999998894,0.72,0.73,0.725,0.27,0.28,0.275,1105.42,2376.35,1910.9799999999998,1107.42,-0.36502411129971246,0.2662205141796978,0.0,-0.06000000000000005,0.10999999999999999,1.01,WAIT,1,"BTC_ABOVE,BTC60+,PM15-,PM30+,DOWN_BOOK"
2026-09-23 01:56:22,1790128582,btc-updown-5m-1790128500,218,86240.01,86182.0,58.00999999999476,0.00999999999476131,-1.7000000000116415,16.239999999990687,44.64999999999418,0.74,0.75,0.745,0.25,0.26,0.255,1628.4500000000003,2407.19,2570.0,1329.3200000000002,-0.19296567582836915,0.31817855420945185,0.030000000000000027,0.010000000000000009,0.05999999999999994,1.01,WAIT,4,"BTC_ABOVE,BTC60+,PM5+,DOWN_BOOK"
2026-09-23 01:56:24,1790128583,btc-updown-5m-1790128500,217,86240.0,86182.0,58.0,0.0,-0.00999999999476131,16.229999999995925,44.63999999999942,0.74,0.75,0.745,0.25,0.26,0.255,1638.3200000000002,2273.89,2298.89,1643.3200000000002,-0.16245804800867022,0.1662950477016698,0.010000000000000009,0.010000000000000009,0.05999999999999994,1.01,WAIT,4,"BTC_ABOVE,BTC60+"
2026-09-23 01:56:26,1790128585,btc-updown-5m-1790128500,215,86240.0,86182.0,58.0,-0.00999999999476131,0.0,16.220000000001164,39.99000000000524,0.74,0.75,0.745,0.25,0.26,0.255,2063.76,1888.5500000000002,1878.4499999999998,2038.7600000000002,0.044331036786082065,-0.04092453557506501,0.020000000000000018,0.030000000000000027,0.050000000000000044,1.01,WAIT,3,BTC_ABOVE
2026-09-23 01:56:28,1790128587,btc-updown-5m-1790128500,213,86240.01,86182.0,58.00999999999476,0.0,0.0,10.0,40.0,0.76,0.77,0.765,0.23,0.24,0.235,2262.27,1961.82,1940.35,2029.7800000000002,0.0711277458576877,-0.022525710744988273,0.020000000000000018,0.050000000000000044,0.020000000000000018,1.01,WAIT,6,UP_TOO_EXPENSIVE
2026-09-23 01:56:30,1790128589,btc-updown-5m-1790128500,211,86240.0,86182.0,58.0,0.0,-0.00999999999476131,8.0,25.35000000000582,0.76,0.77,0.765,0.23,0.24,0.235,2302.1800000000003,1964.32,1801.6200000000001,2491.2200000000003,0.07918903082151654,-0.1606395765973109,0.020000000000000018,0.050000000000000044,0.020000000000000018,1.01,WAIT,5,"BTC_ABOVE,PM15+"
2026-09-23 01:56:31,1790128591,btc-updown-5m-1790128500,209,86240.0,86182.0,58.0,0.0,-0.00999999999476131,6.649999999994179,25.35000000000582,0.76,0.77,0.765,0.23,0.24,0.235,2272.72,2067.65,2027.75,2363.72,0.047247124093107204,-0.07650513381623918,0.020000000000000018,0.040000000000000036,0.030000000000000027,1.01,WAIT,3,BTC_ABOVE
2026-09-23 01:56:33,1790128592,btc-updown-5m-1790128500,208,86240.01,86182.0,58.00999999999476,0.0,0.00999999999476131,6.6599999999889405,25.360000000000582,0.76,0.77,0.765,0.23,0.24,0.235,2345.71,2063.67,2063.67,2145.71,0.06396364114682788,-0.019489806099710637,0.0,0.050000000000000044,0.030000000000000027,1.01,WAIT,5,"BTC_ABOVE,PM15+"
2026-09-23 01:56:35,1790128594,btc-updown-5m-1790128500,206,86240.0,86182.0,58.0,0.0,0.0,-1.7100000000064028,22.80000000000291,0.76,0.77,0.765,0.23,0.24,0.235,2270.9300000000003,1742.82,1828.68,2088.8900000000003,0.1315752102148864,-0.06642127645453692,0.0,0.030000000000000027,-0.020000000000000018,1.01,WAIT,3,BTC_ABOVE
2026-09-23 01:56:37,1790128596,btc-updown-5m-1790128500,204,86246.13,86182.0,64.13000000000466,6.130000000004657,6.120000000009895,4.419999999998254,12.770000000004075,0.85,0.87,0.86,0.13,0.14,0.135,2595.56,2031.11,2596.25,2191.83,0.1219991916432337,0.08446391873151661,0.09499999999999997,0.135,0.125,1.01,WAIT,7,UP_TOO_EXPENSIVE
2026-09-23 01:56:39,1790128598,btc-updown-5m-1790128500,202,86250.01,86182.0,68.00999999999476,10.0,10.009999999994761,10.0,16.65999999998894,0.85,0.86,0.855,0.14,0.15,0.14500000000000002,1725.4299999999998,2578.89,2318.76,1287.1799999999998,-0.1982798676678314,0.2860779713472771,0.08999999999999997,0.10999999999999999,0.12,1.01,WAIT,7,UP_TOO_EXPENSIVE
2026-09-23 01:56:40,1790128600,btc-updown-5m-1790128500,200,86250.0,86182.0,68.0,10.0,10.0,10.0,16.64999999999418,0.85,0.86,0.855,0.14,0.15,0.14500000000000002,1744.11,2193.24,1489.42,2223.0699999999997,-0.1140691073945674,-0.19761669391702055,0.08999999999999997,0.10999999999999999,0.14,1.01,WAIT,8,UP_TOO_EXPENSIVE
2026-09-23 01:56:42,1790128601,btc-updown-5m-1790128500,199,86264.02,86182.0,82.02000000000407,17.889999999999418,24.020000000004075,24.010000000009313,30.669999999998254,0.9,0.91,0.905,0.09,0.1,0.095,2172.96,2455.55,2515.55,1809.6,-0.06105420534902164,0.16321977272464547,0.04500000000000004,0.16000000000000003,0.19000000000000006,1.01,WAIT,10,UP_TOO_EXPENSIVE
2026-09-23 01:56:44,1790128603,btc-updown-5m-1790128500,197,86274.35,86182.0,92.35000000000582,24.34000000001106,34.34000000001106,34.34000000001106,41.0,0.9,0.91,0.905,0.09,0.1,0.095,2174.91,2204.29,2159.4900000000002,2762.41,-0.006708987943003313,-0.12249740953696736,0.050000000000000044,0.14,0.19000000000000006,1.01,WAIT,13,UP_TOO_EXPENSIVE
2026-09-23 01:56:46,1790128605,btc-updown-5m-1790128500,195,86276.0,86182.0,94.0,26.0,36.0,35.99000000000524,52.220000000001164,0.91,0.92,0.915,0.07,0.08,0.07500000000000001,3062.69,2628.04,2074.34,1929.67,0.07637860169082,0.03613127839341062,0.06000000000000005,0.15000000000000002,0.19000000000000006,1.0,WAIT,13,UP_TOO_EXPENSIVE
2026-09-23 01:56:47,1790128607,btc-updown-5m-1790128500,193,86276.0,86182.0,94.0,11.979999999995925,35.99000000000524,36.0,52.220000000001164,0.92,0.93,0.925,0.07,0.08,0.07500000000000001,1807.54,3064.8500000000004,2358.19,1710.24,-0.25804789846461396,0.15926290977109106,0.020000000000000018,0.16000000000000003,0.21000000000000008,1.01,WAIT,11,UP_TOO_EXPENSIVE
2026-09-23 01:56:49,1790128608,btc-updown-5m-1790128500,192,86276.0,86182.0,94.0,1.6499999999941792,35.99000000000524,36.0,52.220000000001164,0.91,0.92,0.915,0.08,0.09,0.08499999999999999,2005.81,2512.11,2320.04,2089.14,-0.11206484399900843,0.05236801400713967,0.010000000000000009,0.15000000000000002,0.18000000000000005,1.01,WAIT,11,UP_TOO_EXPENSIVE
2026-09-23 01:56:51,1790128610,btc-updown-5m-1790128500,190,86276.01,86182.0,94.00999999999476,0.00999999999476131,36.00999999999476,36.0,52.23999999999069,0.93,0.94,0.935,0.06,0.07,0.065,1556.08,4350.8099999999995,4344.69,1571.08,-0.47313053061763466,0.4688502088485522,0.020000000000000018,0.17000000000000004,0.21000000000000008,1.01,WAIT,9,UP_TOO_EXPENSIVE
2026-09-23 01:56:53,1790128612,btc-updown-5m-1790128500,188,86276.01,86182.0,94.00999999999476,0.00999999999476131,29.879999999990105,36.0,52.23999999999069,0.94,0.95,0.945,0.06,0.07,0.065,1187.78,5899.86,4046.2900000000004,1492.46,-0.6648306065206473,0.4610841796434214,0.019999999999999907,0.08499999999999996,0.19999999999999996,1.02,WAIT,9,UP_TOO_EXPENSIVE
2026-09-23 01:56:54,1790128614,btc-updown-5m-1790128500,186,86276.0,86182.0,94.0,0.0,25.99000000000524,36.0,52.220000000001164,0.92,0.93,0.925,0.07,0.08,0.07500000000000001,1604.74,2500.49,1782.74,1619.37,-0.21819727518312004,0.048020199229301855,0.010000000000000009,0.07000000000000006,0.18000000000000005,1.01,WAIT,11,UP_TOO_EXPENSIVE
2026-09-23 01:56:56,1790128615,btc-updown-5m-1790128500,185,86276.0,86182.0,94.0,-0.00999999999476131,26.0,36.0,52.220000000001164,0.92,0.93,0.925,0.08,0.09,0.08499999999999999,952.6,3100.3599999999997,2356.5,1354.3600000000001,-0.5299238087718605,0.2700559978010488,-0.010000000000000009,0.07000000000000006,0.18000000000000005,1.02,WAIT,9,UP_TOO_EXPENSIVE
2026-09-23 01:56:58,1790128617,btc-updown-5m-1790128500,183,86276.0,86182.0,94.0,-0.00999999999476131,11.979999999995925,35.99000000000524,45.99000000000524,0.91,0.92,0.915,0.08,0.09,0.08499999999999999,2150.04,2001.19,1812.19,2249.51,0.03585684242983403,-0.10766920255065617,-0.029999999999999916,0.010000000000000009,0.15000000000000002,1.01,WAIT,7,UP_TOO_EXPENSIVE
2026-09-23 01:57:00,1790128619,btc-updown-5m-1790128500,181,86276.0,86182.0,94.0,0.0,1.6499999999941792,36.0,44.0,0.91,0.92,0.915,0.08,0.09,0.08499999999999999,2604.0099999999998,1969.28,2014.28,2411.0099999999998,0.1387906736725639,-0.08965062176716097,-0.010000000000000009,0.010000000000000009,0.15000000000000002,1.01,WAIT,7,UP_TOO_EXPENSIVE
2026-09-23 01:57:01,1790128621,btc-updown-5m-1790128500,179,86276.01,86182.0,94.00999999999476,0.00999999999476131,0.00999999999476131,36.00999999999476,42.65999999998894,0.91,0.92,0.915,0.08,0.09,0.08499999999999999,2782.3599999999997,2065.91,2035.91,2935.3599999999997,0.14777436075136077,-0.18092962160574655,-0.010000000000000009,0.0,0.15000000000000002,1.01,WAIT,7,UP_TOO_EXPENSIVE
2026-09-23 01:57:03,1790128622,btc-updown-5m-1790128500,178,86276.0,86182.0,94.0,0.0,0.0,35.99000000000524,42.64999999999418,0.93,0.94,0.935,0.06,0.07,0.065,2429.48,3755.7799999999997,3745.7799999999997,2419.16,-0.21442914283312256,0.21518782015721158,0.020000000000000018,0.010000000000000009,0.17000000000000004,1.01,WAIT,7,UP_TOO_EXPENSIVE
2026-09-23 01:57:05,1790128624,btc-updown-5m-1790128500,176,86276.01,86182.0,94.00999999999476,0.00999999999476131,0.00999999999476131,36.00999999999476,34.29999999998836,0.93,0.94,0.935,0.06,0.07,0.065,2835.89,3658.54,3618.54,2865.89,-0.12667008498051407,0.11607034080096477,0.020000000000000018,0.020000000000000018,0.17000000000000004,1.01,WAIT,6,UP_TOO_EXPENSIVE
2026-09-23 01:57:07,1790128626,btc-updown-5m-1790128500,174,86276.0,86182.0,94.0,-0.00999999999476131,-0.00999999999476131,29.869999999995343,34.2899999999936,0.93,0.94,0.935,0.06,0.07,0.065,2800.0899999999997,3481.5199999999995,3516.5199999999995,2790.0899999999997,-0.1084801507893677,0.115185495852764,0.020000000000000018,0.0,0.07500000000000007,1.01,WAIT,4,"BTC_ABOVE,PM30+"
2026-09-23 01:57:08,1790128628,btc-updown-5m-1790128500,172,86276.0,86182.0,94.0,0.0,-0.00999999999476131,25.99000000000524,35.99000000000524,0.93,0.94,0.935,0.05,0.06,0.055,2928.0899999999997,3390.5199999999995,3288.3,1894.38,-0.07318539995347077,0.2689573734052652,0.0,-0.009999999999999898,0.08000000000000007,1.0,WAIT,3,"BTC_ABOVE,PM30+,DOWN_BOOK"
2026-09-23 01:57:10,1790128629,btc-updown-5m-1790128500,171,86276.0,86182.0,94.0,-0.00999999999476131,0.0,25.99000000000524,35.99000000000524,0.94,0.95,0.945,0.05,0.06,0.055,3091.3100000000004,4458.4,2660.12,2813.36,-0.18107847851109501,-0.02799681372728141,0.009999999999999898,0.019999999999999907,0.08999999999999997,1.01,WAIT,4,"BTC_ABOVE,PM30+"
2026-09-23 01:57:12,1790128631,btc-updown-5m-1790128500,169,86280.01,86182.0,98.00999999999476,4.009999999994761,4.009999999994761,15.989999999990687,40.0,0.94,0.95,0.945,0.05,0.06,0.055,3444.48,4322.13,2219.85,3425.48,-0.11300297040793861,-0.21356236039345797,0.009999999999999898,0.019999999999999907,0.039999999999999925,1.01,WAIT,4,"BTC_ABOVE,BTC60+"
2026-09-23 01:57:14,1790128633,btc-updown-5m-1790128500,167,86287.39,86182.0,105.38999999999942,11.389999999999418,11.389999999999418,13.039999999993597,47.38000000000466,0.95,0.96,0.955,0.04,0.05,0.045,3290.3,13025.519999999999,2807.75,3354.9799999999996,-0.5966736578363819,-0.08879668588434016,0.019999999999999907,0.039999999999999925,0.04999999999999993,1.01,WAIT,4,"BTC_ABOVE,BTC5+,BTC60+"
2026-09-23 01:57:15,1790128635,btc-updown-5m-1790128500,165,86287.39,86182.0,105.38999999999942,11.389999999999418,11.389999999999418,11.389999999999418,47.38000000000466,0.96,0.97,0.965,0.04,0.05,0.045,2658.54,12971.699999999999,2777.06,3241.9399999999996,-0.6598209624420355,-0.07723542116630663,0.020000000000000018,0.04999999999999993,0.04999999999999993,1.02,WAIT,4,"BTC_ABOVE,BTC5+,BTC60+"
2026-09-23 01:57:17,1790128636,btc-updown-5m-1790128500,164,86287.39,86182.0,105.38999999999942,7.380000000004657,11.380000000004657,11.389999999999418,47.38000000000466,0.96,0.97,0.965,0.03,0.04,0.035,2566.3999999999996,12863.68,12750.58,2557.2999999999997,-0.6673510441941973,0.665884498702629,0.020000000000000018,0.04999999999999993,0.04999999999999993,1.01,WAIT,2,"BTC_ABOVE,BTC60+,DOWN_BOOK"
2026-09-23 01:57:19,1790128638,btc-updown-5m-1790128500,162,86287.4,86182.0,105.39999999999418,0.00999999999476131,11.39999999999418,11.39999999999418,47.39999999999418,0.96,0.97,0.965,0.03,0.04,0.035,2469.5899999999997,12779.64,12591.64,2484.5899999999997,-0.6761029901181895,0.6703963789355827,0.010000000000000009,0.029999999999999916,0.04999999999999993,1.01,WAIT,2,"BTC_ABOVE,BTC60+,DOWN_BOOK"
2026-09-23 01:57:20,1790128640,btc-updown-5m-1790128500,160,86294.57,86182.0,112.57000000000698,7.180000000007567,18.560000000012224,18.560000000012224,54.560000000012224,0.96,0.97,0.965,0.03,0.04,0.035,3242.85,11730.86,11388.36,3415.71,-0.566860851452312,0.538544467838912,0.0,0.029999999999999916,0.029999999999999916,1.01,WAIT,2,"BTC_ABOVE,BTC60+,DOWN_BOOK"
2026-09-23 01:57:22,1790128641,btc-updown-5m-1790128500,159,86296.01,86182.0,114.00999999999476,8.619999999995343,20.00999999999476,20.0,56.0,0.96,0.97,0.965,0.03,0.04,0.035,3550.7,11291.550000000001,11570.050000000001,2745.4599999999996,-0.5215415452508886,0.6164356002685201,0.0,0.029999999999999916,0.029999999999999916,1.01,WAIT,4,"BTC_ABOVE,BTC15+,BTC60+,DOWN_BOOK"
2026-09-23 01:57:24,1790128643,btc-updown-5m-1790128500,157,86296.01,86182.0,114.00999999999476,8.610000000000582,20.00999999999476,20.0,56.00999999999476,0.96,0.97,0.965,0.03,0.04,0.035,3026.51,11545.6,11600.6,3009.51,-0.5846160919729538,0.5880236356878901,0.0,0.029999999999999916,0.020000000000000018,1.01,WAIT,4,"BTC_ABOVE,BTC15+,BTC60+,DOWN_BOOK"
2026-09-23 01:57:26,1790128645,btc-updown-5m-1790128500,155,86296.0,86182.0,114.0,1.429999999993015,20.0,20.0,56.0,0.96,0.97,0.965,0.03,0.04,0.035,2027.0499999999997,12388.400000000001,12094.77,2079.6,-0.7187670173320987,0.706568969202864,0.0,0.020000000000000018,0.039999999999999925,1.01,WAIT,4,"BTC_ABOVE,BTC15+,BTC60+,DOWN_BOOK"
2026-09-23 01:57:27,1790128647,btc-updown-5m-1790128500,153,86296.0,86182.0,114.0,-0.00999999999476131,15.990000000005239,20.0,55.99000000000524,0.96,0.97,0.965,0.03,0.04,0.035,2197.62,12209.920000000002,12209.920000000002,2167.62,-0.6949347355620739,0.6984713657551989,0.0,0.020000000000000018,0.04999999999999993,1.01,WAIT,2,"BTC_ABOVE,BTC60+,DOWN_BOOK"
2026-09-23 01:57:29,1790128648,btc-updown-5m-1790128500,152,86296.01,86182.0,114.00999999999476,0.0,8.619999999995343,20.00999999999476,56.0,0.96,0.97,0.965,0.03,0.04,0.035,2704.3199999999997,11183.94,11219.94,2740.3199999999997,-0.6105602861697578,0.60741132328481,0.0,0.010000000000000009,0.04999999999999993,1.01,WAIT,2,"BTC_ABOVE,BTC60+,DOWN_BOOK"
2026-09-23 01:57:31,1790128650,btc-updown-5m-1790128500,150,86296.0,86182.0,114.0,0.0,8.610000000000582,20.0,56.0,0.97,0.98,0.975,0.02,0.03,0.025,2584.18,10903.93,10812.9,2584.18,-0.6168210371949814,0.61421742648398,0.010000000000000009,0.010000000000000009,0.05999999999999994,1.01,WAIT,2,"BTC_ABOVE,BTC60+,DOWN_BOOK"
2026-09-23 01:57:33,1790128652,btc-updown-5m-1790128500,148,86296.01,86182.0,114.00999999999476,0.00999999999476131,8.619999999995343,20.00999999999476,56.0,0.97,0.98,0.975,0.02,0.03,0.025,2538.97,10916.75,10659.15,2520.97,-0.6226184849268565,0.6174587181300323,0.010000000000000009,0.010000000000000009,0.039999999999999925,1.01,WAIT,2,"BTC_ABOVE,BTC60+,DOWN_BOOK"
2026-09-23 01:57:34,1790128654,btc-updown-5m-1790128500,146,86296.0,86182.0,114.0,-0.00999999999476131,8.60000000000582,19.99000000000524,56.0,0.97,0.98,0.975,0.02,0.03,0.025,2418.97,11559.43,11559.43,2433.97,-0.6538988725462143,0.6521260022582075,0.010000000000000009,0.010000000000000009,0.039999999999999925,1.01,WAIT,2,"BTC_ABOVE,BTC60+,DOWN_BOOK"
2026-09-23 01:57:36,1790128655,btc-updown-5m-1790128500,145,86296.0,86182.0,114.0,0.0,1.429999999993015,19.99000000000524,56.0,0.97,0.98,0.975,0.02,0.03,0.025,2298.0,11552.93,11396.83,2288.0,-0.6681811257439031,0.6656151373455133,0.0,0.010000000000000009,0.039999999999999925,1.01,WAIT,2,"BTC_ABOVE,BTC60+,DOWN_BOOK"
2026-09-23 01:57:38,1790128657,btc-updown-5m-1790128500,143,86296.01,86182.0,114.00999999999476,0.0,0.0,20.00999999999476,49.879999999990105,0.97,0.98,0.975,0.02,0.03,0.025,2342.31,11181.57,10821.88,2317.69,-0.6536038474165698,0.6472198100851092,0.0,0.010000000000000009,0.039999999999999925,1.01,WAIT,2,"BTC_ABOVE,BTC60+,DOWN_BOOK"
2026-09-23 01:57:40,1790128659,btc-updown-5m-1790128500,141,86296.0,86182.0,114.0,0.0,-0.00999999999476131,20.0,45.99000000000524,0.97,0.98,0.975,0.02,0.03,0.025,2819.0299999999997,10199.48,10199.48,2768.81,-0.5669197166188757,0.572987649104084,0.0,0.010000000000000009,0.030000000000000027,1.01,WAIT,2,"BTC_ABOVE,BTC60+,DOWN_BOOK"
2026-09-23 01:57:42,1790128661,btc-updown-5m-1790128500,139,86296.01,86182.0,114.00999999999476,0.00999999999476131,0.00999999999476131,16.0,31.989999999990687,0.97,0.98,0.975,0.02,0.03,0.025,2904.33,10206.9,10191.9,2894.3199999999997,-0.5569706274697339,0.5576537762623585,0.0,0.010000000000000009,0.030000000000000027,1.01,WAIT,1,"BTC_ABOVE,DOWN_BOOK"
2026-09-23 01:57:43,1790128663,btc-updown-5m-1790128500,137,86300.0,86182.0,118.0,3.9900000000052387,3.9900000000052387,12.610000000000582,25.64999999999418,0.97,0.98,0.975,0.02,0.03,0.025,2986.81,5049.08,5079.08,2986.81,-0.2566324327485817,0.2593972890778327,0.0,0.010000000000000009,0.020000000000000018,1.01,WAIT,1,"BTC_ABOVE,DOWN_BOOK"
2026-09-23 01:57:45,1790128664,btc-updown-5m-1790128500,136,86300.0,86182.0,118.0,4.0,3.9900000000052387,12.610000000000582,25.64999999999418,0.97,0.98,0.975,0.02,0.03,0.025,3058.61,5159.08,5129.08,3058.61,-0.25560346033982784,0.25287596379442795,0.0,0.010000000000000009,0.020000000000000018,1.01,WAIT,1,"BTC_ABOVE,DOWN_BOOK"
2026-09-23 01:57:47,1790128666,btc-updown-5m-1790128500,134,86300.0,86182.0,118.0,3.9900000000052387,4.0,12.610000000000582,24.0,0.97,0.98,0.975,0.02,0.03,0.025,3065.85,5128.47,5153.47,3045.85,-0.2517133819523768,0.2570481454559647,0.0,0.0,0.010000000000000009,1.01,WAIT,1,"BTC_ABOVE,DOWN_BOOK"
2026-09-23 01:57:49,1790128668,btc-updown-5m-1790128500,132,86300.0,86182.0,118.0,0.0,3.9900000000052387,12.60000000000582,24.0,0.97,0.98,0.975,0.02,0.03,0.025,3278.37,5090.76,5090.76,3263.44,-0.21655655964240011,0.21873069833137823,0.0,0.0,0.010000000000000009,1.01,WAIT,3,BTC_ABOVE
2026-09-23 01:57:50,1790128670,btc-updown-5m-1790128500,130,86299.99,86182.0,117.99000000000524,-0.00999999999476131,3.9900000000052387,5.419999999998254,23.980000000010477,0.97,0.98,0.975,0.02,0.03,0.025,3203.98,5075.01,5075.01,3183.98,-0.2259973740758233,0.22896625374289112,0.0,0.0,0.010000000000000009,1.01,WAIT,3,BTC_ABOVE
2026-09-23 01:57:52,1790128671,btc-updown-5m-1790128500,129,86300.0,86182.0,118.0,0.0,4.0,3.9900000000052387,23.99000000000524,0.98,0.99,0.985,0.01,0.02,0.015,2688.42,3865.48,3890.28,2684.42,-0.17959688124628084,0.18340912893363956,0.010000000000000009,0.010000000000000009,0.020000000000000018,1.01,WAIT,3,BTC_ABOVE
2026-09-23 01:57:54,1790128673,btc-updown-5m-1790128500,127,86300.0,86182.0,118.0,0.0,3.9900000000052387,3.9900000000052387,23.99000000000524,0.98,0.99,0.985,0.01,0.02,0.015,2677.71,3862.23,3852.23,2677.71,-0.18112092771493316,0.1798668900479943,0.010000000000000009,0.010000000000000009,0.020000000000000018,1.01,WAIT,3,BTC_ABOVE
2026-09-23 01:57:55,1790128675,btc-updown-5m-1790128500,125,86300.0,86182.0,118.0,0.00999999999476131,4.0,4.0,24.0,0.98,0.99,0.985,0.01,0.02,0.015,2814.57,3822.17,3822.17,2819.57,-0.15182152683395764,0.15095441857103709,0.010000000000000009,0.010000000000000009,0.020000000000000018,1.01,WAIT,3,BTC_ABOVE
2026-09-23 01:57:57,1790128676,btc-updown-5m-1790128500,124,86300.0,86182.0,118.0,0.0,3.9900000000052387,4.0,24.0,0.98,0.99,0.985,0.01,0.02,0.015,2724.57,3785.14,3782.64,2724.57,-0.16292123612265366,0.16259963947682643,0.0,0.010000000000000009,0.020000000000000018,1.01,WAIT,3,BTC_ABOVE
2026-09-23 01:57:59,1790128678,btc-updown-5m-1790128500,122,86300.0,86182.0,118.0,0.0,0.0,3.9900000000052387,24.0,0.98,0.99,0.985,0.01,0.02,0.015,2729.57,3825.56,3775.05,2759.57,-0.16719576881007694,0.1554000079576165,0.0,0.010000000000000009,0.020000000000000018,1.01,WAIT,3,BTC_ABOVE
2026-09-23 01:58:01,1790128680,btc-updown-5m-1790128500,120,86300.0,86182.0,118.0,0.0,0.0,4.0,24.0,0.98,0.99,0.985,0.01,0.02,0.015,3727.27,2475.8,2295.89,3737.27,0.20175010115958708,-0.2389096261329055,0.0,0.010000000000000009,0.010000000000000009,1.01,WAIT,3,BTC_ABOVE
2026-09-23 01:58:02,1790128682,btc-updown-5m-1790128500,118,86299.99,86182.0,117.99000000000524,-0.00999999999476131,-0.00999999999476131,3.9800000000104774,23.99000000000524,0.98,0.99,0.985,0.01,0.02,0.015,3707.27,1534.84,1534.84,3707.27,0.4144190030350375,-0.4144190030350375,0.0,0.010000000000000009,0.010000000000000009,1.01,WAIT,5,"BTC_ABOVE,UP_BOOK"
2026-09-23 01:58:04,1790128683,btc-updown-5m-1790128500,117,86300.0,86182.0,118.0,0.0,0.0,3.9900000000052387,24.0,0.98,0.99,0.985,0.01,0.02,0.015,3765.24,1501.24,1425.52,3745.24,0.4298886542814176,-0.44862263961197185,0.0,0.010000000000000009,0.010000000000000009,1.01,WAIT,5,"BTC_ABOVE,UP_BOOK"
2026-09-23 01:58:06,1790128685,btc-updown-5m-1790128500,115,86300.0,86182.0,118.0,0.0,0.00999999999476131,4.0,23.99000000000524,0.98,0.99,0.985,0.01,0.02,0.015,3745.24,323.44,305.44,3590.24,0.8410098606919197,-0.8431904057828158,0.0,0.010000000000000009,0.010000000000000009,1.01,WAIT,5,"BTC_ABOVE,UP_BOOK"
2026-09-23 01:58:08,1790128687,btc-updown-5m-1790128500,113,86296.08,86182.0,114.08000000000175,-3.9100000000034925,-3.9199999999982538,0.07000000000698492,20.080000000001746,0.99,,,,0.01,,4528.360000000001,0,0,4662.66,1.0,-1.0,,,,,WAIT,5,"BTC_ABOVE,UP_BOOK"
2026-09-23 01:58:10,1790128689,btc-updown-5m-1790128500,111,86296.07,86182.0,114.07000000000698,-3.929999999993015,-3.929999999993015,0.07000000000698492,20.070000000006985,0.99,,,,0.01,,6464.28,0,0,6454.28,1.0,-1.0,,,,,WAIT,5,"BTC_ABOVE,UP_BOOK"
2026-09-23 01:58:11,1790128691,btc-updown-5m-1790128500,109,86296.08,86182.0,114.08000000000175,-3.9199999999982538,-3.9199999999982538,0.07000000000698492,16.070000000006985,0.99,,,,0.01,,6351.95,0,0,6361.95,1.0,-1.0,,,,,WAIT,5,"BTC_ABOVE,UP_BOOK"
2026-09-23 01:58:13,1790128692,btc-updown-5m-1790128500,108,86296.07,86182.0,114.07000000000698,-0.00999999999476131,-3.929999999993015,0.06000000001222361,16.060000000012224,0.99,,,,0.01,,6051.25,0,0,6056.25,1.0,-1.0,,,,,WAIT,5,"BTC_ABOVE,UP_BOOK"
2026-09-23 01:58:15,1790128694,btc-updown-5m-1790128500,106,86296.07,86182.0,114.07000000000698,0.0,-3.929999999993015,-3.929999999993015,8.680000000007567,0.99,,,,0.01,,6267.95,0,0,6267.95,1.0,-1.0,,,,,WAIT,5,"BTC_ABOVE,UP_BOOK"
2026-09-23 01:58:17,1790128696,btc-updown-5m-1790128500,104,86296.08,86182.0,114.08000000000175,0.0,-3.9199999999982538,-3.9199999999982538,8.690000000002328,0.99,,,,0.01,,6343.179999999999,0,0,6404.669999999999,1.0,-1.0,,,,,WAIT,5,"BTC_ABOVE,UP_BOOK"
2026-09-23 01:58:18,1790128698,btc-updown-5m-1790128500,102,86296.07,86182.0,114.07000000000698,0.0,-3.929999999993015,-3.929999999993015,8.670000000012806,0.99,,,,0.01,,6254.009999999999,0,0,6254.009999999999,1.0,-1.0,,,,,WAIT,5,"BTC_ABOVE,UP_BOOK"
2026-09-23 01:58:20,1790128699,btc-updown-5m-1790128500,101,86296.07,86182.0,114.07000000000698,0.0,-3.929999999993015,-3.929999999993015,8.670000000012806,0.99,,,,0.01,,6379.009999999999,0,0,6379.009999999999,1.0,-1.0,,,,,WAIT,5,"BTC_ABOVE,UP_BOOK"
2026-09-23 01:58:22,1790128701,btc-updown-5m-1790128500,99,86296.07,86182.0,114.07000000000698,-0.00999999999476131,-3.929999999993015,-3.929999999993015,0.06000000001222361,0.99,,,,0.01,,6489.009999999999,0,0,6452.679999999999,1.0,-1.0,,,,,WAIT,5,"BTC_ABOVE,UP_BOOK"
2026-09-23 01:58:24,1790128703,btc-updown-5m-1790128500,97,86296.08,86182.0,114.08000000000175,0.00999999999476131,0.0,-3.9199999999982538,0.07000000000698492,0.99,,,,0.01,,5984.27,0,0,5993.82,1.0,-1.0,,,,,WAIT,5,"BTC_ABOVE,UP_BOOK"
2026-09-23 01:58:25,1790128705,btc-updown-5m-1790128500,95,86296.07,86182.0,114.07000000000698,0.0,0.0,-3.929999999993015,0.07000000000698492,0.99,,,,0.01,,5816.969999999999,0,0,5726.969999999999,1.0,-1.0,,,,,WAIT,5,"BTC_ABOVE,UP_BOOK"
2026-09-23 01:58:27,1790128706,btc-updown-5m-1790128500,94,86286.73,86182.0,104.72999999999593,-9.34000000001106,-9.35000000000582,-13.270000000004075,-9.270000000004075,0.99,,,,0.01,,5393.34,0,0,5224.28,1.0,-1.0,,,,,WAIT,5,"BTC_ABOVE,UP_BOOK"
2026-09-23 01:58:29,1790128708,btc-updown-5m-1790128500,92,86296.01,86182.0,114.00999999999476,-0.07000000000698492,-0.06000000001222361,-3.9900000000052387,0.0,0.99,,,,0.01,,6209.73,0,0,6216.73,1.0,-1.0,,,,,WAIT,5,"BTC_ABOVE,UP_BOOK"
2026-09-23 01:58:30,1790128710,btc-updown-5m-1790128500,90,86296.0,86182.0,114.0,-0.07000000000698492,-0.07000000000698492,-4.0,0.0,0.99,,,,0.01,,9495.779999999999,0,0,9502.779999999999,1.0,-1.0,,,,,WAIT,5,"BTC_ABOVE,UP_BOOK"
2026-09-23 01:58:32,1790128711,btc-updown-5m-1790128500,89,86299.82,86182.0,117.82000000000698,13.09000000001106,3.7400000000052387,-0.17999999999301508,3.820000000006985,0.99,,,,0.01,,9683.779999999999,0,0,9683.779999999999,1.0,-1.0,,,,,WAIT,6,UP_TOO_EXPENSIVE
2026-09-23 01:58:34,1790128713,btc-updown-5m-1790128500,87,86299.83,86182.0,117.83000000000175,3.820000000006985,3.7599999999947613,-0.16999999999825377,3.820000000006985,0.99,,,,0.01,,9418.78,0,0,9418.78,1.0,-1.0,,,,,WAIT,5,"BTC_ABOVE,UP_BOOK"
2026-09-23 01:58:36,1790128715,btc-updown-5m-1790128500,85,86299.83,86182.0,117.83000000000175,3.8300000000017462,3.7599999999947613,-0.16999999999825377,3.8300000000017462,0.99,,,,0.01,,9442.55,0,0,9364.4,1.0,-1.0,,,,,WAIT,5,"BTC_ABOVE,UP_BOOK"
2026-09-23 01:58:37,1790128717,btc-updown-5m-1790128500,83,86299.83,86182.0,117.83000000000175,0.00999999999476131,3.7599999999947613,3.75,3.820000000006985,0.99,,,,0.01,,12285.56,0,0,9217.4,1.0,-1.0,,,,,WAIT,5,"BTC_ABOVE,UP_BOOK"
2026-09-23 01:58:39,1790128718,btc-updown-5m-1790128500,82,86299.83,86182.0,117.83000000000175,0.0,3.75,3.75,3.820000000006985,0.99,,,,0.01,,9280.55,0,0,9280.55,1.0,-1.0,,,,,WAIT,5,"BTC_ABOVE,UP_BOOK"
2026-09-23 01:58:41,1790128720,btc-updown-5m-1790128500,80,86299.82,86182.0,117.82000000000698,-0.00999999999476131,3.75,3.75,3.820000000006985,0.99,,,,0.01,,13397.56,0,0,13397.56,1.0,-1.0,,,,,WAIT,5,"BTC_ABOVE,UP_BOOK"
2026-09-23 01:58:43,1790128722,btc-updown-5m-1790128500,78,86307.35,86182.0,125.35000000000582,7.5200000000040745,20.620000000009895,11.279999999998836,11.34000000001106,0.99,,,,0.01,,13733.22,0,0,13748.22,1.0,-1.0,,,,,WAIT,7,UP_TOO_EXPENSIVE
2026-09-23 01:58:44,1790128724,btc-updown-5m-1790128500,76,86307.35,86182.0,125.35000000000582,7.5200000000040745,11.34000000001106,11.279999999998836,7.350000000005821,0.99,,,,0.01,,13758.22,0,0,13758.22,1.0,-1.0,,,,,WAIT,5,"BTC_ABOVE,UP_BOOK"
2026-09-23 01:58:46,1790128725,btc-updown-5m-1790128500,75,86307.34,86182.0,125.33999999999651,7.519999999989523,11.339999999996508,11.269999999989523,7.3399999999965075,0.99,,,,0.01,,16758.22,0,0,16818.22,1.0,-1.0,,,,,WAIT,5,"BTC_ABOVE,UP_BOOK"
2026-09-23 01:58:48,1790128727,btc-updown-5m-1790128500,73,86308.0,86182.0,126.0,0.6499999999941792,8.179999999993015,11.919999999998254,8.0,0.99,,,,0.01,,16824.22,0,0,16824.22,1.0,-1.0,,,,,WAIT,5,"BTC_ABOVE,UP_BOOK"
2026-09-23 01:58:50,1790128729,btc-updown-5m-1790128500,71,86314.01,86182.0,132.00999999999476,6.6599999999889405,14.179999999993015,17.939999999987776,14.009999999994761,0.99,,,,0.01,,16769.22,0,0,16769.22,1.0,-1.0,,,,,WAIT,5,"BTC_ABOVE,UP_BOOK"
2026-09-23 01:58:51,1790128731,btc-updown-5m-1790128500,69,86314.0,86182.0,132.0,6.6600000000034925,14.169999999998254,17.929999999993015,14.0,0.99,,,,0.01,,16933.3,0,0,16933.3,1.0,-1.0,,,,,WAIT,5,"BTC_ABOVE,UP_BOOK"
2026-09-23 01:58:53,1790128732,btc-updown-5m-1790128500,68,86314.0,86182.0,132.0,6.0,14.169999999998254,17.929999999993015,14.0,0.99,,,,0.01,,16940.3,0,0,16950.3,1.0,-1.0,,,,,WAIT,5,"BTC_ABOVE,UP_BOOK"
2026-09-23 01:58:55,1790128734,btc-updown-5m-1790128500,66,86314.01,86182.0,132.00999999999476,0.0,14.179999999993015,17.929999999993015,14.009999999994761,0.99,,,,0.01,,16880.3,0,0,16308.01,1.0,-1.0,,,,,WAIT,5,"BTC_ABOVE,UP_BOOK"
2026-09-23 01:58:57,1790128736,btc-updown-5m-1790128500,64,86320.0,86182.0,138.0,6.0,20.179999999993015,33.270000000004075,20.0,0.99,,,,0.01,,16372.94,0,0,16382.94,1.0,-1.0,,,,,WAIT,9,UP_TOO_EXPENSIVE
2026-09-23 01:58:58,1790128738,btc-updown-5m-1790128500,62,86320.0,86182.0,138.0,6.0,12.64999999999418,23.99000000000524,20.0,0.99,,,,0.01,,19242.589999999997,0,0,19242.589999999997,1.0,-1.0,,,,,WAIT,5,"BTC_ABOVE,UP_BOOK"
2026-09-23 01:59:00,1790128739,btc-updown-5m-1790128500,61,86320.0,86182.0,138.0,5.990000000005239,12.64999999999418,23.99000000000524,20.0,0.99,,,,0.01,,22770.03,0,0,23365.129999999997,1.0,-1.0,,,,,WAIT,5,"BTC_ABOVE,UP_BOOK"
2026-09-23 01:59:02,1790128741,btc-updown-5m-1790128500,59,86320.01,86182.0,138.00999999999476,0.00999999999476131,12.669999999998254,20.189999999987776,20.00999999999476,0.99,,,,0.01,,23466.18,0,0,23481.18,1.0,-1.0,,,,,WAIT,5,"BTC_ABOVE,UP_BOOK"
2026-09-23 01:59:04,1790128743,btc-updown-5m-1790128500,57,86320.01,86182.0,138.00999999999476,0.00999999999476131,12.009999999994761,20.179999999993015,20.00999999999476,0.99,,,,0.01,,23992.260000000002,0,0,23977.260000000002,1.0,-1.0,,,,,WAIT,5,"BTC_ABOVE,UP_BOOK"
2026-09-23 01:59:05,1790128745,btc-updown-5m-1790128500,55,86320.01,86182.0,138.00999999999476,0.00999999999476131,6.0,20.179999999993015,20.00999999999476,0.99,,,,0.01,,24254.890000000003,0,0,24304.890000000003,1.0,-1.0,,,,,WAIT,5,"BTC_ABOVE,UP_BOOK"
2026-09-23 01:59:07,1790128747,btc-updown-5m-1790128500,53,86320.01,86182.0,138.00999999999476,0.0,6.009999999994761,20.179999999993015,23.929999999993015,0.99,,,,0.01,,25420.33,0,0,25369.920000000002,1.0,-1.0,,,,,WAIT,5,"BTC_ABOVE,UP_BOOK"
2026-09-23 01:59:09,1790128748,btc-updown-5m-1790128500,52,86320.01,86182.0,138.00999999999476,0.0,6.009999999994761,20.179999999993015,23.929999999993015,0.99,,,,0.01,,25521.760000000002,0,0,25521.760000000002,1.0,-1.0,,,,,WAIT,5,"BTC_ABOVE,UP_BOOK"
2026-09-23 01:59:11,1790128750,btc-updown-5m-1790128500,50,86320.01,86182.0,138.00999999999476,0.0,6.0,20.189999999987776,23.939999999987776,0.99,,,,0.01,,25500.070000000003,0,0,25500.070000000003,1.0,-1.0,,,,,WAIT,5,"BTC_ABOVE,UP_BOOK"
2026-09-23 01:59:13,1790128752,btc-updown-5m-1790128500,48,86320.0,86182.0,138.0,-0.00999999999476131,0.0,12.64999999999418,23.929999999993015,0.99,,,,0.01,,25561.070000000003,0,0,25561.070000000003,1.0,-1.0,,,,,WAIT,5,"BTC_ABOVE,UP_BOOK"
2026-09-23 01:59:14,1790128754,btc-updown-5m-1790128500,46,86320.0,86182.0,138.0,-0.00999999999476131,0.0,12.64999999999418,23.929999999993015,0.99,,,,0.01,,25654.97,0,0,25664.97,1.0,-1.0,,,,,WAIT,5,"BTC_ABOVE,UP_BOOK"
2026-09-23 01:59:16,1790128755,btc-updown-5m-1790128500,45,86303.21,86182.0,121.2100000000064,-16.79999999998836,-16.789999999993597,-4.129999999990105,7.139999999999418,0.99,,,,0.01,,33628.31,0,0,33648.31,1.0,-1.0,,,,,WAIT,4,"BTC_ABOVE,BTC5-,UP_BOOK"
2026-09-23 01:59:18,1790128757,btc-updown-5m-1790128500,43,86320.0,86182.0,138.0,0.0,-0.00999999999476131,12.0,23.919999999998254,0.99,,,,0.01,,34388.41,0,0,34726.14,1.0,-1.0,,,,,WAIT,5,"BTC_ABOVE,UP_BOOK"
2026-09-23 01:59:20,1790128759,btc-updown-5m-1790128500,41,86322.0,86182.0,140.0,2.0,1.9900000000052387,7.990000000005239,25.929999999993015,0.99,,,,0.01,,34755.24,0,0,34760.340000000004,1.0,-1.0,,,,,WAIT,5,"BTC_ABOVE,UP_BOOK"
2026-09-23 01:59:21,1790128761,btc-updown-5m-1790128500,39,86345.28,86182.0,163.27999999999884,42.06999999999243,25.270000000004075,31.279999999998836,49.20999999999185,0.99,,,,0.01,,35196.08,0,0,35206.08,1.0,-1.0,,,,,WAIT,11,UP_TOO_EXPENSIVE
2026-09-23 01:59:23,1790128762,btc-updown-5m-1790128500,38,86345.28,86182.0,163.27999999999884,25.279999999998836,25.270000000004075,31.279999999998836,49.20999999999185,0.99,,,,0.01,,35206.08,0,0,35206.08,1.0,-1.0,,,,,WAIT,11,UP_TOO_EXPENSIVE
2026-09-23 01:59:25,1790128764,btc-updown-5m-1790128500,36,86345.29,86182.0,163.2899999999936,23.289999999993597,25.279999999998836,31.279999999998836,49.20999999999185,0.99,,,,0.01,,35134.18,0,0,35194.18,1.0,-1.0,,,,,WAIT,11,UP_TOO_EXPENSIVE
2026-09-23 01:59:27,1790128766,btc-updown-5m-1790128500,34,86345.29,86182.0,163.2899999999936,0.00999999999476131,25.279999999998836,25.289999999993597,58.55999999999767,0.99,,,,0.01,,35164.18,0,0,35084.18,1.0,-1.0,,,,,WAIT,8,UP_TOO_EXPENSIVE
2026-09-23 01:59:28,1790128768,btc-updown-5m-1790128500,32,86345.29,86182.0,163.2899999999936,0.00999999999476131,25.289999999993597,25.289999999993597,49.279999999998836,0.99,,,,0.01,,38396.18,0,0,38406.18,1.0,-1.0,,,,,WAIT,8,UP_TOO_EXPENSIVE
2026-09-23 01:59:30,1790128769,btc-updown-5m-1790128500,31,86345.29,86182.0,163.2899999999936,0.0,25.289999999993597,25.289999999993597,49.279999999998836,0.99,,,,0.01,,54094.31,0,0,54112.31,1.0,-1.0,,,,,WAIT,8,UP_TOO_EXPENSIVE
2026-09-23 01:59:32,1790128771,btc-updown-5m-1790128500,29,86345.29,86182.0,163.2899999999936,0.0,42.079999999987194,25.279999999998836,45.46999999998661,0.99,,,,0.01,,54275.64,0,0,54275.64,1.0,-1.0,,,,,WAIT,8,UP_TOO_EXPENSIVE
2026-09-23 01:59:34,1790128773,btc-updown-5m-1790128500,27,86345.29,86182.0,163.2899999999936,0.0,25.289999999993597,25.279999999998836,45.45999999999185,0.999,,,,0.001,,59832.28,0,0,59845.28,1.0,-1.0,,,,,WAIT,8,UP_TOO_EXPENSIVE
2026-09-23 01:59:35,1790128775,btc-updown-5m-1790128500,25,86350.0,86182.0,168.0,4.710000000006403,28.0,29.99000000000524,50.169999999998254,0.999,,,,0.001,,59919.03999999999,0,0,59860.329999999994,1.0,-1.0,,,,,WAIT,8,UP_TOO_EXPENSIVE
2026-09-23 01:59:37,1790128776,btc-updown-5m-1790128500,24,86368.01,86182.0,186.00999999999476,22.720000000001164,22.729999999995925,48.0,68.17999999999302,0.999,,,,0.001,,60131.42999999999,0,0,60121.42999999999,1.0,-1.0,,,,,WAIT,11,UP_TOO_EXPENSIVE
2026-09-23 01:59:39,1790128778,btc-updown-5m-1790128500,22,86370.01,86182.0,188.00999999999476,24.720000000001164,24.729999999995925,50.0,70.17999999999302,0.999,,,,0.001,,60296.38,0,0,63643.38,1.0,-1.0,,,,,WAIT,11,UP_TOO_EXPENSIVE
2026-09-23 01:59:40,1790128780,btc-updown-5m-1790128500,20,86370.01,86182.0,188.00999999999476,20.00999999999476,24.720000000001164,50.0,70.18999999998778,0.999,,,,0.001,,65876.37999999999,0,0,65886.37999999999,1.0,-1.0,,,,,WAIT,11,UP_TOO_EXPENSIVE
2026-09-23 01:59:42,1790128782,btc-updown-5m-1790128500,18,86370.01,86182.0,188.00999999999476,2.0,24.720000000001164,50.00999999999476,62.65999999998894,0.999,,,,0.001,,65904.4,0,0,65904.4,1.0,-1.0,,,,,WAIT,0,TIME_FILTER
2026-09-23 01:59:44,1790128783,btc-updown-5m-1790128500,17,86370.0,86182.0,188.0,-0.00999999999476131,24.710000000006403,50.0,62.64999999999418,0.999,,,,0.001,,65887.4,0,0,65880.4,1.0,-1.0,,,,,WAIT,0,TIME_FILTER
2026-09-23 01:59:46,1790128785,btc-updown-5m-1790128500,15,86370.01,86182.0,188.00999999999476,0.0,24.720000000001164,66.79999999998836,62.669999999998254,0.999,,,,0.001,,66002.4,0,0,65995.4,1.0,-1.0,,,,,WAIT,0,TIME_FILTER
2026-09-23 01:59:48,1790128787,btc-updown-5m-1790128500,13,86370.01,86182.0,188.00999999999476,0.0,24.720000000001164,50.00999999999476,62.00999999999476,0.999,,,,0.001,,66038.76,0,0,66038.76,1.0,-1.0,,,,,WAIT,0,TIME_FILTER
2026-09-23 01:59:49,1790128789,btc-updown-5m-1790128500,11,86370.01,86182.0,188.00999999999476,0.00999999999476131,24.720000000001164,48.00999999999476,56.0,0.999,,,,0.001,,66573.76,0,0,66580.76,1.0,-1.0,,,,,WAIT,0,TIME_FILTER
2026-09-23 01:59:51,1790128790,btc-updown-5m-1790128500,10,86370.01,86182.0,188.00999999999476,0.0,20.00999999999476,48.00999999999476,56.0,0.999,,,,0.001,,66803.81,0,0,66803.81,1.0,-1.0,,,,,WAIT,0,TIME_FILTER
2026-09-23 01:59:53,1790128792,btc-updown-5m-1790128500,8,86370.01,86182.0,188.00999999999476,0.0,2.0,24.729999999995925,56.00999999999476,0.999,,,,0.001,,67212.81,0,0,71222.81,1.0,-1.0,,,,,WAIT,0,TIME_FILTER
2026-09-23 01:59:55,1790128794,btc-updown-5m-1790128500,6,86370.85,86182.0,188.85000000000582,0.8400000000110595,0.8400000000110595,25.560000000012224,56.84000000001106,0.999,,,,0.001,,72074.01999999999,0,0,72074.01999999999,1.0,-1.0,,,,,WAIT,0,TIME_FILTER
2026-09-23 01:59:56,1790128796,btc-updown-5m-1790128500,4,86370.86,86182.0,188.86000000000058,0.8500000000058208,0.8500000000058208,25.570000000006985,50.86000000000058,0.999,,,,0.001,,72105.45999999999,0,0,72105.45999999999,1.0,-1.0,,,,,WAIT,0,TIME_FILTER
2026-09-23 01:59:58,1790128797,btc-updown-5m-1790128500,3,86370.86,86182.0,188.86000000000058,0.8500000000058208,0.8500000000058208,25.570000000006985,50.86000000000058,0.999,,,,0.001,,73365.45999999999,0,0,73425.79,1.0,-1.0,,,,,WAIT,0,TIME_FILTER
2026-09-23 02:00:00,1790128799,btc-updown-5m-1790128500,1,86370.85,86182.0,188.85000000000582,0.0,0.8500000000058208,25.560000000012224,50.85000000000582,0.999,,,,0.001,,80713.67,0,0,80708.67,1.0,-1.0,,,,,WAIT,0,TIME_FILTER
2026-09-23 02:00:02,1790128801,btc-updown-5m-1790128800,299,86385.47,86374.0,11.470000000001164,,,,,0.71,0.72,0.715,0.28,0.29,0.28500000000000003,841.94,2491.98,2001.1200000000001,685.26,-0.49492489321879346,0.4898264579099011,,,,1.01,WAIT,0,TIME_FILTER
2026-09-23 02:00:04,1790128803,btc-updown-5m-1790128800,297,86385.47,86374.0,11.470000000001164,,,,,0.71,0.72,0.715,0.29,0.3,0.295,460.08,2524.15,2413.43,390.96000000000004,-0.6916591549578954,0.7211800070603589,,,,1.02,WAIT,0,TIME_FILTER
2026-09-23 02:00:05,1790128805,btc-updown-5m-1790128800,295,86375.75,86374.0,1.75,,,,,0.64,0.65,0.645,0.35,0.36,0.355,1525.6999999999998,2131.01,1738.67,2052.67,-0.16553404563118224,-0.08282032210247564,,,,1.01,WAIT,0,TIME_FILTER
2026-09-23 02:00:07,1790128806,btc-updown-5m-1790128800,294,86375.75,86374.0,1.75,-9.720000000001164,,,,0.66,0.67,0.665,0.33,0.34,0.335,3568.5099999999998,2602.95,1413.95,3583.5099999999998,0.15645568471642043,-0.4341325393299795,-0.04999999999999993,,,1.01,WAIT,0,TIME_FILTER
2026-09-23 02:00:09,1790128808,btc-updown-5m-1790128800,292,86375.75,86374.0,1.75,-9.720000000001164,,,,0.65,0.66,0.655,0.34,0.35,0.345,1790.62,2614.45,1499.21,2472.5,-0.18701859448317507,-0.245055656127965,-0.05999999999999994,,,1.01,WAIT,0,TIME_FILTER
2026-09-23 02:00:11,1790128810,btc-updown-5m-1790128800,290,86375.75,86374.0,1.75,0.0,,,,0.65,0.66,0.655,0.34,0.35,0.345,3753.44,1739.55,1214.05,3738.44,0.36662910363936585,-0.5097213724813175,0.010000000000000009,,,1.01,WAIT,0,TIME_FILTER
2026-09-23 02:00:12,1790128812,btc-updown-5m-1790128800,288,86375.75,86374.0,1.75,0.0,,,,0.65,0.66,0.655,0.34,0.35,0.345,1874.67,2960.69,2157.69,2053.15,-0.22459961616094765,0.02482640043316772,-0.010000000000000009,,,1.01,WAIT,0,TIME_FILTER
2026-09-23 02:00:14,1790128813,btc-updown-5m-1790128800,287,86375.75,86374.0,1.75,0.0,,,,0.65,0.66,0.655,0.34,0.35,0.345,3608.15,1695.96,1087.96,3613.15,0.36051099996040803,-0.5371476098198085,0.0,,,1.01,WAIT,0,TIME_FILTER
2026-09-23 02:00:16,1790128815,btc-updown-5m-1790128800,285,86370.19,86374.0,-3.8099999999976717,-5.559999999997672,,,,0.62,0.64,0.63,0.38,0.39,0.385,334.94,3024.33,1117.29,1716.35,-0.8005876276691066,-0.21141005914653943,-0.025000000000000022,,,1.03,WAIT,0,TIME_FILTER
2026-09-23 02:00:18,1790128817,btc-updown-5m-1790128800,283,86378.0,86374.0,4.0,2.25,-7.470000000001164,,,0.68,0.69,0.685,0.31,0.32,0.315,2548.07,1942.1899999999998,1943.0700000000002,3225.52,0.13493205293234697,-0.2481237629604979,0.030000000000000027,-0.029999999999999916,,1.01,WAIT,0,TIME_FILTER
2026-09-23 02:00:19,1790128819,btc-updown-5m-1790128800,281,86378.01,86374.0,4.009999999994761,2.2599999999947613,-7.460000000006403,,,0.7,0.71,0.705,0.29,0.3,0.295,3943.4700000000003,1790.1899999999998,1849.1899999999998,3084.95,0.3755506953673571,-0.2504509397787659,0.04999999999999993,-0.010000000000000009,,1.01,WAIT,0,TIME_FILTER
2026-09-23 02:00:21,1790128820,btc-updown-5m-1790128800,280,86379.65,86374.0,5.649999999994179,9.459999999991851,3.8999999999941792,,,0.7,0.71,0.705,0.29,0.3,0.295,3929.38,2139.34,2094.34,3191.16,0.29496170526898585,-0.20751489925267236,0.07499999999999996,0.05999999999999994,,1.01,WAIT,0,TIME_FILTER
2026-09-23 02:00:23,1790128822,btc-updown-5m-1790128800,278,86379.64,86374.0,5.639999999999418,1.639999999999418,3.889999999999418,,,0.7,0.71,0.705,0.29,0.3,0.295,3652.4500000000003,2577.75,2110.31,3183.95,0.17249847516933647,-0.2027932137824738,0.019999999999999907,0.039999999999999925,,1.01,WAIT,0,TIME_FILTER
2026-09-23 02:00:25,1790128824,btc-updown-5m-1790128800,276,86378.0,86374.0,4.0,-0.00999999999476131,2.25,,,0.67,0.68,0.675,0.32,0.34,0.33,96.0,4294.969999999999,2977.15,94.0,-0.9562738984780128,0.9387851456294873,-0.029999999999999916,0.020000000000000018,,1.02,WAIT,0,TIME_FILTER
2026-09-23 02:00:27,1790128826,btc-updown-5m-1790128800,274,86382.03,86374.0,8.029999999998836,2.3800000000046566,6.279999999998836,,,0.7,0.71,0.705,0.29,0.3,0.295,4027.64,1796.47,1518.06,3410.4399999999996,0.3830920089077988,-0.3839667241554225,0.0,0.04999999999999993,,1.01,WAIT,0,TIME_FILTER
2026-09-23 02:00:28,1790128828,btc-updown-5m-1790128800,272,86384.01,86374.0,10.009999999994761,4.369999999995343,8.259999999994761,,,0.73,0.74,0.735,0.26,0.27,0.265,3753.49,1966.3200000000002,2378.27,3763.3399999999997,0.31245268636545614,-0.22552229789908507,0.030000000000000027,0.07999999999999996,,1.01,WAIT,0,TIME_FILTER
2026-09-23 02:00:30,1790128829,btc-updown-5m-1790128800,271,86385.47,86374.0,11.470000000001164,7.470000000001164,9.720000000001164,,,0.73,0.74,0.735,0.26,0.27,0.265,3549.45,2454.14,2800.1,3479.45,0.18244250523436809,-0.10818450366666402,0.05999999999999994,0.07999999999999996,,1.01,WAIT,0,TIME_FILTER
2026-09-23 02:00:32,1790128831,btc-updown-5m-1790128800,269,86386.01,86374.0,12.009999999994761,3.9799999999959255,15.819999999992433,0.5399999999935972,,0.74,0.75,0.745,0.25,0.26,0.255,3875.8399999999997,1893.7099999999998,1396.71,3875.8399999999997,0.3435501902228077,-0.4701956358877583,0.040000000000000036,0.11499999999999999,0.030000000000000027,1.01,WAIT,5,"PM5+,PM15+,UP_BOOK"
2026-09-23 02:00:33,1790128833,btc-updown-5m-1790128800,267,86386.01,86374.0,12.009999999994761,2.0,8.009999999994761,0.5399999999935972,,0.72,0.73,0.725,0.29,0.3,0.295,300.0,3938.32,2809.45,171.63,-0.8584344740368827,0.8848538113703758,-0.010000000000000009,0.039999999999999925,0.010000000000000009,1.03,WAIT,-2,DOWN_BOOK
2026-09-23 02:00:35,1790128834,btc-updown-5m-1790128800,266,86374.01,86374.0,0.00999999999476131,-11.460000000006403,-4.0,-11.460000000006403,,0.64,0.65,0.645,0.34,0.35,0.345,2962.66,914.85,1713.02,1899.31,0.5281250080592959,-0.05157059294139792,-0.08999999999999997,-0.05999999999999994,-0.06999999999999995,1.0,WAIT,-3,"BTC5-,PM5-,PM15-,UP_BOOK"
2026-09-23 02:00:37,1790128836,btc-updown-5m-1790128800,264,86376.0,86374.0,2.0,-10.009999999994761,-3.6499999999941792,0.25,,0.68,0.69,0.685,0.31,0.32,0.315,2856.25,1909.8799999999999,2014.5700000000002,3058.58,0.198561516366528,-0.20579127366626254,-0.05999999999999994,-0.019999999999999907,0.020000000000000018,1.01,WAIT,-2,"BTC5-,PM5-"
2026-09-23 02:00:39,1790128838,btc-updown-5m-1790128800,262,86376.01,86374.0,2.0099999999947613,-10.0,-3.6300000000046566,0.2599999999947613,,0.68,0.69,0.685,0.31,0.32,0.315,3036.27,1754.32,893.18,2349.27,0.26759751930346787,-0.4490709185955066,-0.039999999999999925,-0.019999999999999907,0.030000000000000027,1.01,WAIT,0,"BTC5-,PM5-,UP_BOOK"
2026-09-23 02:00:40,1790128840,btc-updown-5m-1790128800,260,86384.01,86374.0,10.009999999994761,10.0,6.009999999994761,8.259999999994761,,0.73,0.74,0.735,0.26,0.27,0.265,3341.7799999999997,1373.31,2595.06,2691.61,0.4174830172912924,-0.01826291408391297,0.08999999999999997,0.05999999999999994,0.07999999999999996,1.01,UP WATCH,6,"BTC5+,PM5+,PM15+,PM30+,UP_BOOK"
2026-09-23 02:00:42,1790128841,btc-updown-5m-1790128800,259,86386.0,86374.0,12.0,10.0,3.970000000001164,10.25,,0.71,0.72,0.715,0.29,0.3,0.295,672.0,3140.52,2716.46,1324.33,-0.6474772591356898,0.3445192647972303,0.029999999999999916,0.010000000000000009,0.05999999999999994,1.02,WAIT,-1,"BTC5+,DOWN_BOOK"
2026-09-23 02:00:44,1790128843,btc-updown-5m-1790128800,257,86376.85,86374.0,2.8500000000058208,0.8400000000110595,-7.1599999999889405,1.1000000000058208,,0.65,0.66,0.655,0.34,0.35,0.345,2772.4700000000003,1606.74,936.0,2721.47,0.2661964144217793,-0.4881707847227728,-0.030000000000000027,-0.07999999999999996,0.0,1.01,WAIT,-1,"PM5-,PM15-,UP_BOOK"
2026-09-23 02:00:46,1790128845,btc-updown-5m-1790128800,255,86376.84,86374.0,2.8399999999965075,-7.169999999998254,-8.630000000004657,6.649999999994179,,0.65,0.66,0.655,0.33,0.34,0.335,3333.32,1613.2799999999997,1499.1499999999999,2816.9999999999995,0.3477216674079166,-0.30532998158080693,-0.07999999999999996,-0.07999999999999996,0.025000000000000022,1.0,WAIT,-1,"PM5-,PM15-,UP_BOOK"
2026-09-23 02:00:48,1790128847,btc-updown-5m-1790128800,253,86376.84,86374.0,2.8399999999965075,-9.160000000003492,-9.169999999998254,-1.1600000000034925,,0.67,0.68,0.675,0.32,0.33,0.325,3991.9100000000003,2117.14,1435.1399999999999,3976.9100000000003,0.30688404907473343,-0.4696501325745328,-0.039999999999999925,-0.06999999999999995,-0.010000000000000009,1.01,WAIT,-1,"PM5-,PM15-,UP_BOOK"
2026-09-23 02:00:49,1790128849,btc-updown-5m-1790128800,251,86376.85,86374.0,2.8500000000058208,0.0,2.8400000000110595,-1.1599999999889405,,0.67,0.68,0.675,0.31,0.32,0.315,4016.9700000000003,1500.7299999999998,2175.1,3505.84,0.45603059245700217,-0.2342464451305594,0.020000000000000018,0.030000000000000027,-0.029999999999999916,1.0,WAIT,1,UP_BOOK
2026-09-23 02:00:51,1790128850,btc-updown-5m-1790128800,250,86376.85,86374.0,2.8500000000058208,0.010000000009313226,2.8400000000110595,-2.7999999999883585,,0.68,0.69,0.685,0.31,0.32,0.315,2660.92,3451.2599999999998,525.15,3080.75,-0.12930574688572646,-0.7087273634876174,0.030000000000000027,0.040000000000000036,-0.019999999999999907,1.01,WAIT,2,PM5+
2026-09-23 02:00:53,1790128852,btc-updown-5m-1790128800,248,86377.27,86374.0,3.2700000000040745,0.430000000007567,1.2700000000040745,-2.3699999999953434,,0.69,0.7,0.695,0.26,0.28,0.27,3785.71,337.0,1705.1,2931.8900000000003,0.8365153018281665,-0.2645660223550192,0.019999999999999907,0.009999999999999898,-0.010000000000000009,0.98,WAIT,2,UP_BOOK
2026-09-23 02:00:54,1790128854,btc-updown-5m-1790128800,246,86384.0,86374.0,10.0,7.149999999994179,7.990000000005239,6.0,,0.73,0.74,0.735,0.26,0.27,0.265,3828.98,1492.54,1555.02,3768.98,0.4390550068401509,-0.4158452291510143,0.05999999999999994,0.04999999999999993,0.05999999999999994,1.01,WAIT,3,"PM5+,UP_BOOK"
2026-09-23 02:00:56,1790128855,btc-updown-5m-1790128800,245,86385.44,86374.0,11.440000000002328,8.589999999996508,1.430000000007567,7.440000000002328,,0.75,0.76,0.755,0.24,0.25,0.245,2855.1400000000003,2366.3,2337.61,2617.67,0.09362168290739721,-0.0565174924524951,0.06999999999999995,0.020000000000000018,0.07999999999999996,1.01,WAIT,2,"PM5+,PM30+"
2026-09-23 02:00:58,1790128857,btc-updown-5m-1790128800,243,86385.44,86374.0,11.440000000002328,8.169999999998254,-0.5599999999976717,3.4100000000034925,,0.74,0.75,0.745,0.25,0.26,0.255,2402.63,2792.49,2717.49,2473.65,-0.07504350236375669,0.04697234133542916,0.050000000000000044,0.030000000000000027,0.040000000000000036,1.01,WAIT,1,PM5+
2026-09-23 02:01:00,1790128859,btc-updown-5m-1790128800,241,86386.42,86374.0,12.419999999998254,2.4199999999982538,9.569999999992433,0.9499999999970896,,0.74,0.75,0.745,0.25,0.26,0.255,2620.78,2780.34,2747.2000000000003,2725.78,-0.029542020914180747,0.003913772752686849,0.010000000000000009,0.08999999999999997,0.010000000000000009,1.01,WAIT,2,PM15+
2026-09-23 02:01:01,1790128861,btc-updown-5m-1790128800,239,86386.42,86374.0,12.419999999998254,0.9799999999959255,9.580000000001746,0.41000000000349246,0.9499999999970896,0.74,0.75,0.745,0.25,0.26,0.255,1742.1100000000001,2859.66,2939.66,1812.1100000000001,-0.2428522068682267,0.2372905254252625,-0.010000000000000009,0.08999999999999997,0.0,1.01,WAIT,2,PM15+
2026-09-23 02:01:03,1790128862,btc-updown-5m-1790128800,238,86386.41,86374.0,12.410000000003492,0.9700000000011642,9.570000000006985,0.40000000000873115,0.9400000000023283,0.72,0.73,0.725,0.3,0.33,0.315,150.26,4378.6,3502.58,557.49,-0.93364334512438,0.7253791190792278,-0.020000000000000018,0.04999999999999993,-0.020000000000000018,1.06,WAIT,-2,DOWN_BOOK
2026-09-23 02:01:05,1790128864,btc-updown-5m-1790128800,236,86376.85,86374.0,2.8500000000058208,-9.569999999992433,0.0,2.8400000000110595,-8.619999999995343,0.66,0.67,0.665,0.33,0.35,0.33999999999999997,2889.3,1560.1399999999999,2210.05,884.37,0.2987252328382898,0.4284098474027444,-0.07999999999999996,-0.010000000000000009,0.020000000000000018,1.02,WAIT,-1,"PM5-,UP_BOOK,DOWN_BOOK"
2026-09-23 02:01:07,1790128866,btc-updown-5m-1790128800,234,86360.01,86374.0,-13.990000000005239,-26.410000000003492,-16.84000000001106,-15.990000000005239,-15.740000000005239,0.56,0.57,0.565,0.43,0.44,0.435,1887.43,1895.7,1822.7,1843.37,-0.0021860205702685293,-0.005638190214589423,-0.18000000000000005,-0.1200000000000001,-0.1200000000000001,1.01,WAIT,-5,"BTC5-,PM5-,PM15-,PM30-"
2026-09-23 02:01:09,1790128868,btc-updown-5m-1790128800,232,86360.01,86374.0,-13.990000000005239,-26.40000000000873,-17.260000000009313,-16.0,-15.740000000005239,0.55,0.56,0.555,0.44,0.45,0.445,1281.6599999999999,2015.01,1880.73,1197.9699999999998,-0.22245174676264234,0.2217689284438238,-0.16999999999999993,-0.1399999999999999,-0.13,1.01,WAIT,-5,"BTC5-,PM5-,PM15-,PM30-"
2026-09-23 02:01:10,1790128870,btc-updown-5m-1790128800,230,86356.82,86374.0,-17.179999999993015,-20.029999999998836,-28.619999999995343,-27.189999999987776,-18.929999999993015,0.54,0.55,0.545,0.45,0.46,0.455,3764.54,1071.45,678.9499999999999,3744.54,0.556884939795161,-0.6930251905169901,-0.12,-0.20999999999999996,-0.18999999999999995,1.01,WAIT,-5,"BTC5-,BTC15-,PM5-,PM15-,PM30-,UP_BOOK"
2026-09-23 02:01:12,1790128871,btc-updown-5m-1790128800,229,86356.82,86374.0,-17.179999999993015,-3.1899999999877764,-28.619999999995343,-29.179999999993015,-18.929999999993015,0.56,0.57,0.565,0.43,0.44,0.435,3579.38,1118.0,1113.0,3381.38,0.5239899688762673,-0.5047147771216497,0.0,-0.19000000000000006,-0.15000000000000002,1.01,WAIT,-3,"BTC15-,PM15-,PM30-,UP_BOOK"
2026-09-23 02:01:14,1790128873,btc-updown-5m-1790128800,227,86356.82,86374.0,-17.179999999993015,-3.1899999999877764,-28.619999999995343,-20.029999999998836,-18.929999999993015,0.62,0.63,0.625,0.36,0.37,0.365,3264.45,792.76,829.6600000000001,3778.3599999999997,0.6092092842125499,-0.6399060767965417,0.06999999999999995,-0.12,-0.030000000000000027,1.0,WAIT,-1,"BTC15-,PM5+,PM15-,UP_BOOK"
2026-09-23 02:01:16,1790128875,btc-updown-5m-1790128800,225,86374.01,86374.0,0.00999999999476131,17.189999999987776,-12.410000000003492,-2.8300000000017462,3.819999999992433,0.71,0.72,0.715,0.28,0.29,0.28500000000000003,2283.2599999999998,2105.88,2090.88,1481.75,0.04041338394309584,0.17049904412155753,0.16999999999999993,-0.030000000000000027,0.05999999999999994,1.01,WAIT,2,"BTC5+,PM5+"
2026-09-23 02:01:17,1790128877,btc-updown-5m-1790128800,223,86374.0,86374.0,0.0,17.179999999993015,-12.410000000003492,-2.8399999999965075,-4.0,0.64,0.65,0.645,0.38,0.39,0.385,501.0,500.02,1202.04,379.53,0.000979001418553094,0.5200591816991976,0.08000000000000007,-0.07999999999999996,-0.030000000000000027,1.04,WAIT,-1,"BTC5+,PM5+,PM15-,DOWN_BOOK"
2026-09-23 02:01:19,1790128878,btc-updown-5m-1790128800,222,86368.01,86374.0,-5.990000000005239,11.189999999987776,-18.40000000000873,-8.830000000001746,-9.990000000005239,0.6,0.61,0.605,0.39,0.4,0.395,1296.34,2487.95,2377.83,1609.34,-0.3148833731030127,0.1927407158460763,-0.020000000000000018,-0.12,-0.07000000000000006,1.01,WAIT,-3,"BTC5+,PM15-,PM30-"
2026-09-23 02:01:21,1790128880,btc-updown-5m-1790128800,220,86368.01,86374.0,-5.990000000005239,-6.0,-8.84000000001106,-8.84000000001106,-11.639999999999418,0.61,0.62,0.615,0.38,0.39,0.385,2894.5899999999997,1631.57,1519.07,2898.44,0.27904890679958283,-0.312250566495605,-0.09999999999999998,-0.050000000000000044,-0.07000000000000006,1.01,WAIT,-2,"PM5-,PM15-,PM30-,UP_BOOK"
2026-09-23 02:01:23,1790128882,btc-updown-5m-1790128800,218,86359.07,86374.0,-14.929999999993015,-14.929999999993015,-0.9399999999877764,-18.19999999999709,-20.569999999992433,0.57,0.58,0.575,0.42,0.43,0.425,1194.58,2076.21,2299.21,916.6800000000001,-0.2695465009982298,0.42990587364617566,-0.07000000000000006,0.010000000000000009,-0.12,1.01,WAIT,-5,"BTC5-,PM5-,PM30-,DOWN_BOOK"
2026-09-23 02:01:24,1790128884,btc-updown-5m-1790128800,216,86345.29,86374.0,-28.710000000006403,-22.720000000001164,-14.720000000001164,-38.7100000000064,-32.7100000000064,0.49,0.5,0.495,0.5,0.51,0.505,1181.58,2898.64,2694.71,1062.93,-0.42082534765282265,0.43425660787089765,-0.10999999999999999,-0.06000000000000005,-0.24,1.01,DOWN WATCH,-11,"BTC_BELOW,BTC5-,BTC30-,PM5-,PM15-,PM30-,DOWN_BOOK"
2026-09-23 02:01:26,1790128885,btc-updown-5m-1790128800,215,86345.29,86374.0,-28.710000000006403,-22.720000000001164,-11.530000000013388,-40.15000000000873,-32.7100000000064,0.5,0.51,0.505,0.49,0.5,0.495,3110.9300000000003,1865.83,2005.21,3076.9700000000003,0.25018284988627143,-0.210885879681554,-0.10999999999999999,-0.040000000000000036,-0.25,1.01,DOWN WATCH,-6,"BTC_BELOW,BTC5-,BTC30-,PM5-,PM30-,UP_BOOK"
2026-09-23 02:01:28,1790128887,btc-updown-5m-1790128800,213,86345.28,86374.0,-28.720000000001164,-13.790000000008149,-11.540000000008149,-40.16000000000349,-36.75,0.5,0.51,0.505,0.49,0.5,0.495,2564.44,2238.1,2178.1,2646.78,0.06795154230886159,-0.09713816716685188,-0.06999999999999995,-0.05999999999999994,-0.24,1.01,DOWN WATCH,-9,"BTC_BELOW,BTC5-,BTC30-,PM5-,PM15-,PM30-"
2026-09-23 02:01:30,1790128889,btc-updown-5m-1790128800,211,86345.28,86374.0,-28.720000000001164,-0.00999999999476131,-11.540000000008149,-41.13999999999942,-40.19000000000233,0.54,0.55,0.545,0.45,0.46,0.455,2962.8999999999996,1446.61,836.61,2971.8999999999996,0.34386813954384954,-0.5606628313960051,0.050000000000000044,-0.07999999999999996,-0.19999999999999996,1.01,WAIT,-5,"BTC_BELOW,BTC30-,BTC60-,PM5+,PM15-,PM30-,UP_BOOK"
2026-09-23 02:01:31,1790128891,btc-updown-5m-1790128800,209,86345.67,86374.0,-28.330000000001746,0.3800000000046566,-28.339999999996508,-40.75,-40.33999999999651,0.55,0.56,0.555,0.44,0.45,0.445,2855.04,2888.52,1421.02,2291.87,-0.005829137329461174,-0.23454775121266722,0.050000000000000044,-0.15999999999999992,-0.18999999999999995,1.01,DOWN WATCH,-9,"BTC_BELOW,BTC15-,BTC30-,BTC60-,PM5+,PM15-,PM30-"
2026-09-23 02:01:33,1790128892,btc-updown-5m-1790128800,208,86345.68,86374.0,-28.320000000006985,0.39999999999417923,-28.320000000006985,-40.73000000001048,-40.330000000001746,0.55,0.56,0.555,0.44,0.45,0.445,2316.46,3051.96,1629.53,2017.41,-0.13700492882449586,-0.10635765874952703,0.050000000000000044,-0.08999999999999997,-0.16999999999999993,1.01,DOWN WATCH,-9,"BTC_BELOW,BTC15-,BTC30-,BTC60-,PM5+,PM15-,PM30-"
2026-09-23 02:01:35,1790128894,btc-updown-5m-1790128800,206,86345.68,86374.0,-28.320000000006985,0.39999999999417923,-22.330000000001746,-31.170000000012806,-28.330000000001746,0.53,0.54,0.535,0.45,0.46,0.455,2218.4700000000003,972.5300000000001,794.45,2217.73,0.39045440300846124,-0.4725082830375342,-0.010000000000000009,-0.06999999999999995,-0.13,1.0,DOWN WATCH,-7,"BTC_BELOW,BTC15-,BTC30-,PM15-,PM30-,UP_BOOK"
2026-09-23 02:01:36,1790128896,btc-updown-5m-1790128800,204,86345.68,86374.0,-28.320000000006985,0.00999999999476131,-22.330000000001746,-14.330000000001746,-30.320000000006985,0.54,0.55,0.545,0.45,0.46,0.455,2996.25,1745.97,953.97,2791.77,0.2636486708756658,-0.49063736404555575,-0.010000000000000009,-0.06999999999999995,-0.019999999999999907,1.01,WAIT,-4,"BTC_BELOW,BTC15-,PM15-,UP_BOOK"
2026-09-23 02:01:38,1790128897,btc-updown-5m-1790128800,203,86345.68,86374.0,-28.320000000006985,0.0,-13.39000000001397,-14.330000000001746,-30.320000000006985,0.54,0.55,0.545,0.45,0.47,0.45999999999999996,1715.02,2670.3900000000003,3090.5,1207.51,-0.21785192262525063,0.43810740319357094,-0.010000000000000009,-0.029999999999999916,-0.019999999999999907,1.02,WAIT,-3,"BTC_BELOW,DOWN_BOOK"
2026-09-23 02:01:40,1790128899,btc-updown-5m-1790128800,201,86349.44,86374.0,-24.55999999999767,3.7600000000093132,4.150000000008731,-10.569999999992433,-26.569999999992433,0.55,0.56,0.555,0.43,0.44,0.435,1090.0,35.0,61.0,2781.47,0.9377777777777778,-0.9570795821943592,0.020000000000000018,0.06000000000000005,0.0,1.0,WAIT,2,"BTC_BELOW,PM15+,UP_BOOK"
2026-09-23 02:01:42,1790128901,btc-updown-5m-1790128800,199,86352.0,86374.0,-22.0,6.320000000006985,6.710000000006403,-4.820000000006985,-34.0,0.58,0.59,0.585,0.41,0.42,0.415,3070.77,1278.2800000000002,1170.7800000000002,2103.59,0.41215667789517246,-0.2848822826986565,0.039999999999999925,0.07999999999999996,0.020000000000000018,1.01,WAIT,3,"BTC_BELOW,PM5+,PM15+,UP_BOOK"
2026-09-23 02:01:43,1790128903,btc-updown-5m-1790128800,197,86352.01,86374.0,-21.99000000000524,6.330000000001746,6.7299999999959255,-4.810000000012224,-24.84000000001106,0.56,0.57,0.565,0.43,0.44,0.435,1797.11,3175.81,2623.81,1881.12,-0.27724154018162367,0.16486160717258647,0.019999999999999907,0.05999999999999994,-0.06000000000000005,1.01,WAIT,-1,"BTC_BELOW,PM15+"
2026-09-23 02:01:45,1790128904,btc-updown-5m-1790128800,196,86350.61,86374.0,-23.389999999999418,1.1699999999982538,5.330000000001746,-6.210000000006403,-26.24000000000524,0.5,0.51,0.505,0.49,0.5,0.495,2688.27,939.0,874.0,2850.65,0.4822552498159773,-0.530694159182742,-0.050000000000000044,-0.040000000000000036,-0.12,1.01,WAIT,-2,"BTC_BELOW,PM5-,PM30-,UP_BOOK"
2026-09-23 02:01:47,1790128906,btc-updown-5m-1790128800,194,86352.62,86374.0,-21.380000000004657,0.6199999999953434,6.94999999999709,-21.389999999999418,-24.220000000001164,0.61,0.62,0.615,0.38,0.39,0.385,1069.06,1950.53,2200.6,1004.06,-0.29191711457515757,0.3733750226233048,0.030000000000000027,0.05999999999999994,-0.09999999999999998,1.01,WAIT,-2,"BTC_BELOW,PM5+,PM15+,PM30-,DOWN_BOOK"
2026-09-23 02:01:49,1790128908,btc-updown-5m-1790128800,192,86352.63,86374.0,-21.369999999995343,0.6200000000098953,6.9500000000116415,-15.379999999990105,-24.20999999999185,0.61,0.62,0.615,0.38,0.39,0.385,2123.95,1443.57,2355.32,1638.57,0.1907151186258241,0.17946162763621437,0.050000000000000044,0.05999999999999994,0.010000000000000009,1.01,WAIT,1,"BTC_BELOW,PM5+,PM15+"
2026-09-23 02:01:50,1790128910,btc-updown-5m-1790128800,190,86352.62,86374.0,-21.380000000004657,2.0099999999947613,6.940000000002328,-15.389999999999418,-24.230000000010477,0.6,0.61,0.605,0.39,0.4,0.395,1644.77,2293.24,2415.1,1641.02,-0.1646694650343701,0.1908424800055225,0.09999999999999998,0.06999999999999995,-0.010000000000000009,1.01,WAIT,1,"BTC_BELOW,PM5+,PM15+"
2026-09-23 02:01:52,1790128912,btc-updown-5m-1790128800,188,86352.63,86374.0,-21.369999999995343,0.010000000009313226,6.9500000000116415,-6.440000000002328,-24.639999999999418,0.54,0.55,0.545,0.45,0.46,0.455,1165.5,2028.26,1815.6699999999998,1088.17,-0.2701392715795802,0.25053033224971066,-0.06999999999999995,0.0,-0.029999999999999916,1.01,WAIT,-5,"BTC_BELOW,PM5-,DOWN_BOOK"
2026-09-23 02:01:54,1790128913,btc-updown-5m-1790128800,187,86352.62,86374.0,-21.380000000004657,-0.010000000009313226,6.940000000002328,-6.4500000000116415,-24.65000000000873,0.52,0.53,0.525,0.49,0.5,0.495,379.0,2908.8900000000003,3147.41,636.0,-0.7694570073816338,0.663795359212985,-0.08999999999999997,-0.020000000000000018,-0.04999999999999993,1.03,WAIT,-5,"BTC_BELOW,PM5-,DOWN_BOOK"
2026-09-23 02:01:56,1790128915,btc-updown-5m-1790128800,185,86346.09,86374.0,-27.910000000003492,-6.529999999998836,-3.3500000000058208,0.8000000000029104,-39.35000000000582,0.48,0.49,0.485,0.51,0.52,0.515,3314.6699999999996,2267.38,2217.38,3324.6699999999996,0.18761745236964908,-0.19979790871608874,-0.12,-0.07000000000000006,-0.020000000000000018,1.01,WAIT,-5,"BTC_BELOW,PM5-,PM15-"
2026-09-23 02:01:58,1790128917,btc-updown-5m-1790128800,183,86346.1,86374.0,-27.89999999999418,-6.529999999998836,-5.899999999994179,0.8200000000069849,-39.33999999999651,0.48,0.49,0.485,0.51,0.52,0.515,3341.8199999999997,1743.0,1780.67,3406.71,0.3144300093218639,-0.3134607451160316,-0.06000000000000005,-0.09999999999999998,-0.020000000000000018,1.01,WAIT,-3,"BTC_BELOW,PM5-,PM15-,UP_BOOK"
2026-09-23 02:01:59,1790128919,btc-updown-5m-1790128800,181,86346.09,86374.0,-27.910000000003492,-6.529999999998836,-4.5200000000040745,0.8099999999976717,-40.330000000001746,0.49,0.5,0.495,0.5,0.51,0.505,3072.1799999999994,2281.21,2349.07,2079.83,0.14775123800059392,0.06079161868635559,-0.030000000000000027,-0.010000000000000009,-0.050000000000000044,1.01,WAIT,-4,"BTC_BELOW,BTC60-,PM5-"
2026-09-23 02:02:01,1790128920,btc-updown-5m-1790128800,180,86345.04,86374.0,-28.960000000006403,-1.0500000000029104,-5.570000000006985,-0.2400000000052387,-41.38000000000466,0.45,0.46,0.455,0.5,0.51,0.505,2416.94,524.18,79.0,2159.17,0.6435507561745186,-0.9294066134386575,-0.02999999999999997,-0.04999999999999999,-0.09000000000000002,0.97,WAIT,-2,"BTC_BELOW,BTC60-,PM30-,UP_BOOK"
2026-09-23 02:02:03,1790128922,btc-updown-5m-1790128800,178,86345.05,86374.0,-28.94999999999709,-1.0500000000029104,-7.569999999992433,-0.6299999999901047,-41.36000000000058,0.51,0.52,0.515,0.48,0.49,0.485,1344.43,2975.33,2996.33,1581.02,-0.3775441228216382,0.3091985537483478,0.030000000000000027,-0.09999999999999998,-0.040000000000000036,1.01,DOWN WATCH,-6,"BTC_BELOW,BTC60-,PM5+,PM15-,DOWN_BOOK"
2026-09-23 02:02:05,1790128924,btc-updown-5m-1790128800,176,86345.05,86374.0,-28.94999999999709,-1.0399999999935972,-7.580000000001746,-0.6299999999901047,-31.80000000000291,0.51,0.52,0.515,0.48,0.49,0.485,1484.52,2854.02,2990.02,1478.6,-0.31565918488708183,0.3382296995493016,0.020000000000000018,-0.09999999999999998,-0.020000000000000018,1.01,DOWN WATCH,-6,"BTC_BELOW,PM15-,DOWN_BOOK"
2026-09-23 02:02:07,1790128926,btc-updown-5m-1790128800,174,86331.59,86374.0,-42.41000000000349,-13.44999999999709,-21.029999999998836,-14.089999999996508,-28.419999999998254,0.4,0.41,0.405,0.59,0.6,0.595,2014.19,493.09,1293.75,1832.69,0.6066733671548451,-0.1723813666662402,-0.04999999999999999,-0.19999999999999996,-0.14,1.01,DOWN WATCH,-8,"BTC_BELOW,BTC5-,BTC15-,PM5-,PM15-,PM30-,UP_BOOK"
2026-09-23 02:02:09,1790128928,btc-updown-5m-1790128800,172,86328.0,86374.0,-46.0,-17.05000000000291,-24.619999999995343,-17.679999999993015,-32.00999999999476,0.38,0.39,0.385,0.61,0.62,0.615,76.0,2604.38,2639.9,76.0,-0.9432916228295988,0.9440332854670643,-0.13,-0.14,-0.16000000000000003,1.01,DOWN WATCH,-11,"BTC_BELOW,BTC5-,BTC15-,PM5-,PM15-,PM30-,DOWN_BOOK"
2026-09-23 02:02:10,1790128930,btc-updown-5m-1790128800,170,86324.65,86374.0,-49.35000000000582,-20.40000000000873,-21.44000000000233,-24.79000000000815,-32.170000000012806,0.33,0.34,0.335,0.66,0.67,0.665,1057.3000000000002,2373.9199999999996,2370.32,1466.62,-0.3837177447088789,0.23552622662851133,-0.18,-0.14999999999999997,-0.22000000000000003,1.01,DOWN WATCH,-10,"BTC_BELOW,BTC5-,BTC15-,PM5-,PM15-,PM30-"
2026-09-23 02:02:12,1790128931,btc-updown-5m-1790128800,169,86315.65,86374.0,-58.35000000000582,-15.940000000002328,-30.44000000000233,-36.35000000000582,-41.170000000012806,0.26,0.27,0.265,0.73,0.74,0.735,1974.4300000000003,1699.78,1756.78,2287.8500000000004,0.0747507627489992,-0.13130249244059417,-0.14,-0.21999999999999997,-0.31999999999999995,1.01,DOWN WATCH,-13,"BTC_BELOW,BTC5-,BTC15-,BTC30-,BTC60-,PM5-,PM15-,PM30-"
2026-09-23 02:02:14,1790128933,btc-updown-5m-1790128800,167,86315.16,86374.0,-58.83999999999651,-12.839999999996508,-30.94000000000233,-36.84999999999127,-41.66000000000349,0.26,0.27,0.265,0.73,0.74,0.735,1863.18,2827.3199999999997,2537.12,2443.0,-0.2055516469459545,0.01889914299253831,-0.12,-0.21999999999999997,-0.29999999999999993,1.01,DOWN WATCH,-13,"BTC_BELOW,BTC5-,BTC15-,BTC30-,BTC60-,PM5-,PM15-,PM30-"
2026-09-23 02:02:16,1790128935,btc-updown-5m-1790128800,165,86315.16,86374.0,-58.83999999999651,-9.489999999990687,-29.879999999990105,-35.44999999999709,-58.84999999999127,0.26,0.27,0.265,0.73,0.74,0.735,2276.87,2420.04,3199.8599999999997,1204.3899999999999,-0.030481742251820893,0.4530782766645853,-0.07,-0.19,-0.24,1.01,DOWN WATCH,-13,"BTC_BELOW,BTC15-,BTC30-,BTC60-,PM5-,PM15-,PM30-,DOWN_BOOK"
2026-09-23 02:02:17,1790128937,btc-updown-5m-1790128800,163,86315.16,86374.0,-58.83999999999651,-0.4899999999906868,-29.889999999999418,-37.45999999999185,-58.83999999999651,0.29,0.3,0.295,0.7,0.71,0.705,2922.05,1138.88,2075.58,2503.71,0.4391038505957995,-0.09349265934238717,0.02999999999999997,-0.22000000000000003,-0.32,1.01,DOWN WATCH,-10,"BTC_BELOW,BTC15-,BTC30-,BTC60-,PM15-,PM30-,UP_BOOK"
2026-09-23 02:02:19,1790128938,btc-updown-5m-1790128800,162,86315.16,86374.0,-58.83999999999651,0.0,-29.889999999999418,-37.470000000001164,-52.84999999999127,0.28,0.29,0.28500000000000003,0.71,0.72,0.715,2413.7200000000003,1404.6399999999999,2015.73,2376.77,0.26427052451837973,-0.0821946499715424,0.020000000000000018,-0.22999999999999998,-0.32999999999999996,1.01,DOWN WATCH,-10,"BTC_BELOW,BTC15-,BTC30-,BTC60-,PM15-,PM30-,UP_BOOK"
2026-09-23 02:02:21,1790128940,btc-updown-5m-1790128800,160,86315.15,86374.0,-58.85000000000582,-0.010000000009313226,-29.90000000000873,-37.470000000001164,-52.86000000000058,0.25,0.26,0.255,0.75,0.76,0.755,768.8,2878.44,2656.0,1233.54,-0.5784209429596079,0.365714197565779,-0.010000000000000009,-0.26,-0.35,1.02,WAIT,-13,DOWN_TOO_EXPENSIVE
2026-09-23 02:02:23,1790128942,btc-updown-5m-1790128800,158,86314.54,86374.0,-59.4600000000064,-0.6200000000098953,-17.05000000000291,-38.09000000001106,-44.53000000001339,0.24,0.25,0.245,0.77,0.79,0.78,329.21,3081.3,2908.5,1077.47,-0.8069438295152338,0.45936873584096216,-0.04999999999999999,-0.16000000000000003,-0.30000000000000004,1.04,WAIT,-12,DOWN_TOO_EXPENSIVE
2026-09-23 02:02:24,1790128944,btc-updown-5m-1790128800,156,86302.79,86374.0,-71.2100000000064,-12.370000000009895,-25.210000000006403,-49.830000000001746,-42.5,0.22,0.23,0.225,0.77,0.78,0.775,3341.4599999999996,1237.0,1349.1799999999998,3157.08,0.4596436356329421,-0.40119744533160534,-0.060000000000000026,-0.16,-0.30000000000000004,1.01,WAIT,-11,DOWN_TOO_EXPENSIVE
2026-09-23 02:02:26,1790128945,btc-updown-5m-1790128800,155,86306.18,86374.0,-67.82000000000698,-8.970000000001164,-18.470000000001164,-39.91000000000349,-39.11000000000058,0.28,0.29,0.28500000000000003,0.71,0.72,0.715,1683.3,1290.53,1729.8899999999999,2214.8399999999997,0.1320754716981132,-0.12293617053638649,0.030000000000000027,-0.04999999999999999,-0.19999999999999996,1.01,WAIT,-5,"BTC_BELOW,BTC30-,PM5+,PM30-"
2026-09-23 02:02:28,1790128947,btc-updown-5m-1790128800,153,86319.97,86374.0,-54.029999999998836,5.430000000007567,4.320000000006985,-26.130000000004657,-25.30999999999767,0.36,0.37,0.365,0.63,0.64,0.635,1252.15,1937.9,1186.84,1769.75,-0.21496528267582013,-0.1971561833057678,0.12,0.09999999999999998,-0.12,1.01,WAIT,-1,"BTC_BELOW,PM5+,PM15+,PM30-"
2026-09-23 02:02:30,1790128949,btc-updown-5m-1790128800,151,86319.98,86374.0,-54.020000000004075,17.19000000000233,4.819999999992433,-26.110000000000582,-25.30000000000291,0.38,0.39,0.385,0.62,0.63,0.625,633.84,3845.0200000000004,3653.7299999999996,1061.3799999999999,-0.7169636916536797,0.5497962931935839,0.16,0.12,-0.10999999999999999,1.02,WAIT,-2,"BTC_BELOW,BTC5+,PM5+,PM15+,PM30-,DOWN_BOOK"
2026-09-23 02:02:32,1790128951,btc-updown-5m-1790128800,149,86319.98,86374.0,-54.020000000004075,13.80000000000291,4.819999999992433,-25.05999999999767,-25.69000000000233,0.37,0.38,0.375,0.62,0.63,0.625,2227.88,1922.59,2181.03,2207.88,0.07355552503692357,-0.006117692092113967,0.08999999999999997,0.10999999999999999,-0.08000000000000002,1.01,WAIT,0,"BTC_BELOW,BTC5+,PM5+,PM15+,PM30-"
2026-09-23 02:02:33,1790128953,btc-updown-5m-1790128800,147,86319.98,86374.0,-54.020000000004075,0.00999999999476131,4.819999999992433,-25.070000000006985,-25.69999999999709,0.3,0.31,0.305,0.69,0.7,0.695,1486.1,1944.63,1884.33,1422.1,-0.13365377048033514,0.13979730404091423,-0.06,0.019999999999999962,-0.21000000000000002,1.01,WAIT,-5,"BTC_BELOW,PM5-,PM30-"
2026-09-23 02:02:35,1790128954,btc-updown-5m-1790128800,146,86319.23,86374.0,-54.770000000004075,-0.75,4.069999999992433,-25.820000000006985,-26.44999999999709,0.23,0.24,0.235,0.76,0.77,0.765,2959.69,628.4200000000001,990.5100000000001,2858.32,0.6497208836964307,-0.4852929331770953,-0.15000000000000002,-0.050000000000000044,-0.28,1.01,WAIT,-5,"BTC_BELOW,PM5-,PM15-,PM30-,UP_BOOK"
2026-09-23 02:02:37,1790128956,btc-updown-5m-1790128800,144,86318.58,86374.0,-55.419999999998254,-1.3999999999941792,3.430000000007567,-13.009999999994761,-27.09999999999127,0.22,0.23,0.225,0.77,0.78,0.775,1020.0799999999999,2618.2799999999997,1970.2599999999998,1216.08,-0.4392638441495619,0.2366916273843971,-0.15,-0.03,-0.18000000000000002,1.01,WAIT,-6,DOWN_TOO_EXPENSIVE
2026-09-23 02:02:39,1790128958,btc-updown-5m-1790128800,142,86318.58,86374.0,-55.419999999998254,-1.3999999999941792,4.040000000008149,-9.419999999998254,-27.09999999999127,0.25,0.26,0.255,0.73,0.74,0.735,2534.4,657.12,887.1199999999999,2386.95,0.5882087531959694,-0.45809344332894536,-0.04999999999999999,0.010000000000000009,-0.13,1.0,WAIT,-3,"BTC_BELOW,PM5-,PM30-,UP_BOOK"
2026-09-23 02:02:40,1790128960,btc-updown-5m-1790128800,140,86318.59,86374.0,-55.41000000000349,-0.6399999999994179,12.410000000003492,-6.059999999997672,-30.85000000000582,0.35,0.36,0.355,0.64,0.65,0.645,1553.81,1582.1799999999998,1826.4599999999998,1442.5900000000001,-0.009046584969977548,0.11742555176580341,0.12,0.06999999999999995,0.019999999999999962,1.01,WAIT,0,"BTC_BELOW,PM5+,PM15+"
2026-09-23 02:02:42,1790128961,btc-updown-5m-1790128800,139,86318.59,86374.0,-55.41000000000349,0.00999999999476131,12.410000000003492,2.9400000000023283,-33.41000000000349,0.36,0.38,0.37,0.59,0.61,0.6,2489.45,1171.1,666.58,2254.92,0.3601507970113781,-0.5436727708368989,0.145,0.08499999999999996,0.10499999999999998,0.99,WAIT,3,"BTC_BELOW,PM5+,PM15+,PM30+,UP_BOOK"
2026-09-23 02:02:44,1790128963,btc-updown-5m-1790128800,137,86322.01,86374.0,-51.99000000000524,3.429999999993015,2.039999999993597,6.849999999991269,-30.0,0.41,0.42,0.415,0.58,0.59,0.585,1680.4399999999998,1020.9,1378.2599999999998,1645.9499999999998,0.2441529018931345,-0.08851567847470913,0.15999999999999998,0.04999999999999999,0.14999999999999997,1.01,WAIT,-1,"BTC_BELOW,PM5+,PM30+"
2026-09-23 02:02:45,1790128965,btc-updown-5m-1790128800,135,86330.0,86374.0,-44.0,11.410000000003492,10.020000000004075,14.839999999996508,-20.610000000000582,0.49,0.5,0.495,0.5,0.51,0.505,1057.8899999999999,737.1800000000001,799.8,941.1,0.17866155637384604,-0.0811649146992935,0.14,0.10999999999999999,0.22999999999999998,1.01,WAIT,3,"BTC_BELOW,BTC5+,PM5+,PM15+,PM30+"
2026-09-23 02:02:47,1790128966,btc-updown-5m-1790128800,134,86338.01,86374.0,-35.99000000000524,19.419999999998254,18.029999999998836,22.84999999999127,-14.610000000000582,0.52,0.53,0.525,0.47,0.48,0.475,925.5699999999999,2280.23,2477.87,1281.22,-0.4225653503025766,0.31833502257195223,0.15500000000000003,0.15000000000000002,0.26,1.01,WAIT,1,"BTC_BELOW,BTC5+,PM5+,PM15+,PM30+,DOWN_BOOK"
2026-09-23 02:02:49,1790128968,btc-updown-5m-1790128800,132,86338.01,86374.0,-35.99000000000524,16.0,18.029999999998836,22.84999999999127,-14.620000000009895,0.49,0.5,0.495,0.5,0.51,0.505,1535.87,2435.6099999999997,2273.95,1508.27,-0.22655030366513237,0.2024419520810529,0.08000000000000002,0.19,0.20999999999999996,1.01,WAIT,3,"BTC_BELOW,BTC5+,PM5+,PM15+,PM30+"
2026-09-23 02:02:51,1790128970,btc-updown-5m-1790128800,130,86338.01,86374.0,-35.99000000000524,8.009999999994761,18.779999999998836,22.860000000000582,-14.610000000000582,0.49,0.5,0.495,0.5,0.51,0.505,1551.23,2620.87,1817.87,1789.49,-0.25637928141703215,0.007867249179455305,0.0,0.26,0.24,1.01,WAIT,0,"BTC_BELOW,PM15+,PM30+"
2026-09-23 02:02:52,1790128972,btc-updown-5m-1790128800,128,86344.0,86374.0,-30.0,5.990000000005239,25.419999999998254,29.460000000006403,-8.630000000004657,0.6,0.61,0.605,0.39,0.4,0.395,950.14,1037.77,1065.3500000000001,1179.17,-0.04408147250127018,-0.05071017411295062,0.07999999999999996,0.38,0.36,1.01,WAIT,4,"BTC_BELOW,BTC15+,PM5+,PM15+,PM30+"
2026-09-23 02:02:54,1790128973,btc-updown-5m-1790128800,127,86350.01,86374.0,-23.99000000000524,12.0,31.429999999993015,35.470000000001164,-2.610000000000582,0.6,0.61,0.605,0.39,0.4,0.395,1518.77,1232.77,1362.77,1563.77,0.10394179259614617,-0.06868178805005228,0.10999999999999999,0.35,0.36,1.01,UP WATCH,7,"BTC_BELOW,BTC5+,BTC15+,BTC30+,PM5+,PM15+,PM30+"
2026-09-23 02:02:56,1790128975,btc-updown-5m-1790128800,125,86350.01,86374.0,-23.99000000000524,12.0,31.419999999998254,43.830000000001746,3.9199999999982538,0.6,0.61,0.605,0.39,0.4,0.395,1869.81,1256.1799999999998,1329.1799999999998,1847.9399999999998,0.1962994123461688,-0.16327995165432846,0.10999999999999999,0.25,0.31999999999999995,1.01,UP WATCH,7,"BTC_BELOW,BTC5+,BTC15+,BTC30+,PM5+,PM15+,PM30+"
2026-09-23 02:02:58,1790128977,btc-updown-5m-1790128800,123,86350.01,86374.0,-23.99000000000524,6.009999999994761,31.419999999998254,30.039999999993597,3.9099999999889405,0.57,0.58,0.575,0.44,0.45,0.445,249.0,3928.66,2261.42,456.0,-0.880794511760172,0.6643875440675346,-0.030000000000000027,0.20499999999999996,0.20999999999999996,1.03,WAIT,2,"BTC_BELOW,BTC15+,BTC30+,PM5-,PM15+,PM30+,DOWN_BOOK"
2026-09-23 02:02:59,1790128979,btc-updown-5m-1790128800,121,86350.01,86374.0,-23.99000000000524,0.0,28.0,30.029999999998836,3.9199999999982538,0.52,0.53,0.525,0.47,0.48,0.475,1580.39,1758.83,1803.83,1570.91,-0.05343762914692647,0.06901865032565467,-0.07999999999999996,0.11000000000000004,0.14,1.01,WAIT,4,"BTC_BELOW,BTC15+,BTC30+,PM5-,PM15+,PM30+"
2026-09-23 02:03:01,1790128980,btc-updown-5m-1790128800,120,86348.01,86374.0,-25.99000000000524,-2.0,18.00999999999476,28.029999999998836,2.970000000001164,0.46,0.47,0.46499999999999997,0.53,0.54,0.535,97.0,977.52,1323.4299999999998,394.18,-0.8194542679522019,0.5410133848778244,-0.14,-0.030000000000000027,0.07999999999999996,1.01,WAIT,-4,"BTC_BELOW,PM5-,PM30+,DOWN_BOOK"
2026-09-23 02:03:03,1790128982,btc-updown-5m-1790128800,118,86346.01,86374.0,-27.99000000000524,-4.0,8.0,26.029999999998836,0.9599999999918509,0.42,0.43,0.425,0.58,0.61,0.595,664.15,1422.03,2006.9699999999998,109.0,-0.3632860060013997,0.8969739646592343,-0.14999999999999997,-0.10000000000000003,0.04999999999999999,1.04,DOWN WATCH,-7,"BTC_BELOW,PM5-,PM15-,DOWN_BOOK"
2026-09-23 02:03:05,1790128984,btc-updown-5m-1790128800,116,86343.23,86374.0,-30.770000000004075,-6.779999999998836,5.220000000001164,24.0,-1.820000000006985,0.51,0.52,0.515,0.44,0.45,0.445,610.88,147.24,10.0,748.46,0.6115654513797287,-0.9736307781557366,-0.010000000000000009,0.020000000000000018,0.28,0.97,WAIT,1,"BTC_BELOW,PM30+,UP_BOOK"
2026-09-23 02:03:06,1790128986,btc-updown-5m-1790128800,114,86347.87,86374.0,-26.130000000004657,-0.13999999999941792,9.860000000000582,29.289999999993597,16.279999999998836,0.62,0.63,0.625,0.37,0.38,0.375,1788.5099999999998,1150.52,1133.52,1837.29,0.2170750213505816,-0.23689498823553173,0.16000000000000003,0.13,0.4,1.01,WAIT,2,"BTC_BELOW,PM5+,PM15+,PM30+"
2026-09-23 02:03:08,1790128987,btc-updown-5m-1790128800,113,86347.87,86374.0,-26.130000000004657,1.860000000000582,3.8699999999953434,29.289999999993597,16.279999999998836,0.58,0.59,0.585,0.42,0.43,0.425,1089.42,2440.15,2267.13,1216.6,-0.3826896760795224,0.3015532202553011,0.15999999999999998,-0.020000000000000018,0.36,1.02,WAIT,-2,"BTC_BELOW,PM5+,PM30+,DOWN_BOOK"
2026-09-23 02:03:10,1790128989,btc-updown-5m-1790128800,111,86347.87,86374.0,-26.130000000004657,4.639999999999418,-2.139999999999418,29.289999999993597,19.869999999995343,0.55,0.57,0.56,0.44,0.45,0.445,1889.87,2234.7999999999997,1037.48,2424.6200000000003,-0.08362608402611599,-0.40066433667427287,0.04500000000000004,-0.04499999999999993,0.30500000000000005,1.02,WAIT,1,"BTC_BELOW,PM5+,PM30+"
2026-09-23 02:03:12,1790128991,btc-updown-5m-1790128800,109,86376.0,86374.0,2.0,28.130000000004657,25.99000000000524,57.41000000000349,60.35000000000582,0.78,0.79,0.785,0.23,0.24,0.235,742.0,1711.23,2258.5299999999997,715.0,-0.3950832168202737,0.5190901050266854,0.16000000000000003,0.18000000000000005,0.41500000000000004,1.03,WAIT,8,UP_TOO_EXPENSIVE
2026-09-23 02:03:13,1790128993,btc-updown-5m-1790128800,107,86374.62,86374.0,0.6199999999953434,26.75,24.610000000000582,52.61000000000058,59.45999999999185,0.71,0.73,0.72,0.29,0.3,0.295,831.84,1680.1499999999999,841.13,1454.0900000000001,-0.3377043698422366,-0.267059366858079,0.135,0.14500000000000002,0.305,1.03,UP WATCH,10,"BTC5+,BTC15+,BTC30+,BTC60+,PM5+,PM15+,PM30+"
2026-09-23 02:03:15,1790128994,btc-updown-5m-1790128800,106,86374.62,86374.0,0.6199999999953434,26.75,24.610000000000582,52.61000000000058,59.45999999999185,0.77,0.78,0.775,0.22,0.23,0.225,1893.47,1878.49,1590.52,1933.63,0.003971410089184408,-0.09735964700707976,0.21499999999999997,0.25,0.36000000000000004,1.01,WAIT,10,UP_TOO_EXPENSIVE
2026-09-23 02:03:17,1790128996,btc-updown-5m-1790128800,104,86374.62,86374.0,0.6199999999953434,-1.3800000000046566,26.610000000000582,36.61000000000058,59.45999999999185,0.78,0.79,0.785,0.21,0.22,0.215,3218.5200000000004,544.7299999999999,30.05,4067.9799999999996,0.7105002325117917,-0.9853344167807457,0.0,0.32000000000000006,0.26,1.01,WAIT,10,UP_TOO_EXPENSIVE
2026-09-23 02:03:19,1790128998,btc-updown-5m-1790128800,102,86380.82,86374.0,6.820000000006985,6.2000000000116415,34.810000000012224,42.810000000012224,65.66000000000349,0.86,0.87,0.865,0.13,0.14,0.135,2955.4700000000003,1479.7400000000002,1261.38,2832.26,0.3327305809645991,-0.38373672330737435,0.14500000000000002,0.44,0.37,1.01,WAIT,11,UP_TOO_EXPENSIVE
2026-09-23 02:03:20,1790129000,btc-updown-5m-1790128800,100,86380.82,86374.0,6.820000000006985,6.2000000000116415,37.59000000001106,42.810000000012224,65.6700000000128,0.86,0.87,0.865,0.13,0.14,0.135,2641.7299999999996,2093.0099999999998,2280.79,2444.1,0.11589231932482033,-0.034563767622103364,0.08999999999999997,0.35,0.37,1.01,WAIT,9,UP_TOO_EXPENSIVE
2026-09-23 02:03:22,1790129001,btc-updown-5m-1790128800,99,86376.0,86374.0,2.0,1.3800000000046566,28.130000000004657,37.99000000000524,60.85000000000582,0.74,0.75,0.745,0.25,0.26,0.255,1083.55,1315.0,1484.0,852.47,-0.09649579954555879,0.27029236412194463,-0.040000000000000036,0.12,0.25,1.01,UP WATCH,6,"BTC15+,BTC30+,BTC60+,PM5-,PM15+,PM30+,DOWN_BOOK"
2026-09-23 02:03:24,1790129003,btc-updown-5m-1790128800,97,86370.88,86374.0,-3.1199999999953434,-9.940000000002328,23.010000000009313,20.870000000009895,56.34000000001106,0.73,0.74,0.735,0.24,0.25,0.245,2853.71,80.0,1385.37,1622.4,0.9454615486874981,-0.07880589273780914,-0.13,0.15000000000000002,0.13,0.99,UP WATCH,6,"BTC15+,BTC60+,PM5-,PM15+,PM30+,UP_BOOK"
2026-09-23 02:03:26,1790129005,btc-updown-5m-1790128800,95,86370.88,86374.0,-3.1199999999953434,-9.940000000002328,23.010000000009313,20.870000000009895,64.70000000001164,0.74,0.75,0.745,0.25,0.26,0.255,1864.99,2211.99,2472.46,1575.99,-0.0851120191906754,0.2214353641517124,-0.12,0.18499999999999994,0.14,1.01,WAIT,5,"BTC15+,BTC60+,PM5-,PM15+,PM30+"
2026-09-23 02:03:28,1790129007,btc-updown-5m-1790128800,93,86362.01,86374.0,-11.990000000005239,-13.990000000005239,-13.990000000005239,12.0,42.0399999999936,0.63,0.64,0.635,0.36,0.37,0.365,531.0,1358.54,1913.8600000000001,188.84,-0.4379584449125184,0.8203833166880677,-0.10999999999999999,-0.15000000000000002,0.06000000000000005,1.01,WAIT,-5,"BTC5-,BTC60+,PM5-,PM15-,DOWN_BOOK"
2026-09-23 02:03:29,1790129009,btc-updown-5m-1790128800,91,86345.29,86374.0,-28.710000000006403,-25.59000000001106,-29.330000000001746,-4.720000000001164,25.30999999999767,0.58,0.59,0.585,0.41,0.42,0.415,1295.59,1530.05,1530.05,810.05,-0.0829758921872567,0.30767915901029874,-0.15000000000000002,-0.19000000000000006,0.05999999999999994,1.01,DOWN WATCH,-9,"BTC_BELOW,BTC5-,BTC15-,PM5-,PM15-,DOWN_BOOK"
2026-09-23 02:03:31,1790129010,btc-updown-5m-1790128800,90,86345.28,86374.0,-28.720000000001164,-25.60000000000582,-29.339999999996508,-2.7299999999959255,25.30000000000291,0.46,0.47,0.46499999999999997,0.65,0.67,0.66,23.17,916.92,199.4,721.28,-0.9507068472167559,-0.5668418994656124,-0.28,-0.31000000000000005,0.0,1.1400000000000001,DOWN WATCH,-8,"BTC_BELOW,BTC5-,BTC15-,PM5-,PM15-"
2026-09-23 02:03:33,1790129012,btc-updown-5m-1790128800,88,86333.76,86374.0,-40.24000000000524,-28.25,-40.86000000000058,-12.25,13.779999999998836,0.34,0.35,0.345,0.65,0.66,0.655,1269.0,1256.7999999999997,1343.7999999999997,2533.5,0.00483015282286811,-0.30683723209449887,-0.29000000000000004,-0.44000000000000006,-0.08000000000000002,1.01,DOWN WATCH,-8,"BTC_BELOW,BTC5-,BTC15-,PM5-,PM15-,PM30-"
2026-09-23 02:03:35,1790129014,btc-updown-5m-1790128800,86,86333.78,86374.0,-40.220000000001164,-11.509999999994761,-47.04000000000815,-9.44999999999709,14.55000000000291,0.37,0.38,0.375,0.62,0.63,0.625,2439.96,868.1,898.1,2542.96,0.47516066818618774,-0.4780096830627772,-0.20999999999999996,-0.49,-0.14,1.01,DOWN WATCH,-7,"BTC_BELOW,BTC5-,BTC15-,PM5-,PM15-,PM30-,UP_BOOK"
2026-09-23 02:03:36,1790129016,btc-updown-5m-1790128800,84,86333.78,86374.0,-40.220000000001164,-11.5,-42.220000000001164,-14.089999999996508,15.19999999999709,0.37,0.38,0.375,0.62,0.63,0.625,2790.87,792.0,427.0,2148.27,0.5578963233385525,-0.6683842859195347,-0.08999999999999997,-0.37,-0.25,1.01,DOWN WATCH,-7,"BTC_BELOW,BTC5-,BTC15-,PM5-,PM15-,PM30-,UP_BOOK"
2026-09-23 02:03:38,1790129018,btc-updown-5m-1790128800,82,86333.78,86374.0,-40.220000000001164,0.020000000004074536,-37.10000000000582,-14.089999999996508,15.19999999999709,0.5,0.51,0.505,0.49,0.5,0.495,1306.17,335.32,561.0,1740.71,0.5914443584791866,-0.5125363316838351,0.16000000000000003,-0.22999999999999998,-0.07999999999999996,1.01,WAIT,-4,"BTC_BELOW,BTC15-,PM5+,PM15-,PM30-,UP_BOOK"
2026-09-23 02:03:40,1790129019,btc-updown-5m-1790128800,81,86333.78,86374.0,-40.220000000001164,0.0,-37.10000000000582,-14.089999999996508,15.19999999999709,0.44,0.45,0.445,0.55,0.56,0.555,382.83,2526.79,1626.42,1334.52,-0.7368522349997595,0.09858355792417275,0.07,-0.29,-0.11500000000000005,1.01,DOWN WATCH,-7,"BTC_BELOW,BTC15-,PM5+,PM15-,PM30-"
2026-09-23 02:03:42,1790129021,btc-updown-5m-1790128800,79,86333.78,86374.0,-40.220000000001164,0.0,-37.10000000000582,-42.220000000001164,15.190000000002328,0.45,0.46,0.455,0.54,0.55,0.545,1164.83,1616.03,1320.5500000000002,1747.9500000000003,-0.16225196521939259,-0.1392862962359459,0.08000000000000002,-0.29,-0.33,1.01,DOWN WATCH,-8,"BTC_BELOW,BTC15-,BTC30-,PM5+,PM15-,PM30-"
2026-09-23 02:03:43,1790129023,btc-updown-5m-1790128800,77,86333.78,86374.0,-40.220000000001164,0.0,-28.229999999995925,-40.83999999999651,11.770000000004075,0.39,0.4,0.395,0.6,0.61,0.605,2659.62,1795.5600000000002,2094.88,2525.61,0.19394502579020367,-0.09322171458005538,-0.10999999999999999,-0.24,-0.32499999999999996,1.01,DOWN WATCH,-10,"BTC_BELOW,BTC15-,BTC30-,PM5-,PM15-,PM30-"
2026-09-23 02:03:45,1790129024,btc-updown-5m-1790128800,76,86333.78,86374.0,-40.220000000001164,0.0,-11.509999999994761,-40.83999999999651,11.770000000004075,0.34,0.35,0.345,0.65,0.66,0.655,439.57,2514.29,2514.29,1339.7800000000002,-0.7023758742797559,0.3047453730731408,-0.10000000000000003,-0.24,-0.43000000000000005,1.01,DOWN WATCH,-10,"BTC_BELOW,BTC30-,PM5-,PM15-,PM30-,DOWN_BOOK"
2026-09-23 02:03:47,1790129026,btc-updown-5m-1790128800,74,86333.78,86374.0,-40.220000000001164,0.0,-11.5,-40.83999999999651,-4.2299999999959255,0.34,0.35,0.345,0.65,0.66,0.655,1309.5,1908.48,1978.48,2001.6200000000001,-0.18613540171163276,-0.00581392427325949,-0.11000000000000004,-0.12,-0.44000000000000006,1.01,DOWN WATCH,-8,"BTC_BELOW,BTC30-,PM5-,PM15-,PM30-"
2026-09-23 02:03:49,1790129028,btc-updown-5m-1790128800,72,86333.77,86374.0,-40.229999999995925,-0.00999999999476131,0.010000000009313226,-47.05000000000291,-4.239999999990687,0.22,0.23,0.225,0.79,0.82,0.8049999999999999,189.1,1945.1599999999999,1790.23,307.85,-0.8227957231077752,0.7065412186379929,-0.17,-0.11999999999999997,-0.64,1.05,WAIT,-10,DOWN_TOO_EXPENSIVE
2026-09-23 02:03:51,1790129030,btc-updown-5m-1790128800,70,86332.0,86374.0,-42.0,-1.7799999999988358,-1.7799999999988358,-48.820000000006985,-6.009999999994761,0.17,0.18,0.175,0.82,0.83,0.825,925.8699999999999,2152.75,2127.75,993.3399999999999,-0.3985162183056045,0.3634659686199373,-0.16999999999999998,-0.2,-0.69,1.01,WAIT,-10,DOWN_TOO_EXPENSIVE
2026-09-23 02:03:52,1790129032,btc-updown-5m-1790128800,68,86332.01,86374.0,-41.99000000000524,-1.7700000000040745,-1.7700000000040745,-43.99000000000524,-11.990000000005239,0.17,0.18,0.175,0.82,0.83,0.825,913.3199999999999,2352.14,2660.4,887.1099999999999,-0.44061786088330585,0.49986892214539214,-0.16999999999999998,-0.2,-0.5700000000000001,1.01,WAIT,-10,DOWN_TOO_EXPENSIVE
2026-09-23 02:03:54,1790129033,btc-updown-5m-1790128800,67,86319.8,86374.0,-54.19999999999709,-13.970000000001164,-13.979999999995925,-51.080000000001746,-30.20999999999185,0.11,0.12,0.11499999999999999,0.88,0.89,0.885,459.63,1251.51,2157.2,918.85,-0.4627791998316912,0.40257798150225127,-0.11000000000000001,-0.39,-0.62,1.01,WAIT,-12,DOWN_TOO_EXPENSIVE
2026-09-23 02:03:56,1790129035,btc-updown-5m-1790128800,65,86319.8,86374.0,-54.19999999999709,-12.19999999999709,-13.979999999995925,-51.080000000001746,-30.20999999999185,0.12,0.14,0.13,0.87,0.88,0.875,1311.6,1901.5500000000002,2063.2200000000003,859.09,-0.18360487372204853,0.41204731873073014,-0.044999999999999984,-0.315,-0.615,1.02,WAIT,-11,DOWN_TOO_EXPENSIVE
2026-09-23 02:03:58,1790129037,btc-updown-5m-1790128800,63,86319.8,86374.0,-54.19999999999709,-12.209999999991851,-13.979999999995925,-42.20999999999185,-30.20999999999185,0.07,0.08,0.07500000000000001,0.93,0.94,0.935,784.85,2386.15,1577.75,2881.4700000000003,-0.5049826553137812,-0.29236503244962125,-0.09999999999999998,-0.38,-0.56,1.02,WAIT,-10,DOWN_TOO_EXPENSIVE
2026-09-23 02:03:59,1790129039,btc-updown-5m-1790128800,61,86319.8,86374.0,-54.19999999999709,0.0,-13.979999999995925,-25.489999999990687,-30.20999999999185,0.06,0.07,0.065,0.93,0.94,0.935,2781.53,2630.2699999999995,2828.5499999999997,2741.82,0.027950035108466813,0.015569881354380331,-0.04999999999999999,-0.27999999999999997,-0.52,1.01,WAIT,-7,DOWN_TOO_EXPENSIVE
2026-09-23 02:04:01,1790129040,btc-updown-5m-1790128800,60,86319.81,86374.0,-54.19000000000233,0.00999999999476131,-13.970000000001164,-25.470000000001164,-28.19999999999709,0.08,0.09,0.08499999999999999,0.91,0.92,0.915,2087.34,1651.66,1676.66,2089.25,0.11652313452794867,-0.10955917693200314,-0.04500000000000001,-0.26,-0.38,1.01,WAIT,-7,DOWN_TOO_EXPENSIVE
2026-09-23 02:04:03,1790129042,btc-updown-5m-1790128800,58,86319.81,86374.0,-54.19000000000233,0.00999999999476131,-13.970000000001164,-13.94999999999709,-26.19999999999709,0.08,0.09,0.08499999999999999,0.92,0.93,0.925,1485.36,1699.1,868.02,2493.59,-0.06711970004333545,-0.4835688851472955,0.009999999999999981,-0.26,-0.26,1.02,WAIT,-5,"BTC_BELOW,PM15-,PM30-"
2026-09-23 02:04:05,1790129044,btc-updown-5m-1790128800,56,86319.81,86374.0,-54.19000000000233,0.00999999999476131,-13.960000000006403,-13.970000000001164,-23.419999999998254,0.06,0.07,0.065,0.93,0.94,0.935,3258.2100000000005,1640.88,1660.88,3135.8,0.33012865654641993,-0.30748767897795976,0.0,-0.16,-0.31,1.01,WAIT,-4,"BTC_BELOW,PM15-,PM30-,UP_BOOK"
2026-09-23 02:04:06,1790129046,btc-updown-5m-1790128800,54,86319.81,86374.0,-54.19000000000233,0.0,-12.190000000002328,-13.970000000001164,-28.05999999999767,0.05,0.06,0.055,0.94,0.95,0.945,2660.76,1615.25,1803.25,3986.4399999999996,0.2445059763658177,-0.3770823653770754,-0.029999999999999992,-0.12,-0.32,1.01,WAIT,-5,"BTC_BELOW,PM15-,PM30-"
2026-09-23 02:04:08,1790129047,btc-updown-5m-1790128800,53,86319.81,86374.0,-54.19000000000233,0.0,-12.19999999999709,-13.970000000001164,-28.05999999999767,0.03,0.04,0.035,0.96,0.97,0.965,10191.26,1839.28,1138.0,9353.69,0.6942315141298727,-0.7830664077951217,-0.04999999999999999,-0.13999999999999999,-0.33999999999999997,1.01,WAIT,-5,"BTC_BELOW,PM5-,PM15-,PM30-,UP_BOOK"
2026-09-23 02:04:10,1790129049,btc-updown-5m-1790128800,51,86319.81,86374.0,-54.19000000000233,0.0,0.00999999999476131,-13.970000000001164,-28.05999999999767,0.03,0.04,0.035,0.97,0.98,0.975,8570.64,2141.7799999999997,2167.99,8360.64,0.6001314362207606,-0.5881724402890025,-0.03,-0.07999999999999999,-0.41000000000000003,1.02,WAIT,-5,"BTC_BELOW,PM5-,PM15-,PM30-,UP_BOOK"
2026-09-23 02:04:11,1790129051,btc-updown-5m-1790128800,49,86308.06,86374.0,-65.94000000000233,-11.75,-11.740000000005239,-25.720000000001164,-67.94000000000233,0.02,0.03,0.025,0.97,0.98,0.975,5093.66,3097.05,3047.05,5291.66,0.243765192516888,-0.2691795253702311,-0.03,-0.10500000000000001,-0.43,1.01,WAIT,-8,DOWN_TOO_EXPENSIVE
2026-09-23 02:04:13,1790129052,btc-updown-5m-1790128800,48,86319.8,86374.0,-54.19999999999709,-0.00999999999476131,0.0,-13.979999999995925,-56.19999999999709,0.08,0.09,0.08499999999999999,0.91,0.92,0.915,1014.5,764.64,725.41,736.71,0.1404386388929483,-0.007728503816376268,0.04999999999999999,0.009999999999999981,-0.37,1.01,WAIT,-4,"BTC_BELOW,BTC60-,PM5+,PM30-"
2026-09-23 02:04:15,1790129054,btc-updown-5m-1790128800,46,86323.9,86374.0,-50.10000000000582,4.0899999999965075,4.099999999991269,-9.880000000004657,-50.720000000001164,0.04,0.05,0.045,0.95,0.96,0.955,2734.04,1642.91,1678.91,7555.95,0.2492900307291607,-0.6363973032617711,0.009999999999999995,-0.020000000000000004,-0.3,1.01,WAIT,-4,"BTC_BELOW,BTC60-,PM30-"
2026-09-23 02:04:16,1790129056,btc-updown-5m-1790128800,44,86323.9,86374.0,-50.10000000000582,15.839999999996508,4.0899999999965075,-9.880000000004657,-50.720000000001164,0.01,0.02,0.015,0.98,0.99,0.985,4449.28,2040.9,1678.9,4523.26,0.37108061717856816,-0.4586079688366634,-0.010000000000000002,-0.06999999999999999,-0.32999999999999996,1.01,WAIT,-4,"BTC_BELOW,BTC5+,BTC60-,PM15-,PM30-,UP_BOOK"
2026-09-23 02:04:18,1790129057,btc-updown-5m-1790128800,43,86323.9,86374.0,-50.10000000000582,4.099999999991269,4.0899999999965075,-9.880000000004657,-50.720000000001164,0.02,0.03,0.025,0.97,0.98,0.975,4522.25,2727.46,2727.34,4536.63,0.24756714406507294,-0.24907729519808036,-0.05999999999999999,-0.05999999999999999,-0.31999999999999995,1.01,WAIT,-8,DOWN_TOO_EXPENSIVE
2026-09-23 02:04:20,1790129059,btc-updown-5m-1790128800,41,86323.9,86374.0,-50.10000000000582,0.0,4.0899999999965075,-9.870000000009895,-56.920000000012806,0.01,0.02,0.015,0.98,0.99,0.985,3668.08,2595.63,2575.63,3660.42,0.17121641966182977,-0.17395466681633404,-0.03,-0.05,-0.21000000000000002,1.01,WAIT,-8,DOWN_TOO_EXPENSIVE
2026-09-23 02:04:22,1790129061,btc-updown-5m-1790128800,39,86323.89,86374.0,-50.11000000000058,-0.00999999999476131,4.080000000001746,-8.110000000000582,-52.11000000000058,0.01,0.02,0.015,0.98,0.99,0.985,2731.96,2652.36,2662.3600000000006,2749.06,0.014783668132651832,-0.016021672684803503,0.0,-0.04,-0.15999999999999998,1.01,WAIT,-5,"BTC_BELOW,BTC60-,PM30-"
2026-09-23 02:04:23,1790129063,btc-updown-5m-1790128800,37,86323.9,86374.0,-50.10000000000582,0.0,4.0899999999965075,4.099999999991269,-46.98000000001048,0.01,0.02,0.015,0.98,0.99,0.985,2695.64,2708.0000000000005,2826.0000000000005,2717.12,-0.002287347047545836,0.01964236747535694,-0.010000000000000002,-0.020000000000000004,-0.09999999999999999,1.01,WAIT,-5,"BTC_BELOW,BTC60-,PM30-"
2026-09-23 02:04:25,1790129064,btc-updown-5m-1790128800,36,86323.9,86374.0,-50.10000000000582,0.0,4.0899999999965075,4.099999999991269,-46.98000000001048,0.02,0.03,0.025,0.97,0.98,0.975,3307.36,1786.48,1907.48,3387.36,0.29857239332213026,-0.2794947533825385,0.010000000000000002,-0.010000000000000002,-0.09,1.01,WAIT,-3,"BTC_BELOW,BTC60-,PM30-,UP_BOOK"
2026-09-23 02:04:27,1790129066,btc-updown-5m-1790128800,34,86323.9,86374.0,-50.10000000000582,0.00999999999476131,15.839999999996508,4.099999999991269,-46.98000000001048,0.01,0.02,0.015,0.98,0.99,0.985,2649.34,1712.64,2843.9700000000003,2531.72,0.21474192912392995,0.05808556669004359,0.0,-0.010000000000000002,-0.115,1.01,WAIT,-5,"BTC_BELOW,BTC60-,PM30-"
2026-09-23 02:04:29,1790129068,btc-updown-5m-1790128800,32,86332.0,86374.0,-42.0,8.10000000000582,12.19999999999709,12.19999999999709,-30.00999999999476,0.03,0.04,0.035,0.96,0.97,0.965,2026.3,2271.65,2286.65,2014.92,-0.057085354645819555,0.06316995887548035,0.020000000000000004,-0.04999999999999999,-0.04000000000000001,1.01,WAIT,-2,BTC_BELOW
2026-09-23 02:04:30,1790129070,btc-updown-5m-1790128800,30,86342.01,86374.0,-31.99000000000524,18.110000000000582,18.110000000000582,22.19999999999709,-3.2700000000040745,0.04,0.05,0.045,0.94,0.96,0.95,463.59000000000003,1118.79,100.79,4841.99,-0.41405983392105555,-0.9592172825818669,0.019999999999999997,0.0,-0.039999999999999994,1.01,WAIT,-1,"BTC_BELOW,BTC5+"
2026-09-23 02:04:32,1790129071,btc-updown-5m-1790128800,29,86356.01,86374.0,-17.99000000000524,32.11000000000058,32.11000000000058,36.19999999999709,10.729999999995925,0.1,0.11,0.10500000000000001,0.9,0.91,0.905,505.94999999999993,970.87,1154.05,741.92,-0.3148115545564118,0.21737158288369543,0.09000000000000001,0.09000000000000001,0.020000000000000018,1.02,UP WATCH,7,"BTC5+,BTC15+,BTC30+,PM5+,PM15+"
2026-09-23 02:04:34,1790129073,btc-updown-5m-1790128800,27,86356.0,86374.0,-18.0,24.0,32.10000000000582,36.19000000000233,22.24000000000524,0.02,0.03,0.025,0.96,0.97,0.965,778.0600000000001,1647.0,1594.03,859.0600000000001,-0.35831690762290413,0.299609879784272,-0.010000000000000002,0.0,-0.05999999999999999,1.0,WAIT,3,"BTC5+,BTC15+,BTC30+,DOWN_BOOK"
2026-09-23 02:04:36,1790129075,btc-updown-5m-1790128800,25,86356.01,86374.0,-17.99000000000524,14.0,32.11000000000058,36.19999999999709,22.229999999995925,0.02,0.03,0.025,0.97,0.98,0.975,991.32,2026.75,2185.99,976.94,-0.34307686700441004,0.3822563256221288,-0.019999999999999997,0.010000000000000002,-0.04,1.01,WAIT,3,"BTC5+,BTC15+,BTC30+,DOWN_BOOK"
2026-09-23 02:04:37,1790129077,btc-updown-5m-1790128800,23,86351.86,86374.0,-22.139999999999418,-4.149999999994179,27.970000000001164,32.05000000000291,18.080000000001746,,0.01,,0.99,,,0,3712.0,3697.4,0,-1.0,1.0,,,,,WAIT,0,"BTC_BELOW,BTC15+,BTC30+,DOWN_BOOK"
